solid OpenSCAD_Model
  facet normal -0.7604059695380647 -0.6494480437193384 0
    outer loop
      vertex -48.63858384758234 -63.037281565368176 0
      vertex -48.50257930278778 -63.19652242958546 0
      vertex -48.63858384758234 -63.037281565368176 18.4
    endloop
  endfacet
  facet normal -0.7253743554229004 -0.68835459212154 0
    outer loop
      vertex -48.50257930278778 -63.19652242958546 0
      vertex -48.35842712342739 -63.34842712432146 0
      vertex -48.50257930278778 -63.19652242958546 18.4
    endloop
  endfacet
  facet normal -0.608761436990549 -0.7933533341665627 0
    outer loop
      vertex -48.047281564474105 -63.62858384847641 0
      vertex -47.881141008138655 -63.75606798380613 0
      vertex -48.047281564474105 -63.62858384847641 18.4
    endloop
  endfacet
  facet normal -0.68835459212154 -0.7253743554229004 0
    outer loop
      vertex -48.206522428691386 -63.49257930368185 0
      vertex -48.35842712342739 -63.34842712432146 18.4
      vertex -48.35842712342739 -63.34842712432146 0
    endloop
  endfacet
  facet normal -0.6494480437193384 -0.7604059695380647 0
    outer loop
      vertex -48.047281564474105 -63.62858384847641 0
      vertex -48.206522428691386 -63.49257930368185 18.4
      vertex -48.206522428691386 -63.49257930368185 0
    endloop
  endfacet
  facet normal -0.566406235143491 -0.824126189846298 0
    outer loop
      vertex -47.70855613917112 -63.874682277441025 0
      vertex -47.881141008138655 -63.75606798380613 18.4
      vertex -47.881141008138655 -63.75606798380613 0
    endloop
  endfacet
  facet normal -0.5224985544918213 -0.8526401706194456 0
    outer loop
      vertex -47.70855613917112 -63.874682277441025 0
      vertex -47.530000002384185 -63.98410161584616 0
      vertex -47.70855613917112 -63.874682277441025 18.4
    endloop
  endfacet
  facet normal -0.4771587686239866 -0.8788171081204784 0
    outer loop
      vertex -47.530000002384185 -63.98410161584616 0
      vertex -47.34596200406551 -64.08402609825134 0
      vertex -47.530000002384185 -63.98410161584616 18.4
    endloop
  endfacet
  facet normal -0.43051110548573257 -0.9025852802109353 0
    outer loop
      vertex -47.15694657832384 -64.17418183386326 0
      vertex -47.34596200406551 -64.08402609825134 18.4
      vertex -47.34596200406551 -64.08402609825134 0
    endloop
  endfacet
  facet normal -0.38268342740768146 -0.9238795345647124 0
    outer loop
      vertex -47.15694657832384 -64.17418183386326 0
      vertex -46.963471801280974 -64.25432170927525 0
      vertex -47.15694657832384 -64.17418183386326 18.4
    endloop
  endfacet
  facet normal -0.3338068542353568 -0.9426414928622097 0
    outer loop
      vertex -46.963471801280974 -64.25432170927525 0
      vertex -46.76606798291206 -64.32422606647015 0
      vertex -46.963471801280974 -64.25432170927525 18.4
    endloop
  endfacet
  facet normal -0.284015342264375 -0.95881973559082 0
    outer loop
      vertex -46.76606798291206 -64.32422606647015 0
      vertex -46.56527618438005 -64.38370330631733 0
      vertex -46.76606798291206 -64.32422606647015 18.4
    endloop
  endfacet
  facet normal -0.23344535514142428 -0.9723699224898384 0
    outer loop
      vertex -46.56527618438005 -64.38370330631733 0
      vertex -46.36164676517248 -64.43259040266275 0
      vertex -46.56527618438005 -64.38370330631733 18.4
    endloop
  endfacet
  facet normal -0.182235536408509 -0.9832549055407265 0
    outer loop
      vertex -46.36164676517248 -64.43259040266275 0
      vertex -46.15573786318302 -64.47075336426497 0
      vertex -46.36164676517248 -64.43259040266275 18.4
    endloop
  endfacet
  facet normal -0.13052619754360592 -0.9914448606729512 0
    outer loop
      vertex -46.15573786318302 -64.47075336426497 0
      vertex -45.94811385244131 -64.49808758497238 0
      vertex -46.15573786318302 -64.47075336426497 18.4
    endloop
  endfacet
  facet normal -0.0784590944225775 -0.9969173338358548 0
    outer loop
      vertex -45.94811385244131 -64.49808758497238 0
      vertex -45.73934383064508 -64.51451814174652 0
      vertex -45.94811385244131 -64.49808758497238 18.4
    endloop
  endfacet
  facet normal -0.02617695052157347 -0.9996573249175895 0
    outer loop
      vertex -45.73934383064508 -64.51451814174652 0
      vertex -45.530000002384185 -64.52000000327826 0
      vertex -45.73934383064508 -64.51451814174652 18.4
    endloop
  endfacet
  facet normal 0 0 -1
    outer loop
      vertex -49.50808758407831 -60.93811385333538 0
      vertex -49.52451814085245 -60.729343831539154 0
      vertex -45.53 -60.519999999999996 0
    endloop
  endfacet
  facet normal 0 0 -1
    outer loop
      vertex -49.52451814085245 -60.729343831539154 0
      vertex -49.530000002384185 -60.520000003278255 0
      vertex -45.53 -60.519999999999996 0
    endloop
  endfacet
  facet normal -0.9025852802109353 -0.43051110548573257 0
    outer loop
      vertex -49.18418183296919 -62.14694657921791 0
      vertex -49.09402609735727 -62.33596200495958 0
      vertex -49.18418183296919 -62.14694657921791 18.4
    endloop
  endfacet
  facet normal -0.9238795345647124 -0.38268342740768146 0
    outer loop
      vertex -49.18418183296919 -62.14694657921791 0
      vertex -49.264321708381175 -61.953471802175045 18.4
      vertex -49.264321708381175 -61.953471802175045 0
    endloop
  endfacet
  facet normal -0.8526401706194456 -0.5224985544918213 0
    outer loop
      vertex -48.994101614952086 -62.520000003278255 0
      vertex -48.884682276546954 -62.69855614006519 0
      vertex -48.994101614952086 -62.520000003278255 18.4
    endloop
  endfacet
  facet normal -0.824126189846298 -0.566406235143491 0
    outer loop
      vertex -48.76606798291206 -62.871141009032726 0
      vertex -48.884682276546954 -62.69855614006519 18.4
      vertex -48.884682276546954 -62.69855614006519 0
    endloop
  endfacet
  facet normal -0.8788171081204784 -0.4771587686239866 0
    outer loop
      vertex -48.994101614952086 -62.520000003278255 0
      vertex -49.09402609735727 -62.33596200495958 18.4
      vertex -49.09402609735727 -62.33596200495958 0
    endloop
  endfacet
  facet normal -0.95881973559082 -0.284015342264375 0
    outer loop
      vertex -49.334226065576075 -61.75606798380613 0
      vertex -49.39370330542326 -61.555276185274124 18.4
      vertex -49.39370330542326 -61.555276185274124 0
    endloop
  endfacet
  facet normal -0.9723699224898384 -0.23344535514142428 0
    outer loop
      vertex -49.39370330542326 -61.555276185274124 0
      vertex -49.44259040176868 -61.35164676606655 18.4
      vertex -49.44259040176868 -61.35164676606655 0
    endloop
  endfacet
  facet normal -0.9426414928622097 -0.3338068542353568 0
    outer loop
      vertex -49.264321708381175 -61.953471802175045 0
      vertex -49.334226065576075 -61.75606798380613 18.4
      vertex -49.334226065576075 -61.75606798380613 0
    endloop
  endfacet
  facet normal -0.9832549055407265 -0.182235536408509 0
    outer loop
      vertex -49.44259040176868 -61.35164676606655 0
      vertex -49.480753363370894 -61.14573786407709 18.4
      vertex -49.480753363370894 -61.14573786407709 0
    endloop
  endfacet
  facet normal -0.9914448606729512 -0.13052619754360592 0
    outer loop
      vertex -49.480753363370894 -61.14573786407709 0
      vertex -49.50808758407831 -60.93811385333538 18.4
      vertex -49.50808758407831 -60.93811385333538 0
    endloop
  endfacet
  facet normal -0.9969173338358548 -0.0784590944225775 0
    outer loop
      vertex -49.50808758407831 -60.93811385333538 0
      vertex -49.52451814085245 -60.729343831539154 18.4
      vertex -49.52451814085245 -60.729343831539154 0
    endloop
  endfacet
  facet normal -0.7933533341665627 -0.608761436990549 0
    outer loop
      vertex -48.63858384758234 -63.037281565368176 0
      vertex -48.76606798291206 -62.871141009032726 18.4
      vertex -48.76606798291206 -62.871141009032726 0
    endloop
  endfacet
  facet normal -0.9996573249175895 -0.02617695052157347 0
    outer loop
      vertex -49.52451814085245 -60.729343831539154 0
      vertex -49.530000002384185 -60.520000003278255 18.4
      vertex -49.530000002384185 -60.520000003278255 0
    endloop
  endfacet
  facet normal -0.7604059695380647 -0.6494480437193384 0
    outer loop
      vertex -48.50257930278778 -63.19652242958546 0
      vertex -48.50257930278778 -63.19652242958546 18.4
      vertex -48.63858384758234 -63.037281565368176 18.4
    endloop
  endfacet
  facet normal -0.7253743554229004 -0.68835459212154 0
    outer loop
      vertex -48.35842712342739 -63.34842712432146 0
      vertex -48.35842712342739 -63.34842712432146 18.4
      vertex -48.50257930278778 -63.19652242958546 18.4
    endloop
  endfacet
  facet normal -0.6494480437193384 -0.7604059695380647 0
    outer loop
      vertex -48.047281564474105 -63.62858384847641 0
      vertex -48.047281564474105 -63.62858384847641 18.4
      vertex -48.206522428691386 -63.49257930368185 18.4
    endloop
  endfacet
  facet normal -0.68835459212154 -0.7253743554229004 0
    outer loop
      vertex -48.206522428691386 -63.49257930368185 0
      vertex -48.206522428691386 -63.49257930368185 18.4
      vertex -48.35842712342739 -63.34842712432146 18.4
    endloop
  endfacet
  facet normal -0.43051110548573257 -0.9025852802109353 0
    outer loop
      vertex -47.15694657832384 -64.17418183386326 0
      vertex -47.15694657832384 -64.17418183386326 18.4
      vertex -47.34596200406551 -64.08402609825134 18.4
    endloop
  endfacet
  facet normal -0.608761436990549 -0.7933533341665627 0
    outer loop
      vertex -47.881141008138655 -63.75606798380613 0
      vertex -47.881141008138655 -63.75606798380613 18.4
      vertex -48.047281564474105 -63.62858384847641 18.4
    endloop
  endfacet
  facet normal -0.566406235143491 -0.824126189846298 0
    outer loop
      vertex -47.70855613917112 -63.874682277441025 0
      vertex -47.70855613917112 -63.874682277441025 18.4
      vertex -47.881141008138655 -63.75606798380613 18.4
    endloop
  endfacet
  facet normal -0.5224985544918213 -0.8526401706194456 0
    outer loop
      vertex -47.530000002384185 -63.98410161584616 0
      vertex -47.530000002384185 -63.98410161584616 18.4
      vertex -47.70855613917112 -63.874682277441025 18.4
    endloop
  endfacet
  facet normal -0.4771587686239866 -0.8788171081204784 0
    outer loop
      vertex -47.34596200406551 -64.08402609825134 0
      vertex -47.34596200406551 -64.08402609825134 18.4
      vertex -47.530000002384185 -63.98410161584616 18.4
    endloop
  endfacet
  facet normal -0.38268342740768146 -0.9238795345647124 0
    outer loop
      vertex -46.963471801280974 -64.25432170927525 0
      vertex -46.963471801280974 -64.25432170927525 18.4
      vertex -47.15694657832384 -64.17418183386326 18.4
    endloop
  endfacet
  facet normal -0.3338068542353568 -0.9426414928622097 0
    outer loop
      vertex -46.76606798291206 -64.32422606647015 0
      vertex -46.76606798291206 -64.32422606647015 18.4
      vertex -46.963471801280974 -64.25432170927525 18.4
    endloop
  endfacet
  facet normal -0.284015342264375 -0.95881973559082 0
    outer loop
      vertex -46.56527618438005 -64.38370330631733 0
      vertex -46.56527618438005 -64.38370330631733 18.4
      vertex -46.76606798291206 -64.32422606647015 18.4
    endloop
  endfacet
  facet normal -0.23344535514142428 -0.9723699224898384 0
    outer loop
      vertex -46.36164676517248 -64.43259040266275 0
      vertex -46.36164676517248 -64.43259040266275 18.4
      vertex -46.56527618438005 -64.38370330631733 18.4
    endloop
  endfacet
  facet normal -0.182235536408509 -0.9832549055407265 0
    outer loop
      vertex -46.15573786318302 -64.47075336426497 0
      vertex -46.15573786318302 -64.47075336426497 18.4
      vertex -46.36164676517248 -64.43259040266275 18.4
    endloop
  endfacet
  facet normal -0.13052619754360592 -0.9914448606729512 0
    outer loop
      vertex -45.94811385244131 -64.49808758497238 0
      vertex -45.94811385244131 -64.49808758497238 18.4
      vertex -46.15573786318302 -64.47075336426497 18.4
    endloop
  endfacet
  facet normal -0.0784590944225775 -0.9969173338358548 0
    outer loop
      vertex -45.73934383064508 -64.51451814174652 0
      vertex -45.73934383064508 -64.51451814174652 18.4
      vertex -45.94811385244131 -64.49808758497238 18.4
    endloop
  endfacet
  facet normal -0.02617695052157347 -0.9996573249175895 0
    outer loop
      vertex -45.530000002384185 -64.52000000327826 0
      vertex -45.530000002384185 -64.52000000327826 18.4
      vertex -45.73934383064508 -64.51451814174652 18.4
    endloop
  endfacet
  facet normal -0.9238795345647124 -0.38268342740768146 0
    outer loop
      vertex -49.18418183296919 -62.14694657921791 0
      vertex -49.18418183296919 -62.14694657921791 18.4
      vertex -49.264321708381175 -61.953471802175045 18.4
    endloop
  endfacet
  facet normal -0.8788171081204784 -0.4771587686239866 0
    outer loop
      vertex -48.994101614952086 -62.520000003278255 0
      vertex -48.994101614952086 -62.520000003278255 18.4
      vertex -49.09402609735727 -62.33596200495958 18.4
    endloop
  endfacet
  facet normal -0.824126189846298 -0.566406235143491 0
    outer loop
      vertex -48.76606798291206 -62.871141009032726 0
      vertex -48.76606798291206 -62.871141009032726 18.4
      vertex -48.884682276546954 -62.69855614006519 18.4
    endloop
  endfacet
  facet normal -0.8526401706194456 -0.5224985544918213 0
    outer loop
      vertex -48.884682276546954 -62.69855614006519 0
      vertex -48.884682276546954 -62.69855614006519 18.4
      vertex -48.994101614952086 -62.520000003278255 18.4
    endloop
  endfacet
  facet normal -0.9025852802109353 -0.43051110548573257 0
    outer loop
      vertex -49.09402609735727 -62.33596200495958 0
      vertex -49.09402609735727 -62.33596200495958 18.4
      vertex -49.18418183296919 -62.14694657921791 18.4
    endloop
  endfacet
  facet normal -0.95881973559082 -0.284015342264375 0
    outer loop
      vertex -49.334226065576075 -61.75606798380613 0
      vertex -49.334226065576075 -61.75606798380613 18.4
      vertex -49.39370330542326 -61.555276185274124 18.4
    endloop
  endfacet
  facet normal -0.9723699224898384 -0.23344535514142428 0
    outer loop
      vertex -49.39370330542326 -61.555276185274124 0
      vertex -49.39370330542326 -61.555276185274124 18.4
      vertex -49.44259040176868 -61.35164676606655 18.4
    endloop
  endfacet
  facet normal -0.9426414928622097 -0.3338068542353568 0
    outer loop
      vertex -49.264321708381175 -61.953471802175045 0
      vertex -49.264321708381175 -61.953471802175045 18.4
      vertex -49.334226065576075 -61.75606798380613 18.4
    endloop
  endfacet
  facet normal -0.9832549055407265 -0.182235536408509 0
    outer loop
      vertex -49.44259040176868 -61.35164676606655 0
      vertex -49.44259040176868 -61.35164676606655 18.4
      vertex -49.480753363370894 -61.14573786407709 18.4
    endloop
  endfacet
  facet normal -0.9914448606729512 -0.13052619754360592 0
    outer loop
      vertex -49.480753363370894 -61.14573786407709 0
      vertex -49.480753363370894 -61.14573786407709 18.4
      vertex -49.50808758407831 -60.93811385333538 18.4
    endloop
  endfacet
  facet normal -0.9969173338358548 -0.0784590944225775 0
    outer loop
      vertex -49.50808758407831 -60.93811385333538 0
      vertex -49.50808758407831 -60.93811385333538 18.4
      vertex -49.52451814085245 -60.729343831539154 18.4
    endloop
  endfacet
  facet normal -0.7933533341665627 -0.608761436990549 0
    outer loop
      vertex -48.63858384758234 -63.037281565368176 0
      vertex -48.63858384758234 -63.037281565368176 18.4
      vertex -48.76606798291206 -62.871141009032726 18.4
    endloop
  endfacet
  facet normal -0.9996573249175895 -0.02617695052157347 0
    outer loop
      vertex -49.52451814085245 -60.729343831539154 0
      vertex -49.52451814085245 -60.729343831539154 18.4
      vertex -49.530000002384185 -60.520000003278255 18.4
    endloop
  endfacet
  facet normal 0 0 -1
    outer loop
      vertex -45.73934383064508 -64.51451814174652 0
      vertex 0.5300000000000011 -64.52000000327826 0
      vertex -45.530000002384185 -64.52000000327826 0
    endloop
  endfacet
  facet normal 0 0 -1
    outer loop
      vertex -48.76606798291206 -62.871141009032726 0
      vertex -48.884682276546954 -62.69855614006519 0
      vertex 19.53 -64.52000000327826 0
    endloop
  endfacet
  facet normal 0 0 -1
    outer loop
      vertex -48.994101614952086 -62.520000003278255 0
      vertex 19.53 -64.52000000327826 0
      vertex -48.884682276546954 -62.69855614006519 0
    endloop
  endfacet
  facet normal 0 0 -1
    outer loop
      vertex -48.994101614952086 -62.520000003278255 0
      vertex -49.09402609735727 -62.33596200495958 0
      vertex 19.53 -64.52000000327826 0
    endloop
  endfacet
  facet normal 0 0 -1
    outer loop
      vertex -48.63858384758234 -63.037281565368176 0
      vertex 19.53 -64.52000000327826 0
      vertex -48.50257930278778 -63.19652242958546 0
    endloop
  endfacet
  facet normal 0 0 -1
    outer loop
      vertex -48.50257930278778 -63.19652242958546 0
      vertex 19.53 -64.52000000327826 0
      vertex -48.35842712342739 -63.34842712432146 0
    endloop
  endfacet
  facet normal 0 0 -1
    outer loop
      vertex -48.206522428691386 -63.49257930368185 0
      vertex -48.35842712342739 -63.34842712432146 0
      vertex 19.53 -64.52000000327826 0
    endloop
  endfacet
  facet normal 0 0 -1
    outer loop
      vertex -48.63858384758234 -63.037281565368176 0
      vertex -48.76606798291206 -62.871141009032726 0
      vertex 19.53 -64.52000000327826 0
    endloop
  endfacet
  facet normal 0 0 -1
    outer loop
      vertex -47.530000002384185 -63.98410161584616 0
      vertex 19.53 -64.52000000327826 0
      vertex -47.34596200406551 -64.08402609825134 0
    endloop
  endfacet
  facet normal 0 0 -1
    outer loop
      vertex -47.15694657832384 -64.17418183386326 0
      vertex -47.34596200406551 -64.08402609825134 0
      vertex 19.53 -64.52000000327826 0
    endloop
  endfacet
  facet normal 0 0 -1
    outer loop
      vertex -47.15694657832384 -64.17418183386326 0
      vertex 19.53 -64.52000000327826 0
      vertex -46.963471801280974 -64.25432170927525 0
    endloop
  endfacet
  facet normal 0 0 -1
    outer loop
      vertex -48.047281564474105 -63.62858384847641 0
      vertex -48.206522428691386 -63.49257930368185 0
      vertex 19.53 -64.52000000327826 0
    endloop
  endfacet
  facet normal 0 0 -1
    outer loop
      vertex -48.047281564474105 -63.62858384847641 0
      vertex 19.53 -64.52000000327826 0
      vertex -47.881141008138655 -63.75606798380613 0
    endloop
  endfacet
  facet normal 0 0 -1
    outer loop
      vertex -47.70855613917112 -63.874682277441025 0
      vertex -47.881141008138655 -63.75606798380613 0
      vertex 19.53 -64.52000000327826 0
    endloop
  endfacet
  facet normal 0 0 -1
    outer loop
      vertex -47.70855613917112 -63.874682277441025 0
      vertex 19.53 -64.52000000327826 0
      vertex -47.530000002384185 -63.98410161584616 0
    endloop
  endfacet
  facet normal 0 -1 0
    outer loop
      vertex -45.530000002384185 -64.52000000327826 0
      vertex 0.5300000000000011 -64.52000000327826 0
      vertex -45.530000002384185 -64.52000000327826 18.4
    endloop
  endfacet
  facet normal 0 0 -1
    outer loop
      vertex -49.334226065576075 -61.75606798380613 0
      vertex -49.39370330542326 -61.555276185274124 0
      vertex 19.53 -64.52000000327826 0
    endloop
  endfacet
  facet normal 0 0 -1
    outer loop
      vertex -49.39370330542326 -61.555276185274124 0
      vertex -49.44259040176868 -61.35164676606655 0
      vertex 19.53 -64.52000000327826 0
    endloop
  endfacet
  facet normal 0 0 -1
    outer loop
      vertex -49.480753363370894 -61.14573786407709 0
      vertex -49.50808758407831 -60.93811385333538 0
      vertex 19.53 -64.52000000327826 0
    endloop
  endfacet
  facet normal 0 0 -1
    outer loop
      vertex -49.44259040176868 -61.35164676606655 0
      vertex -49.480753363370894 -61.14573786407709 0
      vertex 19.53 -64.52000000327826 0
    endloop
  endfacet
  facet normal 0 0 -1
    outer loop
      vertex -49.264321708381175 -61.953471802175045 0
      vertex -49.334226065576075 -61.75606798380613 0
      vertex 19.53 -64.52000000327826 0
    endloop
  endfacet
  facet normal 0 0 -1
    outer loop
      vertex -49.18418183296919 -62.14694657921791 0
      vertex -49.264321708381175 -61.953471802175045 0
      vertex 19.53 -64.52000000327826 0
    endloop
  endfacet
  facet normal 0 0 -1
    outer loop
      vertex -49.18418183296919 -62.14694657921791 0
      vertex 19.53 -64.52000000327826 0
      vertex -49.09402609735727 -62.33596200495958 0
    endloop
  endfacet
  facet normal 0 0 -1
    outer loop
      vertex -49.50808758407831 -60.93811385333538 0
      vertex -45.53 -60.519999999999996 0
      vertex 19.53 -64.52000000327826 0
    endloop
  endfacet
  facet normal 0 0 -1
    outer loop
      vertex -45.53 -60.519999999999996 16
      vertex -30.725376681685447 -44.782868929207325 16
      vertex -30.70629520088434 -44.885823383927345 16
    endloop
  endfacet
  facet normal 0 0 -1
    outer loop
      vertex -45.53 -60.519999999999996 16
      vertex -30.30429192751646 -45.72864077985287 16
      vertex -30.23628965139389 -45.80826120823622 16
    endloop
  endfacet
  facet normal 0 0 -1
    outer loop
      vertex -45.53 -60.519999999999996 16
      vertex -30.164213561713694 -45.88421355932951 16
      vertex -30.088261210620402 -45.956289649009705 16
    endloop
  endfacet
  facet normal 0 0 -1
    outer loop
      vertex -45.53 -60.519999999999996 16
      vertex -30.23628965139389 -45.80826120823622 16
      vertex -30.164213561713694 -45.88421355932951 16
    endloop
  endfacet
  facet normal 0 0 -1
    outer loop
      vertex -45.53 -60.519999999999996 16
      vertex -30.088261210620402 -45.956289649009705 16
      vertex -30.008640782237052 -46.024291925132275 16
    endloop
  endfacet
  facet normal 0 0 -1
    outer loop
      vertex -45.53 -60.519999999999996 16
      vertex -30.008640782237052 -46.024291925132275 16
      vertex -29.925570504069327 -46.088033989071846 16
    endloop
  endfacet
  facet normal 0 0 -1
    outer loop
      vertex -45.53 -60.519999999999996 16
      vertex -29.925570504069327 -46.088033989071846 16
      vertex -29.83927807331085 -46.147341132164 16
    endloop
  endfacet
  facet normal 0 0 -1
    outer loop
      vertex -45.53 -60.519999999999996 16
      vertex -29.83927807331085 -46.147341132164 16
      vertex -29.75000000119209 -46.20205080509186 16
    endloop
  endfacet
  facet normal 0 0 -1
    outer loop
      vertex -45.53 -60.519999999999996 16
      vertex -29.75000000119209 -46.20205080509186 16
      vertex -29.657981002032756 -46.25201305001974 16
    endloop
  endfacet
  facet normal 0 0 -1
    outer loop
      vertex -45.53 -60.519999999999996 16
      vertex -29.657981002032756 -46.25201305001974 16
      vertex -29.56347328543663 -46.29709091037512 16
    endloop
  endfacet
  facet normal 0 0 -1
    outer loop
      vertex -45.53 -60.519999999999996 16
      vertex -30.577090912759303 -45.283473283052444 16
      vertex -30.532013052403926 -45.37798099964857 16
    endloop
  endfacet
  facet normal 0 0 -1
    outer loop
      vertex -45.53 -60.519999999999996 16
      vertex -30.482050807476043 -45.46999999880791 16
      vertex -30.427341134548186 -45.559278070926666 16
    endloop
  endfacet
  facet normal 0 0 -1
    outer loop
      vertex -45.53 -60.519999999999996 16
      vertex -30.532013052403926 -45.37798099964857 16
      vertex -30.482050807476043 -45.46999999880791 16
    endloop
  endfacet
  facet normal 0 0 -1
    outer loop
      vertex -45.53 -60.519999999999996 16
      vertex -30.652113036513327 -45.088033989071846 16
      vertex -30.617160850465297 -45.1867358982563 16
    endloop
  endfacet
  facet normal 0 0 -1
    outer loop
      vertex -45.53 -60.519999999999996 16
      vertex -30.617160850465297 -45.1867358982563 16
      vertex -30.577090912759303 -45.283473283052444 16
    endloop
  endfacet
  facet normal 0 0 -1
    outer loop
      vertex -45.53 -60.519999999999996 16
      vertex -30.68185165643692 -44.98763808608055 16
      vertex -30.652113036513327 -45.088033989071846 16
    endloop
  endfacet
  facet normal 0 0 -1
    outer loop
      vertex -45.53 -60.519999999999996 16
      vertex -30.70629520088434 -44.885823383927345 16
      vertex -30.68185165643692 -44.98763808608055 16
    endloop
  endfacet
  facet normal 0 0 -1
    outer loop
      vertex -45.53 -60.519999999999996 16
      vertex -30.427341134548186 -45.559278070926666 16
      vertex -30.36803399145603 -45.64557050168514 16
    endloop
  endfacet
  facet normal 0 0 -1
    outer loop
      vertex -45.53 -60.519999999999996 16
      vertex -30.36803399145603 -45.64557050168514 16
      vertex -30.30429192751646 -45.72864077985287 16
    endloop
  endfacet
  facet normal 0 0 -1
    outer loop
      vertex -45.53 -60.519999999999996 16
      vertex -29.466735900640487 -46.33716084808111 16
      vertex -29.36803399145603 -46.37211303412914 16
    endloop
  endfacet
  facet normal 0 0 -1
    outer loop
      vertex -45.53 -60.519999999999996 16
      vertex -29.56347328543663 -46.29709091037512 16
      vertex -29.466735900640487 -46.33716084808111 16
    endloop
  endfacet
  facet normal 0 0 -1
    outer loop
      vertex -45.53 -60.519999999999996 16
      vertex -29.36803399145603 -46.37211303412914 16
      vertex -29.267638088464736 -46.401851654052734 16
    endloop
  endfacet
  facet normal 0 0 -1
    outer loop
      vertex -45.53 -60.519999999999996 16
      vertex -29.267638088464736 -46.401851654052734 16
      vertex -29.16582338631153 -46.426295198500156 16
    endloop
  endfacet
  facet normal 0 0 -1
    outer loop
      vertex -45.53 -60.519999999999996 16
      vertex -29.16582338631153 -46.426295198500156 16
      vertex -29.06286893159151 -46.44537667930126 16
    endloop
  endfacet
  facet normal 0 0 -1
    outer loop
      vertex -45.53 -60.519999999999996 16
      vertex -29.06286893159151 -46.44537667930126 16
      vertex -28.959056929945945 -46.45904378592968 16
    endloop
  endfacet
  facet normal 0 0 -1
    outer loop
      vertex -45.53 -60.519999999999996 16
      vertex -28.959056929945945 -46.45904378592968 16
      vertex -28.85467191159725 -46.46725907176733 16
    endloop
  endfacet
  facet normal 0 0 -1
    outer loop
      vertex -45.53 -60.519999999999996 16
      vertex -28.85467191159725 -46.46725907176733 16
      vertex -28.75000000119209 -46.46999999880791 16
    endloop
  endfacet
  facet normal 0 0 1
    outer loop
      vertex -45.530000002384185 -64.52000000327826 18.4
      vertex -30.70629520088434 -44.885823383927345 18.4
      vertex -30.725376681685447 -44.782868929207325 18.4
    endloop
  endfacet
  facet normal 0 0 1
    outer loop
      vertex -45.530000002384185 -64.52000000327826 18.4
      vertex -30.739043788313865 -44.67905692756176 18.4
      vertex -30.747259074151515 -44.574671909213066 18.4
    endloop
  endfacet
  facet normal 0 0 1
    outer loop
      vertex -45.530000002384185 -64.52000000327826 18.4
      vertex -30.725376681685447 -44.782868929207325 18.4
      vertex -30.739043788313865 -44.67905692756176 18.4
    endloop
  endfacet
  facet normal 0 0 1
    outer loop
      vertex -45.530000002384185 -64.52000000327826 18.4
      vertex -30.747259074151515 -44.574671909213066 18.4
      vertex -30.75000000119209 -44.46999999880791 18.4
    endloop
  endfacet
  facet normal 0 0 1
    outer loop
      vertex -45.530000002384185 -64.52000000327826 18.4
      vertex -30.427341134548186 -45.559278070926666 18.4
      vertex -30.482050807476043 -45.46999999880791 18.4
    endloop
  endfacet
  facet normal 0 0 1
    outer loop
      vertex -45.530000002384185 -64.52000000327826 18.4
      vertex -30.482050807476043 -45.46999999880791 18.4
      vertex -30.532013052403926 -45.37798099964857 18.4
    endloop
  endfacet
  facet normal 0 0 1
    outer loop
      vertex -45.530000002384185 -64.52000000327826 18.4
      vertex -30.088261210620402 -45.956289649009705 18.4
      vertex -30.164213561713694 -45.88421355932951 18.4
    endloop
  endfacet
  facet normal 0 0 1
    outer loop
      vertex -45.530000002384185 -64.52000000327826 18.4
      vertex -30.164213561713694 -45.88421355932951 18.4
      vertex -30.23628965139389 -45.80826120823622 18.4
    endloop
  endfacet
  facet normal 0 0 1
    outer loop
      vertex -45.530000002384185 -64.52000000327826 18.4
      vertex -30.36803399145603 -45.64557050168514 18.4
      vertex -30.427341134548186 -45.559278070926666 18.4
    endloop
  endfacet
  facet normal 0 0 1
    outer loop
      vertex -45.530000002384185 -64.52000000327826 18.4
      vertex -30.23628965139389 -45.80826120823622 18.4
      vertex -30.30429192751646 -45.72864077985287 18.4
    endloop
  endfacet
  facet normal 0 0 1
    outer loop
      vertex -45.530000002384185 -64.52000000327826 18.4
      vertex -30.30429192751646 -45.72864077985287 18.4
      vertex -30.36803399145603 -45.64557050168514 18.4
    endloop
  endfacet
  facet normal 0 0 1
    outer loop
      vertex -45.530000002384185 -64.52000000327826 18.4
      vertex -29.56347328543663 -46.29709091037512 18.4
      vertex -29.657981002032756 -46.25201305001974 18.4
    endloop
  endfacet
  facet normal 0 0 1
    outer loop
      vertex -45.530000002384185 -64.52000000327826 18.4
      vertex -30.008640782237052 -46.024291925132275 18.4
      vertex -30.088261210620402 -45.956289649009705 18.4
    endloop
  endfacet
  facet normal 0 0 1
    outer loop
      vertex -45.530000002384185 -64.52000000327826 18.4
      vertex -29.83927807331085 -46.147341132164 18.4
      vertex -29.925570504069327 -46.088033989071846 18.4
    endloop
  endfacet
  facet normal 0 0 1
    outer loop
      vertex -45.530000002384185 -64.52000000327826 18.4
      vertex -29.925570504069327 -46.088033989071846 18.4
      vertex -30.008640782237052 -46.024291925132275 18.4
    endloop
  endfacet
  facet normal 0 0 1
    outer loop
      vertex -45.530000002384185 -64.52000000327826 18.4
      vertex -29.75000000119209 -46.20205080509186 18.4
      vertex -29.83927807331085 -46.147341132164 18.4
    endloop
  endfacet
  facet normal 0 0 1
    outer loop
      vertex -45.530000002384185 -64.52000000327826 18.4
      vertex -29.657981002032756 -46.25201305001974 18.4
      vertex -29.75000000119209 -46.20205080509186 18.4
    endloop
  endfacet
  facet normal 0 0 1
    outer loop
      vertex -45.530000002384185 -64.52000000327826 18.4
      vertex -29.466735900640487 -46.33716084808111 18.4
      vertex -29.56347328543663 -46.29709091037512 18.4
    endloop
  endfacet
  facet normal 0 0 1
    outer loop
      vertex -45.530000002384185 -64.52000000327826 18.4
      vertex -29.36803399145603 -46.37211303412914 18.4
      vertex -29.466735900640487 -46.33716084808111 18.4
    endloop
  endfacet
  facet normal 0 0 1
    outer loop
      vertex -45.530000002384185 -64.52000000327826 18.4
      vertex -29.267638088464736 -46.401851654052734 18.4
      vertex -29.36803399145603 -46.37211303412914 18.4
    endloop
  endfacet
  facet normal 0 0 1
    outer loop
      vertex -45.530000002384185 -64.52000000327826 18.4
      vertex -29.16582338631153 -46.426295198500156 18.4
      vertex -29.267638088464736 -46.401851654052734 18.4
    endloop
  endfacet
  facet normal 0 0 1
    outer loop
      vertex -45.530000002384185 -64.52000000327826 18.4
      vertex -29.06286893159151 -46.44537667930126 18.4
      vertex -29.16582338631153 -46.426295198500156 18.4
    endloop
  endfacet
  facet normal 0 0 1
    outer loop
      vertex -45.530000002384185 -64.52000000327826 18.4
      vertex -28.959056929945945 -46.45904378592968 18.4
      vertex -29.06286893159151 -46.44537667930126 18.4
    endloop
  endfacet
  facet normal 0 0 1
    outer loop
      vertex -45.530000002384185 -64.52000000327826 18.4
      vertex -28.85467191159725 -46.46725907176733 18.4
      vertex -28.959056929945945 -46.45904378592968 18.4
    endloop
  endfacet
  facet normal 0 0 1
    outer loop
      vertex -45.530000002384185 -64.52000000327826 18.4
      vertex -28.75000000119209 -46.46999999880791 18.4
      vertex -28.85467191159725 -46.46725907176733 18.4
    endloop
  endfacet
  facet normal 0 0 1
    outer loop
      vertex -45.530000002384185 -64.52000000327826 18.4
      vertex -30.532013052403926 -45.37798099964857 18.4
      vertex -30.577090912759303 -45.283473283052444 18.4
    endloop
  endfacet
  facet normal 0 0 1
    outer loop
      vertex -45.530000002384185 -64.52000000327826 18.4
      vertex -30.577090912759303 -45.283473283052444 18.4
      vertex -30.617160850465297 -45.1867358982563 18.4
    endloop
  endfacet
  facet normal 0 0 1
    outer loop
      vertex -45.530000002384185 -64.52000000327826 18.4
      vertex -30.617160850465297 -45.1867358982563 18.4
      vertex -30.652113036513327 -45.088033989071846 18.4
    endloop
  endfacet
  facet normal 0 0 1
    outer loop
      vertex -45.530000002384185 -64.52000000327826 18.4
      vertex -30.652113036513327 -45.088033989071846 18.4
      vertex -30.68185165643692 -44.98763808608055 18.4
    endloop
  endfacet
  facet normal 0 0 1
    outer loop
      vertex -45.530000002384185 -64.52000000327826 18.4
      vertex -30.68185165643692 -44.98763808608055 18.4
      vertex -30.70629520088434 -44.885823383927345 18.4
    endloop
  endfacet
  facet normal 0.9426414704722686 0.3338069174625941 0
    outer loop
      vertex -30.617160850465297 -45.1867358982563 16
      vertex -30.652113036513327 -45.088033989071846 16
      vertex -30.652113036513327 -45.088033989071846 18.4
    endloop
  endfacet
  facet normal 0.9588197384607062 0.28401533257580097 0
    outer loop
      vertex -30.652113036513327 -45.088033989071846 16
      vertex -30.68185165643692 -44.98763808608055 16
      vertex -30.68185165643692 -44.98763808608055 18.4
    endloop
  endfacet
  facet normal 0.824126195039763 0.5664062275869525 0
    outer loop
      vertex -30.36803399145603 -45.64557050168514 16
      vertex -30.427341134548186 -45.559278070926666 16
      vertex -30.427341134548186 -45.559278070926666 18.4
    endloop
  endfacet
  facet normal 0.7933533513494007 0.6087614145974385 0
    outer loop
      vertex -30.30429192751646 -45.72864077985287 16
      vertex -30.36803399145603 -45.64557050168514 16
      vertex -30.36803399145603 -45.64557050168514 18.4
    endloop
  endfacet
  facet normal 0.7604059369619204 0.6494480818611015 0
    outer loop
      vertex -30.30429192751646 -45.72864077985287 16
      vertex -30.30429192751646 -45.72864077985287 18.4
      vertex -30.23628965139389 -45.80826120823622 16
    endloop
  endfacet
  facet normal 0.9025853144542187 0.43051103369319 0
    outer loop
      vertex -30.577090912759303 -45.283473283052444 16
      vertex -30.577090912759303 -45.283473283052444 18.4
      vertex -30.532013052403926 -45.37798099964857 16
    endloop
  endfacet
  facet normal 0.8526401644822994 0.5224985645067339 0
    outer loop
      vertex -30.427341134548186 -45.559278070926666 16
      vertex -30.482050807476043 -45.46999999880791 16
      vertex -30.482050807476043 -45.46999999880791 18.4
    endloop
  endfacet
  facet normal 0.8788170932013815 0.47715879610154327 0
    outer loop
      vertex -30.482050807476043 -45.46999999880791 16
      vertex -30.532013052403926 -45.37798099964857 16
      vertex -30.532013052403926 -45.37798099964857 18.4
    endloop
  endfacet
  facet normal 0.92387952935444 0.3826834399863921 0
    outer loop
      vertex -30.617160850465297 -45.1867358982563 16
      vertex -30.617160850465297 -45.1867358982563 18.4
      vertex -30.577090912759303 -45.283473283052444 16
    endloop
  endfacet
  facet normal 0.5224985645067339 0.8526401644822994 0
    outer loop
      vertex -29.83927807331085 -46.147341132164 16
      vertex -29.83927807331085 -46.147341132164 18.4
      vertex -29.75000000119209 -46.20205080509186 16
    endloop
  endfacet
  facet normal 0.47715879610154327 0.8788170932013815 0
    outer loop
      vertex -29.75000000119209 -46.20205080509186 16
      vertex -29.75000000119209 -46.20205080509186 18.4
      vertex -29.657981002032756 -46.25201305001974 16
    endloop
  endfacet
  facet normal 0.43051103369319 0.9025853144542187 0
    outer loop
      vertex -29.657981002032756 -46.25201305001974 16
      vertex -29.657981002032756 -46.25201305001974 18.4
      vertex -29.56347328543663 -46.29709091037512 16
    endloop
  endfacet
  facet normal 0.3826834399863921 0.92387952935444 0
    outer loop
      vertex -29.56347328543663 -46.29709091037512 16
      vertex -29.56347328543663 -46.29709091037512 18.4
      vertex -29.466735900640487 -46.33716084808111 16
    endloop
  endfacet
  facet normal 0.6883545743569364 0.7253743722808802 0
    outer loop
      vertex -30.164213561713694 -45.88421355932951 16
      vertex -30.164213561713694 -45.88421355932951 18.4
      vertex -30.088261210620402 -45.956289649009705 16
    endloop
  endfacet
  facet normal 0.6494480818611015 0.7604059369619204 0
    outer loop
      vertex -30.008640782237052 -46.024291925132275 16
      vertex -30.088261210620402 -45.956289649009705 16
      vertex -30.088261210620402 -45.956289649009705 18.4
    endloop
  endfacet
  facet normal 0.7253743722808802 0.6883545743569364 0
    outer loop
      vertex -30.23628965139389 -45.80826120823622 16
      vertex -30.23628965139389 -45.80826120823622 18.4
      vertex -30.164213561713694 -45.88421355932951 16
    endloop
  endfacet
  facet normal 0.6087614145974385 0.7933533513494007 0
    outer loop
      vertex -30.008640782237052 -46.024291925132275 16
      vertex -30.008640782237052 -46.024291925132275 18.4
      vertex -29.925570504069327 -46.088033989071846 16
    endloop
  endfacet
  facet normal 0.5664062275869525 0.824126195039763 0
    outer loop
      vertex -29.83927807331085 -46.147341132164 16
      vertex -29.925570504069327 -46.088033989071846 16
      vertex -29.925570504069327 -46.088033989071846 18.4
    endloop
  endfacet
  facet normal 0.9426414704722686 0.3338069174625941 0
    outer loop
      vertex -30.617160850465297 -45.1867358982563 16
      vertex -30.652113036513327 -45.088033989071846 18.4
      vertex -30.617160850465297 -45.1867358982563 18.4
    endloop
  endfacet
  facet normal 0.9588197384607062 0.28401533257580097 0
    outer loop
      vertex -30.652113036513327 -45.088033989071846 16
      vertex -30.68185165643692 -44.98763808608055 18.4
      vertex -30.652113036513327 -45.088033989071846 18.4
    endloop
  endfacet
  facet normal 0.824126195039763 0.5664062275869525 0
    outer loop
      vertex -30.36803399145603 -45.64557050168514 16
      vertex -30.427341134548186 -45.559278070926666 18.4
      vertex -30.36803399145603 -45.64557050168514 18.4
    endloop
  endfacet
  facet normal 0.7604059369619204 0.6494480818611015 0
    outer loop
      vertex -30.23628965139389 -45.80826120823622 16
      vertex -30.30429192751646 -45.72864077985287 18.4
      vertex -30.23628965139389 -45.80826120823622 18.4
    endloop
  endfacet
  facet normal 0.7933533513494007 0.6087614145974385 0
    outer loop
      vertex -30.30429192751646 -45.72864077985287 16
      vertex -30.36803399145603 -45.64557050168514 18.4
      vertex -30.30429192751646 -45.72864077985287 18.4
    endloop
  endfacet
  facet normal 0.9025853144542187 0.43051103369319 0
    outer loop
      vertex -30.532013052403926 -45.37798099964857 16
      vertex -30.577090912759303 -45.283473283052444 18.4
      vertex -30.532013052403926 -45.37798099964857 18.4
    endloop
  endfacet
  facet normal 0.8788170932013815 0.47715879610154327 0
    outer loop
      vertex -30.482050807476043 -45.46999999880791 16
      vertex -30.532013052403926 -45.37798099964857 18.4
      vertex -30.482050807476043 -45.46999999880791 18.4
    endloop
  endfacet
  facet normal 0.8526401644822994 0.5224985645067339 0
    outer loop
      vertex -30.427341134548186 -45.559278070926666 16
      vertex -30.482050807476043 -45.46999999880791 18.4
      vertex -30.427341134548186 -45.559278070926666 18.4
    endloop
  endfacet
  facet normal 0.92387952935444 0.3826834399863921 0
    outer loop
      vertex -30.577090912759303 -45.283473283052444 16
      vertex -30.617160850465297 -45.1867358982563 18.4
      vertex -30.577090912759303 -45.283473283052444 18.4
    endloop
  endfacet
  facet normal 0.5224985645067339 0.8526401644822994 0
    outer loop
      vertex -29.75000000119209 -46.20205080509186 16
      vertex -29.83927807331085 -46.147341132164 18.4
      vertex -29.75000000119209 -46.20205080509186 18.4
    endloop
  endfacet
  facet normal 0.47715879610154327 0.8788170932013815 0
    outer loop
      vertex -29.657981002032756 -46.25201305001974 16
      vertex -29.75000000119209 -46.20205080509186 18.4
      vertex -29.657981002032756 -46.25201305001974 18.4
    endloop
  endfacet
  facet normal 0.43051103369319 0.9025853144542187 0
    outer loop
      vertex -29.56347328543663 -46.29709091037512 16
      vertex -29.657981002032756 -46.25201305001974 18.4
      vertex -29.56347328543663 -46.29709091037512 18.4
    endloop
  endfacet
  facet normal 0.3826834399863921 0.92387952935444 0
    outer loop
      vertex -29.466735900640487 -46.33716084808111 16
      vertex -29.56347328543663 -46.29709091037512 18.4
      vertex -29.466735900640487 -46.33716084808111 18.4
    endloop
  endfacet
  facet normal 0.7253743722808802 0.6883545743569364 0
    outer loop
      vertex -30.164213561713694 -45.88421355932951 16
      vertex -30.23628965139389 -45.80826120823622 18.4
      vertex -30.164213561713694 -45.88421355932951 18.4
    endloop
  endfacet
  facet normal 0.6883545743569364 0.7253743722808802 0
    outer loop
      vertex -30.088261210620402 -45.956289649009705 16
      vertex -30.164213561713694 -45.88421355932951 18.4
      vertex -30.088261210620402 -45.956289649009705 18.4
    endloop
  endfacet
  facet normal 0.6494480818611015 0.7604059369619204 0
    outer loop
      vertex -30.008640782237052 -46.024291925132275 16
      vertex -30.088261210620402 -45.956289649009705 18.4
      vertex -30.008640782237052 -46.024291925132275 18.4
    endloop
  endfacet
  facet normal 0.6087614145974385 0.7933533513494007 0
    outer loop
      vertex -29.925570504069327 -46.088033989071846 16
      vertex -30.008640782237052 -46.024291925132275 18.4
      vertex -29.925570504069327 -46.088033989071846 18.4
    endloop
  endfacet
  facet normal 0.5664062275869525 0.824126195039763 0
    outer loop
      vertex -29.83927807331085 -46.147341132164 16
      vertex -29.925570504069327 -46.088033989071846 18.4
      vertex -29.83927807331085 -46.147341132164 18.4
    endloop
  endfacet
  facet normal 0.3338069174625941 0.9426414704722686 0
    outer loop
      vertex -29.466735900640487 -46.33716084808111 16
      vertex -29.466735900640487 -46.33716084808111 18.4
      vertex -29.36803399145603 -46.37211303412914 16
    endloop
  endfacet
  facet normal 0.28401533257580097 0.9588197384607062 0
    outer loop
      vertex -29.267638088464736 -46.401851654052734 16
      vertex -29.36803399145603 -46.37211303412914 16
      vertex -29.36803399145603 -46.37211303412914 18.4
    endloop
  endfacet
  facet normal 0.1822355300335075 0.9832549067222633 0
    outer loop
      vertex -29.16582338631153 -46.426295198500156 16
      vertex -29.16582338631153 -46.426295198500156 18.4
      vertex -29.06286893159151 -46.44537667930126 16
    endloop
  endfacet
  facet normal 0.233445337654398 0.9723699266881016 0
    outer loop
      vertex -29.16582338631153 -46.426295198500156 16
      vertex -29.267638088464736 -46.401851654052734 16
      vertex -29.267638088464736 -46.401851654052734 18.4
    endloop
  endfacet
  facet normal 0.130526167175912 0.9914448646709337 0
    outer loop
      vertex -29.06286893159151 -46.44537667930126 16
      vertex -29.06286893159151 -46.44537667930126 18.4
      vertex -28.959056929945945 -46.45904378592968 16
    endloop
  endfacet
  facet normal 0.07845915957486238 0.9969173287082566 0
    outer loop
      vertex -28.85467191159725 -46.46725907176733 16
      vertex -28.959056929945945 -46.45904378592968 16
      vertex -28.959056929945945 -46.45904378592968 18.4
    endloop
  endfacet
  facet normal 0.02617691589898952 0.9996573258242133 0
    outer loop
      vertex -28.85467191159725 -46.46725907176733 16
      vertex -28.85467191159725 -46.46725907176733 18.4
      vertex -28.75000000119209 -46.46999999880791 16
    endloop
  endfacet
  facet normal 0.3338069174625941 0.9426414704722686 0
    outer loop
      vertex -29.36803399145603 -46.37211303412914 16
      vertex -29.466735900640487 -46.33716084808111 18.4
      vertex -29.36803399145603 -46.37211303412914 18.4
    endloop
  endfacet
  facet normal 0.28401533257580097 0.9588197384607062 0
    outer loop
      vertex -29.267638088464736 -46.401851654052734 16
      vertex -29.36803399145603 -46.37211303412914 18.4
      vertex -29.267638088464736 -46.401851654052734 18.4
    endloop
  endfacet
  facet normal 0.1822355300335075 0.9832549067222633 0
    outer loop
      vertex -29.06286893159151 -46.44537667930126 16
      vertex -29.16582338631153 -46.426295198500156 18.4
      vertex -29.06286893159151 -46.44537667930126 18.4
    endloop
  endfacet
  facet normal 0.233445337654398 0.9723699266881016 0
    outer loop
      vertex -29.16582338631153 -46.426295198500156 16
      vertex -29.267638088464736 -46.401851654052734 18.4
      vertex -29.16582338631153 -46.426295198500156 18.4
    endloop
  endfacet
  facet normal 0.130526167175912 0.9914448646709337 0
    outer loop
      vertex -28.959056929945945 -46.45904378592968 16
      vertex -29.06286893159151 -46.44537667930126 18.4
      vertex -28.959056929945945 -46.45904378592968 18.4
    endloop
  endfacet
  facet normal 0.07845915957486238 0.9969173287082566 0
    outer loop
      vertex -28.85467191159725 -46.46725907176733 16
      vertex -28.959056929945945 -46.45904378592968 18.4
      vertex -28.85467191159725 -46.46725907176733 18.4
    endloop
  endfacet
  facet normal 0.02617691589898952 0.9996573258242133 0
    outer loop
      vertex -28.75000000119209 -46.46999999880791 16
      vertex -28.85467191159725 -46.46725907176733 18.4
      vertex -28.75000000119209 -46.46999999880791 18.4
    endloop
  endfacet
  facet normal 0.9723699266881016 0.233445337654398 0
    outer loop
      vertex -30.68185165643692 -44.98763808608055 16
      vertex -30.70629520088434 -44.885823383927345 16
      vertex -30.70629520088434 -44.885823383927345 18.4
    endloop
  endfacet
  facet normal 0.9832549067222633 0.1822355300335075 0
    outer loop
      vertex -30.70629520088434 -44.885823383927345 16
      vertex -30.725376681685447 -44.782868929207325 16
      vertex -30.725376681685447 -44.782868929207325 18.4
    endloop
  endfacet
  facet normal 0.9914448646709337 0.130526167175912 0
    outer loop
      vertex -30.725376681685447 -44.782868929207325 16
      vertex -30.739043788313865 -44.67905692756176 16
      vertex -30.739043788313865 -44.67905692756176 18.4
    endloop
  endfacet
  facet normal 0.9969173287082566 0.07845915957486238 0
    outer loop
      vertex -30.739043788313865 -44.67905692756176 16
      vertex -30.747259074151515 -44.574671909213066 16
      vertex -30.747259074151515 -44.574671909213066 18.4
    endloop
  endfacet
  facet normal 0.9996573258242133 0.02617691589898952 0
    outer loop
      vertex -30.747259074151515 -44.574671909213066 16
      vertex -30.75000000119209 -44.46999999880791 16
      vertex -30.75000000119209 -44.46999999880791 18.4
    endloop
  endfacet
  facet normal 0.9914448646709337 0.130526167175912 0
    outer loop
      vertex -30.725376681685447 -44.782868929207325 16
      vertex -30.739043788313865 -44.67905692756176 18.4
      vertex -30.725376681685447 -44.782868929207325 18.4
    endloop
  endfacet
  facet normal 0.9723699266881016 0.233445337654398 0
    outer loop
      vertex -30.68185165643692 -44.98763808608055 16
      vertex -30.70629520088434 -44.885823383927345 18.4
      vertex -30.68185165643692 -44.98763808608055 18.4
    endloop
  endfacet
  facet normal 0.9832549067222633 0.1822355300335075 0
    outer loop
      vertex -30.70629520088434 -44.885823383927345 16
      vertex -30.725376681685447 -44.782868929207325 18.4
      vertex -30.70629520088434 -44.885823383927345 18.4
    endloop
  endfacet
  facet normal 0.9969173287082566 0.07845915957486238 0
    outer loop
      vertex -30.739043788313865 -44.67905692756176 16
      vertex -30.747259074151515 -44.574671909213066 18.4
      vertex -30.739043788313865 -44.67905692756176 18.4
    endloop
  endfacet
  facet normal 0.9996573258242133 0.02617691589898952 0
    outer loop
      vertex -30.747259074151515 -44.574671909213066 16
      vertex -30.75000000119209 -44.46999999880791 18.4
      vertex -30.747259074151515 -44.574671909213066 18.4
    endloop
  endfacet
  facet normal 0 0 -1
    outer loop
      vertex -49.530000002384185 -60.520000003278255 0
      vertex -49.530000002384185 60.520000003278255 0
      vertex -45.53 -60.519999999999996 0
    endloop
  endfacet
  facet normal -1 0 0
    outer loop
      vertex -49.530000002384185 -60.520000003278255 0
      vertex -49.530000002384185 -60.520000003278255 18.4
      vertex -49.530000002384185 60.520000003278255 18.4
    endloop
  endfacet
  facet normal 1 0 0
    outer loop
      vertex -45.53 -60.519999999999996 0
      vertex -45.53 60.519999999999996 16
      vertex -45.53 -60.519999999999996 16
    endloop
  endfacet
  facet normal 0 0 -1
    outer loop
      vertex -45.53 -60.519999999999996 16
      vertex -45.53 60.519999999999996 16
      vertex -30.725376681685447 -44.782868929207325 16
    endloop
  endfacet
  facet normal 0 0 1
    outer loop
      vertex -45.530000002384185 -64.52000000327826 18.4
      vertex -30.75000000119209 -44.46999999880791 18.4
      vertex -30.75000000119209 44.46999999880791 18.4
    endloop
  endfacet
  facet normal 0 0 -1
    outer loop
      vertex -30.725376681685447 -44.782868929207325 16
      vertex -45.53 60.519999999999996 16
      vertex -30.739043788313865 -44.67905692756176 16
    endloop
  endfacet
  facet normal 0 0 -1
    outer loop
      vertex -30.739043788313865 -44.67905692756176 16
      vertex -45.53 60.519999999999996 16
      vertex -30.747259074151515 -44.574671909213066 16
    endloop
  endfacet
  facet normal 0 0 -1
    outer loop
      vertex -30.747259074151515 -44.574671909213066 16
      vertex -45.53 60.519999999999996 16
      vertex -30.75000000119209 -44.46999999880791 16
    endloop
  endfacet
  facet normal 1 0 0
    outer loop
      vertex -30.75000000119209 -44.46999999880791 16
      vertex -30.75000000119209 44.46999999880791 18.4
      vertex -30.75000000119209 -44.46999999880791 18.4
    endloop
  endfacet
  facet normal 0 0 -1
    outer loop
      vertex -46.963471801280974 -64.25432170927525 0
      vertex 19.53 -64.52000000327826 0
      vertex -46.76606798291206 -64.32422606647015 0
    endloop
  endfacet
  facet normal 0 0 -1
    outer loop
      vertex -46.56527618438005 -64.38370330631733 0
      vertex 19.53 -64.52000000327826 0
      vertex -46.36164676517248 -64.43259040266275 0
    endloop
  endfacet
  facet normal 0 0 -1
    outer loop
      vertex -46.76606798291206 -64.32422606647015 0
      vertex 19.53 -64.52000000327826 0
      vertex -46.56527618438005 -64.38370330631733 0
    endloop
  endfacet
  facet normal 0 0 -1
    outer loop
      vertex -46.36164676517248 -64.43259040266275 0
      vertex 19.53 -64.52000000327826 0
      vertex -46.15573786318302 -64.47075336426497 0
    endloop
  endfacet
  facet normal 0 0 -1
    outer loop
      vertex -46.15573786318302 -64.47075336426497 0
      vertex 19.53 -64.52000000327826 0
      vertex -45.94811385244131 -64.49808758497238 0
    endloop
  endfacet
  facet normal 0 0 -1
    outer loop
      vertex -45.94811385244131 -64.49808758497238 0
      vertex 19.53 -64.52000000327826 0
      vertex -45.73934383064508 -64.51451814174652 0
    endloop
  endfacet
  facet normal 0 1 0
    outer loop
      vertex -45.53 -60.519999999999996 0
      vertex -45.53 -60.519999999999996 16
      vertex 19.53 -60.519999999999996 0
    endloop
  endfacet
  facet normal 0 -1 0
    outer loop
      vertex -45.530000002384185 -64.52000000327826 18.4
      vertex 0.5300000000000011 -64.52000000327826 0
      vertex 0.5300000000000011 -64.52000000327826 8
    endloop
  endfacet
  facet normal 0 0 -1
    outer loop
      vertex -45.73934383064508 -64.51451814174652 0
      vertex 19.53 -64.52000000327826 0
      vertex 0.5300000000000011 -64.52000000327826 0
    endloop
  endfacet
  facet normal 0 0 -1
    outer loop
      vertex -45.53 -60.519999999999996 0
      vertex 19.53 -60.519999999999996 0
      vertex 19.53 -64.52000000327826 0
    endloop
  endfacet
  facet normal 0 1 0
    outer loop
      vertex -45.53 -60.519999999999996 16
      vertex 19.53 -60.519999999999996 15.995000000000001
      vertex 19.53 -60.519999999999996 0
    endloop
  endfacet
  facet normal 0 -1 0
    outer loop
      vertex -45.530000002384185 -64.52000000327826 18.4
      vertex 0.5300000000000011 -64.52000000327826 8
      vertex 19.53 -64.52000000327826 15.995000000000001
    endloop
  endfacet
  facet normal 0 0 -1
    outer loop
      vertex -45.53 -60.519999999999996 16
      vertex -28.75000000119209 -46.46999999880791 16
      vertex 49.23000000000005 -60.519999999999996 16
    endloop
  endfacet
  facet normal 0 0 1
    outer loop
      vertex -45.530000002384185 -64.52000000327826 18.4
      vertex 39.53 -64.52 18.4
      vertex -28.75000000119209 -46.46999999880791 18.4
    endloop
  endfacet
  facet normal 0 1 0
    outer loop
      vertex -28.75000000119209 -46.46999999880791 16
      vertex -28.75000000119209 -46.46999999880791 18.4
      vertex 49.23000000000005 -46.46999999880791 16
    endloop
  endfacet
  facet normal -0.7604059695380647 -0.6494480437193384 0
    outer loop
      vertex -48.63858384758234 -63.037281565368176 18.4
      vertex -48.50257930278778 -63.19652242958546 18.4
      vertex -48.63858384758234 -63.037281565368176 53.4
    endloop
  endfacet
  facet normal -0.7253743554229003 -0.68835459212154 0
    outer loop
      vertex -48.50257930278778 -63.19652242958546 18.4
      vertex -48.35842712342739 -63.34842712432146 18.4
      vertex -48.50257930278778 -63.19652242958546 53.4
    endloop
  endfacet
  facet normal -0.608761436990549 -0.7933533341665628 0
    outer loop
      vertex -48.047281564474105 -63.62858384847641 18.4
      vertex -47.881141008138655 -63.75606798380613 18.4
      vertex -48.047281564474105 -63.62858384847641 53.4
    endloop
  endfacet
  facet normal -0.68835459212154 -0.7253743554229003 0
    outer loop
      vertex -48.206522428691386 -63.49257930368185 18.4
      vertex -48.35842712342739 -63.34842712432146 53.4
      vertex -48.35842712342739 -63.34842712432146 18.4
    endloop
  endfacet
  facet normal -0.6494480437193384 -0.7604059695380647 0
    outer loop
      vertex -48.047281564474105 -63.62858384847641 18.4
      vertex -48.206522428691386 -63.49257930368185 53.4
      vertex -48.206522428691386 -63.49257930368185 18.4
    endloop
  endfacet
  facet normal -0.566406235143491 -0.824126189846298 0
    outer loop
      vertex -47.70855613917112 -63.874682277441025 18.4
      vertex -47.881141008138655 -63.75606798380613 53.4
      vertex -47.881141008138655 -63.75606798380613 18.4
    endloop
  endfacet
  facet normal -0.5224985544918213 -0.8526401706194456 0
    outer loop
      vertex -47.70855613917112 -63.874682277441025 18.4
      vertex -47.530000002384185 -63.98410161584616 18.4
      vertex -47.70855613917112 -63.874682277441025 53.4
    endloop
  endfacet
  facet normal -0.4771587686239866 -0.8788171081204785 0
    outer loop
      vertex -47.530000002384185 -63.98410161584616 18.4
      vertex -47.34596200406551 -64.08402609825134 18.4
      vertex -47.530000002384185 -63.98410161584616 53.4
    endloop
  endfacet
  facet normal -0.43051110548573257 -0.9025852802109352 0
    outer loop
      vertex -47.15694657832384 -64.17418183386326 18.4
      vertex -47.34596200406551 -64.08402609825134 53.4
      vertex -47.34596200406551 -64.08402609825134 18.4
    endloop
  endfacet
  facet normal -0.3826834274076815 -0.9238795345647125 0
    outer loop
      vertex -47.15694657832384 -64.17418183386326 18.4
      vertex -46.963471801280974 -64.25432170927525 18.4
      vertex -47.15694657832384 -64.17418183386326 53.4
    endloop
  endfacet
  facet normal -0.3338068542353568 -0.9426414928622098 0
    outer loop
      vertex -46.963471801280974 -64.25432170927525 18.4
      vertex -46.76606798291206 -64.32422606647015 18.4
      vertex -46.963471801280974 -64.25432170927525 53.4
    endloop
  endfacet
  facet normal -0.284015342264375 -0.95881973559082 0
    outer loop
      vertex -46.76606798291206 -64.32422606647015 18.4
      vertex -46.56527618438005 -64.38370330631733 18.4
      vertex -46.76606798291206 -64.32422606647015 53.4
    endloop
  endfacet
  facet normal -0.23344535514142428 -0.9723699224898383 0
    outer loop
      vertex -46.56527618438005 -64.38370330631733 18.4
      vertex -46.36164676517248 -64.43259040266275 18.4
      vertex -46.56527618438005 -64.38370330631733 53.4
    endloop
  endfacet
  facet normal -0.182235536408509 -0.9832549055407266 0
    outer loop
      vertex -46.36164676517248 -64.43259040266275 18.4
      vertex -46.15573786318302 -64.47075336426497 18.4
      vertex -46.36164676517248 -64.43259040266275 53.4
    endloop
  endfacet
  facet normal -0.13052619754360592 -0.9914448606729511 0
    outer loop
      vertex -46.15573786318302 -64.47075336426497 18.4
      vertex -45.94811385244131 -64.49808758497238 18.4
      vertex -46.15573786318302 -64.47075336426497 53.4
    endloop
  endfacet
  facet normal -0.0784590944225775 -0.9969173338358547 0
    outer loop
      vertex -45.94811385244131 -64.49808758497238 18.4
      vertex -45.73934383064508 -64.51451814174652 18.4
      vertex -45.94811385244131 -64.49808758497238 53.4
    endloop
  endfacet
  facet normal -0.02617695052157347 -0.9996573249175894 0
    outer loop
      vertex -45.73934383064508 -64.51451814174652 18.4
      vertex -45.530000002384185 -64.52000000327826 18.4
      vertex -45.73934383064508 -64.51451814174652 53.4
    endloop
  endfacet
  facet normal -0.9025852802109352 -0.43051110548573257 0
    outer loop
      vertex -49.18418183296919 -62.14694657921791 18.4
      vertex -49.09402609735727 -62.33596200495958 18.4
      vertex -49.18418183296919 -62.14694657921791 53.4
    endloop
  endfacet
  facet normal -0.9238795345647125 -0.3826834274076815 0
    outer loop
      vertex -49.18418183296919 -62.14694657921791 18.4
      vertex -49.264321708381175 -61.953471802175045 53.4
      vertex -49.264321708381175 -61.953471802175045 18.4
    endloop
  endfacet
  facet normal -0.8526401706194456 -0.5224985544918213 0
    outer loop
      vertex -48.994101614952086 -62.520000003278255 18.4
      vertex -48.884682276546954 -62.69855614006519 18.4
      vertex -48.994101614952086 -62.520000003278255 53.4
    endloop
  endfacet
  facet normal -0.824126189846298 -0.566406235143491 0
    outer loop
      vertex -48.76606798291206 -62.871141009032726 18.4
      vertex -48.884682276546954 -62.69855614006519 53.4
      vertex -48.884682276546954 -62.69855614006519 18.4
    endloop
  endfacet
  facet normal -0.8788171081204785 -0.4771587686239866 0
    outer loop
      vertex -48.994101614952086 -62.520000003278255 18.4
      vertex -49.09402609735727 -62.33596200495958 53.4
      vertex -49.09402609735727 -62.33596200495958 18.4
    endloop
  endfacet
  facet normal -0.95881973559082 -0.284015342264375 0
    outer loop
      vertex -49.334226065576075 -61.75606798380613 18.4
      vertex -49.39370330542326 -61.555276185274124 53.4
      vertex -49.39370330542326 -61.555276185274124 18.4
    endloop
  endfacet
  facet normal -0.9723699224898383 -0.23344535514142428 0
    outer loop
      vertex -49.39370330542326 -61.555276185274124 18.4
      vertex -49.44259040176868 -61.35164676606655 53.4
      vertex -49.44259040176868 -61.35164676606655 18.4
    endloop
  endfacet
  facet normal -0.9426414928622098 -0.3338068542353568 0
    outer loop
      vertex -49.264321708381175 -61.953471802175045 18.4
      vertex -49.334226065576075 -61.75606798380613 53.4
      vertex -49.334226065576075 -61.75606798380613 18.4
    endloop
  endfacet
  facet normal -0.9832549055407266 -0.182235536408509 0
    outer loop
      vertex -49.44259040176868 -61.35164676606655 18.4
      vertex -49.480753363370894 -61.14573786407709 53.4
      vertex -49.480753363370894 -61.14573786407709 18.4
    endloop
  endfacet
  facet normal -0.9914448606729511 -0.13052619754360592 0
    outer loop
      vertex -49.480753363370894 -61.14573786407709 18.4
      vertex -49.50808758407831 -60.93811385333538 53.4
      vertex -49.50808758407831 -60.93811385333538 18.4
    endloop
  endfacet
  facet normal -0.9969173338358547 -0.0784590944225775 0
    outer loop
      vertex -49.50808758407831 -60.93811385333538 18.4
      vertex -49.52451814085245 -60.729343831539154 53.4
      vertex -49.52451814085245 -60.729343831539154 18.4
    endloop
  endfacet
  facet normal -0.7933533341665628 -0.608761436990549 0
    outer loop
      vertex -48.63858384758234 -63.037281565368176 18.4
      vertex -48.76606798291206 -62.871141009032726 53.4
      vertex -48.76606798291206 -62.871141009032726 18.4
    endloop
  endfacet
  facet normal -0.9996573249175894 -0.02617695052157347 0
    outer loop
      vertex -49.52451814085245 -60.729343831539154 18.4
      vertex -49.530000002384185 -60.520000003278255 53.4
      vertex -49.530000002384185 -60.520000003278255 18.4
    endloop
  endfacet
  facet normal -0.7604059695380647 -0.6494480437193384 0
    outer loop
      vertex -48.50257930278778 -63.19652242958546 18.4
      vertex -48.50257930278778 -63.19652242958546 53.4
      vertex -48.63858384758234 -63.037281565368176 53.4
    endloop
  endfacet
  facet normal -0.7253743554229003 -0.68835459212154 0
    outer loop
      vertex -48.35842712342739 -63.34842712432146 18.4
      vertex -48.35842712342739 -63.34842712432146 53.4
      vertex -48.50257930278778 -63.19652242958546 53.4
    endloop
  endfacet
  facet normal -0.6494480437193384 -0.7604059695380647 0
    outer loop
      vertex -48.047281564474105 -63.62858384847641 18.4
      vertex -48.047281564474105 -63.62858384847641 53.4
      vertex -48.206522428691386 -63.49257930368185 53.4
    endloop
  endfacet
  facet normal -0.68835459212154 -0.7253743554229003 0
    outer loop
      vertex -48.206522428691386 -63.49257930368185 18.4
      vertex -48.206522428691386 -63.49257930368185 53.4
      vertex -48.35842712342739 -63.34842712432146 53.4
    endloop
  endfacet
  facet normal -0.43051110548573257 -0.9025852802109352 0
    outer loop
      vertex -47.15694657832384 -64.17418183386326 18.4
      vertex -47.15694657832384 -64.17418183386326 53.4
      vertex -47.34596200406551 -64.08402609825134 53.4
    endloop
  endfacet
  facet normal -0.608761436990549 -0.7933533341665628 0
    outer loop
      vertex -47.881141008138655 -63.75606798380613 18.4
      vertex -47.881141008138655 -63.75606798380613 53.4
      vertex -48.047281564474105 -63.62858384847641 53.4
    endloop
  endfacet
  facet normal -0.566406235143491 -0.824126189846298 0
    outer loop
      vertex -47.70855613917112 -63.874682277441025 18.4
      vertex -47.70855613917112 -63.874682277441025 53.4
      vertex -47.881141008138655 -63.75606798380613 53.4
    endloop
  endfacet
  facet normal -0.5224985544918213 -0.8526401706194456 0
    outer loop
      vertex -47.530000002384185 -63.98410161584616 18.4
      vertex -47.530000002384185 -63.98410161584616 53.4
      vertex -47.70855613917112 -63.874682277441025 53.4
    endloop
  endfacet
  facet normal -0.4771587686239866 -0.8788171081204785 0
    outer loop
      vertex -47.34596200406551 -64.08402609825134 18.4
      vertex -47.34596200406551 -64.08402609825134 53.4
      vertex -47.530000002384185 -63.98410161584616 53.4
    endloop
  endfacet
  facet normal -0.3826834274076815 -0.9238795345647125 0
    outer loop
      vertex -46.963471801280974 -64.25432170927525 18.4
      vertex -46.963471801280974 -64.25432170927525 53.4
      vertex -47.15694657832384 -64.17418183386326 53.4
    endloop
  endfacet
  facet normal -0.3338068542353568 -0.9426414928622098 0
    outer loop
      vertex -46.76606798291206 -64.32422606647015 18.4
      vertex -46.76606798291206 -64.32422606647015 53.4
      vertex -46.963471801280974 -64.25432170927525 53.4
    endloop
  endfacet
  facet normal -0.284015342264375 -0.95881973559082 0
    outer loop
      vertex -46.56527618438005 -64.38370330631733 18.4
      vertex -46.56527618438005 -64.38370330631733 53.4
      vertex -46.76606798291206 -64.32422606647015 53.4
    endloop
  endfacet
  facet normal -0.23344535514142428 -0.9723699224898383 0
    outer loop
      vertex -46.36164676517248 -64.43259040266275 18.4
      vertex -46.36164676517248 -64.43259040266275 53.4
      vertex -46.56527618438005 -64.38370330631733 53.4
    endloop
  endfacet
  facet normal -0.182235536408509 -0.9832549055407266 0
    outer loop
      vertex -46.15573786318302 -64.47075336426497 18.4
      vertex -46.15573786318302 -64.47075336426497 53.4
      vertex -46.36164676517248 -64.43259040266275 53.4
    endloop
  endfacet
  facet normal -0.13052619754360592 -0.9914448606729511 0
    outer loop
      vertex -45.94811385244131 -64.49808758497238 18.4
      vertex -45.94811385244131 -64.49808758497238 53.4
      vertex -46.15573786318302 -64.47075336426497 53.4
    endloop
  endfacet
  facet normal -0.0784590944225775 -0.9969173338358547 0
    outer loop
      vertex -45.73934383064508 -64.51451814174652 18.4
      vertex -45.73934383064508 -64.51451814174652 53.4
      vertex -45.94811385244131 -64.49808758497238 53.4
    endloop
  endfacet
  facet normal -0.02617695052157347 -0.9996573249175894 0
    outer loop
      vertex -45.530000002384185 -64.52000000327826 18.4
      vertex -45.530000002384185 -64.52000000327826 53.4
      vertex -45.73934383064508 -64.51451814174652 53.4
    endloop
  endfacet
  facet normal -0.9238795345647125 -0.3826834274076815 0
    outer loop
      vertex -49.18418183296919 -62.14694657921791 18.4
      vertex -49.18418183296919 -62.14694657921791 53.4
      vertex -49.264321708381175 -61.953471802175045 53.4
    endloop
  endfacet
  facet normal -0.8788171081204785 -0.4771587686239866 0
    outer loop
      vertex -48.994101614952086 -62.520000003278255 18.4
      vertex -48.994101614952086 -62.520000003278255 53.4
      vertex -49.09402609735727 -62.33596200495958 53.4
    endloop
  endfacet
  facet normal -0.824126189846298 -0.566406235143491 0
    outer loop
      vertex -48.76606798291206 -62.871141009032726 18.4
      vertex -48.76606798291206 -62.871141009032726 53.4
      vertex -48.884682276546954 -62.69855614006519 53.4
    endloop
  endfacet
  facet normal -0.8526401706194456 -0.5224985544918213 0
    outer loop
      vertex -48.884682276546954 -62.69855614006519 18.4
      vertex -48.884682276546954 -62.69855614006519 53.4
      vertex -48.994101614952086 -62.520000003278255 53.4
    endloop
  endfacet
  facet normal -0.9025852802109352 -0.43051110548573257 0
    outer loop
      vertex -49.09402609735727 -62.33596200495958 18.4
      vertex -49.09402609735727 -62.33596200495958 53.4
      vertex -49.18418183296919 -62.14694657921791 53.4
    endloop
  endfacet
  facet normal -0.95881973559082 -0.284015342264375 0
    outer loop
      vertex -49.334226065576075 -61.75606798380613 18.4
      vertex -49.334226065576075 -61.75606798380613 53.4
      vertex -49.39370330542326 -61.555276185274124 53.4
    endloop
  endfacet
  facet normal -0.9723699224898383 -0.23344535514142428 0
    outer loop
      vertex -49.39370330542326 -61.555276185274124 18.4
      vertex -49.39370330542326 -61.555276185274124 53.4
      vertex -49.44259040176868 -61.35164676606655 53.4
    endloop
  endfacet
  facet normal -0.9426414928622098 -0.3338068542353568 0
    outer loop
      vertex -49.264321708381175 -61.953471802175045 18.4
      vertex -49.264321708381175 -61.953471802175045 53.4
      vertex -49.334226065576075 -61.75606798380613 53.4
    endloop
  endfacet
  facet normal -0.9832549055407266 -0.182235536408509 0
    outer loop
      vertex -49.44259040176868 -61.35164676606655 18.4
      vertex -49.44259040176868 -61.35164676606655 53.4
      vertex -49.480753363370894 -61.14573786407709 53.4
    endloop
  endfacet
  facet normal -0.9914448606729511 -0.13052619754360592 0
    outer loop
      vertex -49.480753363370894 -61.14573786407709 18.4
      vertex -49.480753363370894 -61.14573786407709 53.4
      vertex -49.50808758407831 -60.93811385333538 53.4
    endloop
  endfacet
  facet normal -0.9969173338358547 -0.0784590944225775 0
    outer loop
      vertex -49.50808758407831 -60.93811385333538 18.4
      vertex -49.50808758407831 -60.93811385333538 53.4
      vertex -49.52451814085245 -60.729343831539154 53.4
    endloop
  endfacet
  facet normal -0.7933533341665628 -0.608761436990549 0
    outer loop
      vertex -48.63858384758234 -63.037281565368176 18.4
      vertex -48.63858384758234 -63.037281565368176 53.4
      vertex -48.76606798291206 -62.871141009032726 53.4
    endloop
  endfacet
  facet normal -0.9996573249175894 -0.02617695052157347 0
    outer loop
      vertex -49.52451814085245 -60.729343831539154 18.4
      vertex -49.52451814085245 -60.729343831539154 53.4
      vertex -49.530000002384185 -60.520000003278255 53.4
    endloop
  endfacet
  facet normal 1 0 0
    outer loop
      vertex -45.530000002384185 -64.52000000327826 18.4
      vertex -45.530000002384185 60.524999998509884 18.4
      vertex -45.530000002384185 -64.52000000327826 53.4
    endloop
  endfacet
  facet normal -1 0 0
    outer loop
      vertex -49.530000002384185 -60.520000003278255 18.4
      vertex -49.530000002384185 -60.520000003278255 53.4
      vertex -49.530000002384185 60.520000003278255 53.4
    endloop
  endfacet
  facet normal 0 0 1
    outer loop
      vertex -47.530000002384185 -63.98410161584616 53.4
      vertex -47.34596200406551 -64.08402609825134 53.4
      vertex -45.530000002384185 60.524999998509884 53.4
    endloop
  endfacet
  facet normal 0 0 1
    outer loop
      vertex -47.15694657832384 -64.17418183386326 53.4
      vertex -45.530000002384185 60.524999998509884 53.4
      vertex -47.34596200406551 -64.08402609825134 53.4
    endloop
  endfacet
  facet normal 0 0 1
    outer loop
      vertex -47.15694657832384 -64.17418183386326 53.4
      vertex -46.963471801280974 -64.25432170927525 53.4
      vertex -45.530000002384185 60.524999998509884 53.4
    endloop
  endfacet
  facet normal 0 0 1
    outer loop
      vertex -49.18418183296919 -62.14694657921791 53.4
      vertex -45.530000002384185 60.524999998509884 53.4
      vertex -49.264321708381175 -61.953471802175045 53.4
    endloop
  endfacet
  facet normal 0 0 1
    outer loop
      vertex -49.334226065576075 -61.75606798380613 53.4
      vertex -45.530000002384185 60.524999998509884 53.4
      vertex -49.39370330542326 -61.555276185274124 53.4
    endloop
  endfacet
  facet normal 0 0 1
    outer loop
      vertex -49.264321708381175 -61.953471802175045 53.4
      vertex -45.530000002384185 60.524999998509884 53.4
      vertex -49.334226065576075 -61.75606798380613 53.4
    endloop
  endfacet
  facet normal 0 0 1
    outer loop
      vertex -49.50808758407831 -60.93811385333538 53.4
      vertex -45.530000002384185 60.524999998509884 53.4
      vertex -49.52451814085245 -60.729343831539154 53.4
    endloop
  endfacet
  facet normal 0 0 1
    outer loop
      vertex -49.39370330542326 -61.555276185274124 53.4
      vertex -45.530000002384185 60.524999998509884 53.4
      vertex -49.44259040176868 -61.35164676606655 53.4
    endloop
  endfacet
  facet normal 0 0 1
    outer loop
      vertex -49.44259040176868 -61.35164676606655 53.4
      vertex -45.530000002384185 60.524999998509884 53.4
      vertex -49.480753363370894 -61.14573786407709 53.4
    endloop
  endfacet
  facet normal 0 0 1
    outer loop
      vertex -49.480753363370894 -61.14573786407709 53.4
      vertex -45.530000002384185 60.524999998509884 53.4
      vertex -49.50808758407831 -60.93811385333538 53.4
    endloop
  endfacet
  facet normal 0 0 1
    outer loop
      vertex -49.52451814085245 -60.729343831539154 53.4
      vertex -45.530000002384185 60.524999998509884 53.4
      vertex -49.530000002384185 -60.520000003278255 53.4
    endloop
  endfacet
  facet normal 0 0 1
    outer loop
      vertex -48.994101614952086 -62.520000003278255 53.4
      vertex -48.884682276546954 -62.69855614006519 53.4
      vertex -45.530000002384185 60.524999998509884 53.4
    endloop
  endfacet
  facet normal 0 0 1
    outer loop
      vertex -48.994101614952086 -62.520000003278255 53.4
      vertex -45.530000002384185 60.524999998509884 53.4
      vertex -49.09402609735727 -62.33596200495958 53.4
    endloop
  endfacet
  facet normal 0 0 1
    outer loop
      vertex -48.76606798291206 -62.871141009032726 53.4
      vertex -45.530000002384185 60.524999998509884 53.4
      vertex -48.884682276546954 -62.69855614006519 53.4
    endloop
  endfacet
  facet normal 0 0 1
    outer loop
      vertex -48.63858384758234 -63.037281565368176 53.4
      vertex -45.530000002384185 60.524999998509884 53.4
      vertex -48.76606798291206 -62.871141009032726 53.4
    endloop
  endfacet
  facet normal 0 0 1
    outer loop
      vertex -48.50257930278778 -63.19652242958546 53.4
      vertex -48.35842712342739 -63.34842712432146 53.4
      vertex -45.530000002384185 60.524999998509884 53.4
    endloop
  endfacet
  facet normal 0 0 1
    outer loop
      vertex -48.206522428691386 -63.49257930368185 53.4
      vertex -45.530000002384185 60.524999998509884 53.4
      vertex -48.35842712342739 -63.34842712432146 53.4
    endloop
  endfacet
  facet normal 0 0 1
    outer loop
      vertex -48.047281564474105 -63.62858384847641 53.4
      vertex -45.530000002384185 60.524999998509884 53.4
      vertex -48.206522428691386 -63.49257930368185 53.4
    endloop
  endfacet
  facet normal 0 0 1
    outer loop
      vertex -48.63858384758234 -63.037281565368176 53.4
      vertex -48.50257930278778 -63.19652242958546 53.4
      vertex -45.530000002384185 60.524999998509884 53.4
    endloop
  endfacet
  facet normal 0 0 1
    outer loop
      vertex -49.18418183296919 -62.14694657921791 53.4
      vertex -49.09402609735727 -62.33596200495958 53.4
      vertex -45.530000002384185 60.524999998509884 53.4
    endloop
  endfacet
  facet normal 0 0 1
    outer loop
      vertex -48.047281564474105 -63.62858384847641 53.4
      vertex -47.881141008138655 -63.75606798380613 53.4
      vertex -45.530000002384185 60.524999998509884 53.4
    endloop
  endfacet
  facet normal 0 0 1
    outer loop
      vertex -47.70855613917112 -63.874682277441025 53.4
      vertex -45.530000002384185 60.524999998509884 53.4
      vertex -47.881141008138655 -63.75606798380613 53.4
    endloop
  endfacet
  facet normal 0 0 1
    outer loop
      vertex -47.70855613917112 -63.874682277441025 53.4
      vertex -47.530000002384185 -63.98410161584616 53.4
      vertex -45.530000002384185 60.524999998509884 53.4
    endloop
  endfacet
  facet normal 0 0 1
    outer loop
      vertex -46.963471801280974 -64.25432170927525 53.4
      vertex -46.76606798291206 -64.32422606647015 53.4
      vertex -45.530000002384185 60.524999998509884 53.4
    endloop
  endfacet
  facet normal 0 0 1
    outer loop
      vertex -46.76606798291206 -64.32422606647015 53.4
      vertex -46.56527618438005 -64.38370330631733 53.4
      vertex -45.530000002384185 60.524999998509884 53.4
    endloop
  endfacet
  facet normal 0 0 1
    outer loop
      vertex -46.56527618438005 -64.38370330631733 53.4
      vertex -46.36164676517248 -64.43259040266275 53.4
      vertex -45.530000002384185 60.524999998509884 53.4
    endloop
  endfacet
  facet normal 0 0 1
    outer loop
      vertex -46.36164676517248 -64.43259040266275 53.4
      vertex -46.15573786318302 -64.47075336426497 53.4
      vertex -45.530000002384185 60.524999998509884 53.4
    endloop
  endfacet
  facet normal 0 0 1
    outer loop
      vertex -46.15573786318302 -64.47075336426497 53.4
      vertex -45.94811385244131 -64.49808758497238 53.4
      vertex -45.530000002384185 60.524999998509884 53.4
    endloop
  endfacet
  facet normal 0 0 1
    outer loop
      vertex -45.94811385244131 -64.49808758497238 53.4
      vertex -45.73934383064508 -64.51451814174652 53.4
      vertex -45.530000002384185 60.524999998509884 53.4
    endloop
  endfacet
  facet normal 0 0 1
    outer loop
      vertex -45.73934383064508 -64.51451814174652 53.4
      vertex -45.530000002384185 -64.52000000327826 53.4
      vertex -45.530000002384185 60.524999998509884 53.4
    endloop
  endfacet
  facet normal 0 0 -1
    outer loop
      vertex -45.53 -60.519999999999996 0
      vertex -49.530000002384185 60.520000003278255 0
      vertex -45.53 60.519999999999996 0
    endloop
  endfacet
  facet normal -1 0 0
    outer loop
      vertex -49.530000002384185 -60.520000003278255 0
      vertex -49.530000002384185 60.520000003278255 18.4
      vertex -49.530000002384185 60.520000003278255 0
    endloop
  endfacet
  facet normal 1 0 0
    outer loop
      vertex -45.53 -60.519999999999996 0
      vertex -45.53 60.519999999999996 0
      vertex -45.53 60.519999999999996 16
    endloop
  endfacet
  facet normal 0 0 1
    outer loop
      vertex -45.530000002384185 -64.52000000327826 18.4
      vertex -30.75000000119209 44.46999999880791 18.4
      vertex -45.530000002384185 60.524999998509884 18.4
    endloop
  endfacet
  facet normal 1 0 0
    outer loop
      vertex -30.75000000119209 -44.46999999880791 16
      vertex -30.75000000119209 44.46999999880791 16
      vertex -30.75000000119209 44.46999999880791 18.4
    endloop
  endfacet
  facet normal 0 0 -1
    outer loop
      vertex -30.75000000119209 -44.46999999880791 16
      vertex -45.53 60.519999999999996 16
      vertex -30.75000000119209 44.46999999880791 16
    endloop
  endfacet
  facet normal -0.9996573249175895 0.02617695052157347 0
    outer loop
      vertex -49.530000002384185 60.520000003278255 0
      vertex -49.52451814085245 60.729343831539154 18.4
      vertex -49.52451814085245 60.729343831539154 0
    endloop
  endfacet
  facet normal -0.9969173338358548 0.0784590944225775 0
    outer loop
      vertex -49.52451814085245 60.729343831539154 0
      vertex -49.50808758407831 60.93811385333538 18.4
      vertex -49.50808758407831 60.93811385333538 0
    endloop
  endfacet
  facet normal -0.9914448606729512 0.13052619754360592 0
    outer loop
      vertex -49.50808758407831 60.93811385333538 0
      vertex -49.480753363370894 61.14573786407709 18.4
      vertex -49.480753363370894 61.14573786407709 0
    endloop
  endfacet
  facet normal -0.9832549055407265 0.182235536408509 0
    outer loop
      vertex -49.480753363370894 61.14573786407709 0
      vertex -49.44259040176868 61.35164676606655 18.4
      vertex -49.44259040176868 61.35164676606655 0
    endloop
  endfacet
  facet normal -0.9723699224898384 0.23344535514142428 0
    outer loop
      vertex -49.44259040176868 61.35164676606655 0
      vertex -49.39370330542326 61.555276185274124 18.4
      vertex -49.39370330542326 61.555276185274124 0
    endloop
  endfacet
  facet normal -0.95881973559082 0.284015342264375 0
    outer loop
      vertex -49.39370330542326 61.555276185274124 0
      vertex -49.334226065576075 61.75606798380613 18.4
      vertex -49.334226065576075 61.75606798380613 0
    endloop
  endfacet
  facet normal -0.9426414928622097 0.3338068542353568 0
    outer loop
      vertex -49.334226065576075 61.75606798380613 0
      vertex -49.264321708381175 61.953471802175045 18.4
      vertex -49.264321708381175 61.953471802175045 0
    endloop
  endfacet
  facet normal -0.9238795345647124 0.38268342740768146 0
    outer loop
      vertex -49.264321708381175 61.953471802175045 0
      vertex -49.18418183296919 62.14694657921791 18.4
      vertex -49.18418183296919 62.14694657921791 0
    endloop
  endfacet
  facet normal -0.9025852802109353 0.43051110548573257 0
    outer loop
      vertex -49.18418183296919 62.14694657921791 0
      vertex -49.09402609735727 62.33596200495958 18.4
      vertex -49.09402609735727 62.33596200495958 0
    endloop
  endfacet
  facet normal -0.8788171081204784 0.4771587686239866 0
    outer loop
      vertex -49.09402609735727 62.33596200495958 0
      vertex -48.994101614952086 62.520000003278255 18.4
      vertex -48.994101614952086 62.520000003278255 0
    endloop
  endfacet
  facet normal -0.8526401706194456 0.5224985544918213 0
    outer loop
      vertex -48.994101614952086 62.520000003278255 0
      vertex -48.884682276546954 62.69855614006519 18.4
      vertex -48.884682276546954 62.69855614006519 0
    endloop
  endfacet
  facet normal -0.824126189846298 0.566406235143491 0
    outer loop
      vertex -48.884682276546954 62.69855614006519 0
      vertex -48.76606798291206 62.871141009032726 18.4
      vertex -48.76606798291206 62.871141009032726 0
    endloop
  endfacet
  facet normal -0.7933533341665627 0.608761436990549 0
    outer loop
      vertex -48.76606798291206 62.871141009032726 0
      vertex -48.63858384758234 63.037281565368176 18.4
      vertex -48.63858384758234 63.037281565368176 0
    endloop
  endfacet
  facet normal 0 0 -1
    outer loop
      vertex -45.94811385244131 64.49808758497238 0
      vertex -45.73934383064508 64.51451814174652 0
      vertex -45.530000002384185 64.52000000327826 0
    endloop
  endfacet
  facet normal -0.7604059695380647 0.6494480437193384 0
    outer loop
      vertex -48.63858384758234 63.037281565368176 0
      vertex -48.50257930278778 63.19652242958546 18.4
      vertex -48.50257930278778 63.19652242958546 0
    endloop
  endfacet
  facet normal -0.7253743554229004 0.68835459212154 0
    outer loop
      vertex -48.50257930278778 63.19652242958546 0
      vertex -48.35842712342739 63.34842712432146 18.4
      vertex -48.35842712342739 63.34842712432146 0
    endloop
  endfacet
  facet normal -0.68835459212154 0.7253743554229004 0
    outer loop
      vertex -48.35842712342739 63.34842712432146 0
      vertex -48.206522428691386 63.49257930368185 18.4
      vertex -48.206522428691386 63.49257930368185 0
    endloop
  endfacet
  facet normal -0.6494480437193384 0.7604059695380647 0
    outer loop
      vertex -48.206522428691386 63.49257930368185 0
      vertex -48.047281564474105 63.62858384847641 18.4
      vertex -48.047281564474105 63.62858384847641 0
    endloop
  endfacet
  facet normal -0.608761436990549 0.7933533341665627 0
    outer loop
      vertex -48.047281564474105 63.62858384847641 0
      vertex -47.881141008138655 63.75606798380613 18.4
      vertex -47.881141008138655 63.75606798380613 0
    endloop
  endfacet
  facet normal -0.566406235143491 0.824126189846298 0
    outer loop
      vertex -47.881141008138655 63.75606798380613 0
      vertex -47.70855613917112 63.874682277441025 18.4
      vertex -47.70855613917112 63.874682277441025 0
    endloop
  endfacet
  facet normal -0.5224985544918213 0.8526401706194456 0
    outer loop
      vertex -47.70855613917112 63.874682277441025 0
      vertex -47.530000002384185 63.98410161584616 18.4
      vertex -47.530000002384185 63.98410161584616 0
    endloop
  endfacet
  facet normal -0.4771587686239866 0.8788171081204784 0
    outer loop
      vertex -47.530000002384185 63.98410161584616 0
      vertex -47.34596200406551 64.08402609825134 18.4
      vertex -47.34596200406551 64.08402609825134 0
    endloop
  endfacet
  facet normal -0.43051110548573257 0.9025852802109353 0
    outer loop
      vertex -47.34596200406551 64.08402609825134 0
      vertex -47.15694657832384 64.17418183386326 18.4
      vertex -47.15694657832384 64.17418183386326 0
    endloop
  endfacet
  facet normal -0.38268342740768146 0.9238795345647124 0
    outer loop
      vertex -47.15694657832384 64.17418183386326 0
      vertex -46.963471801280974 64.25432170927525 18.4
      vertex -46.963471801280974 64.25432170927525 0
    endloop
  endfacet
  facet normal -0.3338068542353568 0.9426414928622097 0
    outer loop
      vertex -46.963471801280974 64.25432170927525 0
      vertex -46.76606798291206 64.32422606647015 18.4
      vertex -46.76606798291206 64.32422606647015 0
    endloop
  endfacet
  facet normal -0.284015342264375 0.95881973559082 0
    outer loop
      vertex -46.76606798291206 64.32422606647015 0
      vertex -46.56527618438005 64.38370330631733 18.4
      vertex -46.56527618438005 64.38370330631733 0
    endloop
  endfacet
  facet normal -0.23344535514142428 0.9723699224898384 0
    outer loop
      vertex -46.56527618438005 64.38370330631733 0
      vertex -46.36164676517248 64.43259040266275 18.4
      vertex -46.36164676517248 64.43259040266275 0
    endloop
  endfacet
  facet normal -0.182235536408509 0.9832549055407265 0
    outer loop
      vertex -46.36164676517248 64.43259040266275 0
      vertex -46.15573786318302 64.47075336426497 18.4
      vertex -46.15573786318302 64.47075336426497 0
    endloop
  endfacet
  facet normal -0.13052619754360592 0.9914448606729512 0
    outer loop
      vertex -46.15573786318302 64.47075336426497 0
      vertex -45.94811385244131 64.49808758497238 18.4
      vertex -45.94811385244131 64.49808758497238 0
    endloop
  endfacet
  facet normal -0.0784590944225775 0.9969173338358548 0
    outer loop
      vertex -45.94811385244131 64.49808758497238 0
      vertex -45.73934383064508 64.51451814174652 18.4
      vertex -45.73934383064508 64.51451814174652 0
    endloop
  endfacet
  facet normal -0.02617695052157347 0.9996573249175895 0
    outer loop
      vertex -45.73934383064508 64.51451814174652 0
      vertex -45.530000002384185 64.52000000327826 18.4
      vertex -45.530000002384185 64.52000000327826 0
    endloop
  endfacet
  facet normal -0.9996573249175895 0.02617695052157347 0
    outer loop
      vertex -49.530000002384185 60.520000003278255 0
      vertex -49.530000002384185 60.520000003278255 18.4
      vertex -49.52451814085245 60.729343831539154 18.4
    endloop
  endfacet
  facet normal -0.9969173338358548 0.0784590944225775 0
    outer loop
      vertex -49.52451814085245 60.729343831539154 0
      vertex -49.52451814085245 60.729343831539154 18.4
      vertex -49.50808758407831 60.93811385333538 18.4
    endloop
  endfacet
  facet normal -0.9914448606729512 0.13052619754360592 0
    outer loop
      vertex -49.50808758407831 60.93811385333538 0
      vertex -49.50808758407831 60.93811385333538 18.4
      vertex -49.480753363370894 61.14573786407709 18.4
    endloop
  endfacet
  facet normal -0.9832549055407265 0.182235536408509 0
    outer loop
      vertex -49.480753363370894 61.14573786407709 0
      vertex -49.480753363370894 61.14573786407709 18.4
      vertex -49.44259040176868 61.35164676606655 18.4
    endloop
  endfacet
  facet normal -0.9723699224898384 0.23344535514142428 0
    outer loop
      vertex -49.44259040176868 61.35164676606655 0
      vertex -49.44259040176868 61.35164676606655 18.4
      vertex -49.39370330542326 61.555276185274124 18.4
    endloop
  endfacet
  facet normal -0.95881973559082 0.284015342264375 0
    outer loop
      vertex -49.39370330542326 61.555276185274124 0
      vertex -49.39370330542326 61.555276185274124 18.4
      vertex -49.334226065576075 61.75606798380613 18.4
    endloop
  endfacet
  facet normal -0.9426414928622097 0.3338068542353568 0
    outer loop
      vertex -49.334226065576075 61.75606798380613 0
      vertex -49.334226065576075 61.75606798380613 18.4
      vertex -49.264321708381175 61.953471802175045 18.4
    endloop
  endfacet
  facet normal -0.9238795345647124 0.38268342740768146 0
    outer loop
      vertex -49.264321708381175 61.953471802175045 0
      vertex -49.264321708381175 61.953471802175045 18.4
      vertex -49.18418183296919 62.14694657921791 18.4
    endloop
  endfacet
  facet normal -0.9025852802109353 0.43051110548573257 0
    outer loop
      vertex -49.18418183296919 62.14694657921791 0
      vertex -49.18418183296919 62.14694657921791 18.4
      vertex -49.09402609735727 62.33596200495958 18.4
    endloop
  endfacet
  facet normal -0.8788171081204784 0.4771587686239866 0
    outer loop
      vertex -49.09402609735727 62.33596200495958 0
      vertex -49.09402609735727 62.33596200495958 18.4
      vertex -48.994101614952086 62.520000003278255 18.4
    endloop
  endfacet
  facet normal -0.8526401706194456 0.5224985544918213 0
    outer loop
      vertex -48.994101614952086 62.520000003278255 0
      vertex -48.994101614952086 62.520000003278255 18.4
      vertex -48.884682276546954 62.69855614006519 18.4
    endloop
  endfacet
  facet normal -0.824126189846298 0.566406235143491 0
    outer loop
      vertex -48.884682276546954 62.69855614006519 0
      vertex -48.884682276546954 62.69855614006519 18.4
      vertex -48.76606798291206 62.871141009032726 18.4
    endloop
  endfacet
  facet normal -0.7933533341665627 0.608761436990549 0
    outer loop
      vertex -48.76606798291206 62.871141009032726 0
      vertex -48.76606798291206 62.871141009032726 18.4
      vertex -48.63858384758234 63.037281565368176 18.4
    endloop
  endfacet
  facet normal -0.7604059695380647 0.6494480437193384 0
    outer loop
      vertex -48.63858384758234 63.037281565368176 0
      vertex -48.63858384758234 63.037281565368176 18.4
      vertex -48.50257930278778 63.19652242958546 18.4
    endloop
  endfacet
  facet normal -0.7253743554229004 0.68835459212154 0
    outer loop
      vertex -48.50257930278778 63.19652242958546 0
      vertex -48.50257930278778 63.19652242958546 18.4
      vertex -48.35842712342739 63.34842712432146 18.4
    endloop
  endfacet
  facet normal -0.68835459212154 0.7253743554229004 0
    outer loop
      vertex -48.35842712342739 63.34842712432146 0
      vertex -48.35842712342739 63.34842712432146 18.4
      vertex -48.206522428691386 63.49257930368185 18.4
    endloop
  endfacet
  facet normal -0.6494480437193384 0.7604059695380647 0
    outer loop
      vertex -48.206522428691386 63.49257930368185 0
      vertex -48.206522428691386 63.49257930368185 18.4
      vertex -48.047281564474105 63.62858384847641 18.4
    endloop
  endfacet
  facet normal -0.608761436990549 0.7933533341665627 0
    outer loop
      vertex -48.047281564474105 63.62858384847641 0
      vertex -48.047281564474105 63.62858384847641 18.4
      vertex -47.881141008138655 63.75606798380613 18.4
    endloop
  endfacet
  facet normal -0.566406235143491 0.824126189846298 0
    outer loop
      vertex -47.881141008138655 63.75606798380613 0
      vertex -47.881141008138655 63.75606798380613 18.4
      vertex -47.70855613917112 63.874682277441025 18.4
    endloop
  endfacet
  facet normal -0.5224985544918213 0.8526401706194456 0
    outer loop
      vertex -47.70855613917112 63.874682277441025 0
      vertex -47.70855613917112 63.874682277441025 18.4
      vertex -47.530000002384185 63.98410161584616 18.4
    endloop
  endfacet
  facet normal -0.4771587686239866 0.8788171081204784 0
    outer loop
      vertex -47.530000002384185 63.98410161584616 0
      vertex -47.530000002384185 63.98410161584616 18.4
      vertex -47.34596200406551 64.08402609825134 18.4
    endloop
  endfacet
  facet normal -0.43051110548573257 0.9025852802109353 0
    outer loop
      vertex -47.34596200406551 64.08402609825134 0
      vertex -47.34596200406551 64.08402609825134 18.4
      vertex -47.15694657832384 64.17418183386326 18.4
    endloop
  endfacet
  facet normal -0.38268342740768146 0.9238795345647124 0
    outer loop
      vertex -47.15694657832384 64.17418183386326 0
      vertex -47.15694657832384 64.17418183386326 18.4
      vertex -46.963471801280974 64.25432170927525 18.4
    endloop
  endfacet
  facet normal -0.3338068542353568 0.9426414928622097 0
    outer loop
      vertex -46.963471801280974 64.25432170927525 0
      vertex -46.963471801280974 64.25432170927525 18.4
      vertex -46.76606798291206 64.32422606647015 18.4
    endloop
  endfacet
  facet normal -0.284015342264375 0.95881973559082 0
    outer loop
      vertex -46.76606798291206 64.32422606647015 0
      vertex -46.76606798291206 64.32422606647015 18.4
      vertex -46.56527618438005 64.38370330631733 18.4
    endloop
  endfacet
  facet normal -0.23344535514142428 0.9723699224898384 0
    outer loop
      vertex -46.56527618438005 64.38370330631733 0
      vertex -46.56527618438005 64.38370330631733 18.4
      vertex -46.36164676517248 64.43259040266275 18.4
    endloop
  endfacet
  facet normal -0.182235536408509 0.9832549055407265 0
    outer loop
      vertex -46.36164676517248 64.43259040266275 0
      vertex -46.36164676517248 64.43259040266275 18.4
      vertex -46.15573786318302 64.47075336426497 18.4
    endloop
  endfacet
  facet normal -0.13052619754360592 0.9914448606729512 0
    outer loop
      vertex -46.15573786318302 64.47075336426497 0
      vertex -46.15573786318302 64.47075336426497 18.4
      vertex -45.94811385244131 64.49808758497238 18.4
    endloop
  endfacet
  facet normal -0.0784590944225775 0.9969173338358548 0
    outer loop
      vertex -45.94811385244131 64.49808758497238 0
      vertex -45.94811385244131 64.49808758497238 18.4
      vertex -45.73934383064508 64.51451814174652 18.4
    endloop
  endfacet
  facet normal -0.02617695052157347 0.9996573249175895 0
    outer loop
      vertex -45.73934383064508 64.51451814174652 0
      vertex -45.73934383064508 64.51451814174652 18.4
      vertex -45.530000002384185 64.52000000327826 18.4
    endloop
  endfacet
  facet normal 0 0 -1
    outer loop
      vertex -46.15573786318302 64.47075336426497 0
      vertex -45.94811385244131 64.49808758497238 0
      vertex 0.9649878847518707 64.50348272344885 0
    endloop
  endfacet
  facet normal 0 0 -1
    outer loop
      vertex -45.94811385244131 64.49808758497238 0
      vertex -45.530000002384185 64.52000000327826 0
      vertex 0.9649878847518707 64.50348272344885 0
    endloop
  endfacet
  facet normal 0 1 0
    outer loop
      vertex -45.530000002384185 64.52000000327826 0
      vertex -45.530000002384185 64.52000000327826 18.4
      vertex 0.5300000000000011 64.52000000327826 8
    endloop
  endfacet
  facet normal 0 0 -1
    outer loop
      vertex -30.75000000119209 44.46999999880791 16
      vertex -45.53 60.519999999999996 16
      vertex -30.747259074151515 44.574671909213066 16
    endloop
  endfacet
  facet normal 0 0 -1
    outer loop
      vertex -30.747259074151515 44.574671909213066 16
      vertex -45.53 60.519999999999996 16
      vertex -30.739043788313865 44.67905692756176 16
    endloop
  endfacet
  facet normal 0 0 -1
    outer loop
      vertex -30.725376681685447 44.782868929207325 16
      vertex -45.53 60.519999999999996 16
      vertex -30.70629520088434 44.885823383927345 16
    endloop
  endfacet
  facet normal 0 0 -1
    outer loop
      vertex -30.739043788313865 44.67905692756176 16
      vertex -45.53 60.519999999999996 16
      vertex -30.725376681685447 44.782868929207325 16
    endloop
  endfacet
  facet normal 0 0 -1
    outer loop
      vertex -30.68185165643692 44.98763808608055 16
      vertex -45.53 60.519999999999996 16
      vertex -30.652113036513327 45.088033989071846 16
    endloop
  endfacet
  facet normal 0 0 -1
    outer loop
      vertex -30.70629520088434 44.885823383927345 16
      vertex -45.53 60.519999999999996 16
      vertex -30.68185165643692 44.98763808608055 16
    endloop
  endfacet
  facet normal 0 0 -1
    outer loop
      vertex -30.652113036513327 45.088033989071846 16
      vertex -45.53 60.519999999999996 16
      vertex -30.617160850465297 45.1867358982563 16
    endloop
  endfacet
  facet normal 0 0 -1
    outer loop
      vertex -30.617160850465297 45.1867358982563 16
      vertex -45.53 60.519999999999996 16
      vertex -30.577090912759303 45.283473283052444 16
    endloop
  endfacet
  facet normal 0 0 -1
    outer loop
      vertex -30.577090912759303 45.283473283052444 16
      vertex -45.53 60.519999999999996 16
      vertex -30.532013052403926 45.37798099964857 16
    endloop
  endfacet
  facet normal 0 0 -1
    outer loop
      vertex -30.532013052403926 45.37798099964857 16
      vertex -45.53 60.519999999999996 16
      vertex -30.482050807476043 45.46999999880791 16
    endloop
  endfacet
  facet normal 0 0 -1
    outer loop
      vertex -30.482050807476043 45.46999999880791 16
      vertex -45.53 60.519999999999996 16
      vertex -30.427341134548186 45.559278070926666 16
    endloop
  endfacet
  facet normal 0 0 -1
    outer loop
      vertex -30.427341134548186 45.559278070926666 16
      vertex -45.53 60.519999999999996 16
      vertex -30.36803399145603 45.64557050168514 16
    endloop
  endfacet
  facet normal 0 0 -1
    outer loop
      vertex -30.36803399145603 45.64557050168514 16
      vertex -45.53 60.519999999999996 16
      vertex -30.30429192751646 45.72864077985287 16
    endloop
  endfacet
  facet normal 0 0 -1
    outer loop
      vertex -30.30429192751646 45.72864077985287 16
      vertex -45.53 60.519999999999996 16
      vertex -30.23628965139389 45.80826120823622 16
    endloop
  endfacet
  facet normal 0 0 -1
    outer loop
      vertex -30.23628965139389 45.80826120823622 16
      vertex -45.53 60.519999999999996 16
      vertex -30.164213561713694 45.88421355932951 16
    endloop
  endfacet
  facet normal 0 0 -1
    outer loop
      vertex -30.164213561713694 45.88421355932951 16
      vertex -45.53 60.519999999999996 16
      vertex -30.088261210620402 45.956289649009705 16
    endloop
  endfacet
  facet normal 0 0 -1
    outer loop
      vertex -30.088261210620402 45.956289649009705 16
      vertex -45.53 60.519999999999996 16
      vertex -30.008640782237052 46.024291925132275 16
    endloop
  endfacet
  facet normal 0 0 -1
    outer loop
      vertex -30.008640782237052 46.024291925132275 16
      vertex -45.53 60.519999999999996 16
      vertex -29.925570504069327 46.088033989071846 16
    endloop
  endfacet
  facet normal 0 0 -1
    outer loop
      vertex -29.925570504069327 46.088033989071846 16
      vertex -45.53 60.519999999999996 16
      vertex -29.83927807331085 46.147341132164 16
    endloop
  endfacet
  facet normal 0 0 -1
    outer loop
      vertex -29.83927807331085 46.147341132164 16
      vertex -45.53 60.519999999999996 16
      vertex -29.75000000119209 46.20205080509186 16
    endloop
  endfacet
  facet normal 0 0 -1
    outer loop
      vertex -29.75000000119209 46.20205080509186 16
      vertex -45.53 60.519999999999996 16
      vertex -29.657981002032756 46.25201305001974 16
    endloop
  endfacet
  facet normal 0 0 -1
    outer loop
      vertex -29.657981002032756 46.25201305001974 16
      vertex -45.53 60.519999999999996 16
      vertex -29.56347328543663 46.29709091037512 16
    endloop
  endfacet
  facet normal 0 0 -1
    outer loop
      vertex -29.56347328543663 46.29709091037512 16
      vertex -45.53 60.519999999999996 16
      vertex -29.466735900640487 46.33716084808111 16
    endloop
  endfacet
  facet normal 0 0 -1
    outer loop
      vertex -29.466735900640487 46.33716084808111 16
      vertex -45.53 60.519999999999996 16
      vertex -29.36803399145603 46.37211303412914 16
    endloop
  endfacet
  facet normal 0 0 -1
    outer loop
      vertex -29.267638088464736 46.401851654052734 16
      vertex -29.36803399145603 46.37211303412914 16
      vertex -45.53 60.519999999999996 16
    endloop
  endfacet
  facet normal 0 0 -1
    outer loop
      vertex -29.267638088464736 46.401851654052734 16
      vertex -45.53 60.519999999999996 16
      vertex -29.16582338631153 46.426295198500156 16
    endloop
  endfacet
  facet normal 0 0 -1
    outer loop
      vertex -29.06286893159151 46.44537667930126 16
      vertex -29.16582338631153 46.426295198500156 16
      vertex -45.53 60.519999999999996 16
    endloop
  endfacet
  facet normal 0 0 -1
    outer loop
      vertex -29.06286893159151 46.44537667930126 16
      vertex -45.53 60.519999999999996 16
      vertex -28.959056929945945 46.45904378592968 16
    endloop
  endfacet
  facet normal 0 0 -1
    outer loop
      vertex -28.959056929945945 46.45904378592968 16
      vertex -45.53 60.519999999999996 16
      vertex -28.85467191159725 46.46725907176733 16
    endloop
  endfacet
  facet normal 0 0 -1
    outer loop
      vertex -28.85467191159725 46.46725907176733 16
      vertex -45.53 60.519999999999996 16
      vertex -28.75000000119209 46.46999999880791 16
    endloop
  endfacet
  facet normal 0 0 1
    outer loop
      vertex -30.75000000119209 44.46999999880791 18.4
      vertex -30.747259074151515 44.574671909213066 18.4
      vertex -45.530000002384185 60.524999998509884 18.4
    endloop
  endfacet
  facet normal 0 0 1
    outer loop
      vertex -30.747259074151515 44.574671909213066 18.4
      vertex -30.739043788313865 44.67905692756176 18.4
      vertex -45.530000002384185 60.524999998509884 18.4
    endloop
  endfacet
  facet normal 0 0 1
    outer loop
      vertex -30.739043788313865 44.67905692756176 18.4
      vertex -30.725376681685447 44.782868929207325 18.4
      vertex -45.530000002384185 60.524999998509884 18.4
    endloop
  endfacet
  facet normal 0 0 1
    outer loop
      vertex -30.725376681685447 44.782868929207325 18.4
      vertex -30.70629520088434 44.885823383927345 18.4
      vertex -45.530000002384185 60.524999998509884 18.4
    endloop
  endfacet
  facet normal 0 0 1
    outer loop
      vertex -30.70629520088434 44.885823383927345 18.4
      vertex -30.68185165643692 44.98763808608055 18.4
      vertex -45.530000002384185 60.524999998509884 18.4
    endloop
  endfacet
  facet normal 0 0 1
    outer loop
      vertex -30.68185165643692 44.98763808608055 18.4
      vertex -30.652113036513327 45.088033989071846 18.4
      vertex -45.530000002384185 60.524999998509884 18.4
    endloop
  endfacet
  facet normal 0 0 1
    outer loop
      vertex -30.652113036513327 45.088033989071846 18.4
      vertex -30.617160850465297 45.1867358982563 18.4
      vertex -45.530000002384185 60.524999998509884 18.4
    endloop
  endfacet
  facet normal 0 0 1
    outer loop
      vertex -30.617160850465297 45.1867358982563 18.4
      vertex -30.577090912759303 45.283473283052444 18.4
      vertex -45.530000002384185 60.524999998509884 18.4
    endloop
  endfacet
  facet normal 0 0 1
    outer loop
      vertex -30.577090912759303 45.283473283052444 18.4
      vertex -30.532013052403926 45.37798099964857 18.4
      vertex -45.530000002384185 60.524999998509884 18.4
    endloop
  endfacet
  facet normal 0 0 1
    outer loop
      vertex -30.532013052403926 45.37798099964857 18.4
      vertex -30.482050807476043 45.46999999880791 18.4
      vertex -45.530000002384185 60.524999998509884 18.4
    endloop
  endfacet
  facet normal 0 0 1
    outer loop
      vertex -30.482050807476043 45.46999999880791 18.4
      vertex -30.427341134548186 45.559278070926666 18.4
      vertex -45.530000002384185 60.524999998509884 18.4
    endloop
  endfacet
  facet normal 0 0 1
    outer loop
      vertex -30.427341134548186 45.559278070926666 18.4
      vertex -30.36803399145603 45.64557050168514 18.4
      vertex -45.530000002384185 60.524999998509884 18.4
    endloop
  endfacet
  facet normal 0 0 1
    outer loop
      vertex -30.36803399145603 45.64557050168514 18.4
      vertex -30.30429192751646 45.72864077985287 18.4
      vertex -45.530000002384185 60.524999998509884 18.4
    endloop
  endfacet
  facet normal 0 0 1
    outer loop
      vertex -30.30429192751646 45.72864077985287 18.4
      vertex -30.23628965139389 45.80826120823622 18.4
      vertex -45.530000002384185 60.524999998509884 18.4
    endloop
  endfacet
  facet normal 0 0 1
    outer loop
      vertex -30.23628965139389 45.80826120823622 18.4
      vertex -30.164213561713694 45.88421355932951 18.4
      vertex -45.530000002384185 60.524999998509884 18.4
    endloop
  endfacet
  facet normal 0 0 1
    outer loop
      vertex -30.164213561713694 45.88421355932951 18.4
      vertex -30.088261210620402 45.956289649009705 18.4
      vertex -45.530000002384185 60.524999998509884 18.4
    endloop
  endfacet
  facet normal 0 0 1
    outer loop
      vertex -30.088261210620402 45.956289649009705 18.4
      vertex -30.008640782237052 46.024291925132275 18.4
      vertex -45.530000002384185 60.524999998509884 18.4
    endloop
  endfacet
  facet normal 0 0 1
    outer loop
      vertex -30.008640782237052 46.024291925132275 18.4
      vertex -29.925570504069327 46.088033989071846 18.4
      vertex -45.530000002384185 60.524999998509884 18.4
    endloop
  endfacet
  facet normal 0 0 1
    outer loop
      vertex -29.925570504069327 46.088033989071846 18.4
      vertex -29.83927807331085 46.147341132164 18.4
      vertex -45.530000002384185 60.524999998509884 18.4
    endloop
  endfacet
  facet normal 0 0 1
    outer loop
      vertex -29.83927807331085 46.147341132164 18.4
      vertex -29.75000000119209 46.20205080509186 18.4
      vertex -45.530000002384185 60.524999998509884 18.4
    endloop
  endfacet
  facet normal 0 0 1
    outer loop
      vertex -29.75000000119209 46.20205080509186 18.4
      vertex -29.657981002032756 46.25201305001974 18.4
      vertex -45.530000002384185 60.524999998509884 18.4
    endloop
  endfacet
  facet normal 0 0 1
    outer loop
      vertex -29.657981002032756 46.25201305001974 18.4
      vertex -29.56347328543663 46.29709091037512 18.4
      vertex -45.530000002384185 60.524999998509884 18.4
    endloop
  endfacet
  facet normal 0 0 1
    outer loop
      vertex -29.56347328543663 46.29709091037512 18.4
      vertex -29.466735900640487 46.33716084808111 18.4
      vertex -45.530000002384185 60.524999998509884 18.4
    endloop
  endfacet
  facet normal 0 0 1
    outer loop
      vertex -29.466735900640487 46.33716084808111 18.4
      vertex -29.36803399145603 46.37211303412914 18.4
      vertex -45.530000002384185 60.524999998509884 18.4
    endloop
  endfacet
  facet normal 0 0 1
    outer loop
      vertex -29.267638088464736 46.401851654052734 18.4
      vertex -45.530000002384185 60.524999998509884 18.4
      vertex -29.36803399145603 46.37211303412914 18.4
    endloop
  endfacet
  facet normal 0 0 1
    outer loop
      vertex -29.267638088464736 46.401851654052734 18.4
      vertex -29.16582338631153 46.426295198500156 18.4
      vertex -45.530000002384185 60.524999998509884 18.4
    endloop
  endfacet
  facet normal 0 0 1
    outer loop
      vertex -29.06286893159151 46.44537667930126 18.4
      vertex -45.530000002384185 60.524999998509884 18.4
      vertex -29.16582338631153 46.426295198500156 18.4
    endloop
  endfacet
  facet normal 0 0 1
    outer loop
      vertex -29.06286893159151 46.44537667930126 18.4
      vertex -28.959056929945945 46.45904378592968 18.4
      vertex -45.530000002384185 60.524999998509884 18.4
    endloop
  endfacet
  facet normal 0 0 1
    outer loop
      vertex -28.959056929945945 46.45904378592968 18.4
      vertex -28.85467191159725 46.46725907176733 18.4
      vertex -45.530000002384185 60.524999998509884 18.4
    endloop
  endfacet
  facet normal 0 0 1
    outer loop
      vertex -28.85467191159725 46.46725907176733 18.4
      vertex -28.75000000119209 46.46999999880791 18.4
      vertex -45.530000002384185 60.524999998509884 18.4
    endloop
  endfacet
  facet normal 0.9996573258242133 -0.02617691589898952 0
    outer loop
      vertex -30.75000000119209 44.46999999880791 16
      vertex -30.747259074151515 44.574671909213066 16
      vertex -30.747259074151515 44.574671909213066 18.4
    endloop
  endfacet
  facet normal 0.9969173287082566 -0.07845915957486238 0
    outer loop
      vertex -30.747259074151515 44.574671909213066 16
      vertex -30.739043788313865 44.67905692756176 16
      vertex -30.739043788313865 44.67905692756176 18.4
    endloop
  endfacet
  facet normal 0.9914448646709337 -0.130526167175912 0
    outer loop
      vertex -30.739043788313865 44.67905692756176 16
      vertex -30.725376681685447 44.782868929207325 16
      vertex -30.725376681685447 44.782868929207325 18.4
    endloop
  endfacet
  facet normal 0.9832549067222633 -0.1822355300335075 0
    outer loop
      vertex -30.725376681685447 44.782868929207325 16
      vertex -30.70629520088434 44.885823383927345 16
      vertex -30.70629520088434 44.885823383927345 18.4
    endloop
  endfacet
  facet normal 0.9723699266881016 -0.233445337654398 0
    outer loop
      vertex -30.70629520088434 44.885823383927345 16
      vertex -30.68185165643692 44.98763808608055 16
      vertex -30.68185165643692 44.98763808608055 18.4
    endloop
  endfacet
  facet normal 0.9996573258242133 -0.02617691589898952 0
    outer loop
      vertex -30.75000000119209 44.46999999880791 16
      vertex -30.747259074151515 44.574671909213066 18.4
      vertex -30.75000000119209 44.46999999880791 18.4
    endloop
  endfacet
  facet normal 0.9969173287082566 -0.07845915957486238 0
    outer loop
      vertex -30.747259074151515 44.574671909213066 16
      vertex -30.739043788313865 44.67905692756176 18.4
      vertex -30.747259074151515 44.574671909213066 18.4
    endloop
  endfacet
  facet normal 0.9914448646709337 -0.130526167175912 0
    outer loop
      vertex -30.739043788313865 44.67905692756176 16
      vertex -30.725376681685447 44.782868929207325 18.4
      vertex -30.739043788313865 44.67905692756176 18.4
    endloop
  endfacet
  facet normal 0.9832549067222633 -0.1822355300335075 0
    outer loop
      vertex -30.725376681685447 44.782868929207325 16
      vertex -30.70629520088434 44.885823383927345 18.4
      vertex -30.725376681685447 44.782868929207325 18.4
    endloop
  endfacet
  facet normal 0.9723699266881016 -0.233445337654398 0
    outer loop
      vertex -30.70629520088434 44.885823383927345 16
      vertex -30.68185165643692 44.98763808608055 18.4
      vertex -30.70629520088434 44.885823383927345 18.4
    endloop
  endfacet
  facet normal 0.9588197384607062 -0.28401533257580097 0
    outer loop
      vertex -30.68185165643692 44.98763808608055 16
      vertex -30.652113036513327 45.088033989071846 16
      vertex -30.652113036513327 45.088033989071846 18.4
    endloop
  endfacet
  facet normal 0.9426414704722686 -0.3338069174625941 0
    outer loop
      vertex -30.652113036513327 45.088033989071846 16
      vertex -30.617160850465297 45.1867358982563 16
      vertex -30.617160850465297 45.1867358982563 18.4
    endloop
  endfacet
  facet normal 0.92387952935444 -0.3826834399863921 0
    outer loop
      vertex -30.617160850465297 45.1867358982563 16
      vertex -30.577090912759303 45.283473283052444 16
      vertex -30.577090912759303 45.283473283052444 18.4
    endloop
  endfacet
  facet normal 0.9025853144542187 -0.43051103369319 0
    outer loop
      vertex -30.577090912759303 45.283473283052444 16
      vertex -30.532013052403926 45.37798099964857 16
      vertex -30.532013052403926 45.37798099964857 18.4
    endloop
  endfacet
  facet normal 0.8788170932013815 -0.47715879610154327 0
    outer loop
      vertex -30.532013052403926 45.37798099964857 16
      vertex -30.482050807476043 45.46999999880791 16
      vertex -30.482050807476043 45.46999999880791 18.4
    endloop
  endfacet
  facet normal 0.8526401644822994 -0.5224985645067339 0
    outer loop
      vertex -30.482050807476043 45.46999999880791 16
      vertex -30.427341134548186 45.559278070926666 16
      vertex -30.427341134548186 45.559278070926666 18.4
    endloop
  endfacet
  facet normal 0.824126195039763 -0.5664062275869525 0
    outer loop
      vertex -30.427341134548186 45.559278070926666 16
      vertex -30.36803399145603 45.64557050168514 16
      vertex -30.36803399145603 45.64557050168514 18.4
    endloop
  endfacet
  facet normal 0.7933533513494007 -0.6087614145974385 0
    outer loop
      vertex -30.36803399145603 45.64557050168514 16
      vertex -30.30429192751646 45.72864077985287 16
      vertex -30.30429192751646 45.72864077985287 18.4
    endloop
  endfacet
  facet normal 0.7604059369619204 -0.6494480818611015 0
    outer loop
      vertex -30.30429192751646 45.72864077985287 16
      vertex -30.23628965139389 45.80826120823622 16
      vertex -30.23628965139389 45.80826120823622 18.4
    endloop
  endfacet
  facet normal 0.7253743722808802 -0.6883545743569364 0
    outer loop
      vertex -30.23628965139389 45.80826120823622 16
      vertex -30.164213561713694 45.88421355932951 16
      vertex -30.164213561713694 45.88421355932951 18.4
    endloop
  endfacet
  facet normal 0.6883545743569364 -0.7253743722808802 0
    outer loop
      vertex -30.164213561713694 45.88421355932951 16
      vertex -30.088261210620402 45.956289649009705 16
      vertex -30.088261210620402 45.956289649009705 18.4
    endloop
  endfacet
  facet normal 0.6494480818611015 -0.7604059369619204 0
    outer loop
      vertex -30.088261210620402 45.956289649009705 16
      vertex -30.008640782237052 46.024291925132275 16
      vertex -30.008640782237052 46.024291925132275 18.4
    endloop
  endfacet
  facet normal 0.6087614145974385 -0.7933533513494007 0
    outer loop
      vertex -30.008640782237052 46.024291925132275 16
      vertex -29.925570504069327 46.088033989071846 16
      vertex -29.925570504069327 46.088033989071846 18.4
    endloop
  endfacet
  facet normal 0.5664062275869525 -0.824126195039763 0
    outer loop
      vertex -29.925570504069327 46.088033989071846 16
      vertex -29.83927807331085 46.147341132164 16
      vertex -29.83927807331085 46.147341132164 18.4
    endloop
  endfacet
  facet normal 0.5224985645067339 -0.8526401644822994 0
    outer loop
      vertex -29.83927807331085 46.147341132164 16
      vertex -29.75000000119209 46.20205080509186 16
      vertex -29.75000000119209 46.20205080509186 18.4
    endloop
  endfacet
  facet normal 0.47715879610154327 -0.8788170932013815 0
    outer loop
      vertex -29.75000000119209 46.20205080509186 16
      vertex -29.657981002032756 46.25201305001974 16
      vertex -29.657981002032756 46.25201305001974 18.4
    endloop
  endfacet
  facet normal 0.43051103369319 -0.9025853144542187 0
    outer loop
      vertex -29.657981002032756 46.25201305001974 16
      vertex -29.56347328543663 46.29709091037512 16
      vertex -29.56347328543663 46.29709091037512 18.4
    endloop
  endfacet
  facet normal 0.3826834399863921 -0.92387952935444 0
    outer loop
      vertex -29.56347328543663 46.29709091037512 16
      vertex -29.466735900640487 46.33716084808111 16
      vertex -29.466735900640487 46.33716084808111 18.4
    endloop
  endfacet
  facet normal 0.9588197384607062 -0.28401533257580097 0
    outer loop
      vertex -30.68185165643692 44.98763808608055 16
      vertex -30.652113036513327 45.088033989071846 18.4
      vertex -30.68185165643692 44.98763808608055 18.4
    endloop
  endfacet
  facet normal 0.9426414704722686 -0.3338069174625941 0
    outer loop
      vertex -30.652113036513327 45.088033989071846 16
      vertex -30.617160850465297 45.1867358982563 18.4
      vertex -30.652113036513327 45.088033989071846 18.4
    endloop
  endfacet
  facet normal 0.92387952935444 -0.3826834399863921 0
    outer loop
      vertex -30.617160850465297 45.1867358982563 16
      vertex -30.577090912759303 45.283473283052444 18.4
      vertex -30.617160850465297 45.1867358982563 18.4
    endloop
  endfacet
  facet normal 0.9025853144542187 -0.43051103369319 0
    outer loop
      vertex -30.577090912759303 45.283473283052444 16
      vertex -30.532013052403926 45.37798099964857 18.4
      vertex -30.577090912759303 45.283473283052444 18.4
    endloop
  endfacet
  facet normal 0.8788170932013815 -0.47715879610154327 0
    outer loop
      vertex -30.532013052403926 45.37798099964857 16
      vertex -30.482050807476043 45.46999999880791 18.4
      vertex -30.532013052403926 45.37798099964857 18.4
    endloop
  endfacet
  facet normal 0.8526401644822994 -0.5224985645067339 0
    outer loop
      vertex -30.482050807476043 45.46999999880791 16
      vertex -30.427341134548186 45.559278070926666 18.4
      vertex -30.482050807476043 45.46999999880791 18.4
    endloop
  endfacet
  facet normal 0.824126195039763 -0.5664062275869525 0
    outer loop
      vertex -30.427341134548186 45.559278070926666 16
      vertex -30.36803399145603 45.64557050168514 18.4
      vertex -30.427341134548186 45.559278070926666 18.4
    endloop
  endfacet
  facet normal 0.7933533513494007 -0.6087614145974385 0
    outer loop
      vertex -30.36803399145603 45.64557050168514 16
      vertex -30.30429192751646 45.72864077985287 18.4
      vertex -30.36803399145603 45.64557050168514 18.4
    endloop
  endfacet
  facet normal 0.7604059369619204 -0.6494480818611015 0
    outer loop
      vertex -30.30429192751646 45.72864077985287 16
      vertex -30.23628965139389 45.80826120823622 18.4
      vertex -30.30429192751646 45.72864077985287 18.4
    endloop
  endfacet
  facet normal 0.7253743722808802 -0.6883545743569364 0
    outer loop
      vertex -30.23628965139389 45.80826120823622 16
      vertex -30.164213561713694 45.88421355932951 18.4
      vertex -30.23628965139389 45.80826120823622 18.4
    endloop
  endfacet
  facet normal 0.6883545743569364 -0.7253743722808802 0
    outer loop
      vertex -30.164213561713694 45.88421355932951 16
      vertex -30.088261210620402 45.956289649009705 18.4
      vertex -30.164213561713694 45.88421355932951 18.4
    endloop
  endfacet
  facet normal 0.6494480818611015 -0.7604059369619204 0
    outer loop
      vertex -30.088261210620402 45.956289649009705 16
      vertex -30.008640782237052 46.024291925132275 18.4
      vertex -30.088261210620402 45.956289649009705 18.4
    endloop
  endfacet
  facet normal 0.6087614145974385 -0.7933533513494007 0
    outer loop
      vertex -30.008640782237052 46.024291925132275 16
      vertex -29.925570504069327 46.088033989071846 18.4
      vertex -30.008640782237052 46.024291925132275 18.4
    endloop
  endfacet
  facet normal 0.5664062275869525 -0.824126195039763 0
    outer loop
      vertex -29.925570504069327 46.088033989071846 16
      vertex -29.83927807331085 46.147341132164 18.4
      vertex -29.925570504069327 46.088033989071846 18.4
    endloop
  endfacet
  facet normal 0.5224985645067339 -0.8526401644822994 0
    outer loop
      vertex -29.83927807331085 46.147341132164 16
      vertex -29.75000000119209 46.20205080509186 18.4
      vertex -29.83927807331085 46.147341132164 18.4
    endloop
  endfacet
  facet normal 0.47715879610154327 -0.8788170932013815 0
    outer loop
      vertex -29.75000000119209 46.20205080509186 16
      vertex -29.657981002032756 46.25201305001974 18.4
      vertex -29.75000000119209 46.20205080509186 18.4
    endloop
  endfacet
  facet normal 0.43051103369319 -0.9025853144542187 0
    outer loop
      vertex -29.657981002032756 46.25201305001974 16
      vertex -29.56347328543663 46.29709091037512 18.4
      vertex -29.657981002032756 46.25201305001974 18.4
    endloop
  endfacet
  facet normal 0.3826834399863921 -0.92387952935444 0
    outer loop
      vertex -29.56347328543663 46.29709091037512 16
      vertex -29.466735900640487 46.33716084808111 18.4
      vertex -29.56347328543663 46.29709091037512 18.4
    endloop
  endfacet
  facet normal 0.3338069174625941 -0.9426414704722686 0
    outer loop
      vertex -29.466735900640487 46.33716084808111 16
      vertex -29.36803399145603 46.37211303412914 16
      vertex -29.36803399145603 46.37211303412914 18.4
    endloop
  endfacet
  facet normal 0.28401533257580097 -0.9588197384607062 0
    outer loop
      vertex -29.267638088464736 46.401851654052734 16
      vertex -29.267638088464736 46.401851654052734 18.4
      vertex -29.36803399145603 46.37211303412914 16
    endloop
  endfacet
  facet normal 0.233445337654398 -0.9723699266881016 0
    outer loop
      vertex -29.267638088464736 46.401851654052734 16
      vertex -29.16582338631153 46.426295198500156 16
      vertex -29.16582338631153 46.426295198500156 18.4
    endloop
  endfacet
  facet normal 0.1822355300335075 -0.9832549067222633 0
    outer loop
      vertex -29.06286893159151 46.44537667930126 16
      vertex -29.06286893159151 46.44537667930126 18.4
      vertex -29.16582338631153 46.426295198500156 16
    endloop
  endfacet
  facet normal 0.130526167175912 -0.9914448646709337 0
    outer loop
      vertex -29.06286893159151 46.44537667930126 16
      vertex -28.959056929945945 46.45904378592968 16
      vertex -28.959056929945945 46.45904378592968 18.4
    endloop
  endfacet
  facet normal 0.07845915957486238 -0.9969173287082566 0
    outer loop
      vertex -28.959056929945945 46.45904378592968 16
      vertex -28.85467191159725 46.46725907176733 16
      vertex -28.85467191159725 46.46725907176733 18.4
    endloop
  endfacet
  facet normal 0.02617691589898952 -0.9996573258242133 0
    outer loop
      vertex -28.85467191159725 46.46725907176733 16
      vertex -28.75000000119209 46.46999999880791 16
      vertex -28.75000000119209 46.46999999880791 18.4
    endloop
  endfacet
  facet normal 0.3338069174625941 -0.9426414704722686 0
    outer loop
      vertex -29.466735900640487 46.33716084808111 16
      vertex -29.36803399145603 46.37211303412914 18.4
      vertex -29.466735900640487 46.33716084808111 18.4
    endloop
  endfacet
  facet normal 0.28401533257580097 -0.9588197384607062 0
    outer loop
      vertex -29.36803399145603 46.37211303412914 16
      vertex -29.267638088464736 46.401851654052734 18.4
      vertex -29.36803399145603 46.37211303412914 18.4
    endloop
  endfacet
  facet normal 0.233445337654398 -0.9723699266881016 0
    outer loop
      vertex -29.267638088464736 46.401851654052734 16
      vertex -29.16582338631153 46.426295198500156 18.4
      vertex -29.267638088464736 46.401851654052734 18.4
    endloop
  endfacet
  facet normal 0.1822355300335075 -0.9832549067222633 0
    outer loop
      vertex -29.16582338631153 46.426295198500156 16
      vertex -29.06286893159151 46.44537667930126 18.4
      vertex -29.16582338631153 46.426295198500156 18.4
    endloop
  endfacet
  facet normal 0.130526167175912 -0.9914448646709337 0
    outer loop
      vertex -29.06286893159151 46.44537667930126 16
      vertex -28.959056929945945 46.45904378592968 18.4
      vertex -29.06286893159151 46.44537667930126 18.4
    endloop
  endfacet
  facet normal 0.07845915957486238 -0.9969173287082566 0
    outer loop
      vertex -28.959056929945945 46.45904378592968 16
      vertex -28.85467191159725 46.46725907176733 18.4
      vertex -28.959056929945945 46.45904378592968 18.4
    endloop
  endfacet
  facet normal 0.02617691589898952 -0.9996573258242133 0
    outer loop
      vertex -28.85467191159725 46.46725907176733 16
      vertex -28.75000000119209 46.46999999880791 18.4
      vertex -28.85467191159725 46.46725907176733 18.4
    endloop
  endfacet
  facet normal 0 0 -1
    outer loop
      vertex -49.530000002384185 60.520000003278255 0
      vertex -49.52451814085245 60.729343831539154 0
      vertex 49.23000000000005 60.519999999999996 0
    endloop
  endfacet
  facet normal 0 0 -1
    outer loop
      vertex -49.52451814085245 60.729343831539154 0
      vertex -49.50808758407831 60.93811385333538 0
      vertex 49.23000000000005 60.519999999999996 0
    endloop
  endfacet
  facet normal 0 0 -1
    outer loop
      vertex -49.50808758407831 60.93811385333538 0
      vertex -49.480753363370894 61.14573786407709 0
      vertex 49.23000000000005 60.519999999999996 0
    endloop
  endfacet
  facet normal 0 0 -1
    outer loop
      vertex -49.480753363370894 61.14573786407709 0
      vertex -49.44259040176868 61.35164676606655 0
      vertex 49.23000000000005 60.519999999999996 0
    endloop
  endfacet
  facet normal 0 0 -1
    outer loop
      vertex -49.44259040176868 61.35164676606655 0
      vertex -49.39370330542326 61.555276185274124 0
      vertex 49.23000000000005 60.519999999999996 0
    endloop
  endfacet
  facet normal 0 0 -1
    outer loop
      vertex -49.39370330542326 61.555276185274124 0
      vertex -49.334226065576075 61.75606798380613 0
      vertex 49.23000000000005 60.519999999999996 0
    endloop
  endfacet
  facet normal 0 0 -1
    outer loop
      vertex -49.334226065576075 61.75606798380613 0
      vertex -49.264321708381175 61.953471802175045 0
      vertex 49.23000000000005 60.519999999999996 0
    endloop
  endfacet
  facet normal 0 0 -1
    outer loop
      vertex -49.264321708381175 61.953471802175045 0
      vertex -49.18418183296919 62.14694657921791 0
      vertex 49.23000000000005 60.519999999999996 0
    endloop
  endfacet
  facet normal 0 0 -1
    outer loop
      vertex -49.18418183296919 62.14694657921791 0
      vertex -49.09402609735727 62.33596200495958 0
      vertex 49.23000000000005 60.519999999999996 0
    endloop
  endfacet
  facet normal 0 0 -1
    outer loop
      vertex -49.09402609735727 62.33596200495958 0
      vertex -48.994101614952086 62.520000003278255 0
      vertex 49.23000000000005 60.519999999999996 0
    endloop
  endfacet
  facet normal 0 0 -1
    outer loop
      vertex -48.994101614952086 62.520000003278255 0
      vertex -48.884682276546954 62.69855614006519 0
      vertex 49.23000000000005 60.519999999999996 0
    endloop
  endfacet
  facet normal 0 0 -1
    outer loop
      vertex -48.884682276546954 62.69855614006519 0
      vertex -48.76606798291206 62.871141009032726 0
      vertex 49.23000000000005 60.519999999999996 0
    endloop
  endfacet
  facet normal 0 0 -1
    outer loop
      vertex -48.76606798291206 62.871141009032726 0
      vertex -48.63858384758234 63.037281565368176 0
      vertex 49.23000000000005 60.519999999999996 0
    endloop
  endfacet
  facet normal 0 0 -1
    outer loop
      vertex -48.63858384758234 63.037281565368176 0
      vertex -48.50257930278778 63.19652242958546 0
      vertex 49.23000000000005 60.519999999999996 0
    endloop
  endfacet
  facet normal 0 0 -1
    outer loop
      vertex -48.50257930278778 63.19652242958546 0
      vertex -48.35842712342739 63.34842712432146 0
      vertex 49.23000000000005 60.519999999999996 0
    endloop
  endfacet
  facet normal 0 0 -1
    outer loop
      vertex -48.35842712342739 63.34842712432146 0
      vertex -48.206522428691386 63.49257930368185 0
      vertex 49.23000000000005 60.519999999999996 0
    endloop
  endfacet
  facet normal 0 0 -1
    outer loop
      vertex -48.206522428691386 63.49257930368185 0
      vertex -48.047281564474105 63.62858384847641 0
      vertex 49.23000000000005 60.519999999999996 0
    endloop
  endfacet
  facet normal 0 0 -1
    outer loop
      vertex -49.530000002384185 60.520000003278255 0
      vertex 49.23000000000005 60.519999999999996 0
      vertex -45.53 60.519999999999996 0
    endloop
  endfacet
  facet normal 0 0 -1
    outer loop
      vertex -48.047281564474105 63.62858384847641 0
      vertex -47.881141008138655 63.75606798380613 0
      vertex 49.23000000000005 60.519999999999996 0
    endloop
  endfacet
  facet normal 0 0 -1
    outer loop
      vertex -47.881141008138655 63.75606798380613 0
      vertex -47.70855613917112 63.874682277441025 0
      vertex 49.23000000000005 60.519999999999996 0
    endloop
  endfacet
  facet normal 0 0 -1
    outer loop
      vertex -47.70855613917112 63.874682277441025 0
      vertex -47.530000002384185 63.98410161584616 0
      vertex 49.23000000000005 60.519999999999996 0
    endloop
  endfacet
  facet normal 0 0 -1
    outer loop
      vertex -47.530000002384185 63.98410161584616 0
      vertex -47.34596200406551 64.08402609825134 0
      vertex 49.23000000000005 60.519999999999996 0
    endloop
  endfacet
  facet normal 0 0 -1
    outer loop
      vertex -47.34596200406551 64.08402609825134 0
      vertex -47.15694657832384 64.17418183386326 0
      vertex 49.23000000000005 60.519999999999996 0
    endloop
  endfacet
  facet normal 0 0 -1
    outer loop
      vertex -47.15694657832384 64.17418183386326 0
      vertex -46.963471801280974 64.25432170927525 0
      vertex 49.23000000000005 60.519999999999996 0
    endloop
  endfacet
  facet normal 0 0 -1
    outer loop
      vertex -46.963471801280974 64.25432170927525 0
      vertex -46.76606798291206 64.32422606647015 0
      vertex 49.23000000000005 60.519999999999996 0
    endloop
  endfacet
  facet normal 0 0 -1
    outer loop
      vertex -46.76606798291206 64.32422606647015 0
      vertex -46.56527618438005 64.38370330631733 0
      vertex 49.23000000000005 60.519999999999996 0
    endloop
  endfacet
  facet normal 0 0 -1
    outer loop
      vertex -46.56527618438005 64.38370330631733 0
      vertex -46.36164676517248 64.43259040266275 0
      vertex 49.23000000000005 60.519999999999996 0
    endloop
  endfacet
  facet normal 0 0 -1
    outer loop
      vertex -46.36164676517248 64.43259040266275 0
      vertex -46.15573786318302 64.47075336426497 0
      vertex 49.23000000000005 60.519999999999996 0
    endloop
  endfacet
  facet normal 0 0 -1
    outer loop
      vertex -45.530000002384185 64.52000000327826 0
      vertex 0.5300000000000011 64.52000000327826 0
      vertex 0.9649878847518707 64.50348272344885 0
    endloop
  endfacet
  facet normal 0 0 -1
    outer loop
      vertex -46.15573786318302 64.47075336426497 0
      vertex 0.9649878847518707 64.50348272344885 0
      vertex 1.4851883784680027 64.50354254796684 0
    endloop
  endfacet
  facet normal 0 1 0
    outer loop
      vertex -45.530000002384185 64.52000000327826 0
      vertex 0.5300000000000011 64.52000000327826 8
      vertex 0.5300000000000011 64.52000000327826 0
    endloop
  endfacet
  facet normal 0 -1 0
    outer loop
      vertex -45.53 60.519999999999996 0
      vertex 49.23000000000005 60.519999999999996 16
      vertex -45.53 60.519999999999996 16
    endloop
  endfacet
  facet normal 0 -1 0
    outer loop
      vertex -28.75000000119209 46.46999999880791 16
      vertex 49.23000000000005 46.46999999880791 18.4
      vertex -28.75000000119209 46.46999999880791 18.4
    endloop
  endfacet
  facet normal 0 0 -1
    outer loop
      vertex -28.75000000119209 46.46999999880791 16
      vertex -45.53 60.519999999999996 16
      vertex 49.23000000000005 60.519999999999996 16
    endloop
  endfacet
  facet normal 0 0 1
    outer loop
      vertex -28.75000000119209 46.46999999880791 18.4
      vertex 49.23000000000005 60.524999998509884 18.4
      vertex -45.530000002384185 60.524999998509884 18.4
    endloop
  endfacet
  facet normal 0 1 0
    outer loop
      vertex -45.530000002384185 64.52000000327826 18.4
      vertex 39.53 64.52000000327826 18.4
      vertex 0.5300000000000011 64.52000000327826 8
    endloop
  endfacet
  facet normal -1 0 0
    outer loop
      vertex -49.530000002384185 -60.520000003278255 18.4
      vertex -49.530000002384185 60.520000003278255 53.4
      vertex -49.530000002384185 60.520000003278255 18.4
    endloop
  endfacet
  facet normal 1 0 0
    outer loop
      vertex -45.530000002384185 -64.52000000327826 53.4
      vertex -45.530000002384185 60.524999998509884 18.4
      vertex -45.530000002384185 60.524999998509884 53.4
    endloop
  endfacet
  facet normal 0 0 1
    outer loop
      vertex -49.530000002384185 -60.520000003278255 53.4
      vertex -45.530000002384185 60.524999998509884 53.4
      vertex -49.530000002384185 60.520000003278255 53.4
    endloop
  endfacet
  facet normal -0.9996573249175894 0.02617695052157347 0
    outer loop
      vertex -49.530000002384185 60.520000003278255 18.4
      vertex -49.52451814085245 60.729343831539154 53.4
      vertex -49.52451814085245 60.729343831539154 18.4
    endloop
  endfacet
  facet normal -0.9969173338358547 0.0784590944225775 0
    outer loop
      vertex -49.52451814085245 60.729343831539154 18.4
      vertex -49.50808758407831 60.93811385333538 53.4
      vertex -49.50808758407831 60.93811385333538 18.4
    endloop
  endfacet
  facet normal -0.9914448606729511 0.13052619754360592 0
    outer loop
      vertex -49.50808758407831 60.93811385333538 18.4
      vertex -49.480753363370894 61.14573786407709 53.4
      vertex -49.480753363370894 61.14573786407709 18.4
    endloop
  endfacet
  facet normal -0.9832549055407266 0.182235536408509 0
    outer loop
      vertex -49.480753363370894 61.14573786407709 18.4
      vertex -49.44259040176868 61.35164676606655 53.4
      vertex -49.44259040176868 61.35164676606655 18.4
    endloop
  endfacet
  facet normal -0.9723699224898383 0.23344535514142428 0
    outer loop
      vertex -49.44259040176868 61.35164676606655 18.4
      vertex -49.39370330542326 61.555276185274124 53.4
      vertex -49.39370330542326 61.555276185274124 18.4
    endloop
  endfacet
  facet normal -0.95881973559082 0.284015342264375 0
    outer loop
      vertex -49.39370330542326 61.555276185274124 18.4
      vertex -49.334226065576075 61.75606798380613 53.4
      vertex -49.334226065576075 61.75606798380613 18.4
    endloop
  endfacet
  facet normal -0.9426414928622098 0.3338068542353568 0
    outer loop
      vertex -49.334226065576075 61.75606798380613 18.4
      vertex -49.264321708381175 61.953471802175045 53.4
      vertex -49.264321708381175 61.953471802175045 18.4
    endloop
  endfacet
  facet normal -0.9238795345647125 0.3826834274076815 0
    outer loop
      vertex -49.264321708381175 61.953471802175045 18.4
      vertex -49.18418183296919 62.14694657921791 53.4
      vertex -49.18418183296919 62.14694657921791 18.4
    endloop
  endfacet
  facet normal -0.9025852802109352 0.43051110548573257 0
    outer loop
      vertex -49.18418183296919 62.14694657921791 18.4
      vertex -49.09402609735727 62.33596200495958 53.4
      vertex -49.09402609735727 62.33596200495958 18.4
    endloop
  endfacet
  facet normal -0.8788171081204785 0.4771587686239866 0
    outer loop
      vertex -49.09402609735727 62.33596200495958 18.4
      vertex -48.994101614952086 62.520000003278255 53.4
      vertex -48.994101614952086 62.520000003278255 18.4
    endloop
  endfacet
  facet normal -0.8526401706194456 0.5224985544918213 0
    outer loop
      vertex -48.994101614952086 62.520000003278255 18.4
      vertex -48.884682276546954 62.69855614006519 53.4
      vertex -48.884682276546954 62.69855614006519 18.4
    endloop
  endfacet
  facet normal -0.824126189846298 0.566406235143491 0
    outer loop
      vertex -48.884682276546954 62.69855614006519 18.4
      vertex -48.76606798291206 62.871141009032726 53.4
      vertex -48.76606798291206 62.871141009032726 18.4
    endloop
  endfacet
  facet normal -0.7933533341665628 0.608761436990549 0
    outer loop
      vertex -48.76606798291206 62.871141009032726 18.4
      vertex -48.63858384758234 63.037281565368176 53.4
      vertex -48.63858384758234 63.037281565368176 18.4
    endloop
  endfacet
  facet normal -0.7604059695380647 0.6494480437193384 0
    outer loop
      vertex -48.63858384758234 63.037281565368176 18.4
      vertex -48.50257930278778 63.19652242958546 53.4
      vertex -48.50257930278778 63.19652242958546 18.4
    endloop
  endfacet
  facet normal -0.7253743554229003 0.68835459212154 0
    outer loop
      vertex -48.50257930278778 63.19652242958546 18.4
      vertex -48.35842712342739 63.34842712432146 53.4
      vertex -48.35842712342739 63.34842712432146 18.4
    endloop
  endfacet
  facet normal -0.68835459212154 0.7253743554229003 0
    outer loop
      vertex -48.35842712342739 63.34842712432146 18.4
      vertex -48.206522428691386 63.49257930368185 53.4
      vertex -48.206522428691386 63.49257930368185 18.4
    endloop
  endfacet
  facet normal -0.6494480437193384 0.7604059695380647 0
    outer loop
      vertex -48.206522428691386 63.49257930368185 18.4
      vertex -48.047281564474105 63.62858384847641 53.4
      vertex -48.047281564474105 63.62858384847641 18.4
    endloop
  endfacet
  facet normal -0.608761436990549 0.7933533341665628 0
    outer loop
      vertex -48.047281564474105 63.62858384847641 18.4
      vertex -47.881141008138655 63.75606798380613 53.4
      vertex -47.881141008138655 63.75606798380613 18.4
    endloop
  endfacet
  facet normal -0.566406235143491 0.824126189846298 0
    outer loop
      vertex -47.881141008138655 63.75606798380613 18.4
      vertex -47.70855613917112 63.874682277441025 53.4
      vertex -47.70855613917112 63.874682277441025 18.4
    endloop
  endfacet
  facet normal -0.5224985544918213 0.8526401706194456 0
    outer loop
      vertex -47.70855613917112 63.874682277441025 18.4
      vertex -47.530000002384185 63.98410161584616 53.4
      vertex -47.530000002384185 63.98410161584616 18.4
    endloop
  endfacet
  facet normal -0.4771587686239866 0.8788171081204785 0
    outer loop
      vertex -47.530000002384185 63.98410161584616 18.4
      vertex -47.34596200406551 64.08402609825134 53.4
      vertex -47.34596200406551 64.08402609825134 18.4
    endloop
  endfacet
  facet normal -0.43051110548573257 0.9025852802109352 0
    outer loop
      vertex -47.34596200406551 64.08402609825134 18.4
      vertex -47.15694657832384 64.17418183386326 53.4
      vertex -47.15694657832384 64.17418183386326 18.4
    endloop
  endfacet
  facet normal -0.3826834274076815 0.9238795345647125 0
    outer loop
      vertex -47.15694657832384 64.17418183386326 18.4
      vertex -46.963471801280974 64.25432170927525 53.4
      vertex -46.963471801280974 64.25432170927525 18.4
    endloop
  endfacet
  facet normal -0.3338068542353568 0.9426414928622098 0
    outer loop
      vertex -46.963471801280974 64.25432170927525 18.4
      vertex -46.76606798291206 64.32422606647015 53.4
      vertex -46.76606798291206 64.32422606647015 18.4
    endloop
  endfacet
  facet normal -0.284015342264375 0.95881973559082 0
    outer loop
      vertex -46.76606798291206 64.32422606647015 18.4
      vertex -46.56527618438005 64.38370330631733 53.4
      vertex -46.56527618438005 64.38370330631733 18.4
    endloop
  endfacet
  facet normal -0.23344535514142428 0.9723699224898383 0
    outer loop
      vertex -46.56527618438005 64.38370330631733 18.4
      vertex -46.36164676517248 64.43259040266275 53.4
      vertex -46.36164676517248 64.43259040266275 18.4
    endloop
  endfacet
  facet normal -0.182235536408509 0.9832549055407266 0
    outer loop
      vertex -46.36164676517248 64.43259040266275 18.4
      vertex -46.15573786318302 64.47075336426497 53.4
      vertex -46.15573786318302 64.47075336426497 18.4
    endloop
  endfacet
  facet normal -0.13052619754360592 0.9914448606729511 0
    outer loop
      vertex -46.15573786318302 64.47075336426497 18.4
      vertex -45.94811385244131 64.49808758497238 53.4
      vertex -45.94811385244131 64.49808758497238 18.4
    endloop
  endfacet
  facet normal -0.0784590944225775 0.9969173338358547 0
    outer loop
      vertex -45.94811385244131 64.49808758497238 18.4
      vertex -45.73934383064508 64.51451814174652 53.4
      vertex -45.73934383064508 64.51451814174652 18.4
    endloop
  endfacet
  facet normal -0.02617695052157347 0.9996573249175894 0
    outer loop
      vertex -45.73934383064508 64.51451814174652 18.4
      vertex -45.530000002384185 64.52000000327826 53.4
      vertex -45.530000002384185 64.52000000327826 18.4
    endloop
  endfacet
  facet normal -0.9996573249175894 0.02617695052157347 0
    outer loop
      vertex -49.530000002384185 60.520000003278255 18.4
      vertex -49.530000002384185 60.520000003278255 53.4
      vertex -49.52451814085245 60.729343831539154 53.4
    endloop
  endfacet
  facet normal -0.9969173338358547 0.0784590944225775 0
    outer loop
      vertex -49.52451814085245 60.729343831539154 18.4
      vertex -49.52451814085245 60.729343831539154 53.4
      vertex -49.50808758407831 60.93811385333538 53.4
    endloop
  endfacet
  facet normal -0.9914448606729511 0.13052619754360592 0
    outer loop
      vertex -49.50808758407831 60.93811385333538 18.4
      vertex -49.50808758407831 60.93811385333538 53.4
      vertex -49.480753363370894 61.14573786407709 53.4
    endloop
  endfacet
  facet normal -0.9832549055407266 0.182235536408509 0
    outer loop
      vertex -49.480753363370894 61.14573786407709 18.4
      vertex -49.480753363370894 61.14573786407709 53.4
      vertex -49.44259040176868 61.35164676606655 53.4
    endloop
  endfacet
  facet normal -0.9723699224898383 0.23344535514142428 0
    outer loop
      vertex -49.44259040176868 61.35164676606655 18.4
      vertex -49.44259040176868 61.35164676606655 53.4
      vertex -49.39370330542326 61.555276185274124 53.4
    endloop
  endfacet
  facet normal -0.95881973559082 0.284015342264375 0
    outer loop
      vertex -49.39370330542326 61.555276185274124 18.4
      vertex -49.39370330542326 61.555276185274124 53.4
      vertex -49.334226065576075 61.75606798380613 53.4
    endloop
  endfacet
  facet normal -0.9426414928622098 0.3338068542353568 0
    outer loop
      vertex -49.334226065576075 61.75606798380613 18.4
      vertex -49.334226065576075 61.75606798380613 53.4
      vertex -49.264321708381175 61.953471802175045 53.4
    endloop
  endfacet
  facet normal -0.9238795345647125 0.3826834274076815 0
    outer loop
      vertex -49.264321708381175 61.953471802175045 18.4
      vertex -49.264321708381175 61.953471802175045 53.4
      vertex -49.18418183296919 62.14694657921791 53.4
    endloop
  endfacet
  facet normal -0.9025852802109352 0.43051110548573257 0
    outer loop
      vertex -49.18418183296919 62.14694657921791 18.4
      vertex -49.18418183296919 62.14694657921791 53.4
      vertex -49.09402609735727 62.33596200495958 53.4
    endloop
  endfacet
  facet normal -0.8788171081204785 0.4771587686239866 0
    outer loop
      vertex -49.09402609735727 62.33596200495958 18.4
      vertex -49.09402609735727 62.33596200495958 53.4
      vertex -48.994101614952086 62.520000003278255 53.4
    endloop
  endfacet
  facet normal -0.8526401706194456 0.5224985544918213 0
    outer loop
      vertex -48.994101614952086 62.520000003278255 18.4
      vertex -48.994101614952086 62.520000003278255 53.4
      vertex -48.884682276546954 62.69855614006519 53.4
    endloop
  endfacet
  facet normal -0.824126189846298 0.566406235143491 0
    outer loop
      vertex -48.884682276546954 62.69855614006519 18.4
      vertex -48.884682276546954 62.69855614006519 53.4
      vertex -48.76606798291206 62.871141009032726 53.4
    endloop
  endfacet
  facet normal -0.7933533341665628 0.608761436990549 0
    outer loop
      vertex -48.76606798291206 62.871141009032726 18.4
      vertex -48.76606798291206 62.871141009032726 53.4
      vertex -48.63858384758234 63.037281565368176 53.4
    endloop
  endfacet
  facet normal -0.7604059695380647 0.6494480437193384 0
    outer loop
      vertex -48.63858384758234 63.037281565368176 18.4
      vertex -48.63858384758234 63.037281565368176 53.4
      vertex -48.50257930278778 63.19652242958546 53.4
    endloop
  endfacet
  facet normal -0.7253743554229003 0.68835459212154 0
    outer loop
      vertex -48.50257930278778 63.19652242958546 18.4
      vertex -48.50257930278778 63.19652242958546 53.4
      vertex -48.35842712342739 63.34842712432146 53.4
    endloop
  endfacet
  facet normal -0.68835459212154 0.7253743554229003 0
    outer loop
      vertex -48.35842712342739 63.34842712432146 18.4
      vertex -48.35842712342739 63.34842712432146 53.4
      vertex -48.206522428691386 63.49257930368185 53.4
    endloop
  endfacet
  facet normal -0.6494480437193384 0.7604059695380647 0
    outer loop
      vertex -48.206522428691386 63.49257930368185 18.4
      vertex -48.206522428691386 63.49257930368185 53.4
      vertex -48.047281564474105 63.62858384847641 53.4
    endloop
  endfacet
  facet normal -0.608761436990549 0.7933533341665628 0
    outer loop
      vertex -48.047281564474105 63.62858384847641 18.4
      vertex -48.047281564474105 63.62858384847641 53.4
      vertex -47.881141008138655 63.75606798380613 53.4
    endloop
  endfacet
  facet normal -0.566406235143491 0.824126189846298 0
    outer loop
      vertex -47.881141008138655 63.75606798380613 18.4
      vertex -47.881141008138655 63.75606798380613 53.4
      vertex -47.70855613917112 63.874682277441025 53.4
    endloop
  endfacet
  facet normal -0.5224985544918213 0.8526401706194456 0
    outer loop
      vertex -47.70855613917112 63.874682277441025 18.4
      vertex -47.70855613917112 63.874682277441025 53.4
      vertex -47.530000002384185 63.98410161584616 53.4
    endloop
  endfacet
  facet normal -0.4771587686239866 0.8788171081204785 0
    outer loop
      vertex -47.530000002384185 63.98410161584616 18.4
      vertex -47.530000002384185 63.98410161584616 53.4
      vertex -47.34596200406551 64.08402609825134 53.4
    endloop
  endfacet
  facet normal -0.43051110548573257 0.9025852802109352 0
    outer loop
      vertex -47.34596200406551 64.08402609825134 18.4
      vertex -47.34596200406551 64.08402609825134 53.4
      vertex -47.15694657832384 64.17418183386326 53.4
    endloop
  endfacet
  facet normal -0.3826834274076815 0.9238795345647125 0
    outer loop
      vertex -47.15694657832384 64.17418183386326 18.4
      vertex -47.15694657832384 64.17418183386326 53.4
      vertex -46.963471801280974 64.25432170927525 53.4
    endloop
  endfacet
  facet normal -0.3338068542353568 0.9426414928622098 0
    outer loop
      vertex -46.963471801280974 64.25432170927525 18.4
      vertex -46.963471801280974 64.25432170927525 53.4
      vertex -46.76606798291206 64.32422606647015 53.4
    endloop
  endfacet
  facet normal -0.284015342264375 0.95881973559082 0
    outer loop
      vertex -46.76606798291206 64.32422606647015 18.4
      vertex -46.76606798291206 64.32422606647015 53.4
      vertex -46.56527618438005 64.38370330631733 53.4
    endloop
  endfacet
  facet normal -0.23344535514142428 0.9723699224898383 0
    outer loop
      vertex -46.56527618438005 64.38370330631733 18.4
      vertex -46.56527618438005 64.38370330631733 53.4
      vertex -46.36164676517248 64.43259040266275 53.4
    endloop
  endfacet
  facet normal -0.182235536408509 0.9832549055407266 0
    outer loop
      vertex -46.36164676517248 64.43259040266275 18.4
      vertex -46.36164676517248 64.43259040266275 53.4
      vertex -46.15573786318302 64.47075336426497 53.4
    endloop
  endfacet
  facet normal -0.13052619754360592 0.9914448606729511 0
    outer loop
      vertex -46.15573786318302 64.47075336426497 18.4
      vertex -46.15573786318302 64.47075336426497 53.4
      vertex -45.94811385244131 64.49808758497238 53.4
    endloop
  endfacet
  facet normal -0.0784590944225775 0.9969173338358547 0
    outer loop
      vertex -45.94811385244131 64.49808758497238 18.4
      vertex -45.94811385244131 64.49808758497238 53.4
      vertex -45.73934383064508 64.51451814174652 53.4
    endloop
  endfacet
  facet normal -0.02617695052157347 0.9996573249175894 0
    outer loop
      vertex -45.73934383064508 64.51451814174652 18.4
      vertex -45.73934383064508 64.51451814174652 53.4
      vertex -45.530000002384185 64.52000000327826 53.4
    endloop
  endfacet
  facet normal 0 0 1
    outer loop
      vertex -49.530000002384185 60.520000003278255 53.4
      vertex -45.530000002384185 60.524999998509884 53.4
      vertex -49.52451814085245 60.729343831539154 53.4
    endloop
  endfacet
  facet normal 0 0 1
    outer loop
      vertex -49.52451814085245 60.729343831539154 53.4
      vertex -45.530000002384185 60.524999998509884 53.4
      vertex -49.50808758407831 60.93811385333538 53.4
    endloop
  endfacet
  facet normal 0 0 1
    outer loop
      vertex -49.50808758407831 60.93811385333538 53.4
      vertex -45.530000002384185 60.524999998509884 53.4
      vertex -49.480753363370894 61.14573786407709 53.4
    endloop
  endfacet
  facet normal 0 0 1
    outer loop
      vertex -49.480753363370894 61.14573786407709 53.4
      vertex -45.530000002384185 60.524999998509884 53.4
      vertex -49.44259040176868 61.35164676606655 53.4
    endloop
  endfacet
  facet normal 0 0 1
    outer loop
      vertex -49.44259040176868 61.35164676606655 53.4
      vertex -45.530000002384185 60.524999998509884 53.4
      vertex -49.39370330542326 61.555276185274124 53.4
    endloop
  endfacet
  facet normal 0 0 1
    outer loop
      vertex -49.39370330542326 61.555276185274124 53.4
      vertex -45.530000002384185 60.524999998509884 53.4
      vertex -49.334226065576075 61.75606798380613 53.4
    endloop
  endfacet
  facet normal 0 0 1
    outer loop
      vertex -49.334226065576075 61.75606798380613 53.4
      vertex -45.530000002384185 60.524999998509884 53.4
      vertex -49.264321708381175 61.953471802175045 53.4
    endloop
  endfacet
  facet normal 0 0 1
    outer loop
      vertex -49.264321708381175 61.953471802175045 53.4
      vertex -45.530000002384185 60.524999998509884 53.4
      vertex -49.18418183296919 62.14694657921791 53.4
    endloop
  endfacet
  facet normal 0 0 1
    outer loop
      vertex -49.18418183296919 62.14694657921791 53.4
      vertex -45.530000002384185 60.524999998509884 53.4
      vertex -49.09402609735727 62.33596200495958 53.4
    endloop
  endfacet
  facet normal 0 0 1
    outer loop
      vertex -49.09402609735727 62.33596200495958 53.4
      vertex -45.530000002384185 60.524999998509884 53.4
      vertex -48.994101614952086 62.520000003278255 53.4
    endloop
  endfacet
  facet normal 0 0 1
    outer loop
      vertex -48.994101614952086 62.520000003278255 53.4
      vertex -45.530000002384185 60.524999998509884 53.4
      vertex -48.884682276546954 62.69855614006519 53.4
    endloop
  endfacet
  facet normal 0 0 1
    outer loop
      vertex -48.884682276546954 62.69855614006519 53.4
      vertex -45.530000002384185 60.524999998509884 53.4
      vertex -48.76606798291206 62.871141009032726 53.4
    endloop
  endfacet
  facet normal 0 0 1
    outer loop
      vertex -48.76606798291206 62.871141009032726 53.4
      vertex -45.530000002384185 60.524999998509884 53.4
      vertex -48.63858384758234 63.037281565368176 53.4
    endloop
  endfacet
  facet normal 0 0 1
    outer loop
      vertex -45.530000002384185 60.524999998509884 53.4
      vertex -48.50257930278778 63.19652242958546 53.4
      vertex -48.63858384758234 63.037281565368176 53.4
    endloop
  endfacet
  facet normal 0 0 1
    outer loop
      vertex -45.530000002384185 60.524999998509884 53.4
      vertex -48.35842712342739 63.34842712432146 53.4
      vertex -48.50257930278778 63.19652242958546 53.4
    endloop
  endfacet
  facet normal 0 0 1
    outer loop
      vertex -45.530000002384185 60.524999998509884 53.4
      vertex -48.206522428691386 63.49257930368185 53.4
      vertex -48.35842712342739 63.34842712432146 53.4
    endloop
  endfacet
  facet normal 0 0 1
    outer loop
      vertex -45.530000002384185 60.524999998509884 53.4
      vertex -48.047281564474105 63.62858384847641 53.4
      vertex -48.206522428691386 63.49257930368185 53.4
    endloop
  endfacet
  facet normal 0 0 1
    outer loop
      vertex -45.530000002384185 60.524999998509884 53.4
      vertex -47.881141008138655 63.75606798380613 53.4
      vertex -48.047281564474105 63.62858384847641 53.4
    endloop
  endfacet
  facet normal 0 0 1
    outer loop
      vertex -45.530000002384185 60.524999998509884 53.4
      vertex -47.70855613917112 63.874682277441025 53.4
      vertex -47.881141008138655 63.75606798380613 53.4
    endloop
  endfacet
  facet normal 0 0 1
    outer loop
      vertex -45.530000002384185 60.524999998509884 53.4
      vertex -47.530000002384185 63.98410161584616 53.4
      vertex -47.70855613917112 63.874682277441025 53.4
    endloop
  endfacet
  facet normal 0 0 1
    outer loop
      vertex -45.530000002384185 60.524999998509884 53.4
      vertex -47.34596200406551 64.08402609825134 53.4
      vertex -47.530000002384185 63.98410161584616 53.4
    endloop
  endfacet
  facet normal 0 0 1
    outer loop
      vertex -45.530000002384185 60.524999998509884 53.4
      vertex -47.15694657832384 64.17418183386326 53.4
      vertex -47.34596200406551 64.08402609825134 53.4
    endloop
  endfacet
  facet normal 0 0 1
    outer loop
      vertex -45.530000002384185 60.524999998509884 53.4
      vertex -46.963471801280974 64.25432170927525 53.4
      vertex -47.15694657832384 64.17418183386326 53.4
    endloop
  endfacet
  facet normal 0 0 1
    outer loop
      vertex -45.530000002384185 60.524999998509884 53.4
      vertex -46.76606798291206 64.32422606647015 53.4
      vertex -46.963471801280974 64.25432170927525 53.4
    endloop
  endfacet
  facet normal 0 0 1
    outer loop
      vertex -45.530000002384185 60.524999998509884 53.4
      vertex -46.56527618438005 64.38370330631733 53.4
      vertex -46.76606798291206 64.32422606647015 53.4
    endloop
  endfacet
  facet normal 0 0 1
    outer loop
      vertex -45.530000002384185 60.524999998509884 53.4
      vertex -46.36164676517248 64.43259040266275 53.4
      vertex -46.56527618438005 64.38370330631733 53.4
    endloop
  endfacet
  facet normal 0 0 1
    outer loop
      vertex -45.530000002384185 60.524999998509884 53.4
      vertex -46.15573786318302 64.47075336426497 53.4
      vertex -46.36164676517248 64.43259040266275 53.4
    endloop
  endfacet
  facet normal 0 0 1
    outer loop
      vertex -45.530000002384185 60.524999998509884 53.4
      vertex -45.94811385244131 64.49808758497238 53.4
      vertex -46.15573786318302 64.47075336426497 53.4
    endloop
  endfacet
  facet normal 0 0 1
    outer loop
      vertex -45.530000002384185 60.524999998509884 53.4
      vertex -45.73934383064508 64.51451814174652 53.4
      vertex -45.94811385244131 64.49808758497238 53.4
    endloop
  endfacet
  facet normal 0 0 1
    outer loop
      vertex -45.530000002384185 60.524999998509884 53.4
      vertex -45.530000002384185 64.52000000327826 53.4
      vertex -45.73934383064508 64.51451814174652 53.4
    endloop
  endfacet
  facet normal 0 -1 0
    outer loop
      vertex -45.530000002384185 60.524999998509884 18.4
      vertex 49.23000000000005 60.524999998509884 53.4
      vertex -45.530000002384185 60.524999998509884 53.4
    endloop
  endfacet
  facet normal 0 1 0
    outer loop
      vertex -45.530000002384185 64.52000000327826 18.4
      vertex -45.530000002384185 64.52000000327826 53.4
      vertex 49.23000000000005 64.52000000327826 53.4
    endloop
  endfacet
  facet normal 0 0 1
    outer loop
      vertex -45.530000002384185 60.524999998509884 53.4
      vertex 49.23000000000005 64.52000000327826 53.4
      vertex -45.530000002384185 64.52000000327826 53.4
    endloop
  endfacet
  facet normal 0 0 -1
    outer loop
      vertex 0.5327409270405781 -70.12467191040516 0
      vertex 0.5300000000000011 -70.02 0
      vertex 4.969395866497472 -69.1751742733536 0
    endloop
  endfacet
  facet normal 0 0 -1
    outer loop
      vertex 0.5409562128782284 -70.22905692875385 0
      vertex 0.5327409270405781 -70.12467191040516 0
      vertex 5.045075759508251 -69.25492424049175 0
    endloop
  endfacet
  facet normal 0 0 -1
    outer loop
      vertex 0.5300000000000011 -70.02 0
      vertex 0.5300000000000011 -64.52000000327826 0
      vertex 4.455854484750212 -68.09851237658448 0
    endloop
  endfacet
  facet normal -0.9588197384607063 -0.28401533257580097 0
    outer loop
      vertex 0.6278869646787655 -70.63803399026393 0
      vertex 0.5981483447551739 -70.53763808727264 8
      vertex 0.5981483447551739 -70.53763808727264 0
    endloop
  endfacet
  facet normal -0.9832549067222632 -0.18223553003350748 0
    outer loop
      vertex 0.5737048003077518 -70.43582338511943 0
      vertex 0.5546233195066463 -70.33286893039941 8
      vertex 0.5546233195066463 -70.33286893039941 0
    endloop
  endfacet
  facet normal -0.9723699266881016 -0.23344533765439804 0
    outer loop
      vertex 0.5737048003077518 -70.43582338511943 0
      vertex 0.5981483447551739 -70.53763808727264 0
      vertex 0.5737048003077518 -70.43582338511943 8
    endloop
  endfacet
  facet normal -0.9914448646709336 -0.130526167175912 0
    outer loop
      vertex 0.5546233195066463 -70.33286893039941 0
      vertex 0.5409562128782284 -70.22905692875385 8
      vertex 0.5409562128782284 -70.22905692875385 0
    endloop
  endfacet
  facet normal -0.9969173287082567 -0.07845915957486238 0
    outer loop
      vertex 0.5409562128782284 -70.22905692875385 0
      vertex 0.5327409270405781 -70.12467191040516 8
      vertex 0.5327409270405781 -70.12467191040516 0
    endloop
  endfacet
  facet normal -0.9996573258242132 -0.026176915898989524 0
    outer loop
      vertex 0.5327409270405781 -70.12467191040516 0
      vertex 0.5300000000000011 -70.02 8
      vertex 0.5300000000000011 -70.02 0
    endloop
  endfacet
  facet normal -0.8788170932013816 -0.4771587961015434 0
    outer loop
      vertex 0.7479869487881672 -70.92798100084066 0
      vertex 0.7979491937160503 -71.02 0
      vertex 0.7479869487881672 -70.92798100084066 8
    endloop
  endfacet
  facet normal -0.7933533513494008 -0.6087614145974385 0
    outer loop
      vertex 0.9119660097360622 -71.19557050287723 0
      vertex 0.9757080736756336 -71.27864078104496 0
      vertex 0.9119660097360622 -71.19557050287723 8
    endloop
  endfacet
  facet normal -0.7604059369619204 -0.6494480818611015 0
    outer loop
      vertex 1.0437103497982037 -71.3582612094283 0
      vertex 0.9757080736756336 -71.27864078104496 8
      vertex 0.9757080736756336 -71.27864078104496 0
    endloop
  endfacet
  facet normal -0.8526401644822993 -0.5224985645067338 0
    outer loop
      vertex 0.8526588666439068 -71.10927807211876 0
      vertex 0.7979491937160503 -71.02 8
      vertex 0.7979491937160503 -71.02 0
    endloop
  endfacet
  facet normal -0.824126195039763 -0.5664062275869525 0
    outer loop
      vertex 0.9119660097360622 -71.19557050287723 0
      vertex 0.8526588666439068 -71.10927807211876 8
      vertex 0.8526588666439068 -71.10927807211876 0
    endloop
  endfacet
  facet normal -0.6883545743569364 -0.7253743722808802 0
    outer loop
      vertex 1.1917387905716907 -71.5062896502018 0
      vertex 1.1157864394783985 -71.4342135605216 8
      vertex 1.1157864394783985 -71.4342135605216 0
    endloop
  endfacet
  facet normal -0.6494480818611015 -0.7604059369619204 0
    outer loop
      vertex 1.1917387905716907 -71.5062896502018 0
      vertex 1.2713592189550411 -71.57429192632436 0
      vertex 1.1917387905716907 -71.5062896502018 8
    endloop
  endfacet
  facet normal -0.5664062275869525 -0.824126195039763 0
    outer loop
      vertex 1.3544294971227657 -71.63803399026393 0
      vertex 1.440721927881242 -71.69734113335609 0
      vertex 1.3544294971227657 -71.63803399026393 8
    endloop
  endfacet
  facet normal -0.6087614145974385 -0.7933533513494008 0
    outer loop
      vertex 1.2713592189550411 -71.57429192632436 0
      vertex 1.3544294971227657 -71.63803399026393 0
      vertex 1.2713592189550411 -71.57429192632436 8
    endloop
  endfacet
  facet normal -0.7253743722808802 -0.6883545743569364 0
    outer loop
      vertex 1.0437103497982037 -71.3582612094283 0
      vertex 1.1157864394783985 -71.4342135605216 0
      vertex 1.0437103497982037 -71.3582612094283 8
    endloop
  endfacet
  facet normal -0.9025853144542187 -0.43051103369319 0
    outer loop
      vertex 0.7479869487881672 -70.92798100084066 0
      vertex 0.70290908843279 -70.83347328424453 8
      vertex 0.70290908843279 -70.83347328424453 0
    endloop
  endfacet
  facet normal -0.92387952935444 -0.38268343998639204 0
    outer loop
      vertex 0.70290908843279 -70.83347328424453 0
      vertex 0.6628391507267963 -70.73673589944839 8
      vertex 0.6628391507267963 -70.73673589944839 0
    endloop
  endfacet
  facet normal -0.9426414704722688 -0.33380691746259405 0
    outer loop
      vertex 0.6628391507267963 -70.73673589944839 0
      vertex 0.6278869646787655 -70.63803399026393 8
      vertex 0.6278869646787655 -70.63803399026393 0
    endloop
  endfacet
  facet normal -1 0 0
    outer loop
      vertex 0.5300000000000011 -70.02 0
      vertex 0.5300000000000011 -70.02 8
      vertex 0.5300000000000011 -64.52000000327826 0
    endloop
  endfacet
  facet normal -0.4771587961015434 -0.8788170932013816 0
    outer loop
      vertex 1.5300000000000011 -71.75205080628395 0
      vertex 1.6220189991593372 -71.80201305121183 0
      vertex 1.5300000000000011 -71.75205080628395 8
    endloop
  endfacet
  facet normal -0.5224985645067338 -0.8526401644822993 0
    outer loop
      vertex 1.5300000000000011 -71.75205080628395 0
      vertex 1.440721927881242 -71.69734113335609 8
      vertex 1.440721927881242 -71.69734113335609 0
    endloop
  endfacet
  facet normal -0.43051103369319 -0.9025853144542187 0
    outer loop
      vertex 1.6220189991593372 -71.80201305121183 0
      vertex 1.7165267157554638 -71.84709091156721 0
      vertex 1.6220189991593372 -71.80201305121183 8
    endloop
  endfacet
  facet normal -0.38268343998639204 -0.92387952935444 0
    outer loop
      vertex 1.7165267157554638 -71.84709091156721 0
      vertex 1.8132641005516064 -71.8871608492732 0
      vertex 1.7165267157554638 -71.84709091156721 8
    endloop
  endfacet
  facet normal -0.33380691746259405 -0.9426414704722688 0
    outer loop
      vertex 1.8132641005516064 -71.8871608492732 0
      vertex 1.9119660097360622 -71.92211303532123 0
      vertex 1.8132641005516064 -71.8871608492732 8
    endloop
  endfacet
  facet normal -0.28401533257580097 -0.9588197384607063 0
    outer loop
      vertex 1.9119660097360622 -71.92211303532123 0
      vertex 2.012361912727357 -71.95185165524482 0
      vertex 1.9119660097360622 -71.92211303532123 8
    endloop
  endfacet
  facet normal -0.23344533765439804 -0.9723699266881016 0
    outer loop
      vertex 2.012361912727357 -71.95185165524482 0
      vertex 2.114176614880563 -71.97629519969225 0
      vertex 2.012361912727357 -71.95185165524482 8
    endloop
  endfacet
  facet normal -0.18223553003350748 -0.9832549067222632 0
    outer loop
      vertex 2.114176614880563 -71.97629519969225 0
      vertex 2.2171310696005833 -71.99537668049335 0
      vertex 2.114176614880563 -71.97629519969225 8
    endloop
  endfacet
  facet normal -0.130526167175912 -0.9914448646709336 0
    outer loop
      vertex 2.2171310696005833 -71.99537668049335 0
      vertex 2.3209430712461483 -72.00904378712177 0
      vertex 2.2171310696005833 -71.99537668049335 8
    endloop
  endfacet
  facet normal -0.07845915957486238 -0.9969173287082567 0
    outer loop
      vertex 2.3209430712461483 -72.00904378712177 0
      vertex 2.425328089594842 -72.01725907295942 0
      vertex 2.3209430712461483 -72.00904378712177 8
    endloop
  endfacet
  facet normal -0.026176915898989524 -0.9996573258242132 0
    outer loop
      vertex 2.425328089594842 -72.01725907295942 0
      vertex 2.530000000000001 -72.02 0
      vertex 2.425328089594842 -72.01725907295942 8
    endloop
  endfacet
  facet normal 0 0 -1
    outer loop
      vertex 0.5409562128782284 -70.22905692875385 0
      vertex 5.386258026468447 -69.53120819268538 0
      vertex 5.480000000000004 -69.58865334794731 0
    endloop
  endfacet
  facet normal 0 0 -1
    outer loop
      vertex 0.5409562128782284 -70.22905692875385 0
      vertex 5.480000000000004 -69.58865334794731 0
      vertex 5.576619950546956 -69.64111370079557 0
    endloop
  endfacet
  facet normal 0 0 -1
    outer loop
      vertex 0.5409562128782284 -70.22905692875385 0
      vertex 5.576619950546956 -69.64111370079557 0
      vertex 5.6758530495408195 -69.68844546104945 0
    endloop
  endfacet
  facet normal 0 0 -1
    outer loop
      vertex 0.5409562128782284 -70.22905692875385 0
      vertex 5.6758530495408195 -69.68844546104945 0
      vertex 5.777427305954873 -69.73051889564412 0
    endloop
  endfacet
  facet normal 0 0 -1
    outer loop
      vertex 0.5409562128782284 -70.22905692875385 0
      vertex 5.777427305954873 -69.73051889564412 0
      vertex 5.881064311812608 -69.76721868421981 0
    endloop
  endfacet
  facet normal 0 0 -1
    outer loop
      vertex 0.5409562128782284 -70.22905692875385 0
      vertex 5.881064311812608 -69.76721868421981 0
      vertex 5.9864800052847045 -69.79844423520704 0
    endloop
  endfacet
  facet normal 0 0 -1
    outer loop
      vertex 0.5409562128782284 -70.22905692875385 0
      vertex 5.9864800052847045 -69.79844423520704 0
      vertex 6.093385449282707 -69.82410996154098 0
    endloop
  endfacet
  facet normal 0 0 -1
    outer loop
      vertex 0.5409562128782284 -70.22905692875385 0
      vertex 6.093385449282707 -69.82410996154098 0
      vertex 6.201487623415517 -69.84414551524978 0
    endloop
  endfacet
  facet normal 0 0 -1
    outer loop
      vertex 0.5409562128782284 -70.22905692875385 0
      vertex 6.201487623415517 -69.84414551524978 0
      vertex 6.310490227137926 -69.85849598027337 0
    endloop
  endfacet
  facet normal 0 0 -1
    outer loop
      vertex 0.5409562128782284 -70.22905692875385 0
      vertex 6.310490227137926 -69.85849598027337 0
      vertex 6.42009449188982 -69.8671220229846 0
    endloop
  endfacet
  facet normal 0 0 -1
    outer loop
      vertex 0.5300000000000011 -70.02 0
      vertex 4.532781315780177 -68.41893568818739 0
      vertex 4.56948110435588 -68.52257269404512 0
    endloop
  endfacet
  facet normal 0 0 -1
    outer loop
      vertex 0.5300000000000011 -70.02 0
      vertex 4.611554538950543 -68.62414695045918 0
      vertex 4.6588862992044255 -68.72338004945304 0
    endloop
  endfacet
  facet normal 0 0 -1
    outer loop
      vertex 0.5300000000000011 -70.02 0
      vertex 4.6588862992044255 -68.72338004945304 0
      vertex 4.711346652052683 -68.82 0
    endloop
  endfacet
  facet normal 0 0 -1
    outer loop
      vertex 0.5300000000000011 -70.02 0
      vertex 4.56948110435588 -68.52257269404512 0
      vertex 4.611554538950543 -68.62414695045918 0
    endloop
  endfacet
  facet normal 0 0 -1
    outer loop
      vertex 0.5300000000000011 -70.02 0
      vertex 4.501555764792954 -68.31351999471529 0
      vertex 4.532781315780177 -68.41893568818739 0
    endloop
  endfacet
  facet normal 0 0 -1
    outer loop
      vertex 0.5300000000000011 -70.02 0
      vertex 4.475890038459006 -68.20661455071729 0
      vertex 4.501555764792954 -68.31351999471529 0
    endloop
  endfacet
  facet normal 0 0 -1
    outer loop
      vertex 0.5300000000000011 -70.02 0
      vertex 4.455854484750212 -68.09851237658448 0
      vertex 4.475890038459006 -68.20661455071729 0
    endloop
  endfacet
  facet normal 0 0 -1
    outer loop
      vertex 0.5300000000000011 -70.02 0
      vertex 4.768791807314614 -68.91374197353156 0
      vertex 4.831064311812611 -69.0043490298142 0
    endloop
  endfacet
  facet normal 0 0 -1
    outer loop
      vertex 0.5300000000000011 -70.02 0
      vertex 4.711346652052683 -68.82 0
      vertex 4.768791807314614 -68.91374197353156 0
    endloop
  endfacet
  facet normal 0 0 -1
    outer loop
      vertex 0.5300000000000011 -70.02 0
      vertex 4.8979934809403645 -69.09157282120465 0
      vertex 4.969395866497472 -69.1751742733536 0
    endloop
  endfacet
  facet normal 0 0 -1
    outer loop
      vertex 0.5300000000000011 -70.02 0
      vertex 4.831064311812611 -69.0043490298142 0
      vertex 4.8979934809403645 -69.09157282120465 0
    endloop
  endfacet
  facet normal 0 0 -1
    outer loop
      vertex 0.5327409270405781 -70.12467191040516 0
      vertex 4.969395866497472 -69.1751742733536 0
      vertex 5.045075759508251 -69.25492424049175 0
    endloop
  endfacet
  facet normal 0 0 -1
    outer loop
      vertex 0.5409562128782284 -70.22905692875385 0
      vertex 5.045075759508251 -69.25492424049175 0
      vertex 5.1248257266463995 -69.33060413350252 0
    endloop
  endfacet
  facet normal 0 0 -1
    outer loop
      vertex 0.5409562128782284 -70.22905692875385 0
      vertex 5.1248257266463995 -69.33060413350252 0
      vertex 5.20842717879534 -69.40200651905964 0
    endloop
  endfacet
  facet normal 0 0 -1
    outer loop
      vertex 0.5409562128782284 -70.22905692875385 0
      vertex 5.20842717879534 -69.40200651905964 0
      vertex 5.295650970185804 -69.46893568818739 0
    endloop
  endfacet
  facet normal 0 0 -1
    outer loop
      vertex 0.5409562128782284 -70.22905692875385 0
      vertex 5.295650970185804 -69.46893568818739 0
      vertex 5.386258026468447 -69.53120819268538 0
    endloop
  endfacet
  facet normal 0 0 -1
    outer loop
      vertex 0.5409562128782284 -70.22905692875385 0
      vertex 6.530000000000001 -69.86999999999999 0
      vertex 6.639905508110182 -69.8671220229846 0
    endloop
  endfacet
  facet normal 0 0 -1
    outer loop
      vertex 0.5409562128782284 -70.22905692875385 0
      vertex 6.42009449188982 -69.8671220229846 0
      vertex 6.530000000000001 -69.86999999999999 0
    endloop
  endfacet
  facet normal 0.9832549075639596 0.18223552549212066 1.2373547629900716e-19
    outer loop
      vertex 4.475890038459006 -68.20661455071729 0
      vertex 4.455854484750212 -68.09851237658448 0
      vertex 4.455854484750212 -68.09851237658448 5.99
    endloop
  endfacet
  facet normal 0.9914448613738136 0.13052619222002776 -6.552131011288937e-20
    outer loop
      vertex 4.455854484750212 -68.09851237658448 0
      vertex 4.441504019726629 -67.98950977286206 0
      vertex 4.441504019726629 -67.98950977286206 5.99
    endloop
  endfacet
  facet normal 0.9969173337331246 0.07845909572788737 -7.635061504885012e-20
    outer loop
      vertex 4.441504019726629 -67.98950977286206 0
      vertex 4.432877977015394 -67.87990550811018 0
      vertex 4.432877977015394 -67.87990550811018 5.99
    endloop
  endfacet
  facet normal 0.9996573249755575 0.026176948307869367 -3.920551178560204e-20
    outer loop
      vertex 4.432877977015394 -67.87990550811018 0
      vertex 4.43 -67.77 0
      vertex 4.43 -67.77 5.99
    endloop
  endfacet
  facet normal 0.9996573249755575 -0.026176948307869367 3.920551178560204e-20
    outer loop
      vertex 4.43 -67.77 0
      vertex 4.432877977015394 -67.66009449188981 0
      vertex 4.432877977015394 -67.66009449188981 5.99
    endloop
  endfacet
  facet normal 0.9969173337331246 -0.07845909572788737 7.635061504885012e-20
    outer loop
      vertex 4.432877977015394 -67.66009449188981 0
      vertex 4.441504019726629 -67.55049022713793 0
      vertex 4.441504019726629 -67.55049022713793 5.99
    endloop
  endfacet
  facet normal 0.2840153447039986 0.9588197348681705 -3.5753460844152164e-20
    outer loop
      vertex 5.9864800052847045 -69.79844423520704 0
      vertex 5.881064311812608 -69.76721868421981 0
      vertex 5.881064311812608 -69.76721868421981 5.99
    endloop
  endfacet
  facet normal 0.2334453638558314 0.9723699203976943 0
    outer loop
      vertex 5.9864800052847045 -69.79844423520704 0
      vertex 5.9864800052847045 -69.79844423520704 5.99
      vertex 6.093385449282707 -69.82410996154098 0
    endloop
  endfacet
  facet normal 0.9025852843498771 0.4305110968082607 0
    outer loop
      vertex 4.611554538950543 -68.62414695045918 0
      vertex 4.611554538950543 -68.62414695045918 5.99
      vertex 4.6588862992044255 -68.72338004945304 0
    endloop
  endfacet
  facet normal 0.8241261886220282 0.5664062369248144 -2.038964558204746e-19
    outer loop
      vertex 4.831064311812611 -69.0043490298142 0
      vertex 4.768791807314614 -68.91374197353156 0
      vertex 4.768791807314614 -68.91374197353156 5.99
    endloop
  endfacet
  facet normal 0.7933533402911954 0.6087614290087725 0
    outer loop
      vertex 4.831064311812611 -69.0043490298142 0
      vertex 4.831064311812611 -69.0043490298142 5.99
      vertex 4.8979934809403645 -69.09157282120465 0
    endloop
  endfacet
  facet normal 0.8526401643541103 0.5224985647159196 3.217761421228812e-19
    outer loop
      vertex 4.768791807314614 -68.91374197353156 0
      vertex 4.711346652052683 -68.82 0
      vertex 4.711346652052683 -68.82 5.99
    endloop
  endfacet
  facet normal 0.8788171126619431 0.4771587602596494 -5.115137395773751e-19
    outer loop
      vertex 4.711346652052683 -68.82 0
      vertex 4.6588862992044255 -68.72338004945304 0
      vertex 4.6588862992044255 -68.72338004945304 5.99
    endloop
  endfacet
  facet normal 0.6494480483302528 0.7604059655999719 5.994353747139107e-19
    outer loop
      vertex 5.20842717879534 -69.40200651905964 0
      vertex 5.1248257266463995 -69.33060413350252 0
      vertex 5.1248257266463995 -69.33060413350252 5.99
    endloop
  endfacet
  facet normal 0.6883545756937197 0.7253743710123203 -3.6705563236281386e-19
    outer loop
      vertex 5.1248257266463995 -69.33060413350252 0
      vertex 5.045075759508251 -69.25492424049175 0
      vertex 5.045075759508251 -69.25492424049175 5.99
    endloop
  endfacet
  facet normal 0.6087614290087007 0.7933533402912506 0
    outer loop
      vertex 5.20842717879534 -69.40200651905964 0
      vertex 5.20842717879534 -69.40200651905964 5.99
      vertex 5.295650970185804 -69.46893568818739 0
    endloop
  endfacet
  facet normal 0.7604059656000902 0.6494480483301142 4.275684870368157e-19
    outer loop
      vertex 4.969395866497472 -69.1751742733536 0
      vertex 4.8979934809403645 -69.09157282120465 0
      vertex 4.8979934809403645 -69.09157282120465 5.99
    endloop
  endfacet
  facet normal 0.7253743710122573 0.6883545756937859 4.995067603870972e-19
    outer loop
      vertex 5.045075759508251 -69.25492424049175 0
      vertex 4.969395866497472 -69.1751742733536 0
      vertex 4.969395866497472 -69.1751742733536 5.99
    endloop
  endfacet
  facet normal 0.9426414910921602 0.3338068592338226 2.0017234478374114e-19
    outer loop
      vertex 4.56948110435588 -68.52257269404512 0
      vertex 4.532781315780177 -68.41893568818739 0
      vertex 4.532781315780177 -68.41893568818739 5.99
    endloop
  endfacet
  facet normal 0.9238795325112891 0.3826834323650843 -1.7852071951589025e-20
    outer loop
      vertex 4.611554538950543 -68.62414695045918 0
      vertex 4.56948110435588 -68.52257269404512 0
      vertex 4.56948110435588 -68.52257269404512 5.99
    endloop
  endfacet
  facet normal 0.9588197348681882 0.2840153447039392 5.0330712081040033e-20
    outer loop
      vertex 4.532781315780177 -68.41893568818739 0
      vertex 4.501555764792954 -68.31351999471529 0
      vertex 4.501555764792954 -68.31351999471529 5.99
    endloop
  endfacet
  facet normal 0.9723699203976797 0.2334453638558925 1.1970622956936006e-19
    outer loop
      vertex 4.501555764792954 -68.31351999471529 0
      vertex 4.475890038459006 -68.20661455071729 0
      vertex 4.475890038459006 -68.20661455071729 5.99
    endloop
  endfacet
  facet normal 0.5664062369247843 0.8241261886220489 -3.834864284621673e-19
    outer loop
      vertex 5.386258026468447 -69.53120819268538 0
      vertex 5.295650970185804 -69.46893568818739 0
      vertex 5.295650970185804 -69.46893568818739 5.99
    endloop
  endfacet
  facet normal 0.5224985647159484 0.8526401643540925 0
    outer loop
      vertex 5.386258026468447 -69.53120819268538 0
      vertex 5.386258026468447 -69.53120819268538 5.99
      vertex 5.480000000000004 -69.58865334794731 0
    endloop
  endfacet
  facet normal 0.4771587602596494 0.8788171126619431 -5.115137395773751e-19
    outer loop
      vertex 5.576619950546956 -69.64111370079557 0
      vertex 5.480000000000004 -69.58865334794731 0
      vertex 5.480000000000004 -69.58865334794731 5.99
    endloop
  endfacet
  facet normal 0.4305110968082607 0.9025852843498771 0
    outer loop
      vertex 5.576619950546956 -69.64111370079557 0
      vertex 5.576619950546956 -69.64111370079557 5.99
      vertex 5.6758530495408195 -69.68844546104945 0
    endloop
  endfacet
  facet normal 0.38268343236513946 0.9238795325112662 0
    outer loop
      vertex 5.6758530495408195 -69.68844546104945 0
      vertex 5.6758530495408195 -69.68844546104945 5.99
      vertex 5.777427305954873 -69.73051889564412 0
    endloop
  endfacet
  facet normal 0.33380685923370773 0.9426414910922009 0
    outer loop
      vertex 5.777427305954873 -69.73051889564412 0
      vertex 5.777427305954873 -69.73051889564412 5.99
      vertex 5.881064311812608 -69.76721868421981 0
    endloop
  endfacet
  facet normal 0 0 -1
    outer loop
      vertex 4.455854484750212 -68.09851237658448 0
      vertex 0.5300000000000011 -64.52000000327826 0
      vertex 4.441504019726629 -67.98950977286206 0
    endloop
  endfacet
  facet normal 0 0 -1
    outer loop
      vertex 4.441504019726629 -67.98950977286206 0
      vertex 0.5300000000000011 -64.52000000327826 0
      vertex 4.432877977015394 -67.87990550811018 0
    endloop
  endfacet
  facet normal 0 0 -1
    outer loop
      vertex 4.432877977015394 -67.87990550811018 0
      vertex 0.5300000000000011 -64.52000000327826 0
      vertex 4.43 -67.77 0
    endloop
  endfacet
  facet normal 0 0 -1
    outer loop
      vertex 4.43 -67.77 0
      vertex 0.5300000000000011 -64.52000000327826 0
      vertex 4.432877977015394 -67.66009449188981 0
    endloop
  endfacet
  facet normal 0 0 -1
    outer loop
      vertex 4.432877977015394 -67.66009449188981 0
      vertex 0.5300000000000011 -64.52000000327826 0
      vertex 4.441504019726629 -67.55049022713793 0
    endloop
  endfacet
  facet normal 0 0 -1
    outer loop
      vertex 4.441504019726629 -67.55049022713793 0
      vertex 0.5300000000000011 -64.52000000327826 0
      vertex 4.455854484750212 -67.44148762341551 0
    endloop
  endfacet
  facet normal 0 0 -1
    outer loop
      vertex 0.5300000000000011 -64.52000000327826 0
      vertex 4.475890038459006 -67.3333854492827 0
      vertex 4.455854484750212 -67.44148762341551 0
    endloop
  endfacet
  facet normal 0 0 -1
    outer loop
      vertex 0.5300000000000011 -64.52000000327826 0
      vertex 4.501555764792954 -67.2264800052847 0
      vertex 4.475890038459006 -67.3333854492827 0
    endloop
  endfacet
  facet normal 0 0 -1
    outer loop
      vertex 0.5300000000000011 -64.52000000327826 0
      vertex 4.532781315780177 -67.1210643118126 0
      vertex 4.501555764792954 -67.2264800052847 0
    endloop
  endfacet
  facet normal 0 0 -1
    outer loop
      vertex 0.5300000000000011 -64.52000000327826 0
      vertex 4.56948110435588 -67.01742730595487 0
      vertex 4.532781315780177 -67.1210643118126 0
    endloop
  endfacet
  facet normal 0 0 -1
    outer loop
      vertex 0.5300000000000011 -64.52000000327826 0
      vertex 4.611554538950543 -66.91585304954081 0
      vertex 4.56948110435588 -67.01742730595487 0
    endloop
  endfacet
  facet normal 0 0 -1
    outer loop
      vertex 0.5300000000000011 -64.52000000327826 0
      vertex 4.6588862992044255 -66.81661995054695 0
      vertex 4.611554538950543 -66.91585304954081 0
    endloop
  endfacet
  facet normal 0 0 -1
    outer loop
      vertex 0.5300000000000011 -64.52000000327826 0
      vertex 4.711346652052683 -66.72 0
      vertex 4.6588862992044255 -66.81661995054695 0
    endloop
  endfacet
  facet normal 0 0 -1
    outer loop
      vertex 0.5300000000000011 -64.52000000327826 0
      vertex 4.768791807314614 -66.62625802646843 0
      vertex 4.711346652052683 -66.72 0
    endloop
  endfacet
  facet normal 0 0 -1
    outer loop
      vertex 0.5300000000000011 -64.52000000327826 0
      vertex 4.831064311812611 -66.5356509701858 0
      vertex 4.768791807314614 -66.62625802646843 0
    endloop
  endfacet
  facet normal 0 0 -1
    outer loop
      vertex 0.5300000000000011 -64.52000000327826 0
      vertex 4.8979934809403645 -66.44842717879534 0
      vertex 4.831064311812611 -66.5356509701858 0
    endloop
  endfacet
  facet normal 0 0 -1
    outer loop
      vertex 0.5300000000000011 -64.52000000327826 0
      vertex 4.969395866497472 -66.36482572664639 0
      vertex 4.8979934809403645 -66.44842717879534 0
    endloop
  endfacet
  facet normal 0 0 -1
    outer loop
      vertex 0.5300000000000011 -64.52000000327826 0
      vertex 5.045075759508251 -66.28507575950825 0
      vertex 4.969395866497472 -66.36482572664639 0
    endloop
  endfacet
  facet normal 0 0 -1
    outer loop
      vertex 0.5300000000000011 -64.52000000327826 0
      vertex 5.1248257266463995 -66.20939586649747 0
      vertex 5.045075759508251 -66.28507575950825 0
    endloop
  endfacet
  facet normal 0 0 -1
    outer loop
      vertex 0.5300000000000011 -64.52000000327826 0
      vertex 5.20842717879534 -66.13799348094035 0
      vertex 5.1248257266463995 -66.20939586649747 0
    endloop
  endfacet
  facet normal 0 0 -1
    outer loop
      vertex 0.5300000000000011 -64.52000000327826 0
      vertex 5.295650970185804 -66.0710643118126 0
      vertex 5.20842717879534 -66.13799348094035 0
    endloop
  endfacet
  facet normal 0 0 -1
    outer loop
      vertex 0.5300000000000011 -64.52000000327826 0
      vertex 5.386258026468447 -66.00879180731461 0
      vertex 5.295650970185804 -66.0710643118126 0
    endloop
  endfacet
  facet normal 0 0 -1
    outer loop
      vertex 0.5300000000000011 -64.52000000327826 0
      vertex 5.480000000000004 -65.95134665205268 0
      vertex 5.386258026468447 -66.00879180731461 0
    endloop
  endfacet
  facet normal 0 0 -1
    outer loop
      vertex 0.5300000000000011 -64.52000000327826 0
      vertex 5.576619950546956 -65.89888629920442 0
      vertex 5.480000000000004 -65.95134665205268 0
    endloop
  endfacet
  facet normal 0 0 -1
    outer loop
      vertex 0.5300000000000011 -64.52000000327826 0
      vertex 5.6758530495408195 -65.85155453895054 0
      vertex 5.576619950546956 -65.89888629920442 0
    endloop
  endfacet
  facet normal 0 0 -1
    outer loop
      vertex 0.5300000000000011 -64.52000000327826 0
      vertex 5.777427305954873 -65.80948110435587 0
      vertex 5.6758530495408195 -65.85155453895054 0
    endloop
  endfacet
  facet normal 0 0 -1
    outer loop
      vertex 0.5300000000000011 -64.52000000327826 0
      vertex 5.881064311812608 -65.77278131578018 0
      vertex 5.777427305954873 -65.80948110435587 0
    endloop
  endfacet
  facet normal 0 0 -1
    outer loop
      vertex 0.5300000000000011 -64.52000000327826 0
      vertex 5.9864800052847045 -65.74155576479295 0
      vertex 5.881064311812608 -65.77278131578018 0
    endloop
  endfacet
  facet normal 0 0 -1
    outer loop
      vertex 0.5300000000000011 -64.52000000327826 0
      vertex 6.093385449282707 -65.71589003845901 0
      vertex 5.9864800052847045 -65.74155576479295 0
    endloop
  endfacet
  facet normal 0 0 -1
    outer loop
      vertex 0.5300000000000011 -64.52000000327826 0
      vertex 6.201487623415517 -65.69585448475021 0
      vertex 6.093385449282707 -65.71589003845901 0
    endloop
  endfacet
  facet normal 0 0 -1
    outer loop
      vertex 0.5300000000000011 -64.52000000327826 0
      vertex 6.310490227137926 -65.68150401972662 0
      vertex 6.201487623415517 -65.69585448475021 0
    endloop
  endfacet
  facet normal 0 0 -1
    outer loop
      vertex 0.5300000000000011 -64.52000000327826 0
      vertex 6.42009449188982 -65.67287797701539 0
      vertex 6.310490227137926 -65.68150401972662 0
    endloop
  endfacet
  facet normal 0 0 -1
    outer loop
      vertex 0.5300000000000011 -64.52000000327826 0
      vertex 6.639905508110182 -65.67287797701539 0
      vertex 6.530000000000001 -65.67 0
    endloop
  endfacet
  facet normal 0 0 -1
    outer loop
      vertex 0.5300000000000011 -64.52000000327826 0
      vertex 6.530000000000001 -65.67 0
      vertex 6.42009449188982 -65.67287797701539 0
    endloop
  endfacet
  facet normal 0 0 -1
    outer loop
      vertex 0.5300000000000011 -64.52000000327826 0
      vertex 6.749509772862076 -65.68150401972662 0
      vertex 6.639905508110182 -65.67287797701539 0
    endloop
  endfacet
  facet normal 0 0 -1
    outer loop
      vertex 0.5300000000000011 -64.52000000327826 0
      vertex 6.8585123765844855 -65.69585448475021 0
      vertex 6.749509772862076 -65.68150401972662 0
    endloop
  endfacet
  facet normal 0 0 -1
    outer loop
      vertex 0.5300000000000011 -64.52000000327826 0
      vertex 6.966614550717296 -65.71589003845901 0
      vertex 6.8585123765844855 -65.69585448475021 0
    endloop
  endfacet
  facet normal 0.9914448613738136 -0.13052619222002776 6.552131011288937e-20
    outer loop
      vertex 4.441504019726629 -67.55049022713793 0
      vertex 4.455854484750212 -67.44148762341551 0
      vertex 4.455854484750212 -67.44148762341551 5.99
    endloop
  endfacet
  facet normal 0.9832549075639596 -0.18223552549212066 -1.2373547629900716e-19
    outer loop
      vertex 4.455854484750212 -67.44148762341551 0
      vertex 4.475890038459006 -67.3333854492827 0
      vertex 4.475890038459006 -67.3333854492827 5.99
    endloop
  endfacet
  facet normal 0.9723699203976797 -0.2334453638558925 -1.1970622956936006e-19
    outer loop
      vertex 4.475890038459006 -67.3333854492827 0
      vertex 4.501555764792954 -67.2264800052847 0
      vertex 4.501555764792954 -67.2264800052847 5.99
    endloop
  endfacet
  facet normal 0.9588197348681882 -0.2840153447039392 -5.0330712081040033e-20
    outer loop
      vertex 4.501555764792954 -67.2264800052847 0
      vertex 4.532781315780177 -67.1210643118126 0
      vertex 4.532781315780177 -67.1210643118126 5.99
    endloop
  endfacet
  facet normal 0.9426414910921602 -0.3338068592338226 -2.0017234478374114e-19
    outer loop
      vertex 4.532781315780177 -67.1210643118126 0
      vertex 4.56948110435588 -67.01742730595487 0
      vertex 4.56948110435588 -67.01742730595487 5.99
    endloop
  endfacet
  facet normal 0.9238795325112891 -0.3826834323650843 1.7852071951589025e-20
    outer loop
      vertex 4.56948110435588 -67.01742730595487 0
      vertex 4.611554538950543 -66.91585304954081 0
      vertex 4.611554538950543 -66.91585304954081 5.99
    endloop
  endfacet
  facet normal 0.9025852843498771 -0.4305110968082607 3.4021613224343004e-19
    outer loop
      vertex 4.611554538950543 -66.91585304954081 0
      vertex 4.6588862992044255 -66.81661995054695 0
      vertex 4.6588862992044255 -66.81661995054695 5.99
    endloop
  endfacet
  facet normal 0.8788171126619431 -0.4771587602596494 5.115137395773751e-19
    outer loop
      vertex 4.6588862992044255 -66.81661995054695 0
      vertex 4.711346652052683 -66.72 0
      vertex 4.711346652052683 -66.72 5.99
    endloop
  endfacet
  facet normal 0.8526401643541103 -0.5224985647159196 -3.217761421228812e-19
    outer loop
      vertex 4.711346652052683 -66.72 0
      vertex 4.768791807314614 -66.62625802646843 0
      vertex 4.768791807314614 -66.62625802646843 5.99
    endloop
  endfacet
  facet normal 0.8241261886220282 -0.5664062369248144 2.038964558204746e-19
    outer loop
      vertex 4.768791807314614 -66.62625802646843 0
      vertex 4.831064311812611 -66.5356509701858 0
      vertex 4.831064311812611 -66.5356509701858 5.99
    endloop
  endfacet
  facet normal 0.7933533402911954 -0.6087614290087725 3.1082048981771067e-19
    outer loop
      vertex 4.831064311812611 -66.5356509701858 0
      vertex 4.8979934809403645 -66.44842717879534 0
      vertex 4.8979934809403645 -66.44842717879534 5.99
    endloop
  endfacet
  facet normal 0.7604059656000902 -0.6494480483301142 -4.275684870368157e-19
    outer loop
      vertex 4.8979934809403645 -66.44842717879534 0
      vertex 4.969395866497472 -66.36482572664639 0
      vertex 4.969395866497472 -66.36482572664639 5.99
    endloop
  endfacet
  facet normal 0.7253743710122573 -0.6883545756937859 -4.995067603870972e-19
    outer loop
      vertex 4.969395866497472 -66.36482572664639 0
      vertex 5.045075759508251 -66.28507575950825 0
      vertex 5.045075759508251 -66.28507575950825 5.99
    endloop
  endfacet
  facet normal 0.6883545756937197 -0.7253743710123203 3.6705563236281386e-19
    outer loop
      vertex 5.045075759508251 -66.28507575950825 0
      vertex 5.1248257266463995 -66.20939586649747 0
      vertex 5.1248257266463995 -66.20939586649747 5.99
    endloop
  endfacet
  facet normal 0.6494480483302528 -0.7604059655999719 -5.994353747139107e-19
    outer loop
      vertex 5.1248257266463995 -66.20939586649747 0
      vertex 5.20842717879534 -66.13799348094035 0
      vertex 5.20842717879534 -66.13799348094035 5.99
    endloop
  endfacet
  facet normal 0.6087614290087007 -0.7933533402912506 -2.3113917461507972e-20
    outer loop
      vertex 5.20842717879534 -66.13799348094035 0
      vertex 5.295650970185804 -66.0710643118126 0
      vertex 5.295650970185804 -66.0710643118126 5.99
    endloop
  endfacet
  facet normal 0.5664062369247843 -0.8241261886220489 3.834864284621673e-19
    outer loop
      vertex 5.295650970185804 -66.0710643118126 0
      vertex 5.386258026468447 -66.00879180731461 0
      vertex 5.386258026468447 -66.00879180731461 5.99
    endloop
  endfacet
  facet normal 0.5224985647159484 -0.8526401643540925 2.17280303874514e-19
    outer loop
      vertex 5.386258026468447 -66.00879180731461 0
      vertex 5.480000000000004 -65.95134665205268 0
      vertex 5.480000000000004 -65.95134665205268 5.99
    endloop
  endfacet
  facet normal 0.4771587602596494 -0.8788171126619431 5.115137395773751e-19
    outer loop
      vertex 5.480000000000004 -65.95134665205268 0
      vertex 5.576619950546956 -65.89888629920442 0
      vertex 5.576619950546956 -65.89888629920442 5.99
    endloop
  endfacet
  facet normal 0.4305110968082607 -0.9025852843498771 3.4021613224343004e-19
    outer loop
      vertex 5.576619950546956 -65.89888629920442 0
      vertex 5.6758530495408195 -65.85155453895054 0
      vertex 5.6758530495408195 -65.85155453895054 5.99
    endloop
  endfacet
  facet normal 0.38268343236513946 -0.9238795325112662 1.4469607776864186e-19
    outer loop
      vertex 5.6758530495408195 -65.85155453895054 0
      vertex 5.777427305954873 -65.80948110435587 0
      vertex 5.777427305954873 -65.80948110435587 5.99
    endloop
  endfacet
  facet normal 0.33380685923370773 -0.9426414910922009 -1.8529481429574259e-19
    outer loop
      vertex 5.777427305954873 -65.80948110435587 0
      vertex 5.881064311812608 -65.77278131578018 0
      vertex 5.881064311812608 -65.77278131578018 5.99
    endloop
  endfacet
  facet normal 0.2840153447039986 -0.9588197348681705 3.5753460844152164e-20
    outer loop
      vertex 5.881064311812608 -65.77278131578018 0
      vertex 5.9864800052847045 -65.74155576479295 0
      vertex 5.9864800052847045 -65.74155576479295 5.99
    endloop
  endfacet
  facet normal -0.9588197384607063 -0.28401533257580097 0
    outer loop
      vertex 0.6278869646787655 -70.63803399026393 0
      vertex 0.6278869646787655 -70.63803399026393 8
      vertex 0.5981483447551739 -70.53763808727264 8
    endloop
  endfacet
  facet normal -0.9723699266881016 -0.23344533765439804 0
    outer loop
      vertex 0.5981483447551739 -70.53763808727264 0
      vertex 0.5981483447551739 -70.53763808727264 8
      vertex 0.5737048003077518 -70.43582338511943 8
    endloop
  endfacet
  facet normal -0.9832549067222632 -0.18223553003350748 0
    outer loop
      vertex 0.5737048003077518 -70.43582338511943 0
      vertex 0.5737048003077518 -70.43582338511943 8
      vertex 0.5546233195066463 -70.33286893039941 8
    endloop
  endfacet
  facet normal -0.9914448646709336 -0.130526167175912 0
    outer loop
      vertex 0.5546233195066463 -70.33286893039941 0
      vertex 0.5546233195066463 -70.33286893039941 8
      vertex 0.5409562128782284 -70.22905692875385 8
    endloop
  endfacet
  facet normal -0.9969173287082567 -0.07845915957486238 0
    outer loop
      vertex 0.5409562128782284 -70.22905692875385 0
      vertex 0.5409562128782284 -70.22905692875385 8
      vertex 0.5327409270405781 -70.12467191040516 8
    endloop
  endfacet
  facet normal -0.9996573258242132 -0.026176915898989524 0
    outer loop
      vertex 0.5327409270405781 -70.12467191040516 0
      vertex 0.5327409270405781 -70.12467191040516 8
      vertex 0.5300000000000011 -70.02 8
    endloop
  endfacet
  facet normal -0.9025853144542187 -0.43051103369319 0
    outer loop
      vertex 0.7479869487881672 -70.92798100084066 0
      vertex 0.7479869487881672 -70.92798100084066 8
      vertex 0.70290908843279 -70.83347328424453 8
    endloop
  endfacet
  facet normal -0.8788170932013816 -0.4771587961015434 0
    outer loop
      vertex 0.7979491937160503 -71.02 0
      vertex 0.7979491937160503 -71.02 8
      vertex 0.7479869487881672 -70.92798100084066 8
    endloop
  endfacet
  facet normal -0.7933533513494008 -0.6087614145974385 0
    outer loop
      vertex 0.9757080736756336 -71.27864078104496 0
      vertex 0.9757080736756336 -71.27864078104496 8
      vertex 0.9119660097360622 -71.19557050287723 8
    endloop
  endfacet
  facet normal -0.824126195039763 -0.5664062275869525 0
    outer loop
      vertex 0.9119660097360622 -71.19557050287723 0
      vertex 0.9119660097360622 -71.19557050287723 8
      vertex 0.8526588666439068 -71.10927807211876 8
    endloop
  endfacet
  facet normal -0.8526401644822993 -0.5224985645067338 0
    outer loop
      vertex 0.8526588666439068 -71.10927807211876 0
      vertex 0.8526588666439068 -71.10927807211876 8
      vertex 0.7979491937160503 -71.02 8
    endloop
  endfacet
  facet normal -0.6883545743569364 -0.7253743722808802 0
    outer loop
      vertex 1.1917387905716907 -71.5062896502018 0
      vertex 1.1917387905716907 -71.5062896502018 8
      vertex 1.1157864394783985 -71.4342135605216 8
    endloop
  endfacet
  facet normal -0.6494480818611015 -0.7604059369619204 0
    outer loop
      vertex 1.2713592189550411 -71.57429192632436 0
      vertex 1.2713592189550411 -71.57429192632436 8
      vertex 1.1917387905716907 -71.5062896502018 8
    endloop
  endfacet
  facet normal -0.6087614145974385 -0.7933533513494008 0
    outer loop
      vertex 1.3544294971227657 -71.63803399026393 0
      vertex 1.3544294971227657 -71.63803399026393 8
      vertex 1.2713592189550411 -71.57429192632436 8
    endloop
  endfacet
  facet normal -0.7253743722808802 -0.6883545743569364 0
    outer loop
      vertex 1.1157864394783985 -71.4342135605216 0
      vertex 1.1157864394783985 -71.4342135605216 8
      vertex 1.0437103497982037 -71.3582612094283 8
    endloop
  endfacet
  facet normal -0.7604059369619204 -0.6494480818611015 0
    outer loop
      vertex 1.0437103497982037 -71.3582612094283 0
      vertex 1.0437103497982037 -71.3582612094283 8
      vertex 0.9757080736756336 -71.27864078104496 8
    endloop
  endfacet
  facet normal -0.92387952935444 -0.38268343998639204 0
    outer loop
      vertex 0.70290908843279 -70.83347328424453 0
      vertex 0.70290908843279 -70.83347328424453 8
      vertex 0.6628391507267963 -70.73673589944839 8
    endloop
  endfacet
  facet normal -0.9426414704722688 -0.33380691746259405 0
    outer loop
      vertex 0.6628391507267963 -70.73673589944839 0
      vertex 0.6628391507267963 -70.73673589944839 8
      vertex 0.6278869646787655 -70.63803399026393 8
    endloop
  endfacet
  facet normal -0.5664062275869525 -0.824126195039763 0
    outer loop
      vertex 1.440721927881242 -71.69734113335609 0
      vertex 1.440721927881242 -71.69734113335609 8
      vertex 1.3544294971227657 -71.63803399026393 8
    endloop
  endfacet
  facet normal -0.5224985645067338 -0.8526401644822993 0
    outer loop
      vertex 1.5300000000000011 -71.75205080628395 0
      vertex 1.5300000000000011 -71.75205080628395 8
      vertex 1.440721927881242 -71.69734113335609 8
    endloop
  endfacet
  facet normal -0.4771587961015434 -0.8788170932013816 0
    outer loop
      vertex 1.6220189991593372 -71.80201305121183 0
      vertex 1.6220189991593372 -71.80201305121183 8
      vertex 1.5300000000000011 -71.75205080628395 8
    endloop
  endfacet
  facet normal -0.43051103369319 -0.9025853144542187 0
    outer loop
      vertex 1.7165267157554638 -71.84709091156721 0
      vertex 1.7165267157554638 -71.84709091156721 8
      vertex 1.6220189991593372 -71.80201305121183 8
    endloop
  endfacet
  facet normal -0.38268343998639204 -0.92387952935444 0
    outer loop
      vertex 1.8132641005516064 -71.8871608492732 0
      vertex 1.8132641005516064 -71.8871608492732 8
      vertex 1.7165267157554638 -71.84709091156721 8
    endloop
  endfacet
  facet normal -0.33380691746259405 -0.9426414704722688 0
    outer loop
      vertex 1.9119660097360622 -71.92211303532123 0
      vertex 1.9119660097360622 -71.92211303532123 8
      vertex 1.8132641005516064 -71.8871608492732 8
    endloop
  endfacet
  facet normal -0.28401533257580097 -0.9588197384607063 0
    outer loop
      vertex 2.012361912727357 -71.95185165524482 0
      vertex 2.012361912727357 -71.95185165524482 8
      vertex 1.9119660097360622 -71.92211303532123 8
    endloop
  endfacet
  facet normal -0.23344533765439804 -0.9723699266881016 0
    outer loop
      vertex 2.114176614880563 -71.97629519969225 0
      vertex 2.114176614880563 -71.97629519969225 8
      vertex 2.012361912727357 -71.95185165524482 8
    endloop
  endfacet
  facet normal -0.18223553003350748 -0.9832549067222632 0
    outer loop
      vertex 2.2171310696005833 -71.99537668049335 0
      vertex 2.2171310696005833 -71.99537668049335 8
      vertex 2.114176614880563 -71.97629519969225 8
    endloop
  endfacet
  facet normal -0.130526167175912 -0.9914448646709336 0
    outer loop
      vertex 2.3209430712461483 -72.00904378712177 0
      vertex 2.3209430712461483 -72.00904378712177 8
      vertex 2.2171310696005833 -71.99537668049335 8
    endloop
  endfacet
  facet normal -0.07845915957486238 -0.9969173287082567 0
    outer loop
      vertex 2.425328089594842 -72.01725907295942 0
      vertex 2.425328089594842 -72.01725907295942 8
      vertex 2.3209430712461483 -72.00904378712177 8
    endloop
  endfacet
  facet normal -0.026176915898989524 -0.9996573258242132 0
    outer loop
      vertex 2.530000000000001 -72.02 0
      vertex 2.530000000000001 -72.02 8
      vertex 2.425328089594842 -72.01725907295942 8
    endloop
  endfacet
  facet normal -1 0 0
    outer loop
      vertex 0.5300000000000011 -64.52000000327826 0
      vertex 0.5300000000000011 -70.02 8
      vertex 0.5300000000000011 -64.52000000327826 8
    endloop
  endfacet
  facet normal 0.9832549075639596 0.18223552549212066 0
    outer loop
      vertex 4.475890038459006 -68.20661455071729 0
      vertex 4.455854484750212 -68.09851237658448 5.99
      vertex 4.475890038459006 -68.20661455071729 5.99
    endloop
  endfacet
  facet normal 0.9969173337331246 0.07845909572788737 0
    outer loop
      vertex 4.441504019726629 -67.98950977286206 0
      vertex 4.432877977015394 -67.87990550811018 5.99
      vertex 4.441504019726629 -67.98950977286206 5.99
    endloop
  endfacet
  facet normal 0.9914448613738136 0.13052619222002776 0
    outer loop
      vertex 4.455854484750212 -68.09851237658448 0
      vertex 4.441504019726629 -67.98950977286206 5.99
      vertex 4.455854484750212 -68.09851237658448 5.99
    endloop
  endfacet
  facet normal 0.9996573249755575 0.026176948307869367 0
    outer loop
      vertex 4.432877977015394 -67.87990550811018 0
      vertex 4.43 -67.77 5.99
      vertex 4.432877977015394 -67.87990550811018 5.99
    endloop
  endfacet
  facet normal 0.9996573249755575 -0.026176948307869367 0
    outer loop
      vertex 4.43 -67.77 0
      vertex 4.432877977015394 -67.66009449188981 5.99
      vertex 4.43 -67.77 5.99
    endloop
  endfacet
  facet normal 0.9969173337331246 -0.07845909572788737 0
    outer loop
      vertex 4.432877977015394 -67.66009449188981 0
      vertex 4.441504019726629 -67.55049022713793 5.99
      vertex 4.432877977015394 -67.66009449188981 5.99
    endloop
  endfacet
  facet normal 0.2840153447039986 0.9588197348681705 0
    outer loop
      vertex 5.9864800052847045 -69.79844423520704 0
      vertex 5.881064311812608 -69.76721868421981 5.99
      vertex 5.9864800052847045 -69.79844423520704 5.99
    endloop
  endfacet
  facet normal 0.9025852843498771 0.4305110968082607 0
    outer loop
      vertex 4.6588862992044255 -68.72338004945304 0
      vertex 4.611554538950543 -68.62414695045918 5.99
      vertex 4.6588862992044255 -68.72338004945304 5.99
    endloop
  endfacet
  facet normal 0.8241261886220282 0.5664062369248144 0
    outer loop
      vertex 4.831064311812611 -69.0043490298142 0
      vertex 4.768791807314614 -68.91374197353156 5.99
      vertex 4.831064311812611 -69.0043490298142 5.99
    endloop
  endfacet
  facet normal 0.8526401643541103 0.5224985647159196 0
    outer loop
      vertex 4.768791807314614 -68.91374197353156 0
      vertex 4.711346652052683 -68.82 5.99
      vertex 4.768791807314614 -68.91374197353156 5.99
    endloop
  endfacet
  facet normal 0.8788171126619431 0.4771587602596494 0
    outer loop
      vertex 4.711346652052683 -68.82 0
      vertex 4.6588862992044255 -68.72338004945304 5.99
      vertex 4.711346652052683 -68.82 5.99
    endloop
  endfacet
  facet normal 0.7253743710122573 0.6883545756937859 0
    outer loop
      vertex 5.045075759508251 -69.25492424049175 0
      vertex 4.969395866497472 -69.1751742733536 5.99
      vertex 5.045075759508251 -69.25492424049175 5.99
    endloop
  endfacet
  facet normal 0.6883545756937197 0.7253743710123203 0
    outer loop
      vertex 5.1248257266463995 -69.33060413350252 0
      vertex 5.045075759508251 -69.25492424049175 5.99
      vertex 5.1248257266463995 -69.33060413350252 5.99
    endloop
  endfacet
  facet normal 0.6494480483302528 0.7604059655999719 0
    outer loop
      vertex 5.20842717879534 -69.40200651905964 0
      vertex 5.1248257266463995 -69.33060413350252 5.99
      vertex 5.20842717879534 -69.40200651905964 5.99
    endloop
  endfacet
  facet normal 0.7604059656000902 0.6494480483301142 0
    outer loop
      vertex 4.969395866497472 -69.1751742733536 0
      vertex 4.8979934809403645 -69.09157282120465 5.99
      vertex 4.969395866497472 -69.1751742733536 5.99
    endloop
  endfacet
  facet normal 0.7933533402911954 0.6087614290087725 0
    outer loop
      vertex 4.8979934809403645 -69.09157282120465 0
      vertex 4.831064311812611 -69.0043490298142 5.99
      vertex 4.8979934809403645 -69.09157282120465 5.99
    endloop
  endfacet
  facet normal 0.9426414910921602 0.3338068592338226 0
    outer loop
      vertex 4.56948110435588 -68.52257269404512 0
      vertex 4.532781315780177 -68.41893568818739 5.99
      vertex 4.56948110435588 -68.52257269404512 5.99
    endloop
  endfacet
  facet normal 0.9588197348681882 0.2840153447039392 0
    outer loop
      vertex 4.532781315780177 -68.41893568818739 0
      vertex 4.501555764792954 -68.31351999471529 5.99
      vertex 4.532781315780177 -68.41893568818739 5.99
    endloop
  endfacet
  facet normal 0.9238795325112891 0.3826834323650843 0
    outer loop
      vertex 4.611554538950543 -68.62414695045918 0
      vertex 4.56948110435588 -68.52257269404512 5.99
      vertex 4.611554538950543 -68.62414695045918 5.99
    endloop
  endfacet
  facet normal 0.9723699203976797 0.2334453638558925 0
    outer loop
      vertex 4.501555764792954 -68.31351999471529 0
      vertex 4.475890038459006 -68.20661455071729 5.99
      vertex 4.501555764792954 -68.31351999471529 5.99
    endloop
  endfacet
  facet normal 0.5664062369247843 0.8241261886220489 0
    outer loop
      vertex 5.386258026468447 -69.53120819268538 0
      vertex 5.295650970185804 -69.46893568818739 5.99
      vertex 5.386258026468447 -69.53120819268538 5.99
    endloop
  endfacet
  facet normal 0.6087614290087007 0.7933533402912506 0
    outer loop
      vertex 5.295650970185804 -69.46893568818739 0
      vertex 5.20842717879534 -69.40200651905964 5.99
      vertex 5.295650970185804 -69.46893568818739 5.99
    endloop
  endfacet
  facet normal 0.5224985647159484 0.8526401643540925 0
    outer loop
      vertex 5.480000000000004 -69.58865334794731 0
      vertex 5.386258026468447 -69.53120819268538 5.99
      vertex 5.480000000000004 -69.58865334794731 5.99
    endloop
  endfacet
  facet normal 0.4771587602596494 0.8788171126619431 0
    outer loop
      vertex 5.576619950546956 -69.64111370079557 0
      vertex 5.480000000000004 -69.58865334794731 5.99
      vertex 5.576619950546956 -69.64111370079557 5.99
    endloop
  endfacet
  facet normal 0.4305110968082607 0.9025852843498771 0
    outer loop
      vertex 5.6758530495408195 -69.68844546104945 0
      vertex 5.576619950546956 -69.64111370079557 5.99
      vertex 5.6758530495408195 -69.68844546104945 5.99
    endloop
  endfacet
  facet normal 0.38268343236513946 0.9238795325112662 0
    outer loop
      vertex 5.777427305954873 -69.73051889564412 0
      vertex 5.6758530495408195 -69.68844546104945 5.99
      vertex 5.777427305954873 -69.73051889564412 5.99
    endloop
  endfacet
  facet normal 0.33380685923370773 0.9426414910922009 0
    outer loop
      vertex 5.881064311812608 -69.76721868421981 0
      vertex 5.777427305954873 -69.73051889564412 5.99
      vertex 5.881064311812608 -69.76721868421981 5.99
    endloop
  endfacet
  facet normal 0 0 -1
    outer loop
      vertex 4.455854484750212 -68.09851237658448 5.99
      vertex 4.441504019726629 -67.98950977286206 5.99
      vertex 4.441504019726629 -67.55049022713793 5.99
    endloop
  endfacet
  facet normal 0 0 -1
    outer loop
      vertex 4.441504019726629 -67.98950977286206 5.99
      vertex 4.432877977015394 -67.87990550811018 5.99
      vertex 4.432877977015394 -67.66009449188981 5.99
    endloop
  endfacet
  facet normal 0 0 -1
    outer loop
      vertex 4.475890038459006 -68.20661455071729 5.99
      vertex 4.455854484750212 -68.09851237658448 5.99
      vertex 4.455854484750212 -67.44148762341551 5.99
    endloop
  endfacet
  facet normal 0 0 -1
    outer loop
      vertex 4.432877977015394 -67.87990550811018 5.99
      vertex 4.43 -67.77 5.99
      vertex 4.432877977015394 -67.66009449188981 5.99
    endloop
  endfacet
  facet normal 0 0 -1
    outer loop
      vertex 4.441504019726629 -67.98950977286206 5.99
      vertex 4.432877977015394 -67.66009449188981 5.99
      vertex 4.441504019726629 -67.55049022713793 5.99
    endloop
  endfacet
  facet normal 0 0 -1
    outer loop
      vertex 4.455854484750212 -68.09851237658448 5.99
      vertex 4.441504019726629 -67.55049022713793 5.99
      vertex 4.455854484750212 -67.44148762341551 5.99
    endloop
  endfacet
  facet normal 0 0 -1
    outer loop
      vertex 4.475890038459006 -68.20661455071729 5.99
      vertex 4.455854484750212 -67.44148762341551 5.99
      vertex 4.475890038459006 -67.3333854492827 5.99
    endloop
  endfacet
  facet normal 0 0 -1
    outer loop
      vertex 4.611554538950543 -68.62414695045918 5.99
      vertex 4.611554538950543 -66.91585304954081 5.99
      vertex 4.6588862992044255 -68.72338004945304 5.99
    endloop
  endfacet
  facet normal 0 0 -1
    outer loop
      vertex 4.711346652052683 -68.82 5.99
      vertex 4.6588862992044255 -68.72338004945304 5.99
      vertex 4.6588862992044255 -66.81661995054695 5.99
    endloop
  endfacet
  facet normal 0 0 -1
    outer loop
      vertex 4.768791807314614 -68.91374197353156 5.99
      vertex 4.711346652052683 -68.82 5.99
      vertex 4.711346652052683 -66.72 5.99
    endloop
  endfacet
  facet normal 0 0 -1
    outer loop
      vertex 4.831064311812611 -69.0043490298142 5.99
      vertex 4.768791807314614 -68.91374197353156 5.99
      vertex 4.768791807314614 -66.62625802646843 5.99
    endloop
  endfacet
  facet normal 0 0 -1
    outer loop
      vertex 4.831064311812611 -69.0043490298142 5.99
      vertex 4.831064311812611 -66.5356509701858 5.99
      vertex 4.8979934809403645 -69.09157282120465 5.99
    endloop
  endfacet
  facet normal 0 0 -1
    outer loop
      vertex 4.532781315780177 -68.41893568818739 5.99
      vertex 4.501555764792954 -68.31351999471529 5.99
      vertex 4.501555764792954 -67.2264800052847 5.99
    endloop
  endfacet
  facet normal 0 0 -1
    outer loop
      vertex 4.501555764792954 -68.31351999471529 5.99
      vertex 4.475890038459006 -68.20661455071729 5.99
      vertex 4.475890038459006 -67.3333854492827 5.99
    endloop
  endfacet
  facet normal 0 0 -1
    outer loop
      vertex 4.56948110435588 -68.52257269404512 5.99
      vertex 4.532781315780177 -68.41893568818739 5.99
      vertex 4.532781315780177 -67.1210643118126 5.99
    endloop
  endfacet
  facet normal 0 0 -1
    outer loop
      vertex 4.56948110435588 -68.52257269404512 5.99
      vertex 4.56948110435588 -67.01742730595487 5.99
      vertex 4.611554538950543 -68.62414695045918 5.99
    endloop
  endfacet
  facet normal 0 0 -1
    outer loop
      vertex 4.501555764792954 -68.31351999471529 5.99
      vertex 4.475890038459006 -67.3333854492827 5.99
      vertex 4.501555764792954 -67.2264800052847 5.99
    endloop
  endfacet
  facet normal 0 0 -1
    outer loop
      vertex 4.532781315780177 -68.41893568818739 5.99
      vertex 4.501555764792954 -67.2264800052847 5.99
      vertex 4.532781315780177 -67.1210643118126 5.99
    endloop
  endfacet
  facet normal 0 0 -1
    outer loop
      vertex 4.56948110435588 -68.52257269404512 5.99
      vertex 4.532781315780177 -67.1210643118126 5.99
      vertex 4.56948110435588 -67.01742730595487 5.99
    endloop
  endfacet
  facet normal 0 0 -1
    outer loop
      vertex 4.611554538950543 -68.62414695045918 5.99
      vertex 4.56948110435588 -67.01742730595487 5.99
      vertex 4.611554538950543 -66.91585304954081 5.99
    endloop
  endfacet
  facet normal 0 0 -1
    outer loop
      vertex 4.969395866497472 -69.1751742733536 5.99
      vertex 4.8979934809403645 -69.09157282120465 5.99
      vertex 4.8979934809403645 -66.44842717879534 5.99
    endloop
  endfacet
  facet normal 0 0 -1
    outer loop
      vertex 5.045075759508251 -69.25492424049175 5.99
      vertex 4.969395866497472 -69.1751742733536 5.99
      vertex 4.969395866497472 -66.36482572664639 5.99
    endloop
  endfacet
  facet normal 0 0 -1
    outer loop
      vertex 5.1248257266463995 -69.33060413350252 5.99
      vertex 5.045075759508251 -69.25492424049175 5.99
      vertex 5.045075759508251 -66.28507575950825 5.99
    endloop
  endfacet
  facet normal 0 0 -1
    outer loop
      vertex 5.20842717879534 -69.40200651905964 5.99
      vertex 5.1248257266463995 -69.33060413350252 5.99
      vertex 5.1248257266463995 -66.20939586649747 5.99
    endloop
  endfacet
  facet normal 0 0 -1
    outer loop
      vertex 5.20842717879534 -69.40200651905964 5.99
      vertex 5.20842717879534 -66.13799348094035 5.99
      vertex 5.295650970185804 -69.46893568818739 5.99
    endloop
  endfacet
  facet normal 0 0 -1
    outer loop
      vertex 5.386258026468447 -69.53120819268538 5.99
      vertex 5.386258026468447 -66.00879180731461 5.99
      vertex 5.480000000000004 -69.58865334794731 5.99
    endloop
  endfacet
  facet normal 0 0 -1
    outer loop
      vertex 5.386258026468447 -69.53120819268538 5.99
      vertex 5.295650970185804 -69.46893568818739 5.99
      vertex 5.295650970185804 -66.0710643118126 5.99
    endloop
  endfacet
  facet normal 0 0 -1
    outer loop
      vertex 5.576619950546956 -69.64111370079557 5.99
      vertex 5.480000000000004 -69.58865334794731 5.99
      vertex 5.480000000000004 -65.95134665205268 5.99
    endloop
  endfacet
  facet normal 0 0 -1
    outer loop
      vertex 5.576619950546956 -69.64111370079557 5.99
      vertex 5.576619950546956 -65.89888629920442 5.99
      vertex 5.6758530495408195 -69.68844546104945 5.99
    endloop
  endfacet
  facet normal 0 0 -1
    outer loop
      vertex 5.6758530495408195 -69.68844546104945 5.99
      vertex 5.6758530495408195 -65.85155453895054 5.99
      vertex 5.777427305954873 -69.73051889564412 5.99
    endloop
  endfacet
  facet normal 0 0 -1
    outer loop
      vertex 5.777427305954873 -69.73051889564412 5.99
      vertex 5.777427305954873 -65.80948110435587 5.99
      vertex 5.881064311812608 -69.76721868421981 5.99
    endloop
  endfacet
  facet normal 0 0 -1
    outer loop
      vertex 5.9864800052847045 -69.79844423520704 5.99
      vertex 5.881064311812608 -69.76721868421981 5.99
      vertex 5.881064311812608 -65.77278131578018 5.99
    endloop
  endfacet
  facet normal 0 0 -1
    outer loop
      vertex 5.9864800052847045 -69.79844423520704 5.99
      vertex 5.9864800052847045 -65.74155576479295 5.99
      vertex 6.093385449282707 -69.82410996154098 5.99
    endloop
  endfacet
  facet normal 0.9914448613738136 -0.13052619222002776 0
    outer loop
      vertex 4.441504019726629 -67.55049022713793 0
      vertex 4.455854484750212 -67.44148762341551 5.99
      vertex 4.441504019726629 -67.55049022713793 5.99
    endloop
  endfacet
  facet normal 0.9832549075639596 -0.18223552549212066 0
    outer loop
      vertex 4.455854484750212 -67.44148762341551 0
      vertex 4.475890038459006 -67.3333854492827 5.99
      vertex 4.455854484750212 -67.44148762341551 5.99
    endloop
  endfacet
  facet normal 0.9723699203976797 -0.2334453638558925 0
    outer loop
      vertex 4.475890038459006 -67.3333854492827 0
      vertex 4.501555764792954 -67.2264800052847 5.99
      vertex 4.475890038459006 -67.3333854492827 5.99
    endloop
  endfacet
  facet normal 0.9588197348681882 -0.2840153447039392 0
    outer loop
      vertex 4.501555764792954 -67.2264800052847 0
      vertex 4.532781315780177 -67.1210643118126 5.99
      vertex 4.501555764792954 -67.2264800052847 5.99
    endloop
  endfacet
  facet normal 0.9426414910921602 -0.3338068592338226 0
    outer loop
      vertex 4.532781315780177 -67.1210643118126 0
      vertex 4.56948110435588 -67.01742730595487 5.99
      vertex 4.532781315780177 -67.1210643118126 5.99
    endloop
  endfacet
  facet normal 0.9238795325112891 -0.3826834323650843 0
    outer loop
      vertex 4.56948110435588 -67.01742730595487 0
      vertex 4.611554538950543 -66.91585304954081 5.99
      vertex 4.56948110435588 -67.01742730595487 5.99
    endloop
  endfacet
  facet normal 0.9025852843498771 -0.4305110968082607 0
    outer loop
      vertex 4.611554538950543 -66.91585304954081 0
      vertex 4.6588862992044255 -66.81661995054695 5.99
      vertex 4.611554538950543 -66.91585304954081 5.99
    endloop
  endfacet
  facet normal 0.8788171126619431 -0.4771587602596494 0
    outer loop
      vertex 4.6588862992044255 -66.81661995054695 0
      vertex 4.711346652052683 -66.72 5.99
      vertex 4.6588862992044255 -66.81661995054695 5.99
    endloop
  endfacet
  facet normal 0.8526401643541103 -0.5224985647159196 0
    outer loop
      vertex 4.711346652052683 -66.72 0
      vertex 4.768791807314614 -66.62625802646843 5.99
      vertex 4.711346652052683 -66.72 5.99
    endloop
  endfacet
  facet normal 0.8241261886220282 -0.5664062369248144 0
    outer loop
      vertex 4.768791807314614 -66.62625802646843 0
      vertex 4.831064311812611 -66.5356509701858 5.99
      vertex 4.768791807314614 -66.62625802646843 5.99
    endloop
  endfacet
  facet normal 0.7933533402911954 -0.6087614290087725 0
    outer loop
      vertex 4.831064311812611 -66.5356509701858 0
      vertex 4.8979934809403645 -66.44842717879534 5.99
      vertex 4.831064311812611 -66.5356509701858 5.99
    endloop
  endfacet
  facet normal 0.7604059656000902 -0.6494480483301142 0
    outer loop
      vertex 4.8979934809403645 -66.44842717879534 0
      vertex 4.969395866497472 -66.36482572664639 5.99
      vertex 4.8979934809403645 -66.44842717879534 5.99
    endloop
  endfacet
  facet normal 0.7253743710122573 -0.6883545756937859 0
    outer loop
      vertex 4.969395866497472 -66.36482572664639 0
      vertex 5.045075759508251 -66.28507575950825 5.99
      vertex 4.969395866497472 -66.36482572664639 5.99
    endloop
  endfacet
  facet normal 0.6883545756937197 -0.7253743710123203 0
    outer loop
      vertex 5.045075759508251 -66.28507575950825 0
      vertex 5.1248257266463995 -66.20939586649747 5.99
      vertex 5.045075759508251 -66.28507575950825 5.99
    endloop
  endfacet
  facet normal 0.6494480483302528 -0.7604059655999719 0
    outer loop
      vertex 5.1248257266463995 -66.20939586649747 0
      vertex 5.20842717879534 -66.13799348094035 5.99
      vertex 5.1248257266463995 -66.20939586649747 5.99
    endloop
  endfacet
  facet normal 0.6087614290087007 -0.7933533402912506 0
    outer loop
      vertex 5.20842717879534 -66.13799348094035 0
      vertex 5.295650970185804 -66.0710643118126 5.99
      vertex 5.20842717879534 -66.13799348094035 5.99
    endloop
  endfacet
  facet normal 0.5664062369247843 -0.8241261886220489 0
    outer loop
      vertex 5.295650970185804 -66.0710643118126 0
      vertex 5.386258026468447 -66.00879180731461 5.99
      vertex 5.295650970185804 -66.0710643118126 5.99
    endloop
  endfacet
  facet normal 0.5224985647159484 -0.8526401643540925 0
    outer loop
      vertex 5.386258026468447 -66.00879180731461 0
      vertex 5.480000000000004 -65.95134665205268 5.99
      vertex 5.386258026468447 -66.00879180731461 5.99
    endloop
  endfacet
  facet normal 0.4771587602596494 -0.8788171126619431 0
    outer loop
      vertex 5.480000000000004 -65.95134665205268 0
      vertex 5.576619950546956 -65.89888629920442 5.99
      vertex 5.480000000000004 -65.95134665205268 5.99
    endloop
  endfacet
  facet normal 0.4305110968082607 -0.9025852843498771 0
    outer loop
      vertex 5.576619950546956 -65.89888629920442 0
      vertex 5.6758530495408195 -65.85155453895054 5.99
      vertex 5.576619950546956 -65.89888629920442 5.99
    endloop
  endfacet
  facet normal 0.38268343236513946 -0.9238795325112662 0
    outer loop
      vertex 5.6758530495408195 -65.85155453895054 0
      vertex 5.777427305954873 -65.80948110435587 5.99
      vertex 5.6758530495408195 -65.85155453895054 5.99
    endloop
  endfacet
  facet normal 0.33380685923370773 -0.9426414910922009 0
    outer loop
      vertex 5.777427305954873 -65.80948110435587 0
      vertex 5.881064311812608 -65.77278131578018 5.99
      vertex 5.777427305954873 -65.80948110435587 5.99
    endloop
  endfacet
  facet normal 0.2840153447039986 -0.9588197348681705 0
    outer loop
      vertex 5.881064311812608 -65.77278131578018 0
      vertex 5.9864800052847045 -65.74155576479295 5.99
      vertex 5.881064311812608 -65.77278131578018 5.99
    endloop
  endfacet
  facet normal 0.2334453638558314 -0.9723699203976943 0
    outer loop
      vertex 5.9864800052847045 -65.74155576479295 0
      vertex 6.093385449282707 -65.71589003845901 5.99
      vertex 5.9864800052847045 -65.74155576479295 5.99
    endloop
  endfacet
  facet normal 0 0 -1
    outer loop
      vertex 4.6588862992044255 -68.72338004945304 5.99
      vertex 4.611554538950543 -66.91585304954081 5.99
      vertex 4.6588862992044255 -66.81661995054695 5.99
    endloop
  endfacet
  facet normal 0 0 -1
    outer loop
      vertex 4.711346652052683 -68.82 5.99
      vertex 4.6588862992044255 -66.81661995054695 5.99
      vertex 4.711346652052683 -66.72 5.99
    endloop
  endfacet
  facet normal 0 0 -1
    outer loop
      vertex 4.768791807314614 -68.91374197353156 5.99
      vertex 4.711346652052683 -66.72 5.99
      vertex 4.768791807314614 -66.62625802646843 5.99
    endloop
  endfacet
  facet normal 0 0 -1
    outer loop
      vertex 4.831064311812611 -69.0043490298142 5.99
      vertex 4.768791807314614 -66.62625802646843 5.99
      vertex 4.831064311812611 -66.5356509701858 5.99
    endloop
  endfacet
  facet normal 0 0 -1
    outer loop
      vertex 4.8979934809403645 -69.09157282120465 5.99
      vertex 4.831064311812611 -66.5356509701858 5.99
      vertex 4.8979934809403645 -66.44842717879534 5.99
    endloop
  endfacet
  facet normal 0 0 -1
    outer loop
      vertex 4.969395866497472 -69.1751742733536 5.99
      vertex 4.8979934809403645 -66.44842717879534 5.99
      vertex 4.969395866497472 -66.36482572664639 5.99
    endloop
  endfacet
  facet normal 0 0 -1
    outer loop
      vertex 5.045075759508251 -69.25492424049175 5.99
      vertex 4.969395866497472 -66.36482572664639 5.99
      vertex 5.045075759508251 -66.28507575950825 5.99
    endloop
  endfacet
  facet normal 0 0 -1
    outer loop
      vertex 5.1248257266463995 -69.33060413350252 5.99
      vertex 5.045075759508251 -66.28507575950825 5.99
      vertex 5.1248257266463995 -66.20939586649747 5.99
    endloop
  endfacet
  facet normal 0 0 -1
    outer loop
      vertex 5.20842717879534 -69.40200651905964 5.99
      vertex 5.1248257266463995 -66.20939586649747 5.99
      vertex 5.20842717879534 -66.13799348094035 5.99
    endloop
  endfacet
  facet normal 0 0 -1
    outer loop
      vertex 5.295650970185804 -69.46893568818739 5.99
      vertex 5.20842717879534 -66.13799348094035 5.99
      vertex 5.295650970185804 -66.0710643118126 5.99
    endloop
  endfacet
  facet normal 0 0 -1
    outer loop
      vertex 5.386258026468447 -69.53120819268538 5.99
      vertex 5.295650970185804 -66.0710643118126 5.99
      vertex 5.386258026468447 -66.00879180731461 5.99
    endloop
  endfacet
  facet normal 0 0 -1
    outer loop
      vertex 5.480000000000004 -69.58865334794731 5.99
      vertex 5.386258026468447 -66.00879180731461 5.99
      vertex 5.480000000000004 -65.95134665205268 5.99
    endloop
  endfacet
  facet normal 0 0 -1
    outer loop
      vertex 5.576619950546956 -69.64111370079557 5.99
      vertex 5.480000000000004 -65.95134665205268 5.99
      vertex 5.576619950546956 -65.89888629920442 5.99
    endloop
  endfacet
  facet normal 0 0 -1
    outer loop
      vertex 5.6758530495408195 -69.68844546104945 5.99
      vertex 5.576619950546956 -65.89888629920442 5.99
      vertex 5.6758530495408195 -65.85155453895054 5.99
    endloop
  endfacet
  facet normal 0 0 -1
    outer loop
      vertex 5.777427305954873 -69.73051889564412 5.99
      vertex 5.6758530495408195 -65.85155453895054 5.99
      vertex 5.777427305954873 -65.80948110435587 5.99
    endloop
  endfacet
  facet normal 0 0 -1
    outer loop
      vertex 5.881064311812608 -69.76721868421981 5.99
      vertex 5.777427305954873 -65.80948110435587 5.99
      vertex 5.881064311812608 -65.77278131578018 5.99
    endloop
  endfacet
  facet normal 0 0 -1
    outer loop
      vertex 5.9864800052847045 -69.79844423520704 5.99
      vertex 5.881064311812608 -65.77278131578018 5.99
      vertex 5.9864800052847045 -65.74155576479295 5.99
    endloop
  endfacet
  facet normal 0 0 -1
    outer loop
      vertex 0.6628391507267963 -70.73673589944839 0
      vertex 0.6278869646787655 -70.63803399026393 0
      vertex 19.53 -70.52 0
    endloop
  endfacet
  facet normal 0 0 -1
    outer loop
      vertex 0.5737048003077518 -70.43582338511943 0
      vertex 0.5546233195066463 -70.33286893039941 0
      vertex 19.53 -70.52 0
    endloop
  endfacet
  facet normal 0 0 -1
    outer loop
      vertex 0.5546233195066463 -70.33286893039941 0
      vertex 0.5409562128782284 -70.22905692875385 0
      vertex 19.53 -70.52 0
    endloop
  endfacet
  facet normal 0 0 -1
    outer loop
      vertex 0.6278869646787655 -70.63803399026393 0
      vertex 0.5981483447551739 -70.53763808727264 0
      vertex 19.53 -70.52 0
    endloop
  endfacet
  facet normal 0 0 -1
    outer loop
      vertex 0.5737048003077518 -70.43582338511943 0
      vertex 19.53 -70.52 0
      vertex 0.5981483447551739 -70.53763808727264 0
    endloop
  endfacet
  facet normal 0 0 -1
    outer loop
      vertex 0.5409562128782284 -70.22905692875385 0
      vertex 6.639905508110182 -69.8671220229846 0
      vertex 19.53 -70.52 0
    endloop
  endfacet
  facet normal 0.18223552549212066 0.9832549075639596 0
    outer loop
      vertex 6.093385449282707 -69.82410996154098 0
      vertex 6.093385449282707 -69.82410996154098 5.99
      vertex 6.201487623415517 -69.84414551524978 0
    endloop
  endfacet
  facet normal 0.13052619222016315 0.9914448613737956 0
    outer loop
      vertex 6.201487623415517 -69.84414551524978 0
      vertex 6.201487623415517 -69.84414551524978 5.99
      vertex 6.310490227137926 -69.85849598027337 0
    endloop
  endfacet
  facet normal 0.07845909572781304 0.9969173337331304 0
    outer loop
      vertex 6.310490227137926 -69.85849598027337 0
      vertex 6.310490227137926 -69.85849598027337 5.99
      vertex 6.42009449188982 -69.8671220229846 0
    endloop
  endfacet
  facet normal 0.02617694830780647 0.9996573249755589 0
    outer loop
      vertex 6.42009449188982 -69.8671220229846 0
      vertex 6.42009449188982 -69.8671220229846 5.99
      vertex 6.530000000000001 -69.86999999999999 0
    endloop
  endfacet
  facet normal -0.02617694830780647 0.9996573249755589 0
    outer loop
      vertex 6.530000000000001 -69.86999999999999 0
      vertex 6.530000000000001 -69.86999999999999 5.99
      vertex 6.639905508110182 -69.8671220229846 0
    endloop
  endfacet
  facet normal -0.07845909572781304 0.9969173337331304 0
    outer loop
      vertex 6.639905508110182 -69.8671220229846 0
      vertex 6.639905508110182 -69.8671220229846 5.99
      vertex 6.749509772862076 -69.85849598027337 0
    endloop
  endfacet
  facet normal -0.13052619222016315 0.9914448613737956 0
    outer loop
      vertex 6.749509772862076 -69.85849598027337 0
      vertex 6.749509772862076 -69.85849598027337 5.99
      vertex 6.8585123765844855 -69.84414551524978 0
    endloop
  endfacet
  facet normal -0.18223552549212066 0.9832549075639596 0
    outer loop
      vertex 6.8585123765844855 -69.84414551524978 0
      vertex 6.8585123765844855 -69.84414551524978 5.99
      vertex 6.966614550717296 -69.82410996154098 0
    endloop
  endfacet
  facet normal -0.2334453638558314 0.9723699203976943 0
    outer loop
      vertex 6.966614550717296 -69.82410996154098 0
      vertex 6.966614550717296 -69.82410996154098 5.99
      vertex 7.073519994715298 -69.79844423520704 0
    endloop
  endfacet
  facet normal -0.2840153447039986 0.9588197348681705 0
    outer loop
      vertex 7.073519994715298 -69.79844423520704 0
      vertex 7.073519994715298 -69.79844423520704 5.99
      vertex 7.178935688187394 -69.76721868421981 0
    endloop
  endfacet
  facet normal -0.33380685923370773 0.9426414910922009 0
    outer loop
      vertex 7.178935688187394 -69.76721868421981 0
      vertex 7.178935688187394 -69.76721868421981 5.99
      vertex 7.282572694045129 -69.73051889564412 0
    endloop
  endfacet
  facet normal -0.38268343236513946 0.9238795325112662 0
    outer loop
      vertex 7.282572694045129 -69.73051889564412 0
      vertex 7.282572694045129 -69.73051889564412 5.99
      vertex 7.384146950459183 -69.68844546104945 0
    endloop
  endfacet
  facet normal -0.4305110968082607 0.9025852843498771 0
    outer loop
      vertex 7.384146950459183 -69.68844546104945 0
      vertex 7.384146950459183 -69.68844546104945 5.99
      vertex 7.4833800494530465 -69.64111370079557 0
    endloop
  endfacet
  facet normal -0.4771587602596494 0.8788171126619431 0
    outer loop
      vertex 7.4833800494530465 -69.64111370079557 0
      vertex 7.4833800494530465 -69.64111370079557 5.99
      vertex 7.579999999999998 -69.58865334794731 0
    endloop
  endfacet
  facet normal -0.5224985647159484 0.8526401643540925 0
    outer loop
      vertex 7.579999999999998 -69.58865334794731 0
      vertex 7.579999999999998 -69.58865334794731 5.99
      vertex 7.6737419735315555 -69.53120819268538 0
    endloop
  endfacet
  facet normal -0.5664062369247843 0.8241261886220489 0
    outer loop
      vertex 7.6737419735315555 -69.53120819268538 0
      vertex 7.6737419735315555 -69.53120819268538 5.99
      vertex 7.764349029814198 -69.46893568818739 0
    endloop
  endfacet
  facet normal -0.6087614290087007 0.7933533402912506 0
    outer loop
      vertex 7.764349029814198 -69.46893568818739 0
      vertex 7.764349029814198 -69.46893568818739 5.99
      vertex 7.8515728212046625 -69.40200651905964 0
    endloop
  endfacet
  facet normal -0.6494480483302528 0.7604059655999719 0
    outer loop
      vertex 7.8515728212046625 -69.40200651905964 0
      vertex 7.8515728212046625 -69.40200651905964 5.99
      vertex 7.935174273353603 -69.33060413350252 0
    endloop
  endfacet
  facet normal -0.7253743710122573 0.6883545756937859 0
    outer loop
      vertex 8.014924240491752 -69.25492424049175 0
      vertex 8.014924240491752 -69.25492424049175 5.99
      vertex 8.09060413350253 -69.1751742733536 0
    endloop
  endfacet
  facet normal -0.6883545756937197 0.7253743710123203 0
    outer loop
      vertex 7.935174273353603 -69.33060413350252 0
      vertex 7.935174273353603 -69.33060413350252 5.99
      vertex 8.014924240491752 -69.25492424049175 0
    endloop
  endfacet
  facet normal -0.7604059656000902 0.6494480483301142 0
    outer loop
      vertex 8.09060413350253 -69.1751742733536 0
      vertex 8.09060413350253 -69.1751742733536 5.99
      vertex 8.162006519059638 -69.09157282120465 0
    endloop
  endfacet
  facet normal -0.7933533402911954 0.6087614290087725 0
    outer loop
      vertex 8.162006519059638 -69.09157282120465 0
      vertex 8.162006519059638 -69.09157282120465 5.99
      vertex 8.228935688187391 -69.0043490298142 0
    endloop
  endfacet
  facet normal -0.8241261886220282 0.5664062369248144 0
    outer loop
      vertex 8.228935688187391 -69.0043490298142 0
      vertex 8.228935688187391 -69.0043490298142 5.99
      vertex 8.291208192685389 -68.91374197353156 0
    endloop
  endfacet
  facet normal -0.8526401643541103 0.5224985647159196 0
    outer loop
      vertex 8.291208192685389 -68.91374197353156 0
      vertex 8.291208192685389 -68.91374197353156 5.99
      vertex 8.34865334794732 -68.82 0
    endloop
  endfacet
  facet normal -0.8788171126619431 0.4771587602596494 0
    outer loop
      vertex 8.34865334794732 -68.82 0
      vertex 8.34865334794732 -68.82 5.99
      vertex 8.401113700795577 -68.72338004945304 0
    endloop
  endfacet
  facet normal -0.9025852843498771 0.4305110968082607 0
    outer loop
      vertex 8.401113700795577 -68.72338004945304 0
      vertex 8.401113700795577 -68.72338004945304 5.99
      vertex 8.44844546104946 -68.62414695045918 0
    endloop
  endfacet
  facet normal -0.9238795325112891 0.3826834323650843 0
    outer loop
      vertex 8.44844546104946 -68.62414695045918 0
      vertex 8.44844546104946 -68.62414695045918 5.99
      vertex 8.490518895644122 -68.52257269404512 0
    endloop
  endfacet
  facet normal -0.9426414910921602 0.3338068592338226 0
    outer loop
      vertex 8.490518895644122 -68.52257269404512 0
      vertex 8.490518895644122 -68.52257269404512 5.99
      vertex 8.527218684219825 -68.41893568818739 0
    endloop
  endfacet
  facet normal -0.9588197348681882 0.2840153447039392 0
    outer loop
      vertex 8.527218684219825 -68.41893568818739 0
      vertex 8.527218684219825 -68.41893568818739 5.99
      vertex 8.558444235207048 -68.31351999471529 0
    endloop
  endfacet
  facet normal -0.9723699203976797 0.2334453638558925 0
    outer loop
      vertex 8.558444235207048 -68.31351999471529 0
      vertex 8.558444235207048 -68.31351999471529 5.99
      vertex 8.584109961540996 -68.20661455071729 0
    endloop
  endfacet
  facet normal -0.9832549075639596 0.18223552549212066 0
    outer loop
      vertex 8.584109961540996 -68.20661455071729 0
      vertex 8.584109961540996 -68.20661455071729 5.99
      vertex 8.60414551524979 -68.09851237658448 0
    endloop
  endfacet
  facet normal -0.9914448613738136 0.13052619222002776 0
    outer loop
      vertex 8.60414551524979 -68.09851237658448 0
      vertex 8.60414551524979 -68.09851237658448 5.99
      vertex 8.618495980273373 -67.98950977286206 0
    endloop
  endfacet
  facet normal -0.9969173337331246 0.07845909572788737 0
    outer loop
      vertex 8.618495980273373 -67.98950977286206 0
      vertex 8.618495980273373 -67.98950977286206 5.99
      vertex 8.627122022984608 -67.87990550811018 0
    endloop
  endfacet
  facet normal -0.9996573249755575 0.026176948307869367 0
    outer loop
      vertex 8.627122022984608 -67.87990550811018 0
      vertex 8.627122022984608 -67.87990550811018 5.99
      vertex 8.630000000000003 -67.77 0
    endloop
  endfacet
  facet normal -0.9969173337331246 -0.07845909572788737 0
    outer loop
      vertex 8.627122022984608 -67.66009449188981 0
      vertex 8.627122022984608 -67.66009449188981 5.99
      vertex 8.618495980273373 -67.55049022713793 0
    endloop
  endfacet
  facet normal -0.9996573249755575 -0.026176948307869367 0
    outer loop
      vertex 8.630000000000003 -67.77 0
      vertex 8.630000000000003 -67.77 5.99
      vertex 8.627122022984608 -67.66009449188981 0
    endloop
  endfacet
  facet normal 0 0 -1
    outer loop
      vertex 0.5300000000000011 -64.52000000327826 0
      vertex 19.53 -64.52000000327826 0
      vertex 6.966614550717296 -65.71589003845901 0
    endloop
  endfacet
  facet normal 0.2334453638558314 -0.9723699203976943 1.8401115311342636e-19
    outer loop
      vertex 5.9864800052847045 -65.74155576479295 0
      vertex 6.093385449282707 -65.71589003845901 0
      vertex 6.093385449282707 -65.71589003845901 5.99
    endloop
  endfacet
  facet normal 0.18223552549212066 -0.9832549075639596 -1.2373547629900716e-19
    outer loop
      vertex 6.093385449282707 -65.71589003845901 0
      vertex 6.201487623415517 -65.69585448475021 0
      vertex 6.201487623415517 -65.69585448475021 5.99
    endloop
  endfacet
  facet normal 0.13052619222016315 -0.9914448613737956 -1.4566916494479693e-19
    outer loop
      vertex 6.201487623415517 -65.69585448475021 0
      vertex 6.310490227137926 -65.68150401972662 0
      vertex 6.310490227137926 -65.68150401972662 5.99
    endloop
  endfacet
  facet normal 0.07845909572781304 -0.9969173337331304 1.1744846788062135e-20
    outer loop
      vertex 6.310490227137926 -65.68150401972662 0
      vertex 6.42009449188982 -65.67287797701539 0
      vertex 6.42009449188982 -65.67287797701539 5.99
    endloop
  endfacet
  facet normal 0.02617694830780647 -0.9996573249755589 -2.3104731252096734e-20
    outer loop
      vertex 6.42009449188982 -65.67287797701539 0
      vertex 6.530000000000001 -65.67 0
      vertex 6.530000000000001 -65.67 5.99
    endloop
  endfacet
  facet normal -0.02617694830780647 -0.9996573249755589 2.3104731252096734e-20
    outer loop
      vertex 6.530000000000001 -65.67 0
      vertex 6.639905508110182 -65.67287797701539 0
      vertex 6.639905508110182 -65.67287797701539 5.99
    endloop
  endfacet
  facet normal -0.07845909572781304 -0.9969173337331304 -1.1744846788062135e-20
    outer loop
      vertex 6.639905508110182 -65.67287797701539 0
      vertex 6.749509772862076 -65.68150401972662 0
      vertex 6.749509772862076 -65.68150401972662 5.99
    endloop
  endfacet
  facet normal -0.13052619222016315 -0.9914448613737956 1.4566916494479693e-19
    outer loop
      vertex 6.749509772862076 -65.68150401972662 0
      vertex 6.8585123765844855 -65.69585448475021 0
      vertex 6.8585123765844855 -65.69585448475021 5.99
    endloop
  endfacet
  facet normal -0.18223552549212066 -0.9832549075639596 1.2373547629900716e-19
    outer loop
      vertex 6.8585123765844855 -65.69585448475021 0
      vertex 6.966614550717296 -65.71589003845901 0
      vertex 6.966614550717296 -65.71589003845901 5.99
    endloop
  endfacet
  facet normal -0.2334453638558314 -0.9723699203976943 -1.8401115311342636e-19
    outer loop
      vertex 6.966614550717296 -65.71589003845901 0
      vertex 7.073519994715298 -65.74155576479295 0
      vertex 7.073519994715298 -65.74155576479295 5.99
    endloop
  endfacet
  facet normal -0.2840153447039986 -0.9588197348681705 -3.5753460844152164e-20
    outer loop
      vertex 7.073519994715298 -65.74155576479295 0
      vertex 7.178935688187394 -65.77278131578018 0
      vertex 7.178935688187394 -65.77278131578018 5.99
    endloop
  endfacet
  facet normal -0.38268343236513946 -0.9238795325112662 0
    outer loop
      vertex 7.384146950459183 -65.85155453895054 0
      vertex 7.384146950459183 -65.85155453895054 5.99
      vertex 7.282572694045129 -65.80948110435587 0
    endloop
  endfacet
  facet normal -0.4305110968082607 -0.9025852843498771 -3.4021613224343004e-19
    outer loop
      vertex 7.384146950459183 -65.85155453895054 0
      vertex 7.4833800494530465 -65.89888629920442 0
      vertex 7.4833800494530465 -65.89888629920442 5.99
    endloop
  endfacet
  facet normal -0.4771587602596494 -0.8788171126619431 -5.115137395773751e-19
    outer loop
      vertex 7.4833800494530465 -65.89888629920442 0
      vertex 7.579999999999998 -65.95134665205268 0
      vertex 7.579999999999998 -65.95134665205268 5.99
    endloop
  endfacet
  facet normal -0.33380685923370773 -0.9426414910922009 1.8529481429574259e-19
    outer loop
      vertex 7.178935688187394 -65.77278131578018 0
      vertex 7.282572694045129 -65.80948110435587 0
      vertex 7.282572694045129 -65.80948110435587 5.99
    endloop
  endfacet
  facet normal -0.7604059656000902 -0.6494480483301142 0
    outer loop
      vertex 8.162006519059638 -66.44842717879534 0
      vertex 8.162006519059638 -66.44842717879534 5.99
      vertex 8.09060413350253 -66.36482572664639 0
    endloop
  endfacet
  facet normal -0.8526401643541103 -0.5224985647159196 0
    outer loop
      vertex 8.34865334794732 -66.72 0
      vertex 8.34865334794732 -66.72 5.99
      vertex 8.291208192685389 -66.62625802646843 0
    endloop
  endfacet
  facet normal -0.7933533402911954 -0.6087614290087725 0
    outer loop
      vertex 8.228935688187391 -66.5356509701858 0
      vertex 8.228935688187391 -66.5356509701858 5.99
      vertex 8.162006519059638 -66.44842717879534 0
    endloop
  endfacet
  facet normal -0.8241261886220282 -0.5664062369248144 -2.038964558204746e-19
    outer loop
      vertex 8.228935688187391 -66.5356509701858 0
      vertex 8.291208192685389 -66.62625802646843 0
      vertex 8.291208192685389 -66.62625802646843 5.99
    endloop
  endfacet
  facet normal -0.5224985647159484 -0.8526401643540925 0
    outer loop
      vertex 7.6737419735315555 -66.00879180731461 0
      vertex 7.6737419735315555 -66.00879180731461 5.99
      vertex 7.579999999999998 -65.95134665205268 0
    endloop
  endfacet
  facet normal -0.5664062369247843 -0.8241261886220489 -3.834864284621673e-19
    outer loop
      vertex 7.6737419735315555 -66.00879180731461 0
      vertex 7.764349029814198 -66.0710643118126 0
      vertex 7.764349029814198 -66.0710643118126 5.99
    endloop
  endfacet
  facet normal -0.6087614290087007 -0.7933533402912506 0
    outer loop
      vertex 7.8515728212046625 -66.13799348094035 0
      vertex 7.8515728212046625 -66.13799348094035 5.99
      vertex 7.764349029814198 -66.0710643118126 0
    endloop
  endfacet
  facet normal -0.6494480483302528 -0.7604059655999719 5.994353747139107e-19
    outer loop
      vertex 7.8515728212046625 -66.13799348094035 0
      vertex 7.935174273353603 -66.20939586649747 0
      vertex 7.935174273353603 -66.20939586649747 5.99
    endloop
  endfacet
  facet normal -0.6883545756937197 -0.7253743710123203 0
    outer loop
      vertex 8.014924240491752 -66.28507575950825 0
      vertex 8.014924240491752 -66.28507575950825 5.99
      vertex 7.935174273353603 -66.20939586649747 0
    endloop
  endfacet
  facet normal -0.7253743710122573 -0.6883545756937859 0
    outer loop
      vertex 8.09060413350253 -66.36482572664639 0
      vertex 8.09060413350253 -66.36482572664639 5.99
      vertex 8.014924240491752 -66.28507575950825 0
    endloop
  endfacet
  facet normal -0.9238795325112891 -0.3826834323650843 0
    outer loop
      vertex 8.490518895644122 -67.01742730595487 0
      vertex 8.490518895644122 -67.01742730595487 5.99
      vertex 8.44844546104946 -66.91585304954081 0
    endloop
  endfacet
  facet normal -0.9426414910921602 -0.3338068592338226 2.0017234478374114e-19
    outer loop
      vertex 8.490518895644122 -67.01742730595487 0
      vertex 8.527218684219825 -67.1210643118126 0
      vertex 8.527218684219825 -67.1210643118126 5.99
    endloop
  endfacet
  facet normal -0.9914448613738136 -0.13052619222002776 0
    outer loop
      vertex 8.618495980273373 -67.55049022713793 0
      vertex 8.618495980273373 -67.55049022713793 5.99
      vertex 8.60414551524979 -67.44148762341551 0
    endloop
  endfacet
  facet normal -0.9832549075639596 -0.18223552549212066 0
    outer loop
      vertex 8.60414551524979 -67.44148762341551 0
      vertex 8.60414551524979 -67.44148762341551 5.99
      vertex 8.584109961540996 -67.3333854492827 0
    endloop
  endfacet
  facet normal -0.9723699203976797 -0.2334453638558925 0
    outer loop
      vertex 8.584109961540996 -67.3333854492827 0
      vertex 8.584109961540996 -67.3333854492827 5.99
      vertex 8.558444235207048 -67.2264800052847 0
    endloop
  endfacet
  facet normal -0.9588197348681882 -0.2840153447039392 0
    outer loop
      vertex 8.558444235207048 -67.2264800052847 0
      vertex 8.558444235207048 -67.2264800052847 5.99
      vertex 8.527218684219825 -67.1210643118126 0
    endloop
  endfacet
  facet normal -0.9025852843498771 -0.4305110968082607 -3.4021613224343004e-19
    outer loop
      vertex 8.401113700795577 -66.81661995054695 0
      vertex 8.44844546104946 -66.91585304954081 0
      vertex 8.44844546104946 -66.91585304954081 5.99
    endloop
  endfacet
  facet normal -0.8788171126619431 -0.4771587602596494 0
    outer loop
      vertex 8.401113700795577 -66.81661995054695 0
      vertex 8.401113700795577 -66.81661995054695 5.99
      vertex 8.34865334794732 -66.72 0
    endloop
  endfacet
  facet normal 0 0 -1
    outer loop
      vertex 1.1917387905716907 -71.5062896502018 0
      vertex 28.0162896502018 -71.3582612094283 0
      vertex 1.2713592189550411 -71.57429192632436 0
    endloop
  endfacet
  facet normal 0 0 -1
    outer loop
      vertex 1.5300000000000011 -71.75205080628395 0
      vertex 1.440721927881242 -71.69734113335609 0
      vertex 27.78864078104496 -71.57429192632436 0
    endloop
  endfacet
  facet normal 0 0 -1
    outer loop
      vertex 1.3544294971227657 -71.63803399026393 0
      vertex 27.86826120942831 -71.5062896502018 0
      vertex 1.440721927881242 -71.69734113335609 0
    endloop
  endfacet
  facet normal 0 0 -1
    outer loop
      vertex 1.2713592189550411 -71.57429192632436 0
      vertex 27.944213560521604 -71.4342135605216 0
      vertex 1.3544294971227657 -71.63803399026393 0
    endloop
  endfacet
  facet normal 0 0 -1
    outer loop
      vertex 0.9119660097360622 -71.19557050287723 0
      vertex 28.262050806283952 -71.02 0
      vertex 0.9757080736756336 -71.27864078104496 0
    endloop
  endfacet
  facet normal 0 0 -1
    outer loop
      vertex 0.9119660097360622 -71.19557050287723 0
      vertex 0.8526588666439068 -71.10927807211876 0
      vertex 28.312013051211835 -70.92798100084066 0
    endloop
  endfacet
  facet normal 0 0 -1
    outer loop
      vertex 0.8526588666439068 -71.10927807211876 0
      vertex 0.7979491937160503 -71.02 0
      vertex 28.357090911567212 -70.83347328424453 0
    endloop
  endfacet
  facet normal 0 0 -1
    outer loop
      vertex 0.7479869487881672 -70.92798100084066 0
      vertex 28.397160849273206 -70.73673589944839 0
      vertex 0.7979491937160503 -71.02 0
    endloop
  endfacet
  facet normal 0 0 -1
    outer loop
      vertex 1.1917387905716907 -71.5062896502018 0
      vertex 1.1157864394783985 -71.4342135605216 0
      vertex 28.08429192632437 -71.27864078104496 0
    endloop
  endfacet
  facet normal 0 0 -1
    outer loop
      vertex 1.0437103497982037 -71.3582612094283 0
      vertex 28.14803399026394 -71.19557050287723 0
      vertex 1.1157864394783985 -71.4342135605216 0
    endloop
  endfacet
  facet normal 0 0 -1
    outer loop
      vertex 1.0437103497982037 -71.3582612094283 0
      vertex 0.9757080736756336 -71.27864078104496 0
      vertex 28.207341133356095 -71.10927807211876 0
    endloop
  endfacet
  facet normal 0 0 -1
    outer loop
      vertex 1.7165267157554638 -71.84709091156721 0
      vertex 27.53 -71.75205080628395 0
      vertex 1.8132641005516064 -71.8871608492732 0
    endloop
  endfacet
  facet normal 0 0 -1
    outer loop
      vertex 1.6220189991593372 -71.80201305121183 0
      vertex 27.61927807211876 -71.69734113335609 0
      vertex 1.7165267157554638 -71.84709091156721 0
    endloop
  endfacet
  facet normal 0 0 -1
    outer loop
      vertex 1.9119660097360622 -71.92211303532123 0
      vertex 27.34347328424454 -71.84709091156721 0
      vertex 2.012361912727357 -71.95185165524482 0
    endloop
  endfacet
  facet normal 0 0 -1
    outer loop
      vertex 2.012361912727357 -71.95185165524482 0
      vertex 27.246735899448396 -71.8871608492732 0
      vertex 2.114176614880563 -71.97629519969225 0
    endloop
  endfacet
  facet normal 0 0 -1
    outer loop
      vertex 1.8132641005516064 -71.8871608492732 0
      vertex 27.437981000840665 -71.80201305121183 0
      vertex 1.9119660097360622 -71.92211303532123 0
    endloop
  endfacet
  facet normal 0 0 -1
    outer loop
      vertex 1.5300000000000011 -71.75205080628395 0
      vertex 27.705570502877237 -71.63803399026393 0
      vertex 1.6220189991593372 -71.80201305121183 0
    endloop
  endfacet
  facet normal 0 0 -1
    outer loop
      vertex 2.2171310696005833 -71.99537668049335 0
      vertex 27.047638087272645 -71.95185165524482 0
      vertex 2.3209430712461483 -72.00904378712177 0
    endloop
  endfacet
  facet normal 0 0 -1
    outer loop
      vertex 2.114176614880563 -71.97629519969225 0
      vertex 27.14803399026394 -71.92211303532123 0
      vertex 2.2171310696005833 -71.99537668049335 0
    endloop
  endfacet
  facet normal 0 0 -1
    outer loop
      vertex 2.3209430712461483 -72.00904378712177 0
      vertex 26.94582338511944 -71.97629519969225 0
      vertex 2.425328089594842 -72.01725907295942 0
    endloop
  endfacet
  facet normal 0 0 -1
    outer loop
      vertex 2.425328089594842 -72.01725907295942 0
      vertex 26.84286893039942 -71.99537668049335 0
      vertex 2.530000000000001 -72.02 0
    endloop
  endfacet
  facet normal 0 0 -1
    outer loop
      vertex 0.7479869487881672 -70.92798100084066 0
      vertex 0.70290908843279 -70.83347328424453 0
      vertex 28.432113035321237 -70.63803399026393 0
    endloop
  endfacet
  facet normal 0 0 -1
    outer loop
      vertex 0.70290908843279 -70.83347328424453 0
      vertex 0.6628391507267963 -70.73673589944839 0
      vertex 28.46185165524483 -70.53763808727264 0
    endloop
  endfacet
  facet normal 0 0 -1
    outer loop
      vertex 6.639905508110182 -69.8671220229846 0
      vertex 6.749509772862076 -69.85849598027337 0
      vertex 19.53 -70.52 0
    endloop
  endfacet
  facet normal 0 0 -1
    outer loop
      vertex 6.8585123765844855 -69.84414551524978 0
      vertex 6.966614550717296 -69.82410996154098 0
      vertex 19.53 -70.52 0
    endloop
  endfacet
  facet normal 0 0 -1
    outer loop
      vertex 6.749509772862076 -69.85849598027337 0
      vertex 6.8585123765844855 -69.84414551524978 0
      vertex 19.53 -70.52 0
    endloop
  endfacet
  facet normal 0 0 -1
    outer loop
      vertex 6.966614550717296 -69.82410996154098 0
      vertex 7.073519994715298 -69.79844423520704 0
      vertex 19.53 -70.52 0
    endloop
  endfacet
  facet normal 0 0 -1
    outer loop
      vertex 7.073519994715298 -69.79844423520704 0
      vertex 7.178935688187394 -69.76721868421981 0
      vertex 19.53 -70.52 0
    endloop
  endfacet
  facet normal 0 0 -1
    outer loop
      vertex 7.282572694045129 -69.73051889564412 0
      vertex 7.384146950459183 -69.68844546104945 0
      vertex 19.53 -70.52 0
    endloop
  endfacet
  facet normal 0 0 -1
    outer loop
      vertex 7.178935688187394 -69.76721868421981 0
      vertex 7.282572694045129 -69.73051889564412 0
      vertex 19.53 -70.52 0
    endloop
  endfacet
  facet normal 0 0 -1
    outer loop
      vertex 7.384146950459183 -69.68844546104945 0
      vertex 7.4833800494530465 -69.64111370079557 0
      vertex 19.53 -70.52 0
    endloop
  endfacet
  facet normal 0 0 -1
    outer loop
      vertex 7.4833800494530465 -69.64111370079557 0
      vertex 7.579999999999998 -69.58865334794731 0
      vertex 19.53 -70.52 0
    endloop
  endfacet
  facet normal 0 0 -1
    outer loop
      vertex 7.579999999999998 -69.58865334794731 0
      vertex 7.6737419735315555 -69.53120819268538 0
      vertex 19.53 -70.52 0
    endloop
  endfacet
  facet normal 0 0 -1
    outer loop
      vertex 7.6737419735315555 -69.53120819268538 0
      vertex 7.764349029814198 -69.46893568818739 0
      vertex 19.53 -70.52 0
    endloop
  endfacet
  facet normal 0 0 -1
    outer loop
      vertex 7.764349029814198 -69.46893568818739 0
      vertex 7.8515728212046625 -69.40200651905964 0
      vertex 19.53 -70.52 0
    endloop
  endfacet
  facet normal 0 0 -1
    outer loop
      vertex 7.8515728212046625 -69.40200651905964 0
      vertex 7.935174273353603 -69.33060413350252 0
      vertex 19.53 -70.52 0
    endloop
  endfacet
  facet normal 0 0 -1
    outer loop
      vertex 8.014924240491752 -69.25492424049175 0
      vertex 8.09060413350253 -69.1751742733536 0
      vertex 19.53 -70.52 0
    endloop
  endfacet
  facet normal 0 0 -1
    outer loop
      vertex 7.935174273353603 -69.33060413350252 0
      vertex 8.014924240491752 -69.25492424049175 0
      vertex 19.53 -70.52 0
    endloop
  endfacet
  facet normal 0 0 -1
    outer loop
      vertex 8.162006519059638 -69.09157282120465 0
      vertex 8.228935688187391 -69.0043490298142 0
      vertex 19.53 -70.52 0
    endloop
  endfacet
  facet normal 0 0 -1
    outer loop
      vertex 8.09060413350253 -69.1751742733536 0
      vertex 8.162006519059638 -69.09157282120465 0
      vertex 19.53 -70.52 0
    endloop
  endfacet
  facet normal 0 0 -1
    outer loop
      vertex 8.34865334794732 -68.82 0
      vertex 8.401113700795577 -68.72338004945304 0
      vertex 19.53 -70.52 0
    endloop
  endfacet
  facet normal 0 0 -1
    outer loop
      vertex 8.291208192685389 -68.91374197353156 0
      vertex 8.34865334794732 -68.82 0
      vertex 19.53 -70.52 0
    endloop
  endfacet
  facet normal 0 0 -1
    outer loop
      vertex 8.228935688187391 -69.0043490298142 0
      vertex 8.291208192685389 -68.91374197353156 0
      vertex 19.53 -70.52 0
    endloop
  endfacet
  facet normal 0 0 -1
    outer loop
      vertex 8.44844546104946 -68.62414695045918 0
      vertex 8.490518895644122 -68.52257269404512 0
      vertex 19.53 -70.52 0
    endloop
  endfacet
  facet normal 0 0 -1
    outer loop
      vertex 8.401113700795577 -68.72338004945304 0
      vertex 8.44844546104946 -68.62414695045918 0
      vertex 19.53 -70.52 0
    endloop
  endfacet
  facet normal 0 0 -1
    outer loop
      vertex 8.490518895644122 -68.52257269404512 0
      vertex 8.527218684219825 -68.41893568818739 0
      vertex 19.53 -70.52 0
    endloop
  endfacet
  facet normal 0 -1 0
    outer loop
      vertex 2.530000000000001 -72.02 0
      vertex 26.53 -72.02 0
      vertex 2.530000000000001 -72.02 8
    endloop
  endfacet
  facet normal 0 0 -1
    outer loop
      vertex 6.966614550717296 -65.71589003845901 0
      vertex 19.53 -64.52000000327826 0
      vertex 7.073519994715298 -65.74155576479295 0
    endloop
  endfacet
  facet normal 0 0 -1
    outer loop
      vertex 7.073519994715298 -65.74155576479295 0
      vertex 19.53 -64.52000000327826 0
      vertex 7.178935688187394 -65.77278131578018 0
    endloop
  endfacet
  facet normal 0 0 -1
    outer loop
      vertex 7.384146950459183 -65.85155453895054 0
      vertex 7.282572694045129 -65.80948110435587 0
      vertex 19.53 -64.52000000327826 0
    endloop
  endfacet
  facet normal 0 0 -1
    outer loop
      vertex 7.178935688187394 -65.77278131578018 0
      vertex 19.53 -64.52000000327826 0
      vertex 7.282572694045129 -65.80948110435587 0
    endloop
  endfacet
  facet normal 0 0 -1
    outer loop
      vertex 7.384146950459183 -65.85155453895054 0
      vertex 19.53 -64.52000000327826 0
      vertex 7.4833800494530465 -65.89888629920442 0
    endloop
  endfacet
  facet normal 0 0 -1
    outer loop
      vertex 7.6737419735315555 -66.00879180731461 0
      vertex 7.579999999999998 -65.95134665205268 0
      vertex 19.53 -64.52000000327826 0
    endloop
  endfacet
  facet normal 0 0 -1
    outer loop
      vertex 7.4833800494530465 -65.89888629920442 0
      vertex 19.53 -64.52000000327826 0
      vertex 7.579999999999998 -65.95134665205268 0
    endloop
  endfacet
  facet normal 0 0 -1
    outer loop
      vertex 7.8515728212046625 -66.13799348094035 0
      vertex 19.53 -64.52000000327826 0
      vertex 7.935174273353603 -66.20939586649747 0
    endloop
  endfacet
  facet normal 0 0 -1
    outer loop
      vertex 7.8515728212046625 -66.13799348094035 0
      vertex 7.764349029814198 -66.0710643118126 0
      vertex 19.53 -64.52000000327826 0
    endloop
  endfacet
  facet normal 0 0 -1
    outer loop
      vertex 7.6737419735315555 -66.00879180731461 0
      vertex 19.53 -64.52000000327826 0
      vertex 7.764349029814198 -66.0710643118126 0
    endloop
  endfacet
  facet normal 0 0 -1
    outer loop
      vertex 8.228935688187391 -66.5356509701858 0
      vertex 8.162006519059638 -66.44842717879534 0
      vertex 19.53 -64.52000000327826 0
    endloop
  endfacet
  facet normal 0 0 -1
    outer loop
      vertex 8.490518895644122 -67.01742730595487 0
      vertex 19.53 -64.52000000327826 0
      vertex 8.527218684219825 -67.1210643118126 0
    endloop
  endfacet
  facet normal 0 0 -1
    outer loop
      vertex 8.490518895644122 -67.01742730595487 0
      vertex 8.44844546104946 -66.91585304954081 0
      vertex 19.53 -64.52000000327826 0
    endloop
  endfacet
  facet normal 0 0 -1
    outer loop
      vertex 8.401113700795577 -66.81661995054695 0
      vertex 8.34865334794732 -66.72 0
      vertex 19.53 -64.52000000327826 0
    endloop
  endfacet
  facet normal 0 0 -1
    outer loop
      vertex 8.34865334794732 -66.72 0
      vertex 8.291208192685389 -66.62625802646843 0
      vertex 19.53 -64.52000000327826 0
    endloop
  endfacet
  facet normal 0 0 -1
    outer loop
      vertex 8.228935688187391 -66.5356509701858 0
      vertex 19.53 -64.52000000327826 0
      vertex 8.291208192685389 -66.62625802646843 0
    endloop
  endfacet
  facet normal 0 0 -1
    outer loop
      vertex 8.401113700795577 -66.81661995054695 0
      vertex 19.53 -64.52000000327826 0
      vertex 8.44844546104946 -66.91585304954081 0
    endloop
  endfacet
  facet normal 0 0 -1
    outer loop
      vertex 8.09060413350253 -66.36482572664639 0
      vertex 8.014924240491752 -66.28507575950825 0
      vertex 19.53 -64.52000000327826 0
    endloop
  endfacet
  facet normal 0 0 -1
    outer loop
      vertex 8.014924240491752 -66.28507575950825 0
      vertex 7.935174273353603 -66.20939586649747 0
      vertex 19.53 -64.52000000327826 0
    endloop
  endfacet
  facet normal 0 0 -1
    outer loop
      vertex 8.162006519059638 -66.44842717879534 0
      vertex 8.09060413350253 -66.36482572664639 0
      vertex 19.53 -64.52000000327826 0
    endloop
  endfacet
  facet normal 0.2334453638558314 0.9723699203976943 0
    outer loop
      vertex 6.093385449282707 -69.82410996154098 0
      vertex 5.9864800052847045 -69.79844423520704 5.99
      vertex 6.093385449282707 -69.82410996154098 5.99
    endloop
  endfacet
  facet normal 0.18223552549212066 0.9832549075639596 0
    outer loop
      vertex 6.201487623415517 -69.84414551524978 0
      vertex 6.093385449282707 -69.82410996154098 5.99
      vertex 6.201487623415517 -69.84414551524978 5.99
    endloop
  endfacet
  facet normal 0.13052619222016315 0.9914448613737956 0
    outer loop
      vertex 6.310490227137926 -69.85849598027337 0
      vertex 6.201487623415517 -69.84414551524978 5.99
      vertex 6.310490227137926 -69.85849598027337 5.99
    endloop
  endfacet
  facet normal 0.07845909572781304 0.9969173337331304 0
    outer loop
      vertex 6.42009449188982 -69.8671220229846 0
      vertex 6.310490227137926 -69.85849598027337 5.99
      vertex 6.42009449188982 -69.8671220229846 5.99
    endloop
  endfacet
  facet normal 0.02617694830780647 0.9996573249755589 0
    outer loop
      vertex 6.530000000000001 -69.86999999999999 0
      vertex 6.42009449188982 -69.8671220229846 5.99
      vertex 6.530000000000001 -69.86999999999999 5.99
    endloop
  endfacet
  facet normal -0.02617694830780647 0.9996573249755589 0
    outer loop
      vertex 6.639905508110182 -69.8671220229846 0
      vertex 6.530000000000001 -69.86999999999999 5.99
      vertex 6.639905508110182 -69.8671220229846 5.99
    endloop
  endfacet
  facet normal -0.07845909572781304 0.9969173337331304 0
    outer loop
      vertex 6.749509772862076 -69.85849598027337 0
      vertex 6.639905508110182 -69.8671220229846 5.99
      vertex 6.749509772862076 -69.85849598027337 5.99
    endloop
  endfacet
  facet normal -0.13052619222016315 0.9914448613737956 0
    outer loop
      vertex 6.8585123765844855 -69.84414551524978 0
      vertex 6.749509772862076 -69.85849598027337 5.99
      vertex 6.8585123765844855 -69.84414551524978 5.99
    endloop
  endfacet
  facet normal -0.18223552549212066 0.9832549075639596 0
    outer loop
      vertex 6.966614550717296 -69.82410996154098 0
      vertex 6.8585123765844855 -69.84414551524978 5.99
      vertex 6.966614550717296 -69.82410996154098 5.99
    endloop
  endfacet
  facet normal -0.2334453638558314 0.9723699203976943 0
    outer loop
      vertex 7.073519994715298 -69.79844423520704 0
      vertex 6.966614550717296 -69.82410996154098 5.99
      vertex 7.073519994715298 -69.79844423520704 5.99
    endloop
  endfacet
  facet normal -0.2840153447039986 0.9588197348681705 0
    outer loop
      vertex 7.178935688187394 -69.76721868421981 0
      vertex 7.073519994715298 -69.79844423520704 5.99
      vertex 7.178935688187394 -69.76721868421981 5.99
    endloop
  endfacet
  facet normal -0.33380685923370773 0.9426414910922009 0
    outer loop
      vertex 7.282572694045129 -69.73051889564412 0
      vertex 7.178935688187394 -69.76721868421981 5.99
      vertex 7.282572694045129 -69.73051889564412 5.99
    endloop
  endfacet
  facet normal -0.38268343236513946 0.9238795325112662 0
    outer loop
      vertex 7.384146950459183 -69.68844546104945 0
      vertex 7.282572694045129 -69.73051889564412 5.99
      vertex 7.384146950459183 -69.68844546104945 5.99
    endloop
  endfacet
  facet normal -0.4305110968082607 0.9025852843498771 0
    outer loop
      vertex 7.4833800494530465 -69.64111370079557 0
      vertex 7.384146950459183 -69.68844546104945 5.99
      vertex 7.4833800494530465 -69.64111370079557 5.99
    endloop
  endfacet
  facet normal -0.4771587602596494 0.8788171126619431 0
    outer loop
      vertex 7.579999999999998 -69.58865334794731 0
      vertex 7.4833800494530465 -69.64111370079557 5.99
      vertex 7.579999999999998 -69.58865334794731 5.99
    endloop
  endfacet
  facet normal -0.5224985647159484 0.8526401643540925 0
    outer loop
      vertex 7.6737419735315555 -69.53120819268538 0
      vertex 7.579999999999998 -69.58865334794731 5.99
      vertex 7.6737419735315555 -69.53120819268538 5.99
    endloop
  endfacet
  facet normal -0.5664062369247843 0.8241261886220489 0
    outer loop
      vertex 7.764349029814198 -69.46893568818739 0
      vertex 7.6737419735315555 -69.53120819268538 5.99
      vertex 7.764349029814198 -69.46893568818739 5.99
    endloop
  endfacet
  facet normal -0.6087614290087007 0.7933533402912506 0
    outer loop
      vertex 7.8515728212046625 -69.40200651905964 0
      vertex 7.764349029814198 -69.46893568818739 5.99
      vertex 7.8515728212046625 -69.40200651905964 5.99
    endloop
  endfacet
  facet normal -0.6494480483302528 0.7604059655999719 0
    outer loop
      vertex 7.935174273353603 -69.33060413350252 0
      vertex 7.8515728212046625 -69.40200651905964 5.99
      vertex 7.935174273353603 -69.33060413350252 5.99
    endloop
  endfacet
  facet normal -0.6883545756937197 0.7253743710123203 0
    outer loop
      vertex 8.014924240491752 -69.25492424049175 0
      vertex 7.935174273353603 -69.33060413350252 5.99
      vertex 8.014924240491752 -69.25492424049175 5.99
    endloop
  endfacet
  facet normal -0.7253743710122573 0.6883545756937859 0
    outer loop
      vertex 8.09060413350253 -69.1751742733536 0
      vertex 8.014924240491752 -69.25492424049175 5.99
      vertex 8.09060413350253 -69.1751742733536 5.99
    endloop
  endfacet
  facet normal -0.7604059656000902 0.6494480483301142 0
    outer loop
      vertex 8.162006519059638 -69.09157282120465 0
      vertex 8.09060413350253 -69.1751742733536 5.99
      vertex 8.162006519059638 -69.09157282120465 5.99
    endloop
  endfacet
  facet normal -0.7933533402911954 0.6087614290087725 0
    outer loop
      vertex 8.228935688187391 -69.0043490298142 0
      vertex 8.162006519059638 -69.09157282120465 5.99
      vertex 8.228935688187391 -69.0043490298142 5.99
    endloop
  endfacet
  facet normal -0.8241261886220282 0.5664062369248144 0
    outer loop
      vertex 8.291208192685389 -68.91374197353156 0
      vertex 8.228935688187391 -69.0043490298142 5.99
      vertex 8.291208192685389 -68.91374197353156 5.99
    endloop
  endfacet
  facet normal -0.8526401643541103 0.5224985647159196 0
    outer loop
      vertex 8.34865334794732 -68.82 0
      vertex 8.291208192685389 -68.91374197353156 5.99
      vertex 8.34865334794732 -68.82 5.99
    endloop
  endfacet
  facet normal -0.8788171126619431 0.4771587602596494 0
    outer loop
      vertex 8.401113700795577 -68.72338004945304 0
      vertex 8.34865334794732 -68.82 5.99
      vertex 8.401113700795577 -68.72338004945304 5.99
    endloop
  endfacet
  facet normal -0.9025852843498771 0.4305110968082607 0
    outer loop
      vertex 8.44844546104946 -68.62414695045918 0
      vertex 8.401113700795577 -68.72338004945304 5.99
      vertex 8.44844546104946 -68.62414695045918 5.99
    endloop
  endfacet
  facet normal -0.9238795325112891 0.3826834323650843 0
    outer loop
      vertex 8.490518895644122 -68.52257269404512 0
      vertex 8.44844546104946 -68.62414695045918 5.99
      vertex 8.490518895644122 -68.52257269404512 5.99
    endloop
  endfacet
  facet normal -0.9426414910921602 0.3338068592338226 0
    outer loop
      vertex 8.527218684219825 -68.41893568818739 0
      vertex 8.490518895644122 -68.52257269404512 5.99
      vertex 8.527218684219825 -68.41893568818739 5.99
    endloop
  endfacet
  facet normal -0.9588197348681882 0.2840153447039392 0
    outer loop
      vertex 8.558444235207048 -68.31351999471529 0
      vertex 8.527218684219825 -68.41893568818739 5.99
      vertex 8.558444235207048 -68.31351999471529 5.99
    endloop
  endfacet
  facet normal -0.9723699203976797 0.2334453638558925 0
    outer loop
      vertex 8.584109961540996 -68.20661455071729 0
      vertex 8.558444235207048 -68.31351999471529 5.99
      vertex 8.584109961540996 -68.20661455071729 5.99
    endloop
  endfacet
  facet normal -0.9832549075639596 0.18223552549212066 0
    outer loop
      vertex 8.60414551524979 -68.09851237658448 0
      vertex 8.584109961540996 -68.20661455071729 5.99
      vertex 8.60414551524979 -68.09851237658448 5.99
    endloop
  endfacet
  facet normal -0.9914448613738136 0.13052619222002776 0
    outer loop
      vertex 8.618495980273373 -67.98950977286206 0
      vertex 8.60414551524979 -68.09851237658448 5.99
      vertex 8.618495980273373 -67.98950977286206 5.99
    endloop
  endfacet
  facet normal -0.9969173337331246 0.07845909572788737 0
    outer loop
      vertex 8.627122022984608 -67.87990550811018 0
      vertex 8.618495980273373 -67.98950977286206 5.99
      vertex 8.627122022984608 -67.87990550811018 5.99
    endloop
  endfacet
  facet normal -0.9996573249755575 0.026176948307869367 0
    outer loop
      vertex 8.630000000000003 -67.77 0
      vertex 8.627122022984608 -67.87990550811018 5.99
      vertex 8.630000000000003 -67.77 5.99
    endloop
  endfacet
  facet normal -0.9969173337331246 -0.07845909572788737 0
    outer loop
      vertex 8.618495980273373 -67.55049022713793 0
      vertex 8.627122022984608 -67.66009449188981 5.99
      vertex 8.618495980273373 -67.55049022713793 5.99
    endloop
  endfacet
  facet normal -0.9996573249755575 -0.026176948307869367 0
    outer loop
      vertex 8.627122022984608 -67.66009449188981 0
      vertex 8.630000000000003 -67.77 5.99
      vertex 8.627122022984608 -67.66009449188981 5.99
    endloop
  endfacet
  facet normal 0 0 -1
    outer loop
      vertex 6.093385449282707 -69.82410996154098 5.99
      vertex 6.093385449282707 -65.71589003845901 5.99
      vertex 6.201487623415517 -69.84414551524978 5.99
    endloop
  endfacet
  facet normal 0 0 -1
    outer loop
      vertex 6.201487623415517 -69.84414551524978 5.99
      vertex 6.201487623415517 -65.69585448475021 5.99
      vertex 6.310490227137926 -69.85849598027337 5.99
    endloop
  endfacet
  facet normal 0 0 -1
    outer loop
      vertex 6.310490227137926 -69.85849598027337 5.99
      vertex 6.310490227137926 -65.68150401972662 5.99
      vertex 6.42009449188982 -69.8671220229846 5.99
    endloop
  endfacet
  facet normal 0 0 -1
    outer loop
      vertex 6.42009449188982 -69.8671220229846 5.99
      vertex 6.42009449188982 -65.67287797701539 5.99
      vertex 6.530000000000001 -69.86999999999999 5.99
    endloop
  endfacet
  facet normal 0 0 -1
    outer loop
      vertex 6.530000000000001 -69.86999999999999 5.99
      vertex 6.530000000000001 -65.67 5.99
      vertex 6.639905508110182 -69.8671220229846 5.99
    endloop
  endfacet
  facet normal 0 0 -1
    outer loop
      vertex 6.639905508110182 -69.8671220229846 5.99
      vertex 6.639905508110182 -65.67287797701539 5.99
      vertex 6.749509772862076 -69.85849598027337 5.99
    endloop
  endfacet
  facet normal 0 0 -1
    outer loop
      vertex 6.749509772862076 -69.85849598027337 5.99
      vertex 6.749509772862076 -65.68150401972662 5.99
      vertex 6.8585123765844855 -69.84414551524978 5.99
    endloop
  endfacet
  facet normal 0 0 -1
    outer loop
      vertex 6.8585123765844855 -69.84414551524978 5.99
      vertex 6.8585123765844855 -65.69585448475021 5.99
      vertex 6.966614550717296 -69.82410996154098 5.99
    endloop
  endfacet
  facet normal 0 0 -1
    outer loop
      vertex 6.966614550717296 -69.82410996154098 5.99
      vertex 6.966614550717296 -65.71589003845901 5.99
      vertex 7.073519994715298 -69.79844423520704 5.99
    endloop
  endfacet
  facet normal 0 0 -1
    outer loop
      vertex 7.073519994715298 -69.79844423520704 5.99
      vertex 7.073519994715298 -65.74155576479295 5.99
      vertex 7.178935688187394 -69.76721868421981 5.99
    endloop
  endfacet
  facet normal 0 0 -1
    outer loop
      vertex 7.178935688187394 -69.76721868421981 5.99
      vertex 7.178935688187394 -65.77278131578018 5.99
      vertex 7.282572694045129 -69.73051889564412 5.99
    endloop
  endfacet
  facet normal 0 0 -1
    outer loop
      vertex 7.282572694045129 -69.73051889564412 5.99
      vertex 7.282572694045129 -65.80948110435587 5.99
      vertex 7.384146950459183 -69.68844546104945 5.99
    endloop
  endfacet
  facet normal 0 0 -1
    outer loop
      vertex 7.384146950459183 -69.68844546104945 5.99
      vertex 7.384146950459183 -65.85155453895054 5.99
      vertex 7.4833800494530465 -69.64111370079557 5.99
    endloop
  endfacet
  facet normal 0 0 -1
    outer loop
      vertex 7.4833800494530465 -69.64111370079557 5.99
      vertex 7.4833800494530465 -65.89888629920442 5.99
      vertex 7.579999999999998 -69.58865334794731 5.99
    endloop
  endfacet
  facet normal 0 0 -1
    outer loop
      vertex 7.579999999999998 -69.58865334794731 5.99
      vertex 7.579999999999998 -65.95134665205268 5.99
      vertex 7.6737419735315555 -69.53120819268538 5.99
    endloop
  endfacet
  facet normal 0 0 -1
    outer loop
      vertex 7.6737419735315555 -69.53120819268538 5.99
      vertex 7.6737419735315555 -66.00879180731461 5.99
      vertex 7.764349029814198 -69.46893568818739 5.99
    endloop
  endfacet
  facet normal 0 0 -1
    outer loop
      vertex 7.764349029814198 -69.46893568818739 5.99
      vertex 7.764349029814198 -66.0710643118126 5.99
      vertex 7.8515728212046625 -69.40200651905964 5.99
    endloop
  endfacet
  facet normal 0 0 -1
    outer loop
      vertex 7.8515728212046625 -69.40200651905964 5.99
      vertex 7.8515728212046625 -66.13799348094035 5.99
      vertex 7.935174273353603 -69.33060413350252 5.99
    endloop
  endfacet
  facet normal 0 0 -1
    outer loop
      vertex 7.935174273353603 -69.33060413350252 5.99
      vertex 7.935174273353603 -66.20939586649747 5.99
      vertex 8.014924240491752 -69.25492424049175 5.99
    endloop
  endfacet
  facet normal 0 0 -1
    outer loop
      vertex 8.014924240491752 -69.25492424049175 5.99
      vertex 8.014924240491752 -66.28507575950825 5.99
      vertex 8.09060413350253 -69.1751742733536 5.99
    endloop
  endfacet
  facet normal 0 0 -1
    outer loop
      vertex 8.09060413350253 -69.1751742733536 5.99
      vertex 8.09060413350253 -66.36482572664639 5.99
      vertex 8.162006519059638 -69.09157282120465 5.99
    endloop
  endfacet
  facet normal 0 0 -1
    outer loop
      vertex 8.162006519059638 -69.09157282120465 5.99
      vertex 8.162006519059638 -66.44842717879534 5.99
      vertex 8.228935688187391 -69.0043490298142 5.99
    endloop
  endfacet
  facet normal 0 0 -1
    outer loop
      vertex 8.228935688187391 -69.0043490298142 5.99
      vertex 8.228935688187391 -66.5356509701858 5.99
      vertex 8.291208192685389 -68.91374197353156 5.99
    endloop
  endfacet
  facet normal 0 0 -1
    outer loop
      vertex 8.291208192685389 -68.91374197353156 5.99
      vertex 8.291208192685389 -66.62625802646843 5.99
      vertex 8.34865334794732 -68.82 5.99
    endloop
  endfacet
  facet normal 0 0 -1
    outer loop
      vertex 8.34865334794732 -68.82 5.99
      vertex 8.34865334794732 -66.72 5.99
      vertex 8.401113700795577 -68.72338004945304 5.99
    endloop
  endfacet
  facet normal 0 0 -1
    outer loop
      vertex 8.401113700795577 -68.72338004945304 5.99
      vertex 8.401113700795577 -66.81661995054695 5.99
      vertex 8.44844546104946 -68.62414695045918 5.99
    endloop
  endfacet
  facet normal 0 0 -1
    outer loop
      vertex 8.44844546104946 -68.62414695045918 5.99
      vertex 8.44844546104946 -66.91585304954081 5.99
      vertex 8.490518895644122 -68.52257269404512 5.99
    endloop
  endfacet
  facet normal 0 0 -1
    outer loop
      vertex 8.490518895644122 -68.52257269404512 5.99
      vertex 8.490518895644122 -67.01742730595487 5.99
      vertex 8.527218684219825 -68.41893568818739 5.99
    endloop
  endfacet
  facet normal 0 0 -1
    outer loop
      vertex 8.527218684219825 -68.41893568818739 5.99
      vertex 8.490518895644122 -67.01742730595487 5.99
      vertex 8.527218684219825 -67.1210643118126 5.99
    endloop
  endfacet
  facet normal 0 0 -1
    outer loop
      vertex 8.527218684219825 -68.41893568818739 5.99
      vertex 8.527218684219825 -67.1210643118126 5.99
      vertex 8.558444235207048 -68.31351999471529 5.99
    endloop
  endfacet
  facet normal 0 0 -1
    outer loop
      vertex 8.558444235207048 -68.31351999471529 5.99
      vertex 8.558444235207048 -67.2264800052847 5.99
      vertex 8.584109961540996 -68.20661455071729 5.99
    endloop
  endfacet
  facet normal 0 0 -1
    outer loop
      vertex 8.584109961540996 -68.20661455071729 5.99
      vertex 8.584109961540996 -67.3333854492827 5.99
      vertex 8.60414551524979 -68.09851237658448 5.99
    endloop
  endfacet
  facet normal 0 0 -1
    outer loop
      vertex 8.60414551524979 -68.09851237658448 5.99
      vertex 8.60414551524979 -67.44148762341551 5.99
      vertex 8.618495980273373 -67.98950977286206 5.99
    endloop
  endfacet
  facet normal 0 0 -1
    outer loop
      vertex 8.618495980273373 -67.98950977286206 5.99
      vertex 8.618495980273373 -67.55049022713793 5.99
      vertex 8.627122022984608 -67.87990550811018 5.99
    endloop
  endfacet
  facet normal 0 0 -1
    outer loop
      vertex 8.627122022984608 -67.87990550811018 5.99
      vertex 8.618495980273373 -67.55049022713793 5.99
      vertex 8.627122022984608 -67.66009449188981 5.99
    endloop
  endfacet
  facet normal 0 0 -1
    outer loop
      vertex 8.618495980273373 -67.98950977286206 5.99
      vertex 8.60414551524979 -67.44148762341551 5.99
      vertex 8.618495980273373 -67.55049022713793 5.99
    endloop
  endfacet
  facet normal 0 0 -1
    outer loop
      vertex 8.558444235207048 -68.31351999471529 5.99
      vertex 8.527218684219825 -67.1210643118126 5.99
      vertex 8.558444235207048 -67.2264800052847 5.99
    endloop
  endfacet
  facet normal 0 0 -1
    outer loop
      vertex 8.584109961540996 -68.20661455071729 5.99
      vertex 8.558444235207048 -67.2264800052847 5.99
      vertex 8.584109961540996 -67.3333854492827 5.99
    endloop
  endfacet
  facet normal 0 0 -1
    outer loop
      vertex 8.60414551524979 -68.09851237658448 5.99
      vertex 8.584109961540996 -67.3333854492827 5.99
      vertex 8.60414551524979 -67.44148762341551 5.99
    endloop
  endfacet
  facet normal 0 0 -1
    outer loop
      vertex 8.627122022984608 -67.87990550811018 5.99
      vertex 8.627122022984608 -67.66009449188981 5.99
      vertex 8.630000000000003 -67.77 5.99
    endloop
  endfacet
  facet normal 0.18223552549212066 -0.9832549075639596 0
    outer loop
      vertex 6.093385449282707 -65.71589003845901 0
      vertex 6.201487623415517 -65.69585448475021 5.99
      vertex 6.093385449282707 -65.71589003845901 5.99
    endloop
  endfacet
  facet normal 0.13052619222016315 -0.9914448613737956 0
    outer loop
      vertex 6.201487623415517 -65.69585448475021 0
      vertex 6.310490227137926 -65.68150401972662 5.99
      vertex 6.201487623415517 -65.69585448475021 5.99
    endloop
  endfacet
  facet normal 0.07845909572781304 -0.9969173337331304 0
    outer loop
      vertex 6.310490227137926 -65.68150401972662 0
      vertex 6.42009449188982 -65.67287797701539 5.99
      vertex 6.310490227137926 -65.68150401972662 5.99
    endloop
  endfacet
  facet normal 0.02617694830780647 -0.9996573249755589 0
    outer loop
      vertex 6.42009449188982 -65.67287797701539 0
      vertex 6.530000000000001 -65.67 5.99
      vertex 6.42009449188982 -65.67287797701539 5.99
    endloop
  endfacet
  facet normal -0.02617694830780647 -0.9996573249755589 0
    outer loop
      vertex 6.530000000000001 -65.67 0
      vertex 6.639905508110182 -65.67287797701539 5.99
      vertex 6.530000000000001 -65.67 5.99
    endloop
  endfacet
  facet normal -0.07845909572781304 -0.9969173337331304 0
    outer loop
      vertex 6.639905508110182 -65.67287797701539 0
      vertex 6.749509772862076 -65.68150401972662 5.99
      vertex 6.639905508110182 -65.67287797701539 5.99
    endloop
  endfacet
  facet normal -0.13052619222016315 -0.9914448613737956 0
    outer loop
      vertex 6.749509772862076 -65.68150401972662 0
      vertex 6.8585123765844855 -65.69585448475021 5.99
      vertex 6.749509772862076 -65.68150401972662 5.99
    endloop
  endfacet
  facet normal -0.18223552549212066 -0.9832549075639596 0
    outer loop
      vertex 6.8585123765844855 -65.69585448475021 0
      vertex 6.966614550717296 -65.71589003845901 5.99
      vertex 6.8585123765844855 -65.69585448475021 5.99
    endloop
  endfacet
  facet normal -0.2334453638558314 -0.9723699203976943 0
    outer loop
      vertex 6.966614550717296 -65.71589003845901 0
      vertex 7.073519994715298 -65.74155576479295 5.99
      vertex 6.966614550717296 -65.71589003845901 5.99
    endloop
  endfacet
  facet normal -0.2840153447039986 -0.9588197348681705 0
    outer loop
      vertex 7.073519994715298 -65.74155576479295 0
      vertex 7.178935688187394 -65.77278131578018 5.99
      vertex 7.073519994715298 -65.74155576479295 5.99
    endloop
  endfacet
  facet normal -0.4305110968082607 -0.9025852843498771 0
    outer loop
      vertex 7.384146950459183 -65.85155453895054 0
      vertex 7.4833800494530465 -65.89888629920442 5.99
      vertex 7.384146950459183 -65.85155453895054 5.99
    endloop
  endfacet
  facet normal -0.4771587602596494 -0.8788171126619431 0
    outer loop
      vertex 7.4833800494530465 -65.89888629920442 0
      vertex 7.579999999999998 -65.95134665205268 5.99
      vertex 7.4833800494530465 -65.89888629920442 5.99
    endloop
  endfacet
  facet normal -0.33380685923370773 -0.9426414910922009 0
    outer loop
      vertex 7.178935688187394 -65.77278131578018 0
      vertex 7.282572694045129 -65.80948110435587 5.99
      vertex 7.178935688187394 -65.77278131578018 5.99
    endloop
  endfacet
  facet normal -0.38268343236513946 -0.9238795325112662 0
    outer loop
      vertex 7.282572694045129 -65.80948110435587 0
      vertex 7.384146950459183 -65.85155453895054 5.99
      vertex 7.282572694045129 -65.80948110435587 5.99
    endloop
  endfacet
  facet normal -0.7933533402911954 -0.6087614290087725 0
    outer loop
      vertex 8.162006519059638 -66.44842717879534 0
      vertex 8.228935688187391 -66.5356509701858 5.99
      vertex 8.162006519059638 -66.44842717879534 5.99
    endloop
  endfacet
  facet normal -0.8241261886220282 -0.5664062369248144 0
    outer loop
      vertex 8.228935688187391 -66.5356509701858 0
      vertex 8.291208192685389 -66.62625802646843 5.99
      vertex 8.228935688187391 -66.5356509701858 5.99
    endloop
  endfacet
  facet normal -0.8526401643541103 -0.5224985647159196 0
    outer loop
      vertex 8.291208192685389 -66.62625802646843 0
      vertex 8.34865334794732 -66.72 5.99
      vertex 8.291208192685389 -66.62625802646843 5.99
    endloop
  endfacet
  facet normal -0.5224985647159484 -0.8526401643540925 0
    outer loop
      vertex 7.579999999999998 -65.95134665205268 0
      vertex 7.6737419735315555 -66.00879180731461 5.99
      vertex 7.579999999999998 -65.95134665205268 5.99
    endloop
  endfacet
  facet normal -0.5664062369247843 -0.8241261886220489 0
    outer loop
      vertex 7.6737419735315555 -66.00879180731461 0
      vertex 7.764349029814198 -66.0710643118126 5.99
      vertex 7.6737419735315555 -66.00879180731461 5.99
    endloop
  endfacet
  facet normal -0.6494480483302528 -0.7604059655999719 0
    outer loop
      vertex 7.8515728212046625 -66.13799348094035 0
      vertex 7.935174273353603 -66.20939586649747 5.99
      vertex 7.8515728212046625 -66.13799348094035 5.99
    endloop
  endfacet
  facet normal -0.6087614290087007 -0.7933533402912506 0
    outer loop
      vertex 7.764349029814198 -66.0710643118126 0
      vertex 7.8515728212046625 -66.13799348094035 5.99
      vertex 7.764349029814198 -66.0710643118126 5.99
    endloop
  endfacet
  facet normal -0.7253743710122573 -0.6883545756937859 0
    outer loop
      vertex 8.014924240491752 -66.28507575950825 0
      vertex 8.09060413350253 -66.36482572664639 5.99
      vertex 8.014924240491752 -66.28507575950825 5.99
    endloop
  endfacet
  facet normal -0.6883545756937197 -0.7253743710123203 0
    outer loop
      vertex 7.935174273353603 -66.20939586649747 0
      vertex 8.014924240491752 -66.28507575950825 5.99
      vertex 7.935174273353603 -66.20939586649747 5.99
    endloop
  endfacet
  facet normal -0.7604059656000902 -0.6494480483301142 0
    outer loop
      vertex 8.09060413350253 -66.36482572664639 0
      vertex 8.162006519059638 -66.44842717879534 5.99
      vertex 8.09060413350253 -66.36482572664639 5.99
    endloop
  endfacet
  facet normal -0.9426414910921602 -0.3338068592338226 0
    outer loop
      vertex 8.490518895644122 -67.01742730595487 0
      vertex 8.527218684219825 -67.1210643118126 5.99
      vertex 8.490518895644122 -67.01742730595487 5.99
    endloop
  endfacet
  facet normal -0.9914448613738136 -0.13052619222002776 0
    outer loop
      vertex 8.60414551524979 -67.44148762341551 0
      vertex 8.618495980273373 -67.55049022713793 5.99
      vertex 8.60414551524979 -67.44148762341551 5.99
    endloop
  endfacet
  facet normal -0.9832549075639596 -0.18223552549212066 0
    outer loop
      vertex 8.584109961540996 -67.3333854492827 0
      vertex 8.60414551524979 -67.44148762341551 5.99
      vertex 8.584109961540996 -67.3333854492827 5.99
    endloop
  endfacet
  facet normal -0.9723699203976797 -0.2334453638558925 0
    outer loop
      vertex 8.558444235207048 -67.2264800052847 0
      vertex 8.584109961540996 -67.3333854492827 5.99
      vertex 8.558444235207048 -67.2264800052847 5.99
    endloop
  endfacet
  facet normal -0.9588197348681882 -0.2840153447039392 0
    outer loop
      vertex 8.527218684219825 -67.1210643118126 0
      vertex 8.558444235207048 -67.2264800052847 5.99
      vertex 8.527218684219825 -67.1210643118126 5.99
    endloop
  endfacet
  facet normal -0.9025852843498771 -0.4305110968082607 0
    outer loop
      vertex 8.401113700795577 -66.81661995054695 0
      vertex 8.44844546104946 -66.91585304954081 5.99
      vertex 8.401113700795577 -66.81661995054695 5.99
    endloop
  endfacet
  facet normal -0.8788171126619431 -0.4771587602596494 0
    outer loop
      vertex 8.34865334794732 -66.72 0
      vertex 8.401113700795577 -66.81661995054695 5.99
      vertex 8.34865334794732 -66.72 5.99
    endloop
  endfacet
  facet normal -0.9238795325112891 -0.3826834323650843 0
    outer loop
      vertex 8.44844546104946 -66.91585304954081 0
      vertex 8.490518895644122 -67.01742730595487 5.99
      vertex 8.44844546104946 -66.91585304954081 5.99
    endloop
  endfacet
  facet normal 0 0 -1
    outer loop
      vertex 6.093385449282707 -69.82410996154098 5.99
      vertex 5.9864800052847045 -65.74155576479295 5.99
      vertex 6.093385449282707 -65.71589003845901 5.99
    endloop
  endfacet
  facet normal 0 0 -1
    outer loop
      vertex 6.093385449282707 -65.71589003845901 5.99
      vertex 6.201487623415517 -65.69585448475021 5.99
      vertex 6.201487623415517 -69.84414551524978 5.99
    endloop
  endfacet
  facet normal 0 0 -1
    outer loop
      vertex 6.310490227137926 -69.85849598027337 5.99
      vertex 6.201487623415517 -65.69585448475021 5.99
      vertex 6.310490227137926 -65.68150401972662 5.99
    endloop
  endfacet
  facet normal 0 0 -1
    outer loop
      vertex 6.42009449188982 -69.8671220229846 5.99
      vertex 6.310490227137926 -65.68150401972662 5.99
      vertex 6.42009449188982 -65.67287797701539 5.99
    endloop
  endfacet
  facet normal 0 0 -1
    outer loop
      vertex 6.530000000000001 -69.86999999999999 5.99
      vertex 6.42009449188982 -65.67287797701539 5.99
      vertex 6.530000000000001 -65.67 5.99
    endloop
  endfacet
  facet normal 0 0 -1
    outer loop
      vertex 6.639905508110182 -69.8671220229846 5.99
      vertex 6.530000000000001 -65.67 5.99
      vertex 6.639905508110182 -65.67287797701539 5.99
    endloop
  endfacet
  facet normal 0 0 -1
    outer loop
      vertex 6.749509772862076 -69.85849598027337 5.99
      vertex 6.639905508110182 -65.67287797701539 5.99
      vertex 6.749509772862076 -65.68150401972662 5.99
    endloop
  endfacet
  facet normal 0 0 -1
    outer loop
      vertex 6.8585123765844855 -69.84414551524978 5.99
      vertex 6.749509772862076 -65.68150401972662 5.99
      vertex 6.8585123765844855 -65.69585448475021 5.99
    endloop
  endfacet
  facet normal 0 0 -1
    outer loop
      vertex 6.966614550717296 -69.82410996154098 5.99
      vertex 6.8585123765844855 -65.69585448475021 5.99
      vertex 6.966614550717296 -65.71589003845901 5.99
    endloop
  endfacet
  facet normal 0 0 -1
    outer loop
      vertex 7.073519994715298 -69.79844423520704 5.99
      vertex 6.966614550717296 -65.71589003845901 5.99
      vertex 7.073519994715298 -65.74155576479295 5.99
    endloop
  endfacet
  facet normal 0 0 -1
    outer loop
      vertex 7.178935688187394 -69.76721868421981 5.99
      vertex 7.073519994715298 -65.74155576479295 5.99
      vertex 7.178935688187394 -65.77278131578018 5.99
    endloop
  endfacet
  facet normal 0 0 -1
    outer loop
      vertex 7.282572694045129 -69.73051889564412 5.99
      vertex 7.178935688187394 -65.77278131578018 5.99
      vertex 7.282572694045129 -65.80948110435587 5.99
    endloop
  endfacet
  facet normal 0 0 -1
    outer loop
      vertex 7.384146950459183 -69.68844546104945 5.99
      vertex 7.282572694045129 -65.80948110435587 5.99
      vertex 7.384146950459183 -65.85155453895054 5.99
    endloop
  endfacet
  facet normal 0 0 -1
    outer loop
      vertex 7.4833800494530465 -69.64111370079557 5.99
      vertex 7.384146950459183 -65.85155453895054 5.99
      vertex 7.4833800494530465 -65.89888629920442 5.99
    endloop
  endfacet
  facet normal 0 0 -1
    outer loop
      vertex 7.579999999999998 -69.58865334794731 5.99
      vertex 7.4833800494530465 -65.89888629920442 5.99
      vertex 7.579999999999998 -65.95134665205268 5.99
    endloop
  endfacet
  facet normal 0 0 -1
    outer loop
      vertex 7.6737419735315555 -69.53120819268538 5.99
      vertex 7.579999999999998 -65.95134665205268 5.99
      vertex 7.6737419735315555 -66.00879180731461 5.99
    endloop
  endfacet
  facet normal 0 0 -1
    outer loop
      vertex 7.764349029814198 -69.46893568818739 5.99
      vertex 7.6737419735315555 -66.00879180731461 5.99
      vertex 7.764349029814198 -66.0710643118126 5.99
    endloop
  endfacet
  facet normal 0 0 -1
    outer loop
      vertex 7.8515728212046625 -69.40200651905964 5.99
      vertex 7.764349029814198 -66.0710643118126 5.99
      vertex 7.8515728212046625 -66.13799348094035 5.99
    endloop
  endfacet
  facet normal 0 0 -1
    outer loop
      vertex 7.935174273353603 -69.33060413350252 5.99
      vertex 7.8515728212046625 -66.13799348094035 5.99
      vertex 7.935174273353603 -66.20939586649747 5.99
    endloop
  endfacet
  facet normal 0 0 -1
    outer loop
      vertex 8.014924240491752 -69.25492424049175 5.99
      vertex 7.935174273353603 -66.20939586649747 5.99
      vertex 8.014924240491752 -66.28507575950825 5.99
    endloop
  endfacet
  facet normal 0 0 -1
    outer loop
      vertex 8.09060413350253 -69.1751742733536 5.99
      vertex 8.014924240491752 -66.28507575950825 5.99
      vertex 8.09060413350253 -66.36482572664639 5.99
    endloop
  endfacet
  facet normal 0 0 -1
    outer loop
      vertex 8.162006519059638 -69.09157282120465 5.99
      vertex 8.09060413350253 -66.36482572664639 5.99
      vertex 8.162006519059638 -66.44842717879534 5.99
    endloop
  endfacet
  facet normal 0 0 -1
    outer loop
      vertex 8.228935688187391 -69.0043490298142 5.99
      vertex 8.162006519059638 -66.44842717879534 5.99
      vertex 8.228935688187391 -66.5356509701858 5.99
    endloop
  endfacet
  facet normal 0 0 -1
    outer loop
      vertex 8.34865334794732 -68.82 5.99
      vertex 8.291208192685389 -66.62625802646843 5.99
      vertex 8.34865334794732 -66.72 5.99
    endloop
  endfacet
  facet normal 0 0 -1
    outer loop
      vertex 8.291208192685389 -68.91374197353156 5.99
      vertex 8.228935688187391 -66.5356509701858 5.99
      vertex 8.291208192685389 -66.62625802646843 5.99
    endloop
  endfacet
  facet normal 0 0 -1
    outer loop
      vertex 8.401113700795577 -68.72338004945304 5.99
      vertex 8.34865334794732 -66.72 5.99
      vertex 8.401113700795577 -66.81661995054695 5.99
    endloop
  endfacet
  facet normal 0 0 -1
    outer loop
      vertex 8.44844546104946 -68.62414695045918 5.99
      vertex 8.401113700795577 -66.81661995054695 5.99
      vertex 8.44844546104946 -66.91585304954081 5.99
    endloop
  endfacet
  facet normal 0 0 -1
    outer loop
      vertex 8.490518895644122 -68.52257269404512 5.99
      vertex 8.44844546104946 -66.91585304954081 5.99
      vertex 8.490518895644122 -67.01742730595487 5.99
    endloop
  endfacet
  facet normal 0 0 1
    outer loop
      vertex 0.5409562128782284 -70.22905692875385 8
      vertex 0.5300000000000011 -64.52000000327826 8
      vertex 0.5327409270405781 -70.12467191040516 8
    endloop
  endfacet
  facet normal 0 0 1
    outer loop
      vertex 0.5327409270405781 -70.12467191040516 8
      vertex 0.5300000000000011 -64.52000000327826 8
      vertex 0.5300000000000011 -70.02 8
    endloop
  endfacet
  facet normal 0 0 1
    outer loop
      vertex 0.5737048003077518 -70.43582338511943 8
      vertex 19.53 -64.52000000327826 8
      vertex 0.5546233195066463 -70.33286893039941 8
    endloop
  endfacet
  facet normal 0 0 1
    outer loop
      vertex 0.6628391507267963 -70.73673589944839 8
      vertex 19.53 -64.52000000327826 8
      vertex 0.6278869646787655 -70.63803399026393 8
    endloop
  endfacet
  facet normal 0 0 1
    outer loop
      vertex 0.6278869646787655 -70.63803399026393 8
      vertex 19.53 -64.52000000327826 8
      vertex 0.5981483447551739 -70.53763808727264 8
    endloop
  endfacet
  facet normal 0 0 1
    outer loop
      vertex 0.5737048003077518 -70.43582338511943 8
      vertex 0.5981483447551739 -70.53763808727264 8
      vertex 19.53 -64.52000000327826 8
    endloop
  endfacet
  facet normal 0 0 1
    outer loop
      vertex 0.5546233195066463 -70.33286893039941 8
      vertex 19.53 -64.52000000327826 8
      vertex 0.5409562128782284 -70.22905692875385 8
    endloop
  endfacet
  facet normal 0 0 1
    outer loop
      vertex 0.5409562128782284 -70.22905692875385 8
      vertex 19.53 -64.52000000327826 8
      vertex 0.5300000000000011 -64.52000000327826 8
    endloop
  endfacet
  facet normal 0 0 1
    outer loop
      vertex 1.1917387905716907 -71.5062896502018 8
      vertex 1.2713592189550411 -71.57429192632436 8
      vertex 28.0162896502018 -71.3582612094283 8
    endloop
  endfacet
  facet normal 0 0 1
    outer loop
      vertex 1.5300000000000011 -71.75205080628395 8
      vertex 27.78864078104496 -71.57429192632436 8
      vertex 1.440721927881242 -71.69734113335609 8
    endloop
  endfacet
  facet normal 0 0 1
    outer loop
      vertex 1.3544294971227657 -71.63803399026393 8
      vertex 1.440721927881242 -71.69734113335609 8
      vertex 27.86826120942831 -71.5062896502018 8
    endloop
  endfacet
  facet normal 0 0 1
    outer loop
      vertex 1.2713592189550411 -71.57429192632436 8
      vertex 1.3544294971227657 -71.63803399026393 8
      vertex 27.944213560521604 -71.4342135605216 8
    endloop
  endfacet
  facet normal 0 0 1
    outer loop
      vertex 0.9119660097360622 -71.19557050287723 8
      vertex 0.9757080736756336 -71.27864078104496 8
      vertex 28.262050806283952 -71.02 8
    endloop
  endfacet
  facet normal 0 0 1
    outer loop
      vertex 0.9119660097360622 -71.19557050287723 8
      vertex 28.312013051211835 -70.92798100084066 8
      vertex 0.8526588666439068 -71.10927807211876 8
    endloop
  endfacet
  facet normal 0 0 1
    outer loop
      vertex 0.8526588666439068 -71.10927807211876 8
      vertex 28.357090911567212 -70.83347328424453 8
      vertex 0.7979491937160503 -71.02 8
    endloop
  endfacet
  facet normal 0 0 1
    outer loop
      vertex 0.7479869487881672 -70.92798100084066 8
      vertex 0.7979491937160503 -71.02 8
      vertex 28.397160849273206 -70.73673589944839 8
    endloop
  endfacet
  facet normal 0 0 1
    outer loop
      vertex 1.1917387905716907 -71.5062896502018 8
      vertex 28.08429192632437 -71.27864078104496 8
      vertex 1.1157864394783985 -71.4342135605216 8
    endloop
  endfacet
  facet normal 0 0 1
    outer loop
      vertex 1.0437103497982037 -71.3582612094283 8
      vertex 1.1157864394783985 -71.4342135605216 8
      vertex 28.14803399026394 -71.19557050287723 8
    endloop
  endfacet
  facet normal 0 0 1
    outer loop
      vertex 1.0437103497982037 -71.3582612094283 8
      vertex 28.207341133356095 -71.10927807211876 8
      vertex 0.9757080736756336 -71.27864078104496 8
    endloop
  endfacet
  facet normal 0 0 1
    outer loop
      vertex 1.7165267157554638 -71.84709091156721 8
      vertex 1.8132641005516064 -71.8871608492732 8
      vertex 27.53 -71.75205080628395 8
    endloop
  endfacet
  facet normal 0 0 1
    outer loop
      vertex 1.6220189991593372 -71.80201305121183 8
      vertex 1.7165267157554638 -71.84709091156721 8
      vertex 27.61927807211876 -71.69734113335609 8
    endloop
  endfacet
  facet normal 0 0 1
    outer loop
      vertex 1.9119660097360622 -71.92211303532123 8
      vertex 2.012361912727357 -71.95185165524482 8
      vertex 27.34347328424454 -71.84709091156721 8
    endloop
  endfacet
  facet normal 0 0 1
    outer loop
      vertex 2.012361912727357 -71.95185165524482 8
      vertex 2.114176614880563 -71.97629519969225 8
      vertex 27.246735899448396 -71.8871608492732 8
    endloop
  endfacet
  facet normal 0 0 1
    outer loop
      vertex 1.8132641005516064 -71.8871608492732 8
      vertex 1.9119660097360622 -71.92211303532123 8
      vertex 27.437981000840665 -71.80201305121183 8
    endloop
  endfacet
  facet normal 0 0 1
    outer loop
      vertex 1.5300000000000011 -71.75205080628395 8
      vertex 1.6220189991593372 -71.80201305121183 8
      vertex 27.705570502877237 -71.63803399026393 8
    endloop
  endfacet
  facet normal 0 0 1
    outer loop
      vertex 2.2171310696005833 -71.99537668049335 8
      vertex 2.3209430712461483 -72.00904378712177 8
      vertex 27.047638087272645 -71.95185165524482 8
    endloop
  endfacet
  facet normal 0 0 1
    outer loop
      vertex 2.114176614880563 -71.97629519969225 8
      vertex 2.2171310696005833 -71.99537668049335 8
      vertex 27.14803399026394 -71.92211303532123 8
    endloop
  endfacet
  facet normal 0 0 1
    outer loop
      vertex 2.3209430712461483 -72.00904378712177 8
      vertex 2.425328089594842 -72.01725907295942 8
      vertex 26.94582338511944 -71.97629519969225 8
    endloop
  endfacet
  facet normal 0 0 1
    outer loop
      vertex 2.425328089594842 -72.01725907295942 8
      vertex 2.530000000000001 -72.02 8
      vertex 26.84286893039942 -71.99537668049335 8
    endloop
  endfacet
  facet normal 0 0 1
    outer loop
      vertex 0.7479869487881672 -70.92798100084066 8
      vertex 28.432113035321237 -70.63803399026393 8
      vertex 0.70290908843279 -70.83347328424453 8
    endloop
  endfacet
  facet normal 0 0 1
    outer loop
      vertex 0.70290908843279 -70.83347328424453 8
      vertex 28.46185165524483 -70.53763808727264 8
      vertex 0.6628391507267963 -70.73673589944839 8
    endloop
  endfacet
  facet normal 0 0 -1
    outer loop
      vertex 8.527218684219825 -68.41893568818739 0
      vertex 8.558444235207048 -68.31351999471529 0
      vertex 19.53 -70.52 0
    endloop
  endfacet
  facet normal 0 0 -1
    outer loop
      vertex 8.558444235207048 -68.31351999471529 0
      vertex 8.584109961540996 -68.20661455071729 0
      vertex 19.53 -70.52 0
    endloop
  endfacet
  facet normal 0 0 -1
    outer loop
      vertex 8.584109961540996 -68.20661455071729 0
      vertex 8.60414551524979 -68.09851237658448 0
      vertex 19.53 -70.52 0
    endloop
  endfacet
  facet normal 0 0 -1
    outer loop
      vertex 8.60414551524979 -68.09851237658448 0
      vertex 8.618495980273373 -67.98950977286206 0
      vertex 19.53 -70.52 0
    endloop
  endfacet
  facet normal 0 0 -1
    outer loop
      vertex 8.618495980273373 -67.98950977286206 0
      vertex 8.627122022984608 -67.87990550811018 0
      vertex 19.53 -70.52 0
    endloop
  endfacet
  facet normal 0 0 -1
    outer loop
      vertex 8.627122022984608 -67.87990550811018 0
      vertex 8.630000000000003 -67.77 0
      vertex 19.53 -70.52 0
    endloop
  endfacet
  facet normal 0 0 -1
    outer loop
      vertex 8.630000000000003 -67.77 0
      vertex 8.627122022984608 -67.66009449188981 0
      vertex 19.53 -70.52 0
    endloop
  endfacet
  facet normal 0 0 -1
    outer loop
      vertex 8.627122022984608 -67.66009449188981 0
      vertex 8.618495980273373 -67.55049022713793 0
      vertex 19.53 -70.52 0
    endloop
  endfacet
  facet normal 0 0 -1
    outer loop
      vertex 8.618495980273373 -67.55049022713793 0
      vertex 8.60414551524979 -67.44148762341551 0
      vertex 19.53 -70.52 0
    endloop
  endfacet
  facet normal 0 0 -1
    outer loop
      vertex 8.60414551524979 -67.44148762341551 0
      vertex 8.584109961540996 -67.3333854492827 0
      vertex 19.53 -70.52 0
    endloop
  endfacet
  facet normal 0 0 -1
    outer loop
      vertex 8.584109961540996 -67.3333854492827 0
      vertex 8.558444235207048 -67.2264800052847 0
      vertex 19.53 -64.52000000327826 0
    endloop
  endfacet
  facet normal 0 0 -1
    outer loop
      vertex 8.558444235207048 -67.2264800052847 0
      vertex 8.527218684219825 -67.1210643118126 0
      vertex 19.53 -64.52000000327826 0
    endloop
  endfacet
  facet normal 0 0 -1
    outer loop
      vertex 0.6628391507267963 -70.73673589944839 0
      vertex 19.53 -70.52 0
      vertex 28.46608618484712 -70.52 0
    endloop
  endfacet
  facet normal 0 0 -1
    outer loop
      vertex 8.584109961540996 -67.3333854492827 0
      vertex 19.53 -64.52000000327826 0
      vertex 19.53 -70.52 0
    endloop
  endfacet
  facet normal 0 0 -1
    outer loop
      vertex 2.530000000000001 -72.02 0
      vertex 26.739056928753854 -72.00904378712177 0
      vertex 26.53 -72.02 0
    endloop
  endfacet
  facet normal 0 0 -1
    outer loop
      vertex 2.530000000000001 -72.02 0
      vertex 26.84286893039942 -71.99537668049335 0
      vertex 26.739056928753854 -72.00904378712177 0
    endloop
  endfacet
  facet normal 0 0 -1
    outer loop
      vertex 2.425328089594842 -72.01725907295942 0
      vertex 26.94582338511944 -71.97629519969225 0
      vertex 26.84286893039942 -71.99537668049335 0
    endloop
  endfacet
  facet normal 0 0 -1
    outer loop
      vertex 2.3209430712461483 -72.00904378712177 0
      vertex 27.047638087272645 -71.95185165524482 0
      vertex 26.94582338511944 -71.97629519969225 0
    endloop
  endfacet
  facet normal 0 0 -1
    outer loop
      vertex 2.2171310696005833 -71.99537668049335 0
      vertex 27.14803399026394 -71.92211303532123 0
      vertex 27.047638087272645 -71.95185165524482 0
    endloop
  endfacet
  facet normal 0 0 -1
    outer loop
      vertex 2.114176614880563 -71.97629519969225 0
      vertex 27.246735899448396 -71.8871608492732 0
      vertex 27.14803399026394 -71.92211303532123 0
    endloop
  endfacet
  facet normal 0 0 -1
    outer loop
      vertex 2.012361912727357 -71.95185165524482 0
      vertex 27.34347328424454 -71.84709091156721 0
      vertex 27.246735899448396 -71.8871608492732 0
    endloop
  endfacet
  facet normal 0 0 -1
    outer loop
      vertex 1.9119660097360622 -71.92211303532123 0
      vertex 27.437981000840665 -71.80201305121183 0
      vertex 27.34347328424454 -71.84709091156721 0
    endloop
  endfacet
  facet normal 0 0 -1
    outer loop
      vertex 1.8132641005516064 -71.8871608492732 0
      vertex 27.53 -71.75205080628395 0
      vertex 27.437981000840665 -71.80201305121183 0
    endloop
  endfacet
  facet normal 0 0 -1
    outer loop
      vertex 1.7165267157554638 -71.84709091156721 0
      vertex 27.61927807211876 -71.69734113335609 0
      vertex 27.53 -71.75205080628395 0
    endloop
  endfacet
  facet normal 0 0 -1
    outer loop
      vertex 1.6220189991593372 -71.80201305121183 0
      vertex 27.705570502877237 -71.63803399026393 0
      vertex 27.61927807211876 -71.69734113335609 0
    endloop
  endfacet
  facet normal 0 0 -1
    outer loop
      vertex 1.5300000000000011 -71.75205080628395 0
      vertex 27.78864078104496 -71.57429192632436 0
      vertex 27.705570502877237 -71.63803399026393 0
    endloop
  endfacet
  facet normal 0 0 -1
    outer loop
      vertex 1.440721927881242 -71.69734113335609 0
      vertex 27.86826120942831 -71.5062896502018 0
      vertex 27.78864078104496 -71.57429192632436 0
    endloop
  endfacet
  facet normal 0 0 -1
    outer loop
      vertex 1.3544294971227657 -71.63803399026393 0
      vertex 27.944213560521604 -71.4342135605216 0
      vertex 27.86826120942831 -71.5062896502018 0
    endloop
  endfacet
  facet normal 0 0 -1
    outer loop
      vertex 1.2713592189550411 -71.57429192632436 0
      vertex 28.0162896502018 -71.3582612094283 0
      vertex 27.944213560521604 -71.4342135605216 0
    endloop
  endfacet
  facet normal 0 0 -1
    outer loop
      vertex 1.1917387905716907 -71.5062896502018 0
      vertex 28.08429192632437 -71.27864078104496 0
      vertex 28.0162896502018 -71.3582612094283 0
    endloop
  endfacet
  facet normal 0 0 -1
    outer loop
      vertex 1.1157864394783985 -71.4342135605216 0
      vertex 28.14803399026394 -71.19557050287723 0
      vertex 28.08429192632437 -71.27864078104496 0
    endloop
  endfacet
  facet normal 0 0 -1
    outer loop
      vertex 1.0437103497982037 -71.3582612094283 0
      vertex 28.207341133356095 -71.10927807211876 0
      vertex 28.14803399026394 -71.19557050287723 0
    endloop
  endfacet
  facet normal 0 0 -1
    outer loop
      vertex 0.9757080736756336 -71.27864078104496 0
      vertex 28.262050806283952 -71.02 0
      vertex 28.207341133356095 -71.10927807211876 0
    endloop
  endfacet
  facet normal 0 0 -1
    outer loop
      vertex 0.9119660097360622 -71.19557050287723 0
      vertex 28.312013051211835 -70.92798100084066 0
      vertex 28.262050806283952 -71.02 0
    endloop
  endfacet
  facet normal 0 0 -1
    outer loop
      vertex 0.8526588666439068 -71.10927807211876 0
      vertex 28.357090911567212 -70.83347328424453 0
      vertex 28.312013051211835 -70.92798100084066 0
    endloop
  endfacet
  facet normal 0 0 -1
    outer loop
      vertex 0.7979491937160503 -71.02 0
      vertex 28.397160849273206 -70.73673589944839 0
      vertex 28.357090911567212 -70.83347328424453 0
    endloop
  endfacet
  facet normal 0 0 -1
    outer loop
      vertex 0.7479869487881672 -70.92798100084066 0
      vertex 28.432113035321237 -70.63803399026393 0
      vertex 28.397160849273206 -70.73673589944839 0
    endloop
  endfacet
  facet normal 0 0 -1
    outer loop
      vertex 0.70290908843279 -70.83347328424453 0
      vertex 28.46185165524483 -70.53763808727264 0
      vertex 28.432113035321237 -70.63803399026393 0
    endloop
  endfacet
  facet normal 0 0 -1
    outer loop
      vertex 0.6628391507267963 -70.73673589944839 0
      vertex 28.46608618484712 -70.52 0
      vertex 28.46185165524483 -70.53763808727264 0
    endloop
  endfacet
  facet normal 1 0 0
    outer loop
      vertex 19.53 -70.52 0
      vertex 19.53 -64.52000000327826 0
      vertex 19.53 -64.52000000327826 8
    endloop
  endfacet
  facet normal 1 0 0
    outer loop
      vertex 19.53 -64.52000000327826 0
      vertex 19.53 -60.519999999999996 0
      vertex 19.53 -64.52000000327826 8
    endloop
  endfacet
  facet normal 0 1 0
    outer loop
      vertex 19.53 -70.52 0
      vertex 19.53 -70.52 8
      vertex 28.46608618484712 -70.52 0
    endloop
  endfacet
  facet normal 0 -1 0
    outer loop
      vertex 2.530000000000001 -72.02 8
      vertex 26.53 -72.02 0
      vertex 26.53 -72.02 8
    endloop
  endfacet
  facet normal 1 0 0
    outer loop
      vertex 19.53 -70.52 0
      vertex 19.53 -64.52000000327826 8
      vertex 19.53 -70.52 8
    endloop
  endfacet
  facet normal 0 0 1
    outer loop
      vertex 0.6628391507267963 -70.73673589944839 8
      vertex 19.53 -70.52 8
      vertex 19.53 -64.52000000327826 8
    endloop
  endfacet
  facet normal 0 0 1
    outer loop
      vertex 0.6628391507267963 -70.73673589944839 8
      vertex 28.46185165524483 -70.53763808727264 8
      vertex 19.53 -70.52 8
    endloop
  endfacet
  facet normal 0 -1 0
    outer loop
      vertex 0.5300000000000011 -64.52000000327826 8
      vertex 19.53 -64.52000000327826 8
      vertex 19.53 -64.52000000327826 15.995000000000001
    endloop
  endfacet
  facet normal 0 0 1
    outer loop
      vertex 2.530000000000001 -72.02 8
      vertex 26.53 -72.02 8
      vertex 26.739056928753854 -72.00904378712177 8
    endloop
  endfacet
  facet normal 0 0 1
    outer loop
      vertex 2.530000000000001 -72.02 8
      vertex 26.739056928753854 -72.00904378712177 8
      vertex 26.84286893039942 -71.99537668049335 8
    endloop
  endfacet
  facet normal 0 0 1
    outer loop
      vertex 2.425328089594842 -72.01725907295942 8
      vertex 26.84286893039942 -71.99537668049335 8
      vertex 26.94582338511944 -71.97629519969225 8
    endloop
  endfacet
  facet normal 0 0 1
    outer loop
      vertex 2.3209430712461483 -72.00904378712177 8
      vertex 26.94582338511944 -71.97629519969225 8
      vertex 27.047638087272645 -71.95185165524482 8
    endloop
  endfacet
  facet normal 0 0 1
    outer loop
      vertex 2.2171310696005833 -71.99537668049335 8
      vertex 27.047638087272645 -71.95185165524482 8
      vertex 27.14803399026394 -71.92211303532123 8
    endloop
  endfacet
  facet normal 0 0 1
    outer loop
      vertex 2.114176614880563 -71.97629519969225 8
      vertex 27.14803399026394 -71.92211303532123 8
      vertex 27.246735899448396 -71.8871608492732 8
    endloop
  endfacet
  facet normal 0 0 1
    outer loop
      vertex 2.012361912727357 -71.95185165524482 8
      vertex 27.246735899448396 -71.8871608492732 8
      vertex 27.34347328424454 -71.84709091156721 8
    endloop
  endfacet
  facet normal 0 0 1
    outer loop
      vertex 1.9119660097360622 -71.92211303532123 8
      vertex 27.34347328424454 -71.84709091156721 8
      vertex 27.437981000840665 -71.80201305121183 8
    endloop
  endfacet
  facet normal 0 0 1
    outer loop
      vertex 1.8132641005516064 -71.8871608492732 8
      vertex 27.437981000840665 -71.80201305121183 8
      vertex 27.53 -71.75205080628395 8
    endloop
  endfacet
  facet normal 0 0 1
    outer loop
      vertex 1.7165267157554638 -71.84709091156721 8
      vertex 27.53 -71.75205080628395 8
      vertex 27.61927807211876 -71.69734113335609 8
    endloop
  endfacet
  facet normal 0 0 1
    outer loop
      vertex 1.6220189991593372 -71.80201305121183 8
      vertex 27.61927807211876 -71.69734113335609 8
      vertex 27.705570502877237 -71.63803399026393 8
    endloop
  endfacet
  facet normal 0 0 1
    outer loop
      vertex 1.5300000000000011 -71.75205080628395 8
      vertex 27.705570502877237 -71.63803399026393 8
      vertex 27.78864078104496 -71.57429192632436 8
    endloop
  endfacet
  facet normal 0 0 1
    outer loop
      vertex 1.440721927881242 -71.69734113335609 8
      vertex 27.78864078104496 -71.57429192632436 8
      vertex 27.86826120942831 -71.5062896502018 8
    endloop
  endfacet
  facet normal 0 0 1
    outer loop
      vertex 1.3544294971227657 -71.63803399026393 8
      vertex 27.86826120942831 -71.5062896502018 8
      vertex 27.944213560521604 -71.4342135605216 8
    endloop
  endfacet
  facet normal 0 0 1
    outer loop
      vertex 1.2713592189550411 -71.57429192632436 8
      vertex 27.944213560521604 -71.4342135605216 8
      vertex 28.0162896502018 -71.3582612094283 8
    endloop
  endfacet
  facet normal 0 0 1
    outer loop
      vertex 1.1917387905716907 -71.5062896502018 8
      vertex 28.0162896502018 -71.3582612094283 8
      vertex 28.08429192632437 -71.27864078104496 8
    endloop
  endfacet
  facet normal 0 0 1
    outer loop
      vertex 1.1157864394783985 -71.4342135605216 8
      vertex 28.08429192632437 -71.27864078104496 8
      vertex 28.14803399026394 -71.19557050287723 8
    endloop
  endfacet
  facet normal 0 0 1
    outer loop
      vertex 1.0437103497982037 -71.3582612094283 8
      vertex 28.14803399026394 -71.19557050287723 8
      vertex 28.207341133356095 -71.10927807211876 8
    endloop
  endfacet
  facet normal 0 0 1
    outer loop
      vertex 0.9757080736756336 -71.27864078104496 8
      vertex 28.207341133356095 -71.10927807211876 8
      vertex 28.262050806283952 -71.02 8
    endloop
  endfacet
  facet normal 0 0 1
    outer loop
      vertex 0.9119660097360622 -71.19557050287723 8
      vertex 28.262050806283952 -71.02 8
      vertex 28.312013051211835 -70.92798100084066 8
    endloop
  endfacet
  facet normal 0 0 1
    outer loop
      vertex 0.8526588666439068 -71.10927807211876 8
      vertex 28.312013051211835 -70.92798100084066 8
      vertex 28.357090911567212 -70.83347328424453 8
    endloop
  endfacet
  facet normal 0 0 1
    outer loop
      vertex 0.7979491937160503 -71.02 8
      vertex 28.357090911567212 -70.83347328424453 8
      vertex 28.397160849273206 -70.73673589944839 8
    endloop
  endfacet
  facet normal 0 0 1
    outer loop
      vertex 0.7479869487881672 -70.92798100084066 8
      vertex 28.397160849273206 -70.73673589944839 8
      vertex 28.432113035321237 -70.63803399026393 8
    endloop
  endfacet
  facet normal 0 0 1
    outer loop
      vertex 0.70290908843279 -70.83347328424453 8
      vertex 28.432113035321237 -70.63803399026393 8
      vertex 28.46185165524483 -70.53763808727264 8
    endloop
  endfacet
  facet normal 1 0 0
    outer loop
      vertex 19.53 -60.519999999999996 0
      vertex 19.53 -64.52000000327826 15.995000000000001
      vertex 19.53 -64.52000000327826 8
    endloop
  endfacet
  facet normal 1 0 0
    outer loop
      vertex 19.53 -60.519999999999996 0
      vertex 19.53 -60.519999999999996 15.995000000000001
      vertex 19.53 -64.52000000327826 15.995000000000001
    endloop
  endfacet
  facet normal 0 -1 0
    outer loop
      vertex -45.530000002384185 -64.52000000327826 18.4
      vertex 19.53 -64.52000000327826 15.995000000000001
      vertex 39.53 -64.52000000327826 18.4
    endloop
  endfacet
  facet normal 0 0 1
    outer loop
      vertex -45.530000002384185 -64.52000000327826 18.4
      vertex 39.53 -64.52000000327826 18.4
      vertex 39.53 -64.52 18.4
    endloop
  endfacet
  facet normal 0 1 0
    outer loop
      vertex -45.53 -60.519999999999996 16
      vertex 49.23000000000005 -60.519999999999996 16
      vertex 19.53 -60.519999999999996 15.995000000000001
    endloop
  endfacet
  facet normal 0 0 1
    outer loop
      vertex -28.75000000119209 -46.46999999880791 18.4
      vertex 39.53 -64.52 18.4
      vertex 39.53274092704058 -64.41532808959484 18.4
    endloop
  endfacet
  facet normal 0 0 1
    outer loop
      vertex -28.75000000119209 -46.46999999880791 18.4
      vertex 39.53274092704058 -64.41532808959484 18.4
      vertex 39.54095621287823 -64.31094307124614 18.4
    endloop
  endfacet
  facet normal 0 0 1
    outer loop
      vertex -28.75000000119209 -46.46999999880791 18.4
      vertex 39.54095621287823 -64.31094307124614 18.4
      vertex 39.554623319506646 -64.20713106960058 18.4
    endloop
  endfacet
  facet normal 0 0 1
    outer loop
      vertex -28.75000000119209 -46.46999999880791 18.4
      vertex 39.554623319506646 -64.20713106960058 18.4
      vertex 39.57370480030775 -64.10417661488056 18.4
    endloop
  endfacet
  facet normal 0 0 1
    outer loop
      vertex -28.75000000119209 -46.46999999880791 18.4
      vertex 39.57370480030775 -64.10417661488056 18.4
      vertex 39.598148344755174 -64.00236191272735 18.4
    endloop
  endfacet
  facet normal 0 0 1
    outer loop
      vertex -28.75000000119209 -46.46999999880791 18.4
      vertex 39.598148344755174 -64.00236191272735 18.4
      vertex 39.627886964678765 -63.90196600973606 18.4
    endloop
  endfacet
  facet normal 0 0 1
    outer loop
      vertex -28.75000000119209 -46.46999999880791 18.4
      vertex 39.627886964678765 -63.90196600973606 18.4
      vertex 39.662839150726796 -63.8032641005516 18.4
    endloop
  endfacet
  facet normal 0 0 1
    outer loop
      vertex -28.75000000119209 -46.46999999880791 18.4
      vertex 39.662839150726796 -63.8032641005516 18.4
      vertex 39.70290908843279 -63.70652671575546 18.4
    endloop
  endfacet
  facet normal 0 0 1
    outer loop
      vertex -28.75000000119209 -46.46999999880791 18.4
      vertex 39.70290908843279 -63.70652671575546 18.4
      vertex 39.74798694878817 -63.61201899915933 18.4
    endloop
  endfacet
  facet normal 0 0 1
    outer loop
      vertex -28.75000000119209 -46.46999999880791 18.4
      vertex 39.74798694878817 -63.61201899915933 18.4
      vertex 39.79794919371605 -63.519999999999996 18.4
    endloop
  endfacet
  facet normal 0 0 1
    outer loop
      vertex -28.75000000119209 -46.46999999880791 18.4
      vertex 39.79794919371605 -63.519999999999996 18.4
      vertex 39.85265886664391 -63.43072192788124 18.4
    endloop
  endfacet
  facet normal 0 0 1
    outer loop
      vertex -28.75000000119209 -46.46999999880791 18.4
      vertex 39.85265886664391 -63.43072192788124 18.4
      vertex 39.91196600973606 -63.34442949712276 18.4
    endloop
  endfacet
  facet normal 0 0 1
    outer loop
      vertex -28.75000000119209 -46.46999999880791 18.4
      vertex 39.91196600973606 -63.34442949712276 18.4
      vertex 39.975708073675634 -63.261359218955036 18.4
    endloop
  endfacet
  facet normal 0 0 1
    outer loop
      vertex -28.75000000119209 -46.46999999880791 18.4
      vertex 39.975708073675634 -63.261359218955036 18.4
      vertex 40.043710349798204 -63.181738790571686 18.4
    endloop
  endfacet
  facet normal 0 0 1
    outer loop
      vertex -28.75000000119209 -46.46999999880791 18.4
      vertex 40.043710349798204 -63.181738790571686 18.4
      vertex 40.1157864394784 -63.10578643947839 18.4
    endloop
  endfacet
  facet normal 0 0 1
    outer loop
      vertex -28.75000000119209 -46.46999999880791 18.4
      vertex 40.1157864394784 -63.10578643947839 18.4
      vertex 40.19173879057169 -63.0337103497982 18.4
    endloop
  endfacet
  facet normal 0 0 1
    outer loop
      vertex -28.75000000119209 -46.46999999880791 18.4
      vertex 40.19173879057169 -63.0337103497982 18.4
      vertex 40.27135921895504 -62.96570807367563 18.4
    endloop
  endfacet
  facet normal 0 0 1
    outer loop
      vertex -28.75000000119209 -46.46999999880791 18.4
      vertex 40.27135921895504 -62.96570807367563 18.4
      vertex 40.354429497122766 -62.90196600973606 18.4
    endloop
  endfacet
  facet normal 0 0 1
    outer loop
      vertex -28.75000000119209 -46.46999999880791 18.4
      vertex 40.354429497122766 -62.90196600973606 18.4
      vertex 40.44072192788124 -62.8426588666439 18.4
    endloop
  endfacet
  facet normal 0 0 1
    outer loop
      vertex -28.75000000119209 -46.46999999880791 18.4
      vertex 40.44072192788124 -62.8426588666439 18.4
      vertex 40.53 -62.787949193716045 18.4
    endloop
  endfacet
  facet normal 0 0 1
    outer loop
      vertex -28.75000000119209 -46.46999999880791 18.4
      vertex 40.53 -62.787949193716045 18.4
      vertex 40.62201899915934 -62.73798694878816 18.4
    endloop
  endfacet
  facet normal 0 0 1
    outer loop
      vertex -28.75000000119209 -46.46999999880791 18.4
      vertex 40.62201899915934 -62.73798694878816 18.4
      vertex 40.716526715755464 -62.692909088432785 18.4
    endloop
  endfacet
  facet normal 0 0 1
    outer loop
      vertex -28.75000000119209 -46.46999999880791 18.4
      vertex 40.716526715755464 -62.692909088432785 18.4
      vertex 40.813264100551606 -62.65283915072679 18.4
    endloop
  endfacet
  facet normal 0 0 1
    outer loop
      vertex -28.75000000119209 -46.46999999880791 18.4
      vertex 40.813264100551606 -62.65283915072679 18.4
      vertex 40.91196600973606 -62.61788696467876 18.4
    endloop
  endfacet
  facet normal 0 0 1
    outer loop
      vertex -28.75000000119209 -46.46999999880791 18.4
      vertex 40.91196600973606 -62.61788696467876 18.4
      vertex 41.01236191272736 -62.58814834475517 18.4
    endloop
  endfacet
  facet normal 0 0 1
    outer loop
      vertex -28.75000000119209 -46.46999999880791 18.4
      vertex 41.01236191272736 -62.58814834475517 18.4
      vertex 41.11417661488056 -62.56370480030775 18.4
    endloop
  endfacet
  facet normal 0 0 1
    outer loop
      vertex -28.75000000119209 -46.46999999880791 18.4
      vertex 41.11417661488056 -62.56370480030775 18.4
      vertex 41.21713106960058 -62.54462331950664 18.4
    endloop
  endfacet
  facet normal 0 0 1
    outer loop
      vertex -28.75000000119209 -46.46999999880791 18.4
      vertex 41.21713106960058 -62.54462331950664 18.4
      vertex 41.32094307124615 -62.53095621287822 18.4
    endloop
  endfacet
  facet normal 0 0 1
    outer loop
      vertex -28.75000000119209 -46.46999999880791 18.4
      vertex 41.32094307124615 -62.53095621287822 18.4
      vertex 41.42532808959484 -62.52274092704057 18.4
    endloop
  endfacet
  facet normal 0 0 1
    outer loop
      vertex -28.75000000119209 -46.46999999880791 18.4
      vertex 41.42532808959484 -62.52274092704057 18.4
      vertex 41.53 -62.519999999999996 18.4
    endloop
  endfacet
  facet normal 0 0 -1
    outer loop
      vertex -28.75000000119209 -46.46999999880791 16
      vertex 49.23000000000005 -46.46999999880791 16
      vertex 49.23000000000005 -60.519999999999996 16
    endloop
  endfacet
  facet normal 0 0 1
    outer loop
      vertex -28.75000000119209 -46.46999999880791 18.4
      vertex 41.53 -62.519999999999996 18.4
      vertex 49.23000000000005 -46.46999999880791 18.4
    endloop
  endfacet
  facet normal 0 1 0
    outer loop
      vertex -28.75000000119209 -46.46999999880791 18.4
      vertex 49.23000000000005 -46.46999999880791 18.4
      vertex 49.23000000000005 -46.46999999880791 16
    endloop
  endfacet
  facet normal 0 0 -1
    outer loop
      vertex 26.53 -72.02 0
      vertex 26.739056928753854 -72.00904378712177 0
      vertex 26.63467191040516 -72.01725907295942 0
    endloop
  endfacet
  facet normal 0.026176915898989524 -0.9996573258242132 0
    outer loop
      vertex 26.53 -72.02 0
      vertex 26.63467191040516 -72.01725907295942 0
      vertex 26.53 -72.02 8
    endloop
  endfacet
  facet normal 0.07845915957486238 -0.9969173287082567 0
    outer loop
      vertex 26.63467191040516 -72.01725907295942 0
      vertex 26.739056928753854 -72.00904378712177 0
      vertex 26.63467191040516 -72.01725907295942 8
    endloop
  endfacet
  facet normal 0.130526167175912 -0.9914448646709336 0
    outer loop
      vertex 26.739056928753854 -72.00904378712177 0
      vertex 26.84286893039942 -71.99537668049335 0
      vertex 26.739056928753854 -72.00904378712177 8
    endloop
  endfacet
  facet normal 0.18223553003350748 -0.9832549067222632 0
    outer loop
      vertex 26.84286893039942 -71.99537668049335 0
      vertex 26.94582338511944 -71.97629519969225 0
      vertex 26.84286893039942 -71.99537668049335 8
    endloop
  endfacet
  facet normal 0.23344533765439804 -0.9723699266881016 0
    outer loop
      vertex 26.94582338511944 -71.97629519969225 0
      vertex 27.047638087272645 -71.95185165524482 0
      vertex 26.94582338511944 -71.97629519969225 8
    endloop
  endfacet
  facet normal 0.28401533257580097 -0.9588197384607063 0
    outer loop
      vertex 27.047638087272645 -71.95185165524482 0
      vertex 27.14803399026394 -71.92211303532123 0
      vertex 27.047638087272645 -71.95185165524482 8
    endloop
  endfacet
  facet normal 0.33380691746259405 -0.9426414704722688 0
    outer loop
      vertex 27.14803399026394 -71.92211303532123 0
      vertex 27.246735899448396 -71.8871608492732 0
      vertex 27.14803399026394 -71.92211303532123 8
    endloop
  endfacet
  facet normal 0.38268343998639204 -0.92387952935444 0
    outer loop
      vertex 27.246735899448396 -71.8871608492732 0
      vertex 27.34347328424454 -71.84709091156721 0
      vertex 27.246735899448396 -71.8871608492732 8
    endloop
  endfacet
  facet normal 0.43051103369319 -0.9025853144542187 0
    outer loop
      vertex 27.34347328424454 -71.84709091156721 0
      vertex 27.437981000840665 -71.80201305121183 0
      vertex 27.34347328424454 -71.84709091156721 8
    endloop
  endfacet
  facet normal 0.4771587961015434 -0.8788170932013816 0
    outer loop
      vertex 27.437981000840665 -71.80201305121183 0
      vertex 27.53 -71.75205080628395 0
      vertex 27.437981000840665 -71.80201305121183 8
    endloop
  endfacet
  facet normal 0.5224985645067338 -0.8526401644822993 0
    outer loop
      vertex 27.53 -71.75205080628395 0
      vertex 27.61927807211876 -71.69734113335609 0
      vertex 27.53 -71.75205080628395 8
    endloop
  endfacet
  facet normal 0.5664062275869525 -0.824126195039763 0
    outer loop
      vertex 27.61927807211876 -71.69734113335609 0
      vertex 27.705570502877237 -71.63803399026393 0
      vertex 27.61927807211876 -71.69734113335609 8
    endloop
  endfacet
  facet normal 0.6087614145974385 -0.7933533513494008 0
    outer loop
      vertex 27.705570502877237 -71.63803399026393 0
      vertex 27.78864078104496 -71.57429192632436 0
      vertex 27.705570502877237 -71.63803399026393 8
    endloop
  endfacet
  facet normal 0.6494480818611015 -0.7604059369619204 0
    outer loop
      vertex 27.78864078104496 -71.57429192632436 0
      vertex 27.86826120942831 -71.5062896502018 0
      vertex 27.78864078104496 -71.57429192632436 8
    endloop
  endfacet
  facet normal 0.6883545743569364 -0.7253743722808802 0
    outer loop
      vertex 27.86826120942831 -71.5062896502018 0
      vertex 27.944213560521604 -71.4342135605216 0
      vertex 27.86826120942831 -71.5062896502018 8
    endloop
  endfacet
  facet normal 0.7253743722808802 -0.6883545743569364 0
    outer loop
      vertex 27.944213560521604 -71.4342135605216 0
      vertex 28.0162896502018 -71.3582612094283 0
      vertex 27.944213560521604 -71.4342135605216 8
    endloop
  endfacet
  facet normal 0.7604059369619204 -0.6494480818611015 0
    outer loop
      vertex 28.0162896502018 -71.3582612094283 0
      vertex 28.08429192632437 -71.27864078104496 0
      vertex 28.0162896502018 -71.3582612094283 8
    endloop
  endfacet
  facet normal 0.7933533513494008 -0.6087614145974385 0
    outer loop
      vertex 28.08429192632437 -71.27864078104496 0
      vertex 28.14803399026394 -71.19557050287723 0
      vertex 28.08429192632437 -71.27864078104496 8
    endloop
  endfacet
  facet normal 0.824126195039763 -0.5664062275869525 0
    outer loop
      vertex 28.14803399026394 -71.19557050287723 0
      vertex 28.207341133356095 -71.10927807211876 0
      vertex 28.14803399026394 -71.19557050287723 8
    endloop
  endfacet
  facet normal 0.8526401644822993 -0.5224985645067338 0
    outer loop
      vertex 28.207341133356095 -71.10927807211876 0
      vertex 28.262050806283952 -71.02 0
      vertex 28.207341133356095 -71.10927807211876 8
    endloop
  endfacet
  facet normal 0.8788170932013816 -0.4771587961015434 0
    outer loop
      vertex 28.262050806283952 -71.02 0
      vertex 28.312013051211835 -70.92798100084066 0
      vertex 28.262050806283952 -71.02 8
    endloop
  endfacet
  facet normal 0.9025853144542187 -0.43051103369319 0
    outer loop
      vertex 28.312013051211835 -70.92798100084066 0
      vertex 28.357090911567212 -70.83347328424453 0
      vertex 28.312013051211835 -70.92798100084066 8
    endloop
  endfacet
  facet normal 0.92387952935444 -0.38268343998639204 0
    outer loop
      vertex 28.357090911567212 -70.83347328424453 0
      vertex 28.397160849273206 -70.73673589944839 0
      vertex 28.357090911567212 -70.83347328424453 8
    endloop
  endfacet
  facet normal 0.9426414704722688 -0.33380691746259405 0
    outer loop
      vertex 28.397160849273206 -70.73673589944839 0
      vertex 28.432113035321237 -70.63803399026393 0
      vertex 28.397160849273206 -70.73673589944839 8
    endloop
  endfacet
  facet normal 0.9588197384607063 -0.28401533257580097 0
    outer loop
      vertex 28.432113035321237 -70.63803399026393 0
      vertex 28.46185165524483 -70.53763808727264 0
      vertex 28.432113035321237 -70.63803399026393 8
    endloop
  endfacet
  facet normal 0.9723699266881003 -0.23344533765440295 4.085906159103769e-20
    outer loop
      vertex 28.46185165524483 -70.53763808727264 0
      vertex 28.46608618484712 -70.52 0
      vertex 28.46608618484712 -70.52 8
    endloop
  endfacet
  facet normal 0 1 0
    outer loop
      vertex 19.53 -70.52 8
      vertex 28.46608618484712 -70.52 8
      vertex 28.46608618484712 -70.52 0
    endloop
  endfacet
  facet normal 0.026176915898989524 -0.9996573258242132 0
    outer loop
      vertex 26.63467191040516 -72.01725907295942 0
      vertex 26.63467191040516 -72.01725907295942 8
      vertex 26.53 -72.02 8
    endloop
  endfacet
  facet normal 0.07845915957486238 -0.9969173287082567 0
    outer loop
      vertex 26.739056928753854 -72.00904378712177 0
      vertex 26.739056928753854 -72.00904378712177 8
      vertex 26.63467191040516 -72.01725907295942 8
    endloop
  endfacet
  facet normal 0.130526167175912 -0.9914448646709336 0
    outer loop
      vertex 26.84286893039942 -71.99537668049335 0
      vertex 26.84286893039942 -71.99537668049335 8
      vertex 26.739056928753854 -72.00904378712177 8
    endloop
  endfacet
  facet normal 0.18223553003350748 -0.9832549067222632 0
    outer loop
      vertex 26.94582338511944 -71.97629519969225 0
      vertex 26.94582338511944 -71.97629519969225 8
      vertex 26.84286893039942 -71.99537668049335 8
    endloop
  endfacet
  facet normal 0.23344533765439804 -0.9723699266881016 0
    outer loop
      vertex 27.047638087272645 -71.95185165524482 0
      vertex 27.047638087272645 -71.95185165524482 8
      vertex 26.94582338511944 -71.97629519969225 8
    endloop
  endfacet
  facet normal 0.28401533257580097 -0.9588197384607063 0
    outer loop
      vertex 27.14803399026394 -71.92211303532123 0
      vertex 27.14803399026394 -71.92211303532123 8
      vertex 27.047638087272645 -71.95185165524482 8
    endloop
  endfacet
  facet normal 0.33380691746259405 -0.9426414704722688 0
    outer loop
      vertex 27.246735899448396 -71.8871608492732 0
      vertex 27.246735899448396 -71.8871608492732 8
      vertex 27.14803399026394 -71.92211303532123 8
    endloop
  endfacet
  facet normal 0.38268343998639204 -0.92387952935444 0
    outer loop
      vertex 27.34347328424454 -71.84709091156721 0
      vertex 27.34347328424454 -71.84709091156721 8
      vertex 27.246735899448396 -71.8871608492732 8
    endloop
  endfacet
  facet normal 0.43051103369319 -0.9025853144542187 0
    outer loop
      vertex 27.437981000840665 -71.80201305121183 0
      vertex 27.437981000840665 -71.80201305121183 8
      vertex 27.34347328424454 -71.84709091156721 8
    endloop
  endfacet
  facet normal 0.4771587961015434 -0.8788170932013816 0
    outer loop
      vertex 27.53 -71.75205080628395 0
      vertex 27.53 -71.75205080628395 8
      vertex 27.437981000840665 -71.80201305121183 8
    endloop
  endfacet
  facet normal 0.5224985645067338 -0.8526401644822993 0
    outer loop
      vertex 27.61927807211876 -71.69734113335609 0
      vertex 27.61927807211876 -71.69734113335609 8
      vertex 27.53 -71.75205080628395 8
    endloop
  endfacet
  facet normal 0.5664062275869525 -0.824126195039763 0
    outer loop
      vertex 27.705570502877237 -71.63803399026393 0
      vertex 27.705570502877237 -71.63803399026393 8
      vertex 27.61927807211876 -71.69734113335609 8
    endloop
  endfacet
  facet normal 0.6087614145974385 -0.7933533513494008 0
    outer loop
      vertex 27.78864078104496 -71.57429192632436 0
      vertex 27.78864078104496 -71.57429192632436 8
      vertex 27.705570502877237 -71.63803399026393 8
    endloop
  endfacet
  facet normal 0.6494480818611015 -0.7604059369619204 0
    outer loop
      vertex 27.86826120942831 -71.5062896502018 0
      vertex 27.86826120942831 -71.5062896502018 8
      vertex 27.78864078104496 -71.57429192632436 8
    endloop
  endfacet
  facet normal 0.6883545743569364 -0.7253743722808802 0
    outer loop
      vertex 27.944213560521604 -71.4342135605216 0
      vertex 27.944213560521604 -71.4342135605216 8
      vertex 27.86826120942831 -71.5062896502018 8
    endloop
  endfacet
  facet normal 0.7253743722808802 -0.6883545743569364 0
    outer loop
      vertex 28.0162896502018 -71.3582612094283 0
      vertex 28.0162896502018 -71.3582612094283 8
      vertex 27.944213560521604 -71.4342135605216 8
    endloop
  endfacet
  facet normal 0.7604059369619204 -0.6494480818611015 0
    outer loop
      vertex 28.08429192632437 -71.27864078104496 0
      vertex 28.08429192632437 -71.27864078104496 8
      vertex 28.0162896502018 -71.3582612094283 8
    endloop
  endfacet
  facet normal 0.7933533513494008 -0.6087614145974385 0
    outer loop
      vertex 28.14803399026394 -71.19557050287723 0
      vertex 28.14803399026394 -71.19557050287723 8
      vertex 28.08429192632437 -71.27864078104496 8
    endloop
  endfacet
  facet normal 0.824126195039763 -0.5664062275869525 0
    outer loop
      vertex 28.207341133356095 -71.10927807211876 0
      vertex 28.207341133356095 -71.10927807211876 8
      vertex 28.14803399026394 -71.19557050287723 8
    endloop
  endfacet
  facet normal 0.8526401644822993 -0.5224985645067338 0
    outer loop
      vertex 28.262050806283952 -71.02 0
      vertex 28.262050806283952 -71.02 8
      vertex 28.207341133356095 -71.10927807211876 8
    endloop
  endfacet
  facet normal 0.8788170932013816 -0.4771587961015434 0
    outer loop
      vertex 28.312013051211835 -70.92798100084066 0
      vertex 28.312013051211835 -70.92798100084066 8
      vertex 28.262050806283952 -71.02 8
    endloop
  endfacet
  facet normal 0.9025853144542187 -0.43051103369319 0
    outer loop
      vertex 28.357090911567212 -70.83347328424453 0
      vertex 28.357090911567212 -70.83347328424453 8
      vertex 28.312013051211835 -70.92798100084066 8
    endloop
  endfacet
  facet normal 0.92387952935444 -0.38268343998639204 0
    outer loop
      vertex 28.397160849273206 -70.73673589944839 0
      vertex 28.397160849273206 -70.73673589944839 8
      vertex 28.357090911567212 -70.83347328424453 8
    endloop
  endfacet
  facet normal 0.9426414704722688 -0.33380691746259405 0
    outer loop
      vertex 28.432113035321237 -70.63803399026393 0
      vertex 28.432113035321237 -70.63803399026393 8
      vertex 28.397160849273206 -70.73673589944839 8
    endloop
  endfacet
  facet normal 0.9723699266881003 -0.23344533765440295 0
    outer loop
      vertex 28.46185165524483 -70.53763808727264 0
      vertex 28.46608618484712 -70.52 8
      vertex 28.46185165524483 -70.53763808727264 8
    endloop
  endfacet
  facet normal 0.9588197384607063 -0.28401533257580097 0
    outer loop
      vertex 28.46185165524483 -70.53763808727264 0
      vertex 28.46185165524483 -70.53763808727264 8
      vertex 28.432113035321237 -70.63803399026393 8
    endloop
  endfacet
  facet normal 0 0 1
    outer loop
      vertex 19.53 -70.52 8
      vertex 28.46185165524483 -70.53763808727264 8
      vertex 28.46608618484712 -70.52 8
    endloop
  endfacet
  facet normal 0 0 1
    outer loop
      vertex 26.53 -72.02 8
      vertex 26.63467191040516 -72.01725907295942 8
      vertex 26.739056928753854 -72.00904378712177 8
    endloop
  endfacet
  facet normal 0 0 -1
    outer loop
      vertex 39.91196600973606 -71.19557050287723 12.399999999999999
      vertex 49.23000000000005 -72.02 12.399999999999999
      vertex 39.975708073675634 -71.27864078104496 12.399999999999999
    endloop
  endfacet
  facet normal 0 0 -1
    outer loop
      vertex 39.627886964678765 -70.63803399026393 12.399999999999999
      vertex 49.23000000000005 -72.02 12.399999999999999
      vertex 39.662839150726796 -70.73673589944839 12.399999999999999
    endloop
  endfacet
  facet normal 0 0 -1
    outer loop
      vertex 39.627886964678765 -70.63803399026393 12.399999999999999
      vertex 39.598148344755174 -70.53763808727264 12.399999999999999
      vertex 49.23000000000005 -72.02 12.399999999999999
    endloop
  endfacet
  facet normal 0 0 -1
    outer loop
      vertex 39.74798694878817 -70.92798100084066 12.399999999999999
      vertex 49.23000000000005 -72.02 12.399999999999999
      vertex 39.79794919371605 -71.02 12.399999999999999
    endloop
  endfacet
  facet normal 0 0 -1
    outer loop
      vertex 39.85265886664391 -71.10927807211876 12.399999999999999
      vertex 39.79794919371605 -71.02 12.399999999999999
      vertex 49.23000000000005 -72.02 12.399999999999999
    endloop
  endfacet
  facet normal 0 0 -1
    outer loop
      vertex 39.74798694878817 -70.92798100084066 12.399999999999999
      vertex 39.70290908843279 -70.83347328424453 12.399999999999999
      vertex 49.23000000000005 -72.02 12.399999999999999
    endloop
  endfacet
  facet normal 0 0 -1
    outer loop
      vertex 39.70290908843279 -70.83347328424453 12.399999999999999
      vertex 39.662839150726796 -70.73673589944839 12.399999999999999
      vertex 49.23000000000005 -72.02 12.399999999999999
    endloop
  endfacet
  facet normal 0 0 -1
    outer loop
      vertex 39.85265886664391 -71.10927807211876 12.399999999999999
      vertex 49.23000000000005 -72.02 12.399999999999999
      vertex 39.91196600973606 -71.19557050287723 12.399999999999999
    endloop
  endfacet
  facet normal 0 0 -1
    outer loop
      vertex 39.598148344755174 -70.53763808727264 12.399999999999999
      vertex 39.59391381515288 -70.52 12.399999999999999
      vertex 49.23000000000005 -70.52 12.399999999999999
    endloop
  endfacet
  facet normal 0 0 -1
    outer loop
      vertex 40.043710349798204 -71.3582612094283 12.399999999999999
      vertex 49.23000000000005 -72.02 12.399999999999999
      vertex 40.1157864394784 -71.4342135605216 12.399999999999999
    endloop
  endfacet
  facet normal 0 0 -1
    outer loop
      vertex 40.043710349798204 -71.3582612094283 12.399999999999999
      vertex 39.975708073675634 -71.27864078104496 12.399999999999999
      vertex 49.23000000000005 -72.02 12.399999999999999
    endloop
  endfacet
  facet normal 0 0 -1
    outer loop
      vertex 40.19173879057169 -71.5062896502018 12.399999999999999
      vertex 49.23000000000005 -72.02 12.399999999999999
      vertex 40.27135921895504 -71.57429192632436 12.399999999999999
    endloop
  endfacet
  facet normal 0 0 -1
    outer loop
      vertex 40.19173879057169 -71.5062896502018 12.399999999999999
      vertex 40.1157864394784 -71.4342135605216 12.399999999999999
      vertex 49.23000000000005 -72.02 12.399999999999999
    endloop
  endfacet
  facet normal 0 0 -1
    outer loop
      vertex 40.354429497122766 -71.63803399026393 12.399999999999999
      vertex 49.23000000000005 -72.02 12.399999999999999
      vertex 40.44072192788124 -71.69734113335609 12.399999999999999
    endloop
  endfacet
  facet normal 0 0 -1
    outer loop
      vertex 40.354429497122766 -71.63803399026393 12.399999999999999
      vertex 40.27135921895504 -71.57429192632436 12.399999999999999
      vertex 49.23000000000005 -72.02 12.399999999999999
    endloop
  endfacet
  facet normal 0 0 -1
    outer loop
      vertex 40.53 -71.75205080628395 12.399999999999999
      vertex 40.44072192788124 -71.69734113335609 12.399999999999999
      vertex 49.23000000000005 -72.02 12.399999999999999
    endloop
  endfacet
  facet normal 0 0 -1
    outer loop
      vertex 40.62201899915934 -71.80201305121183 12.399999999999999
      vertex 49.23000000000005 -72.02 12.399999999999999
      vertex 40.716526715755464 -71.84709091156721 12.399999999999999
    endloop
  endfacet
  facet normal 0 0 -1
    outer loop
      vertex 40.53 -71.75205080628395 12.399999999999999
      vertex 49.23000000000005 -72.02 12.399999999999999
      vertex 40.62201899915934 -71.80201305121183 12.399999999999999
    endloop
  endfacet
  facet normal 0 0 -1
    outer loop
      vertex 40.813264100551606 -71.8871608492732 12.399999999999999
      vertex 40.716526715755464 -71.84709091156721 12.399999999999999
      vertex 49.23000000000005 -72.02 12.399999999999999
    endloop
  endfacet
  facet normal 0 0 -1
    outer loop
      vertex 40.91196600973606 -71.92211303532123 12.399999999999999
      vertex 49.23000000000005 -72.02 12.399999999999999
      vertex 41.01236191272736 -71.95185165524482 12.399999999999999
    endloop
  endfacet
  facet normal 0 0 -1
    outer loop
      vertex 40.813264100551606 -71.8871608492732 12.399999999999999
      vertex 49.23000000000005 -72.02 12.399999999999999
      vertex 40.91196600973606 -71.92211303532123 12.399999999999999
    endloop
  endfacet
  facet normal 0 0 -1
    outer loop
      vertex 41.01236191272736 -71.95185165524482 12.399999999999999
      vertex 49.23000000000005 -72.02 12.399999999999999
      vertex 41.11417661488056 -71.97629519969225 12.399999999999999
    endloop
  endfacet
  facet normal 0 0 -1
    outer loop
      vertex 41.11417661488056 -71.97629519969225 12.399999999999999
      vertex 49.23000000000005 -72.02 12.399999999999999
      vertex 41.21713106960058 -71.99537668049335 12.399999999999999
    endloop
  endfacet
  facet normal 0 0 -1
    outer loop
      vertex 41.21713106960058 -71.99537668049335 12.399999999999999
      vertex 49.23000000000005 -72.02 12.399999999999999
      vertex 41.32094307124615 -72.00904378712177 12.399999999999999
    endloop
  endfacet
  facet normal 0 0 -1
    outer loop
      vertex 41.32094307124615 -72.00904378712177 12.399999999999999
      vertex 49.23000000000005 -72.02 12.399999999999999
      vertex 41.42532808959484 -72.01725907295942 12.399999999999999
    endloop
  endfacet
  facet normal 0 0 -1
    outer loop
      vertex 41.42532808959484 -72.01725907295942 12.399999999999999
      vertex 49.23000000000005 -72.02 12.399999999999999
      vertex 41.53 -72.02 12.399999999999999
    endloop
  endfacet
  facet normal 0 0 -1
    outer loop
      vertex 39.598148344755174 -70.53763808727264 12.399999999999999
      vertex 49.23000000000005 -70.52 12.399999999999999
      vertex 49.23000000000005 -72.02 12.399999999999999
    endloop
  endfacet
  facet normal 0 0 -1
    outer loop
      vertex 19.53 -64.52000000327826 15.995000000000001
      vertex 19.53 -60.519999999999996 15.995000000000001
      vertex 39.53 -64.52000000327826 15.995000000000001
    endloop
  endfacet
  facet normal 0 0 -1
    outer loop
      vertex 19.53 -60.519999999999996 15.995000000000001
      vertex 49.23000000000005 -64.52000000327826 15.995000000000001
      vertex 39.53 -64.52000000327826 15.995000000000001
    endloop
  endfacet
  facet normal 0 -1 0
    outer loop
      vertex 19.53 -64.52000000327826 15.995000000000001
      vertex 39.53 -64.52000000327826 15.995000000000001
      vertex 39.53 -64.52000000327826 18.4
    endloop
  endfacet
  facet normal 0 1 0
    outer loop
      vertex 39.59391381515288 -70.52 12.399999999999999
      vertex 39.59391381515288 -70.52 15.995000000000001
      vertex 49.23000000000005 -70.52 12.399999999999999
    endloop
  endfacet
  facet normal 0 0 -1
    outer loop
      vertex 39.59391381515288 -70.52 15.995000000000001
      vertex 39.57370480030775 -70.43582338511943 15.995000000000001
      vertex 49.23000000000005 -70.52 15.995000000000001
    endloop
  endfacet
  facet normal 0 0 -1
    outer loop
      vertex 39.57370480030775 -70.43582338511943 15.995000000000001
      vertex 39.554623319506646 -70.33286893039941 15.995000000000001
      vertex 49.23000000000005 -70.52 15.995000000000001
    endloop
  endfacet
  facet normal 0 0 -1
    outer loop
      vertex 39.554623319506646 -70.33286893039941 15.995000000000001
      vertex 39.54095621287823 -70.22905692875385 15.995000000000001
      vertex 49.23000000000005 -70.52 15.995000000000001
    endloop
  endfacet
  facet normal 0 0 -1
    outer loop
      vertex 39.53274092704058 -70.12467191040516 15.995000000000001
      vertex 39.53 -70.02 15.995000000000001
      vertex 49.23000000000005 -70.52 15.995000000000001
    endloop
  endfacet
  facet normal 0 0 -1
    outer loop
      vertex 39.54095621287823 -70.22905692875385 15.995000000000001
      vertex 39.53274092704058 -70.12467191040516 15.995000000000001
      vertex 49.23000000000005 -70.52 15.995000000000001
    endloop
  endfacet
  facet normal 0 0 -1
    outer loop
      vertex 39.53 -70.02 15.995000000000001
      vertex 39.53 -64.52000000327826 15.995000000000001
      vertex 49.23000000000005 -70.52 15.995000000000001
    endloop
  endfacet
  facet normal -0.8788170932013816 -0.4771587961015434 0
    outer loop
      vertex 39.74798694878817 -70.92798100084066 12.399999999999999
      vertex 39.79794919371605 -71.02 12.399999999999999
      vertex 39.74798694878817 -70.92798100084066 28.4
    endloop
  endfacet
  facet normal -0.7933533513494008 -0.6087614145974385 0
    outer loop
      vertex 39.91196600973606 -71.19557050287723 12.399999999999999
      vertex 39.975708073675634 -71.27864078104496 12.399999999999999
      vertex 39.91196600973606 -71.19557050287723 28.4
    endloop
  endfacet
  facet normal -0.8526401644822993 -0.5224985645067338 0
    outer loop
      vertex 39.85265886664391 -71.10927807211876 12.399999999999999
      vertex 39.79794919371605 -71.02 28.4
      vertex 39.79794919371605 -71.02 12.399999999999999
    endloop
  endfacet
  facet normal -0.824126195039763 -0.5664062275869525 0
    outer loop
      vertex 39.85265886664391 -71.10927807211876 12.399999999999999
      vertex 39.91196600973606 -71.19557050287723 12.399999999999999
      vertex 39.85265886664391 -71.10927807211876 28.4
    endloop
  endfacet
  facet normal -0.92387952935444 -0.38268343998639204 0
    outer loop
      vertex 39.70290908843279 -70.83347328424453 12.399999999999999
      vertex 39.662839150726796 -70.73673589944839 28.4
      vertex 39.662839150726796 -70.73673589944839 12.399999999999999
    endloop
  endfacet
  facet normal -0.9426414704722688 -0.33380691746259405 0
    outer loop
      vertex 39.627886964678765 -70.63803399026393 12.399999999999999
      vertex 39.662839150726796 -70.73673589944839 12.399999999999999
      vertex 39.627886964678765 -70.63803399026393 28.4
    endloop
  endfacet
  facet normal -0.9025853144542187 -0.43051103369319 0
    outer loop
      vertex 39.74798694878817 -70.92798100084066 12.399999999999999
      vertex 39.70290908843279 -70.83347328424453 28.4
      vertex 39.70290908843279 -70.83347328424453 12.399999999999999
    endloop
  endfacet
  facet normal -0.9588197384607063 -0.28401533257580097 0
    outer loop
      vertex 39.627886964678765 -70.63803399026393 12.399999999999999
      vertex 39.598148344755174 -70.53763808727264 28.4
      vertex 39.598148344755174 -70.53763808727264 12.399999999999999
    endloop
  endfacet
  facet normal -0.9723699266881003 -0.23344533765440295 0
    outer loop
      vertex 39.598148344755174 -70.53763808727264 12.399999999999999
      vertex 39.598148344755174 -70.53763808727264 28.4
      vertex 39.59391381515288 -70.52 12.399999999999999
    endloop
  endfacet
  facet normal -1 0 0
    outer loop
      vertex 39.53 -70.02 15.995000000000001
      vertex 39.53 -68.46145229322886 18.84697272200758
      vertex 39.53 -68.379225514227 18.812913274954756
    endloop
  endfacet
  facet normal -1 0 0
    outer loop
      vertex 39.53 -70.02 15.995000000000001
      vertex 39.53 -68.54178384955722 18.885288908879772
      vertex 39.53 -68.46145229322886 18.84697272200758
    endloop
  endfacet
  facet normal -1 0 0
    outer loop
      vertex 39.53 -70.02 15.995000000000001
      vertex 39.53 -68.61999999999999 18.927756813566454
      vertex 39.53 -68.54178384955722 18.885288908879772
    endloop
  endfacet
  facet normal -1 0 0
    outer loop
      vertex 39.53 -70.02 15.995000000000001
      vertex 39.53 -68.03593859056839 18.720929820988264
      vertex 39.53 -67.94769838755501 18.709312777873933
    endloop
  endfacet
  facet normal -1 0 0
    outer loop
      vertex 39.53 -70.02 15.995000000000001
      vertex 39.53 -68.12344987439019 18.73714907875253
      vertex 39.53 -68.03593859056839 18.720929820988264
    endloop
  endfacet
  facet normal -1 0 0
    outer loop
      vertex 39.53 -70.02 15.995000000000001
      vertex 39.53 -68.20999237667428 18.757926095308584
      vertex 39.53 -68.12344987439019 18.73714907875253
    endloop
  endfacet
  facet normal -1 0 0
    outer loop
      vertex 39.53 -70.02 15.995000000000001
      vertex 39.53 -68.2953288904374 18.783203922298238
      vertex 39.53 -68.20999237667428 18.757926095308584
    endloop
  endfacet
  facet normal -1 0 0
    outer loop
      vertex 39.53 -70.02 15.995000000000001
      vertex 39.53 -68.379225514227 18.812913274954756
      vertex 39.53 -68.2953288904374 18.783203922298238
    endloop
  endfacet
  facet normal -1 0 0
    outer loop
      vertex 39.53 -70.02 15.995000000000001
      vertex 39.53 -68.83984466478472 19.07885186552315
      vertex 39.53 -68.7692349288972 19.02467110956259
    endloop
  endfacet
  facet normal -1 0 0
    outer loop
      vertex 39.53 -70.02 15.995000000000001
      vertex 39.53 -68.90752203081006 19.136653796688428
      vertex 39.53 -68.83984466478472 19.07885186552315
    endloop
  endfacet
  facet normal -1 0 0
    outer loop
      vertex 39.53 -70.02 15.995000000000001
      vertex 39.53 -68.97208152801713 19.197918471982867
      vertex 39.53 -68.90752203081006 19.136653796688428
    endloop
  endfacet
  facet normal -1 0 0
    outer loop
      vertex 39.53 -70.02 15.995000000000001
      vertex 39.53 -69.09114813447685 19.330155335215274
      vertex 39.53 -69.03334620331157 19.26247796918994
    endloop
  endfacet
  facet normal -1 0 0
    outer loop
      vertex 39.53 -70.02 15.995000000000001
      vertex 39.53 -69.14532889043741 19.400765071102793
      vertex 39.53 -69.09114813447685 19.330155335215274
    endloop
  endfacet
  facet normal -1 0 0
    outer loop
      vertex 39.53 -70.02 15.995000000000001
      vertex 39.53 -69.03334620331157 19.26247796918994
      vertex 39.53 -68.97208152801713 19.197918471982867
    endloop
  endfacet
  facet normal -1 0 0
    outer loop
      vertex 39.53 -70.02 15.995000000000001
      vertex 39.53 -69.19573996550722 19.474113640474453
      vertex 39.53 -69.14532889043741 19.400765071102793
    endloop
  endfacet
  facet normal -1 0 0
    outer loop
      vertex 39.53 -70.02 15.995000000000001
      vertex 39.53 -69.24224318643354 19.549999999999997
      vertex 39.53 -69.19573996550722 19.474113640474453
    endloop
  endfacet
  facet normal -1 0 0
    outer loop
      vertex 39.53 -70.02 15.995000000000001
      vertex 39.53 -68.69588635952555 18.97426003449278
      vertex 39.53 -68.61999999999999 18.927756813566454
    endloop
  endfacet
  facet normal -1 0 0
    outer loop
      vertex 39.53 -70.02 15.995000000000001
      vertex 39.53 -68.7692349288972 19.02467110956259
      vertex 39.53 -68.69588635952555 18.97426003449278
    endloop
  endfacet
  facet normal -1 0 0
    outer loop
      vertex 39.53 -70.02 15.995000000000001
      vertex 39.53 -67.858971125613 18.702329790917222
      vertex 39.53 -67.77 18.7
    endloop
  endfacet
  facet normal -1 0 0
    outer loop
      vertex 39.53 -70.02 15.995000000000001
      vertex 39.53 -67.94769838755501 18.709312777873933
      vertex 39.53 -67.858971125613 18.702329790917222
    endloop
  endfacet
  facet normal -1 0 0
    outer loop
      vertex 39.53 -70.02 15.995000000000001
      vertex 39.53 -67.77 18.7
      vertex 39.53 -67.681028874387 18.702329790917222
    endloop
  endfacet
  facet normal -1 0 0
    outer loop
      vertex 39.53 -70.02 15.995000000000001
      vertex 39.53 -67.681028874387 18.702329790917222
      vertex 39.53 -67.59230161244498 18.709312777873933
    endloop
  endfacet
  facet normal -1 0 0
    outer loop
      vertex 39.53 -70.02 15.995000000000001
      vertex 39.53 -67.59230161244498 18.709312777873933
      vertex 39.53 -67.5040614094316 18.720929820988264
    endloop
  endfacet
  facet normal -1 0 0
    outer loop
      vertex 39.53 -70.02 15.995000000000001
      vertex 39.53 -67.5040614094316 18.720929820988264
      vertex 39.53 -67.4165501256098 18.73714907875253
    endloop
  endfacet
  facet normal -1 0 0
    outer loop
      vertex 39.53 -70.02 15.995000000000001
      vertex 39.53 -67.4165501256098 18.73714907875253
      vertex 39.53 -67.33000762332571 18.757926095308584
    endloop
  endfacet
  facet normal -1 0 0
    outer loop
      vertex 39.53 -70.02 15.995000000000001
      vertex 39.53 -67.33000762332571 18.757926095308584
      vertex 39.53 -67.24467110956259 18.783203922298238
    endloop
  endfacet
  facet normal -1 0 0
    outer loop
      vertex 39.53 -70.02 15.995000000000001
      vertex 39.53 -67.24467110956259 18.783203922298238
      vertex 39.53 -67.16077448577299 18.812913274954756
    endloop
  endfacet
  facet normal -1 0 0
    outer loop
      vertex 39.53 -70.02 15.995000000000001
      vertex 39.53 -67.16077448577299 18.812913274954756
      vertex 39.53 -67.07854770677113 18.84697272200758
    endloop
  endfacet
  facet normal -1 0 0
    outer loop
      vertex 39.53 -70.02 15.995000000000001
      vertex 39.53 -67.07854770677113 18.84697272200758
      vertex 39.53 -66.99821615044277 18.885288908879772
    endloop
  endfacet
  facet normal -1 0 0
    outer loop
      vertex 39.53 -70.02 15.995000000000001
      vertex 39.53 -66.99821615044277 18.885288908879772
      vertex 39.53 -66.92 18.927756813566454
    endloop
  endfacet
  facet normal -0.9723699266881004 -0.23344533765440298 0
    outer loop
      vertex 39.59391381515288 -70.52 12.399999999999999
      vertex 39.598148344755174 -70.53763808727264 28.4
      vertex 39.59391381515288 -70.52 15.995000000000001
    endloop
  endfacet
  facet normal -1 0 0
    outer loop
      vertex 39.53 -70.02 15.995000000000001
      vertex 39.53 -69.28471109112022 19.628216150442768
      vertex 39.53 -69.24224318643354 19.549999999999997
    endloop
  endfacet
  facet normal -1 0 0
    outer loop
      vertex 39.53 -70.02 15.995000000000001
      vertex 39.53 -69.32302727799242 19.70854770677114
      vertex 39.53 -69.28471109112022 19.628216150442768
    endloop
  endfacet
  facet normal -1 0 0
    outer loop
      vertex 39.53 -70.02 15.995000000000001
      vertex 39.53 -69.35708672504524 19.79077448577299
      vertex 39.53 -69.32302727799242 19.70854770677114
    endloop
  endfacet
  facet normal -1 0 0
    outer loop
      vertex 39.53 -70.02 15.995000000000001
      vertex 39.53 -69.38679607770176 19.874671109562588
      vertex 39.53 -69.35708672504524 19.79077448577299
    endloop
  endfacet
  facet normal -1 0 0
    outer loop
      vertex 39.53 -70.02 15.995000000000001
      vertex 39.53 -69.41207390469141 19.960007623325712
      vertex 39.53 -69.38679607770176 19.874671109562588
    endloop
  endfacet
  facet normal -1 0 0
    outer loop
      vertex 39.53 -70.02 15.995000000000001
      vertex 39.53 -69.43285092124746 20.04655012560981
      vertex 39.53 -69.41207390469141 19.960007623325712
    endloop
  endfacet
  facet normal -1 0 0
    outer loop
      vertex 39.53 -70.02 15.995000000000001
      vertex 39.53 -69.44907017901173 20.134061409431606
      vertex 39.53 -69.43285092124746 20.04655012560981
    endloop
  endfacet
  facet normal -1 0 0
    outer loop
      vertex 39.53 -70.02 15.995000000000001
      vertex 39.53 -69.46068722212605 20.222301612444987
      vertex 39.53 -69.44907017901173 20.134061409431606
    endloop
  endfacet
  facet normal -1 0 0
    outer loop
      vertex 39.53 -70.02 15.995000000000001
      vertex 39.53 -69.46767020908277 20.311028874386995
      vertex 39.53 -69.46068722212605 20.222301612444987
    endloop
  endfacet
  facet normal -1 0 0
    outer loop
      vertex 39.53 -70.02 15.995000000000001
      vertex 39.53 -64.52000000327826 18.4
      vertex 39.53 -64.52000000327826 15.995000000000001
    endloop
  endfacet
  facet normal -1 0 0
    outer loop
      vertex 39.53 -70.02 15.995000000000001
      vertex 39.53 -66.92 18.927756813566454
      vertex 39.53 -64.52000000327826 18.4
    endloop
  endfacet
  facet normal -1 0 0
    outer loop
      vertex 39.53 -66.92 18.927756813566454
      vertex 39.53 -66.84411364047445 18.97426003449278
      vertex 39.53 -64.52000000327826 18.4
    endloop
  endfacet
  facet normal -1 0 0
    outer loop
      vertex 39.53 -66.84411364047445 18.97426003449278
      vertex 39.53 -66.77076507110279 19.02467110956259
      vertex 39.53 -64.52000000327826 18.4
    endloop
  endfacet
  facet normal -1 0 0
    outer loop
      vertex 39.53 -66.77076507110279 19.02467110956259
      vertex 39.53 -66.70015533521527 19.07885186552315
      vertex 39.53 -64.52000000327826 18.4
    endloop
  endfacet
  facet normal -1 0 0
    outer loop
      vertex 39.53 -66.70015533521527 19.07885186552315
      vertex 39.53 -66.63247796918994 19.136653796688428
      vertex 39.53 -64.52000000327826 18.4
    endloop
  endfacet
  facet normal -1 0 0
    outer loop
      vertex 39.53 -66.63247796918994 19.136653796688428
      vertex 39.53 -66.56791847198286 19.197918471982867
      vertex 39.53 -64.52000000327826 18.4
    endloop
  endfacet
  facet normal -1 0 0
    outer loop
      vertex 39.53 -66.56791847198286 19.197918471982867
      vertex 39.53 -66.50665379668843 19.26247796918994
      vertex 39.53 -64.52000000327826 18.4
    endloop
  endfacet
  facet normal -1 0 0
    outer loop
      vertex 39.53 -66.50665379668843 19.26247796918994
      vertex 39.53 -66.44885186552314 19.330155335215274
      vertex 39.53 -64.52000000327826 18.4
    endloop
  endfacet
  facet normal -1 0 0
    outer loop
      vertex 39.53 -66.44885186552314 19.330155335215274
      vertex 39.53 -66.39467110956258 19.400765071102793
      vertex 39.53 -64.52000000327826 18.4
    endloop
  endfacet
  facet normal -1 0 0
    outer loop
      vertex 39.53 -66.39467110956258 19.400765071102793
      vertex 39.53 -66.34426003449278 19.474113640474453
      vertex 39.53 -64.52000000327826 18.4
    endloop
  endfacet
  facet normal -1 0 0
    outer loop
      vertex 39.53 -66.34426003449278 19.474113640474453
      vertex 39.53 -66.29775681356645 19.549999999999997
      vertex 39.53 -64.52000000327826 18.4
    endloop
  endfacet
  facet normal -1 0 0
    outer loop
      vertex 39.53 -66.29775681356645 19.549999999999997
      vertex 39.53 -66.25528890887978 19.628216150442768
      vertex 39.53 -64.52000000327826 18.4
    endloop
  endfacet
  facet normal -1 0 0
    outer loop
      vertex 39.53 -66.25528890887978 19.628216150442768
      vertex 39.53 -66.21697272200757 19.70854770677114
      vertex 39.53 -64.52000000327826 18.4
    endloop
  endfacet
  facet normal -1 0 0
    outer loop
      vertex 39.53 -66.21697272200757 19.70854770677114
      vertex 39.53 -66.18291327495476 19.79077448577299
      vertex 39.53 -64.52000000327826 18.4
    endloop
  endfacet
  facet normal -1 0 0
    outer loop
      vertex 39.53 -66.18291327495476 19.79077448577299
      vertex 39.53 -66.15320392229823 19.874671109562588
      vertex 39.53 -64.52000000327826 18.4
    endloop
  endfacet
  facet normal -1 0 0
    outer loop
      vertex 39.53 -66.15320392229823 19.874671109562588
      vertex 39.53 -66.12792609530858 19.960007623325712
      vertex 39.53 -64.52000000327826 18.4
    endloop
  endfacet
  facet normal -1 0 0
    outer loop
      vertex 39.53 -66.12792609530858 19.960007623325712
      vertex 39.53 -66.10714907875253 20.04655012560981
      vertex 39.53 -64.52000000327826 18.4
    endloop
  endfacet
  facet normal -0.6883545743569364 -0.7253743722808802 0
    outer loop
      vertex 40.19173879057169 -71.5062896502018 12.399999999999999
      vertex 40.1157864394784 -71.4342135605216 28.4
      vertex 40.1157864394784 -71.4342135605216 12.399999999999999
    endloop
  endfacet
  facet normal -0.6494480818611015 -0.7604059369619204 0
    outer loop
      vertex 40.19173879057169 -71.5062896502018 12.399999999999999
      vertex 40.27135921895504 -71.57429192632436 12.399999999999999
      vertex 40.19173879057169 -71.5062896502018 28.4
    endloop
  endfacet
  facet normal -0.6087614145974385 -0.7933533513494008 0
    outer loop
      vertex 40.354429497122766 -71.63803399026393 12.399999999999999
      vertex 40.27135921895504 -71.57429192632436 28.4
      vertex 40.27135921895504 -71.57429192632436 12.399999999999999
    endloop
  endfacet
  facet normal -0.7604059369619204 -0.6494480818611015 0
    outer loop
      vertex 40.043710349798204 -71.3582612094283 12.399999999999999
      vertex 39.975708073675634 -71.27864078104496 28.4
      vertex 39.975708073675634 -71.27864078104496 12.399999999999999
    endloop
  endfacet
  facet normal -0.7253743722808802 -0.6883545743569364 0
    outer loop
      vertex 40.043710349798204 -71.3582612094283 12.399999999999999
      vertex 40.1157864394784 -71.4342135605216 12.399999999999999
      vertex 40.043710349798204 -71.3582612094283 28.4
    endloop
  endfacet
  facet normal -0.5664062275869525 -0.824126195039763 0
    outer loop
      vertex 40.354429497122766 -71.63803399026393 12.399999999999999
      vertex 40.44072192788124 -71.69734113335609 12.399999999999999
      vertex 40.354429497122766 -71.63803399026393 28.4
    endloop
  endfacet
  facet normal -0.5224985645067338 -0.8526401644822993 0
    outer loop
      vertex 40.53 -71.75205080628395 12.399999999999999
      vertex 40.44072192788124 -71.69734113335609 28.4
      vertex 40.44072192788124 -71.69734113335609 12.399999999999999
    endloop
  endfacet
  facet normal -0.4771587961015434 -0.8788170932013816 0
    outer loop
      vertex 40.53 -71.75205080628395 12.399999999999999
      vertex 40.62201899915934 -71.80201305121183 12.399999999999999
      vertex 40.53 -71.75205080628395 28.4
    endloop
  endfacet
  facet normal -0.43051103369319 -0.9025853144542187 0
    outer loop
      vertex 40.62201899915934 -71.80201305121183 12.399999999999999
      vertex 40.716526715755464 -71.84709091156721 12.399999999999999
      vertex 40.62201899915934 -71.80201305121183 28.4
    endloop
  endfacet
  facet normal -0.38268343998639204 -0.92387952935444 0
    outer loop
      vertex 40.813264100551606 -71.8871608492732 12.399999999999999
      vertex 40.716526715755464 -71.84709091156721 28.4
      vertex 40.716526715755464 -71.84709091156721 12.399999999999999
    endloop
  endfacet
  facet normal -0.33380691746259405 -0.9426414704722688 0
    outer loop
      vertex 40.813264100551606 -71.8871608492732 12.399999999999999
      vertex 40.91196600973606 -71.92211303532123 12.399999999999999
      vertex 40.813264100551606 -71.8871608492732 28.4
    endloop
  endfacet
  facet normal -0.28401533257580097 -0.9588197384607063 0
    outer loop
      vertex 40.91196600973606 -71.92211303532123 12.399999999999999
      vertex 41.01236191272736 -71.95185165524482 12.399999999999999
      vertex 40.91196600973606 -71.92211303532123 28.4
    endloop
  endfacet
  facet normal -0.23344533765439804 -0.9723699266881016 0
    outer loop
      vertex 41.01236191272736 -71.95185165524482 12.399999999999999
      vertex 41.11417661488056 -71.97629519969225 12.399999999999999
      vertex 41.01236191272736 -71.95185165524482 28.4
    endloop
  endfacet
  facet normal -0.18223553003350748 -0.9832549067222632 0
    outer loop
      vertex 41.11417661488056 -71.97629519969225 12.399999999999999
      vertex 41.21713106960058 -71.99537668049335 12.399999999999999
      vertex 41.11417661488056 -71.97629519969225 28.4
    endloop
  endfacet
  facet normal -0.130526167175912 -0.9914448646709336 0
    outer loop
      vertex 41.21713106960058 -71.99537668049335 12.399999999999999
      vertex 41.32094307124615 -72.00904378712177 12.399999999999999
      vertex 41.21713106960058 -71.99537668049335 28.4
    endloop
  endfacet
  facet normal -0.07845915957486238 -0.9969173287082567 0
    outer loop
      vertex 41.32094307124615 -72.00904378712177 12.399999999999999
      vertex 41.42532808959484 -72.01725907295942 12.399999999999999
      vertex 41.32094307124615 -72.00904378712177 28.4
    endloop
  endfacet
  facet normal -0.026176915898989524 -0.9996573258242132 0
    outer loop
      vertex 41.42532808959484 -72.01725907295942 12.399999999999999
      vertex 41.53 -72.02 12.399999999999999
      vertex 41.42532808959484 -72.01725907295942 28.4
    endloop
  endfacet
  facet normal 1.537912691800171e-19 0.5224985647159115 0.852640164354115
    outer loop
      vertex 39.53 -68.69588635952555 18.97426003449278
      vertex 49.23000000000005 -68.61999999999999 18.927756813566454
      vertex 39.53 -68.61999999999999 18.927756813566454
    endloop
  endfacet
  facet normal 0 0.6883545756937531 0.7253743710122885
    outer loop
      vertex 39.53 -68.90752203081006 19.136653796688428
      vertex 39.53 -68.97208152801713 19.197918471982867
      vertex 49.23000000000005 -68.90752203081006 19.136653796688428
    endloop
  endfacet
  facet normal -5.312393443260128e-20 0.6087614290087314 0.7933533402912268
    outer loop
      vertex 39.53 -68.83984466478472 19.07885186552315
      vertex 49.23000000000005 -68.7692349288972 19.02467110956259
      vertex 39.53 -68.7692349288972 19.02467110956259
    endloop
  endfacet
  facet normal 0 0.5664062369248235 0.824126188622022
    outer loop
      vertex 39.53 -68.69588635952555 18.97426003449278
      vertex 39.53 -68.7692349288972 19.02467110956259
      vertex 49.23000000000005 -68.69588635952555 18.97426003449278
    endloop
  endfacet
  facet normal 0 0.6494480483301747 0.7604059656000386
    outer loop
      vertex 39.53 -68.83984466478472 19.07885186552315
      vertex 39.53 -68.90752203081006 19.136653796688428
      vertex 49.23000000000005 -68.83984466478472 19.07885186552315
    endloop
  endfacet
  facet normal 0 0.2840153447039206 0.9588197348681936
    outer loop
      vertex 39.53 -68.20999237667428 18.757926095308584
      vertex 39.53 -68.2953288904374 18.783203922298238
      vertex 49.23000000000005 -68.20999237667428 18.757926095308584
    endloop
  endfacet
  facet normal 5.363990491149195e-20 0.23344536385591508 0.9723699203976742
    outer loop
      vertex 39.53 -68.20999237667428 18.757926095308584
      vertex 49.23000000000005 -68.12344987439019 18.73714907875253
      vertex 39.53 -68.12344987439019 18.73714907875253
    endloop
  endfacet
  facet normal 3.8095702149559315e-20 0.13052619222005205 0.9914448613738104
    outer loop
      vertex 39.53 -68.03593859056839 18.720929820988264
      vertex 49.23000000000005 -67.94769838755501 18.709312777873933
      vertex 39.53 -67.94769838755501 18.709312777873933
    endloop
  endfacet
  facet normal -1.1832577255845037e-19 0.18223552549216931 0.9832549075639505
    outer loop
      vertex 39.53 -68.12344987439019 18.73714907875253
      vertex 49.23000000000005 -68.03593859056839 18.720929820988264
      vertex 39.53 -68.03593859056839 18.720929820988264
    endloop
  endfacet
  facet normal 1.8629137276363824e-20 0.07845909572783959 0.9969173337331284
    outer loop
      vertex 39.53 -67.94769838755501 18.709312777873933
      vertex 49.23000000000005 -67.858971125613 18.702329790917222
      vertex 39.53 -67.858971125613 18.702329790917222
    endloop
  endfacet
  facet normal -1.352858160770787e-20 0.026176948307856954 0.9996573249755577
    outer loop
      vertex 39.53 -67.858971125613 18.702329790917222
      vertex 49.23000000000005 -67.77 18.7
      vertex 39.53 -67.77 18.7
    endloop
  endfacet
  facet normal 1.352858160770787e-20 -0.026176948307856954 0.9996573249755577
    outer loop
      vertex 39.53 -67.77 18.7
      vertex 49.23000000000005 -67.681028874387 18.702329790917222
      vertex 39.53 -67.681028874387 18.702329790917222
    endloop
  endfacet
  facet normal -1.8629137276363824e-20 -0.07845909572783959 0.9969173337331284
    outer loop
      vertex 39.53 -67.681028874387 18.702329790917222
      vertex 49.23000000000005 -67.59230161244498 18.709312777873933
      vertex 39.53 -67.59230161244498 18.709312777873933
    endloop
  endfacet
  facet normal -3.8095702149559315e-20 -0.13052619222005205 0.9914448613738104
    outer loop
      vertex 39.53 -67.59230161244498 18.709312777873933
      vertex 49.23000000000005 -67.5040614094316 18.720929820988264
      vertex 39.53 -67.5040614094316 18.720929820988264
    endloop
  endfacet
  facet normal 0 0.3826834323650698 0.923879532511295
    outer loop
      vertex 39.53 -68.379225514227 18.812913274954756
      vertex 39.53 -68.46145229322886 18.84697272200758
      vertex 49.23000000000005 -68.379225514227 18.812913274954756
    endloop
  endfacet
  facet normal 0 0.43051109680831534 0.9025852843498509
    outer loop
      vertex 39.53 -68.46145229322886 18.84697272200758
      vertex 39.53 -68.54178384955722 18.885288908879772
      vertex 49.23000000000005 -68.46145229322886 18.84697272200758
    endloop
  endfacet
  facet normal 0 0.47715876025962295 0.8788171126619575
    outer loop
      vertex 39.53 -68.54178384955722 18.885288908879772
      vertex 39.53 -68.61999999999999 18.927756813566454
      vertex 49.23000000000005 -68.54178384955722 18.885288908879772
    endloop
  endfacet
  facet normal -5.500708671342818e-20 0.333806859233771 0.9426414910921783
    outer loop
      vertex 39.53 -68.379225514227 18.812913274954756
      vertex 49.23000000000005 -68.2953288904374 18.783203922298238
      vertex 39.53 -68.2953288904374 18.783203922298238
    endloop
  endfacet
  facet normal 8.504935140637194e-20 0.8526401643540824 0.5224985647159649
    outer loop
      vertex 39.53 -69.24224318643354 19.549999999999997
      vertex 49.23000000000005 -69.19573996550722 19.474113640474453
      vertex 39.53 -69.19573996550722 19.474113640474453
    endloop
  endfacet
  facet normal 0 0.8788171126619909 0.4771587602595613
    outer loop
      vertex 39.53 -69.24224318643354 19.549999999999997
      vertex 39.53 -69.28471109112022 19.628216150442768
      vertex 49.23000000000005 -69.24224318643354 19.549999999999997
    endloop
  endfacet
  facet normal 0 0.7253743710123075 0.6883545756937333
    outer loop
      vertex 39.53 -68.97208152801713 19.197918471982867
      vertex 39.53 -69.03334620331157 19.26247796918994
      vertex 49.23000000000005 -68.97208152801713 19.197918471982867
    endloop
  endfacet
  facet normal 0 0.7604059655999824 0.6494480483302406
    outer loop
      vertex 39.53 -69.03334620331157 19.26247796918994
      vertex 39.53 -69.09114813447685 19.330155335215274
      vertex 49.23000000000005 -69.03334620331157 19.26247796918994
    endloop
  endfacet
  facet normal 0 0.7933533402912416 0.6087614290087122
    outer loop
      vertex 39.53 -69.09114813447685 19.330155335215274
      vertex 39.53 -69.14532889043741 19.400765071102793
      vertex 49.23000000000005 -69.09114813447685 19.330155335215274
    endloop
  endfacet
  facet normal 0 0.8241261886220592 0.5664062369247693
    outer loop
      vertex 39.53 -69.14532889043741 19.400765071102793
      vertex 39.53 -69.19573996550722 19.474113640474453
      vertex 49.23000000000005 -69.14532889043741 19.400765071102793
    endloop
  endfacet
  facet normal 0 0.9025852843498111 0.4305110968083989
    outer loop
      vertex 39.53 -69.28471109112022 19.628216150442768
      vertex 39.53 -69.32302727799242 19.70854770677114
      vertex 49.23000000000005 -69.28471109112022 19.628216150442768
    endloop
  endfacet
  facet normal 0 0.9238795325113257 0.3826834323649958
    outer loop
      vertex 39.53 -69.32302727799242 19.70854770677114
      vertex 39.53 -69.35708672504524 19.79077448577299
      vertex 49.23000000000005 -69.32302727799242 19.70854770677114
    endloop
  endfacet
  facet normal 0 0.9426414910921532 0.333806859233842
    outer loop
      vertex 39.53 -69.35708672504524 19.79077448577299
      vertex 39.53 -69.38679607770176 19.874671109562588
      vertex 49.23000000000005 -69.35708672504524 19.79077448577299
    endloop
  endfacet
  facet normal 0 0.9588197348682045 0.28401534470388384
    outer loop
      vertex 39.53 -69.38679607770176 19.874671109562588
      vertex 39.53 -69.41207390469141 19.960007623325712
      vertex 49.23000000000005 -69.38679607770176 19.874671109562588
    endloop
  endfacet
  facet normal 0 0.9723699203976786 0.23344536385589695
    outer loop
      vertex 39.53 -69.41207390469141 19.960007623325712
      vertex 39.53 -69.43285092124746 20.04655012560981
      vertex 49.23000000000005 -69.41207390469141 19.960007623325712
    endloop
  endfacet
  facet normal 1.1832577255845037e-19 -0.18223552549216931 0.9832549075639505
    outer loop
      vertex 39.53 -67.5040614094316 18.720929820988264
      vertex 49.23000000000005 -67.4165501256098 18.73714907875253
      vertex 39.53 -67.4165501256098 18.73714907875253
    endloop
  endfacet
  facet normal -5.363990491149195e-20 -0.23344536385591508 0.9723699203976742
    outer loop
      vertex 39.53 -67.4165501256098 18.73714907875253
      vertex 49.23000000000005 -67.33000762332571 18.757926095308584
      vertex 39.53 -67.33000762332571 18.757926095308584
    endloop
  endfacet
  facet normal -1.9796858253340406e-19 -0.2840153447039206 0.9588197348681936
    outer loop
      vertex 39.53 -67.33000762332571 18.757926095308584
      vertex 49.23000000000005 -67.24467110956259 18.783203922298238
      vertex 39.53 -67.24467110956259 18.783203922298238
    endloop
  endfacet
  facet normal 5.500708671342818e-20 -0.333806859233771 0.9426414910921783
    outer loop
      vertex 39.53 -67.24467110956259 18.783203922298238
      vertex 49.23000000000005 -67.16077448577299 18.812913274954756
      vertex 39.53 -67.16077448577299 18.812913274954756
    endloop
  endfacet
  facet normal 2.3810255414767017e-19 -0.3826834323650698 0.923879532511295
    outer loop
      vertex 39.53 -67.16077448577299 18.812913274954756
      vertex 49.23000000000005 -67.07854770677113 18.84697272200758
      vertex 39.53 -67.07854770677113 18.84697272200758
    endloop
  endfacet
  facet normal 5.780224425882304e-20 -0.43051109680831534 0.9025852843498509
    outer loop
      vertex 39.53 -67.07854770677113 18.84697272200758
      vertex 49.23000000000005 -66.99821615044277 18.885288908879772
      vertex 39.53 -66.99821615044277 18.885288908879772
    endloop
  endfacet
  facet normal 2.304052078641527e-20 -0.47715876025962295 0.8788171126619575
    outer loop
      vertex 39.53 -66.99821615044277 18.885288908879772
      vertex 49.23000000000005 -66.92 18.927756813566454
      vertex 39.53 -66.92 18.927756813566454
    endloop
  endfacet
  facet normal -1.537912691800171e-19 -0.5224985647159115 0.852640164354115
    outer loop
      vertex 39.53 -66.92 18.927756813566454
      vertex 49.23000000000005 -66.84411364047445 18.97426003449278
      vertex 39.53 -66.84411364047445 18.97426003449278
    endloop
  endfacet
  facet normal 7.630826064551486e-20 -0.5664062369248235 0.824126188622022
    outer loop
      vertex 39.53 -66.84411364047445 18.97426003449278
      vertex 49.23000000000005 -66.77076507110279 19.02467110956259
      vertex 39.53 -66.77076507110279 19.02467110956259
    endloop
  endfacet
  facet normal 5.312393443260128e-20 -0.6087614290087314 0.7933533402912268
    outer loop
      vertex 39.53 -66.77076507110279 19.02467110956259
      vertex 49.23000000000005 -66.70015533521527 19.07885186552315
      vertex 39.53 -66.70015533521527 19.07885186552315
    endloop
  endfacet
  facet normal 2.0759888375477262e-19 -0.6494480483301747 0.7604059656000386
    outer loop
      vertex 39.53 -66.70015533521527 19.07885186552315
      vertex 49.23000000000005 -66.63247796918994 19.136653796688428
      vertex 39.53 -66.63247796918994 19.136653796688428
    endloop
  endfacet
  facet normal 3.7524789727909227e-19 -0.6883545756937531 0.7253743710122885
    outer loop
      vertex 39.53 -66.63247796918994 19.136653796688428
      vertex 49.23000000000005 -66.56791847198286 19.197918471982867
      vertex 39.53 -66.56791847198286 19.197918471982867
    endloop
  endfacet
  facet normal 3.1507722513073924e-19 -0.7253743710123075 0.6883545756937333
    outer loop
      vertex 39.53 -66.56791847198286 19.197918471982867
      vertex 49.23000000000005 -66.50665379668843 19.26247796918994
      vertex 39.53 -66.50665379668843 19.26247796918994
    endloop
  endfacet
  facet normal -1.3773959028373825e-19 -0.7604059655999824 0.6494480483302406
    outer loop
      vertex 39.53 -66.50665379668843 19.26247796918994
      vertex 49.23000000000005 -66.44885186552314 19.330155335215274
      vertex 39.53 -66.44885186552314 19.330155335215274
    endloop
  endfacet
  facet normal -2.2854065739725054e-20 -0.7933533402912416 0.6087614290087122
    outer loop
      vertex 39.53 -66.44885186552314 19.330155335215274
      vertex 49.23000000000005 -66.39467110956258 19.400765071102793
      vertex 39.53 -66.39467110956258 19.400765071102793
    endloop
  endfacet
  facet normal 2.0543028357904437e-19 -0.8241261886220592 0.5664062369247693
    outer loop
      vertex 39.53 -66.39467110956258 19.400765071102793
      vertex 49.23000000000005 -66.34426003449278 19.474113640474453
      vertex 39.53 -66.34426003449278 19.474113640474453
    endloop
  endfacet
  facet normal -8.504935140637194e-20 -0.8526401643540824 0.5224985647159649
    outer loop
      vertex 39.53 -66.34426003449278 19.474113640474453
      vertex 49.23000000000005 -66.29775681356645 19.549999999999997
      vertex 39.53 -66.29775681356645 19.549999999999997
    endloop
  endfacet
  facet normal -2.2482010197836665e-19 -0.8788171126619909 0.4771587602595613
    outer loop
      vertex 39.53 -66.29775681356645 19.549999999999997
      vertex 49.23000000000005 -66.25528890887978 19.628216150442768
      vertex 39.53 -66.25528890887978 19.628216150442768
    endloop
  endfacet
  facet normal 3.9238821001579097e-20 -0.9025852843498111 0.4305110968083989
    outer loop
      vertex 39.53 -66.25528890887978 19.628216150442768
      vertex 49.23000000000005 -66.21697272200757 19.70854770677114
      vertex 39.53 -66.21697272200757 19.70854770677114
    endloop
  endfacet
  facet normal -1.8150542287678578e-19 -0.9238795325113257 0.3826834323649958
    outer loop
      vertex 39.53 -66.21697272200757 19.70854770677114
      vertex 49.23000000000005 -66.18291327495476 19.79077448577299
      vertex 39.53 -66.18291327495476 19.79077448577299
    endloop
  endfacet
  facet normal -1.648765200791509e-19 -0.9426414910921532 0.333806859233842
    outer loop
      vertex 39.53 -66.18291327495476 19.79077448577299
      vertex 49.23000000000005 -66.15320392229823 19.874671109562588
      vertex 39.53 -66.15320392229823 19.874671109562588
    endloop
  endfacet
  facet normal -2.365087345598982e-19 -0.9588197348682045 0.28401534470388384
    outer loop
      vertex 39.53 -66.15320392229823 19.874671109562588
      vertex 49.23000000000005 -66.12792609530858 19.960007623325712
      vertex 39.53 -66.12792609530858 19.960007623325712
    endloop
  endfacet
  facet normal -9.852967505979823e-20 -0.9723699203976786 0.23344536385589695
    outer loop
      vertex 39.53 -66.12792609530858 19.960007623325712
      vertex 49.23000000000005 -66.10714907875253 20.04655012560981
      vertex 39.53 -66.10714907875253 20.04655012560981
    endloop
  endfacet
  facet normal 0 0 -1
    outer loop
      vertex 19.53 -60.519999999999996 15.995000000000001
      vertex 49.23000000000005 -60.519999999999996 15.995000000000001
      vertex 49.23000000000005 -64.52000000327826 15.995000000000001
    endloop
  endfacet
  facet normal 0 1 0
    outer loop
      vertex 19.53 -60.519999999999996 15.995000000000001
      vertex 49.23000000000005 -60.519999999999996 16
      vertex 49.23000000000005 -60.519999999999996 15.995000000000001
    endloop
  endfacet
  facet normal 0 1 0
    outer loop
      vertex 39.59391381515288 -70.52 15.995000000000001
      vertex 49.23000000000005 -70.52 15.995000000000001
      vertex 49.23000000000005 -70.52 12.399999999999999
    endloop
  endfacet
  facet normal 0 0 -1
    outer loop
      vertex 39.53 -64.52000000327826 15.995000000000001
      vertex 49.23000000000005 -64.52000000327826 15.995000000000001
      vertex 49.23000000000005 -70.52 15.995000000000001
    endloop
  endfacet
  facet normal 0 -1 0
    outer loop
      vertex 41.53 -72.02 12.399999999999999
      vertex 49.23000000000005 -72.02 12.399999999999999
      vertex 49.23000000000005 -72.02 20.699999999999953
    endloop
  endfacet
  facet normal 1 0 0
    outer loop
      vertex 49.23000000000005 -70.52 12.399999999999999
      vertex 49.23000000000005 -72.02 20.699999999999953
      vertex 49.23000000000005 -72.02 12.399999999999999
    endloop
  endfacet
  facet normal 1 0 0
    outer loop
      vertex 49.23000000000005 -70.52 12.399999999999999
      vertex 49.23000000000005 -70.52 15.995000000000001
      vertex 49.23000000000005 -72.02 20.699999999999953
    endloop
  endfacet
  facet normal 0 0.5224985647159115 0.852640164354115
    outer loop
      vertex 39.53 -68.69588635952555 18.97426003449278
      vertex 49.23000000000005 -68.69588635952555 18.97426003449278
      vertex 49.23000000000005 -68.61999999999999 18.927756813566454
    endloop
  endfacet
  facet normal 0 0.6883545756937531 0.7253743710122885
    outer loop
      vertex 39.53 -68.97208152801713 19.197918471982867
      vertex 49.23000000000005 -68.97208152801713 19.197918471982867
      vertex 49.23000000000005 -68.90752203081006 19.136653796688428
    endloop
  endfacet
  facet normal 0 0.6087614290087314 0.7933533402912268
    outer loop
      vertex 39.53 -68.83984466478472 19.07885186552315
      vertex 49.23000000000005 -68.83984466478472 19.07885186552315
      vertex 49.23000000000005 -68.7692349288972 19.02467110956259
    endloop
  endfacet
  facet normal 0 0.5664062369248235 0.824126188622022
    outer loop
      vertex 39.53 -68.7692349288972 19.02467110956259
      vertex 49.23000000000005 -68.7692349288972 19.02467110956259
      vertex 49.23000000000005 -68.69588635952555 18.97426003449278
    endloop
  endfacet
  facet normal 0 0.6494480483301747 0.7604059656000386
    outer loop
      vertex 39.53 -68.90752203081006 19.136653796688428
      vertex 49.23000000000005 -68.90752203081006 19.136653796688428
      vertex 49.23000000000005 -68.83984466478472 19.07885186552315
    endloop
  endfacet
  facet normal 0 0.18223552549216931 0.9832549075639505
    outer loop
      vertex 39.53 -68.12344987439019 18.73714907875253
      vertex 49.23000000000005 -68.12344987439019 18.73714907875253
      vertex 49.23000000000005 -68.03593859056839 18.720929820988264
    endloop
  endfacet
  facet normal 0 0.23344536385591508 0.9723699203976742
    outer loop
      vertex 39.53 -68.20999237667428 18.757926095308584
      vertex 49.23000000000005 -68.20999237667428 18.757926095308584
      vertex 49.23000000000005 -68.12344987439019 18.73714907875253
    endloop
  endfacet
  facet normal 0 0.13052619222005205 0.9914448613738104
    outer loop
      vertex 39.53 -68.03593859056839 18.720929820988264
      vertex 49.23000000000005 -68.03593859056839 18.720929820988264
      vertex 49.23000000000005 -67.94769838755501 18.709312777873933
    endloop
  endfacet
  facet normal 0 0.07845909572783959 0.9969173337331284
    outer loop
      vertex 39.53 -67.94769838755501 18.709312777873933
      vertex 49.23000000000005 -67.94769838755501 18.709312777873933
      vertex 49.23000000000005 -67.858971125613 18.702329790917222
    endloop
  endfacet
  facet normal 0 0.026176948307856954 0.9996573249755577
    outer loop
      vertex 39.53 -67.858971125613 18.702329790917222
      vertex 49.23000000000005 -67.858971125613 18.702329790917222
      vertex 49.23000000000005 -67.77 18.7
    endloop
  endfacet
  facet normal 0 -0.026176948307856954 0.9996573249755577
    outer loop
      vertex 39.53 -67.77 18.7
      vertex 49.23000000000005 -67.77 18.7
      vertex 49.23000000000005 -67.681028874387 18.702329790917222
    endloop
  endfacet
  facet normal 0 -0.07845909572783959 0.9969173337331284
    outer loop
      vertex 39.53 -67.681028874387 18.702329790917222
      vertex 49.23000000000005 -67.681028874387 18.702329790917222
      vertex 49.23000000000005 -67.59230161244498 18.709312777873933
    endloop
  endfacet
  facet normal 0 -0.13052619222005205 0.9914448613738104
    outer loop
      vertex 39.53 -67.59230161244498 18.709312777873933
      vertex 49.23000000000005 -67.59230161244498 18.709312777873933
      vertex 49.23000000000005 -67.5040614094316 18.720929820988264
    endloop
  endfacet
  facet normal 0 0.43051109680831534 0.9025852843498509
    outer loop
      vertex 39.53 -68.54178384955722 18.885288908879772
      vertex 49.23000000000005 -68.54178384955722 18.885288908879772
      vertex 49.23000000000005 -68.46145229322886 18.84697272200758
    endloop
  endfacet
  facet normal 0 0.3826834323650698 0.923879532511295
    outer loop
      vertex 39.53 -68.46145229322886 18.84697272200758
      vertex 49.23000000000005 -68.46145229322886 18.84697272200758
      vertex 49.23000000000005 -68.379225514227 18.812913274954756
    endloop
  endfacet
  facet normal 0 0.47715876025962295 0.8788171126619575
    outer loop
      vertex 39.53 -68.61999999999999 18.927756813566454
      vertex 49.23000000000005 -68.61999999999999 18.927756813566454
      vertex 49.23000000000005 -68.54178384955722 18.885288908879772
    endloop
  endfacet
  facet normal 0 0.333806859233771 0.9426414910921783
    outer loop
      vertex 39.53 -68.379225514227 18.812913274954756
      vertex 49.23000000000005 -68.379225514227 18.812913274954756
      vertex 49.23000000000005 -68.2953288904374 18.783203922298238
    endloop
  endfacet
  facet normal 0 0.2840153447039206 0.9588197348681936
    outer loop
      vertex 39.53 -68.2953288904374 18.783203922298238
      vertex 49.23000000000005 -68.2953288904374 18.783203922298238
      vertex 49.23000000000005 -68.20999237667428 18.757926095308584
    endloop
  endfacet
  facet normal 0 0.8526401643540824 0.5224985647159649
    outer loop
      vertex 39.53 -69.24224318643354 19.549999999999997
      vertex 49.23000000000005 -69.24224318643354 19.549999999999997
      vertex 49.23000000000005 -69.19573996550722 19.474113640474453
    endloop
  endfacet
  facet normal 0 0.8788171126619909 0.4771587602595613
    outer loop
      vertex 39.53 -69.28471109112022 19.628216150442768
      vertex 49.23000000000005 -69.28471109112022 19.628216150442768
      vertex 49.23000000000005 -69.24224318643354 19.549999999999997
    endloop
  endfacet
  facet normal 0 0.7253743710123075 0.6883545756937333
    outer loop
      vertex 39.53 -69.03334620331157 19.26247796918994
      vertex 49.23000000000005 -69.03334620331157 19.26247796918994
      vertex 49.23000000000005 -68.97208152801713 19.197918471982867
    endloop
  endfacet
  facet normal 0 0.7604059655999824 0.6494480483302406
    outer loop
      vertex 39.53 -69.09114813447685 19.330155335215274
      vertex 49.23000000000005 -69.09114813447685 19.330155335215274
      vertex 49.23000000000005 -69.03334620331157 19.26247796918994
    endloop
  endfacet
  facet normal 0 0.7933533402912416 0.6087614290087122
    outer loop
      vertex 39.53 -69.14532889043741 19.400765071102793
      vertex 49.23000000000005 -69.14532889043741 19.400765071102793
      vertex 49.23000000000005 -69.09114813447685 19.330155335215274
    endloop
  endfacet
  facet normal 0 0.8241261886220592 0.5664062369247693
    outer loop
      vertex 39.53 -69.19573996550722 19.474113640474453
      vertex 49.23000000000005 -69.19573996550722 19.474113640474453
      vertex 49.23000000000005 -69.14532889043741 19.400765071102793
    endloop
  endfacet
  facet normal 0 0.9025852843498111 0.4305110968083989
    outer loop
      vertex 39.53 -69.32302727799242 19.70854770677114
      vertex 49.23000000000005 -69.32302727799242 19.70854770677114
      vertex 49.23000000000005 -69.28471109112022 19.628216150442768
    endloop
  endfacet
  facet normal 0 0.9238795325113257 0.3826834323649958
    outer loop
      vertex 39.53 -69.35708672504524 19.79077448577299
      vertex 49.23000000000005 -69.35708672504524 19.79077448577299
      vertex 49.23000000000005 -69.32302727799242 19.70854770677114
    endloop
  endfacet
  facet normal 0 0.9426414910921532 0.333806859233842
    outer loop
      vertex 39.53 -69.38679607770176 19.874671109562588
      vertex 49.23000000000005 -69.38679607770176 19.874671109562588
      vertex 49.23000000000005 -69.35708672504524 19.79077448577299
    endloop
  endfacet
  facet normal 0 0.9588197348682045 0.28401534470388384
    outer loop
      vertex 39.53 -69.41207390469141 19.960007623325712
      vertex 49.23000000000005 -69.41207390469141 19.960007623325712
      vertex 49.23000000000005 -69.38679607770176 19.874671109562588
    endloop
  endfacet
  facet normal 0 0.9723699203976786 0.23344536385589695
    outer loop
      vertex 39.53 -69.43285092124746 20.04655012560981
      vertex 49.23000000000005 -69.43285092124746 20.04655012560981
      vertex 49.23000000000005 -69.41207390469141 19.960007623325712
    endloop
  endfacet
  facet normal 0 -0.18223552549216931 0.9832549075639505
    outer loop
      vertex 39.53 -67.5040614094316 18.720929820988264
      vertex 49.23000000000005 -67.5040614094316 18.720929820988264
      vertex 49.23000000000005 -67.4165501256098 18.73714907875253
    endloop
  endfacet
  facet normal 0 -0.23344536385591508 0.9723699203976742
    outer loop
      vertex 39.53 -67.4165501256098 18.73714907875253
      vertex 49.23000000000005 -67.4165501256098 18.73714907875253
      vertex 49.23000000000005 -67.33000762332571 18.757926095308584
    endloop
  endfacet
  facet normal 0 -0.2840153447039206 0.9588197348681936
    outer loop
      vertex 39.53 -67.33000762332571 18.757926095308584
      vertex 49.23000000000005 -67.33000762332571 18.757926095308584
      vertex 49.23000000000005 -67.24467110956259 18.783203922298238
    endloop
  endfacet
  facet normal 0 -0.333806859233771 0.9426414910921783
    outer loop
      vertex 39.53 -67.24467110956259 18.783203922298238
      vertex 49.23000000000005 -67.24467110956259 18.783203922298238
      vertex 49.23000000000005 -67.16077448577299 18.812913274954756
    endloop
  endfacet
  facet normal 0 -0.3826834323650698 0.923879532511295
    outer loop
      vertex 39.53 -67.16077448577299 18.812913274954756
      vertex 49.23000000000005 -67.16077448577299 18.812913274954756
      vertex 49.23000000000005 -67.07854770677113 18.84697272200758
    endloop
  endfacet
  facet normal 0 -0.43051109680831534 0.9025852843498509
    outer loop
      vertex 39.53 -67.07854770677113 18.84697272200758
      vertex 49.23000000000005 -67.07854770677113 18.84697272200758
      vertex 49.23000000000005 -66.99821615044277 18.885288908879772
    endloop
  endfacet
  facet normal 0 -0.47715876025962295 0.8788171126619575
    outer loop
      vertex 39.53 -66.99821615044277 18.885288908879772
      vertex 49.23000000000005 -66.99821615044277 18.885288908879772
      vertex 49.23000000000005 -66.92 18.927756813566454
    endloop
  endfacet
  facet normal 0 -0.5224985647159115 0.852640164354115
    outer loop
      vertex 39.53 -66.92 18.927756813566454
      vertex 49.23000000000005 -66.92 18.927756813566454
      vertex 49.23000000000005 -66.84411364047445 18.97426003449278
    endloop
  endfacet
  facet normal 0 -0.5664062369248235 0.824126188622022
    outer loop
      vertex 39.53 -66.84411364047445 18.97426003449278
      vertex 49.23000000000005 -66.84411364047445 18.97426003449278
      vertex 49.23000000000005 -66.77076507110279 19.02467110956259
    endloop
  endfacet
  facet normal 0 -0.6087614290087314 0.7933533402912268
    outer loop
      vertex 39.53 -66.77076507110279 19.02467110956259
      vertex 49.23000000000005 -66.77076507110279 19.02467110956259
      vertex 49.23000000000005 -66.70015533521527 19.07885186552315
    endloop
  endfacet
  facet normal 0 -0.6494480483301747 0.7604059656000386
    outer loop
      vertex 39.53 -66.70015533521527 19.07885186552315
      vertex 49.23000000000005 -66.70015533521527 19.07885186552315
      vertex 49.23000000000005 -66.63247796918994 19.136653796688428
    endloop
  endfacet
  facet normal 0 -0.6883545756937531 0.7253743710122885
    outer loop
      vertex 39.53 -66.63247796918994 19.136653796688428
      vertex 49.23000000000005 -66.63247796918994 19.136653796688428
      vertex 49.23000000000005 -66.56791847198286 19.197918471982867
    endloop
  endfacet
  facet normal 0 -0.7253743710123075 0.6883545756937333
    outer loop
      vertex 39.53 -66.56791847198286 19.197918471982867
      vertex 49.23000000000005 -66.56791847198286 19.197918471982867
      vertex 49.23000000000005 -66.50665379668843 19.26247796918994
    endloop
  endfacet
  facet normal 0 -0.7604059655999824 0.6494480483302406
    outer loop
      vertex 39.53 -66.50665379668843 19.26247796918994
      vertex 49.23000000000005 -66.50665379668843 19.26247796918994
      vertex 49.23000000000005 -66.44885186552314 19.330155335215274
    endloop
  endfacet
  facet normal 0 -0.7933533402912416 0.6087614290087122
    outer loop
      vertex 39.53 -66.44885186552314 19.330155335215274
      vertex 49.23000000000005 -66.44885186552314 19.330155335215274
      vertex 49.23000000000005 -66.39467110956258 19.400765071102793
    endloop
  endfacet
  facet normal 0 -0.8241261886220592 0.5664062369247693
    outer loop
      vertex 39.53 -66.39467110956258 19.400765071102793
      vertex 49.23000000000005 -66.39467110956258 19.400765071102793
      vertex 49.23000000000005 -66.34426003449278 19.474113640474453
    endloop
  endfacet
  facet normal 0 -0.8526401643540824 0.5224985647159649
    outer loop
      vertex 39.53 -66.34426003449278 19.474113640474453
      vertex 49.23000000000005 -66.34426003449278 19.474113640474453
      vertex 49.23000000000005 -66.29775681356645 19.549999999999997
    endloop
  endfacet
  facet normal 0 -0.8788171126619909 0.4771587602595613
    outer loop
      vertex 39.53 -66.29775681356645 19.549999999999997
      vertex 49.23000000000005 -66.29775681356645 19.549999999999997
      vertex 49.23000000000005 -66.25528890887978 19.628216150442768
    endloop
  endfacet
  facet normal 0 -0.9025852843498111 0.4305110968083989
    outer loop
      vertex 39.53 -66.25528890887978 19.628216150442768
      vertex 49.23000000000005 -66.25528890887978 19.628216150442768
      vertex 49.23000000000005 -66.21697272200757 19.70854770677114
    endloop
  endfacet
  facet normal 0 -0.9238795325113257 0.3826834323649958
    outer loop
      vertex 39.53 -66.21697272200757 19.70854770677114
      vertex 49.23000000000005 -66.21697272200757 19.70854770677114
      vertex 49.23000000000005 -66.18291327495476 19.79077448577299
    endloop
  endfacet
  facet normal 0 -0.9426414910921532 0.333806859233842
    outer loop
      vertex 39.53 -66.18291327495476 19.79077448577299
      vertex 49.23000000000005 -66.18291327495476 19.79077448577299
      vertex 49.23000000000005 -66.15320392229823 19.874671109562588
    endloop
  endfacet
  facet normal 0 -0.9588197348682045 0.28401534470388384
    outer loop
      vertex 39.53 -66.15320392229823 19.874671109562588
      vertex 49.23000000000005 -66.15320392229823 19.874671109562588
      vertex 49.23000000000005 -66.12792609530858 19.960007623325712
    endloop
  endfacet
  facet normal 0 -0.9723699203976786 0.23344536385589695
    outer loop
      vertex 39.53 -66.12792609530858 19.960007623325712
      vertex 49.23000000000005 -66.12792609530858 19.960007623325712
      vertex 49.23000000000005 -66.10714907875253 20.04655012560981
    endloop
  endfacet
  facet normal 1 0 0
    outer loop
      vertex 49.23000000000005 -70.52 15.995000000000001
      vertex 49.23000000000005 -68.54178384955722 18.885288908879772
      vertex 49.23000000000005 -68.61999999999999 18.927756813566454
    endloop
  endfacet
  facet normal 1 0 0
    outer loop
      vertex 49.23000000000005 -70.52 15.995000000000001
      vertex 49.23000000000005 -68.12344987439019 18.73714907875253
      vertex 49.23000000000005 -68.20999237667428 18.757926095308584
    endloop
  endfacet
  facet normal 1 0 0
    outer loop
      vertex 49.23000000000005 -70.52 15.995000000000001
      vertex 49.23000000000005 -68.379225514227 18.812913274954756
      vertex 49.23000000000005 -68.46145229322886 18.84697272200758
    endloop
  endfacet
  facet normal 1 0 0
    outer loop
      vertex 49.23000000000005 -70.52 15.995000000000001
      vertex 49.23000000000005 -68.46145229322886 18.84697272200758
      vertex 49.23000000000005 -68.54178384955722 18.885288908879772
    endloop
  endfacet
  facet normal 1 0 0
    outer loop
      vertex 49.23000000000005 -70.52 15.995000000000001
      vertex 49.23000000000005 -68.20999237667428 18.757926095308584
      vertex 49.23000000000005 -68.2953288904374 18.783203922298238
    endloop
  endfacet
  facet normal 1 0 0
    outer loop
      vertex 49.23000000000005 -70.52 15.995000000000001
      vertex 49.23000000000005 -68.2953288904374 18.783203922298238
      vertex 49.23000000000005 -68.379225514227 18.812913274954756
    endloop
  endfacet
  facet normal 1 0 0
    outer loop
      vertex 49.23000000000005 -70.52 15.995000000000001
      vertex 49.23000000000005 -67.94769838755501 18.709312777873933
      vertex 49.23000000000005 -68.03593859056839 18.720929820988264
    endloop
  endfacet
  facet normal 1 0 0
    outer loop
      vertex 49.23000000000005 -70.52 15.995000000000001
      vertex 49.23000000000005 -68.03593859056839 18.720929820988264
      vertex 49.23000000000005 -68.12344987439019 18.73714907875253
    endloop
  endfacet
  facet normal 1 0 0
    outer loop
      vertex 49.23000000000005 -67.77 18.7
      vertex 49.23000000000005 -70.52 15.995000000000001
      vertex 49.23000000000005 -67.681028874387 18.702329790917222
    endloop
  endfacet
  facet normal 1 0 0
    outer loop
      vertex 49.23000000000005 -67.858971125613 18.702329790917222
      vertex 49.23000000000005 -70.52 15.995000000000001
      vertex 49.23000000000005 -67.77 18.7
    endloop
  endfacet
  facet normal 1 0 0
    outer loop
      vertex 49.23000000000005 -70.52 15.995000000000001
      vertex 49.23000000000005 -67.858971125613 18.702329790917222
      vertex 49.23000000000005 -67.94769838755501 18.709312777873933
    endloop
  endfacet
  facet normal 1 0 0
    outer loop
      vertex 49.23000000000005 -70.52 15.995000000000001
      vertex 49.23000000000005 -68.7692349288972 19.02467110956259
      vertex 49.23000000000005 -68.83984466478472 19.07885186552315
    endloop
  endfacet
  facet normal 1 0 0
    outer loop
      vertex 49.23000000000005 -70.52 15.995000000000001
      vertex 49.23000000000005 -68.61999999999999 18.927756813566454
      vertex 49.23000000000005 -68.69588635952555 18.97426003449278
    endloop
  endfacet
  facet normal 1 0 0
    outer loop
      vertex 49.23000000000005 -70.52 15.995000000000001
      vertex 49.23000000000005 -68.69588635952555 18.97426003449278
      vertex 49.23000000000005 -68.7692349288972 19.02467110956259
    endloop
  endfacet
  facet normal 1 0 0
    outer loop
      vertex 49.23000000000005 -68.90752203081006 19.136653796688428
      vertex 49.23000000000005 -70.52 15.995000000000001
      vertex 49.23000000000005 -68.83984466478472 19.07885186552315
    endloop
  endfacet
  facet normal 1 0 0
    outer loop
      vertex 49.23000000000005 -70.52 15.995000000000001
      vertex 49.23000000000005 -68.90752203081006 19.136653796688428
      vertex 49.23000000000005 -68.97208152801713 19.197918471982867
    endloop
  endfacet
  facet normal 1 0 0
    outer loop
      vertex 49.23000000000005 -70.52 15.995000000000001
      vertex 49.23000000000005 -68.97208152801713 19.197918471982867
      vertex 49.23000000000005 -69.03334620331157 19.26247796918994
    endloop
  endfacet
  facet normal 1 0 0
    outer loop
      vertex 49.23000000000005 -69.09114813447685 19.330155335215274
      vertex 49.23000000000005 -70.52 15.995000000000001
      vertex 49.23000000000005 -69.03334620331157 19.26247796918994
    endloop
  endfacet
  facet normal 1 0 0
    outer loop
      vertex 49.23000000000005 -69.14532889043741 19.400765071102793
      vertex 49.23000000000005 -70.52 15.995000000000001
      vertex 49.23000000000005 -69.09114813447685 19.330155335215274
    endloop
  endfacet
  facet normal 1 0 0
    outer loop
      vertex 49.23000000000005 -69.24224318643354 19.549999999999997
      vertex 49.23000000000005 -70.52 15.995000000000001
      vertex 49.23000000000005 -69.19573996550722 19.474113640474453
    endloop
  endfacet
  facet normal 1 0 0
    outer loop
      vertex 49.23000000000005 -69.19573996550722 19.474113640474453
      vertex 49.23000000000005 -70.52 15.995000000000001
      vertex 49.23000000000005 -69.14532889043741 19.400765071102793
    endloop
  endfacet
  facet normal 1 0 0
    outer loop
      vertex 49.23000000000005 -67.59230161244498 18.709312777873933
      vertex 49.23000000000005 -70.52 15.995000000000001
      vertex 49.23000000000005 -67.5040614094316 18.720929820988264
    endloop
  endfacet
  facet normal 1 0 0
    outer loop
      vertex 49.23000000000005 -67.681028874387 18.702329790917222
      vertex 49.23000000000005 -70.52 15.995000000000001
      vertex 49.23000000000005 -67.59230161244498 18.709312777873933
    endloop
  endfacet
  facet normal 1 0 0
    outer loop
      vertex 49.23000000000005 -67.4165501256098 18.73714907875253
      vertex 49.23000000000005 -70.52 15.995000000000001
      vertex 49.23000000000005 -67.33000762332571 18.757926095308584
    endloop
  endfacet
  facet normal 1 0 0
    outer loop
      vertex 49.23000000000005 -67.5040614094316 18.720929820988264
      vertex 49.23000000000005 -70.52 15.995000000000001
      vertex 49.23000000000005 -67.4165501256098 18.73714907875253
    endloop
  endfacet
  facet normal 1 0 0
    outer loop
      vertex 49.23000000000005 -67.33000762332571 18.757926095308584
      vertex 49.23000000000005 -70.52 15.995000000000001
      vertex 49.23000000000005 -67.24467110956259 18.783203922298238
    endloop
  endfacet
  facet normal 1 0 0
    outer loop
      vertex 49.23000000000005 -67.16077448577299 18.812913274954756
      vertex 49.23000000000005 -70.52 15.995000000000001
      vertex 49.23000000000005 -67.07854770677113 18.84697272200758
    endloop
  endfacet
  facet normal 1 0 0
    outer loop
      vertex 49.23000000000005 -67.24467110956259 18.783203922298238
      vertex 49.23000000000005 -70.52 15.995000000000001
      vertex 49.23000000000005 -67.16077448577299 18.812913274954756
    endloop
  endfacet
  facet normal 1 0 0
    outer loop
      vertex 49.23000000000005 -67.07854770677113 18.84697272200758
      vertex 49.23000000000005 -70.52 15.995000000000001
      vertex 49.23000000000005 -66.99821615044277 18.885288908879772
    endloop
  endfacet
  facet normal 1 0 0
    outer loop
      vertex 49.23000000000005 -70.52 15.995000000000001
      vertex 49.23000000000005 -69.28471109112022 19.628216150442768
      vertex 49.23000000000005 -72.02 20.699999999999953
    endloop
  endfacet
  facet normal 1 0 0
    outer loop
      vertex 49.23000000000005 -69.32302727799242 19.70854770677114
      vertex 49.23000000000005 -72.02 20.699999999999953
      vertex 49.23000000000005 -69.28471109112022 19.628216150442768
    endloop
  endfacet
  facet normal 1 0 0
    outer loop
      vertex 49.23000000000005 -69.28471109112022 19.628216150442768
      vertex 49.23000000000005 -70.52 15.995000000000001
      vertex 49.23000000000005 -69.24224318643354 19.549999999999997
    endloop
  endfacet
  facet normal 1 0 0
    outer loop
      vertex 49.23000000000005 -64.52000000327826 15.995000000000001
      vertex 49.23000000000005 -66.99821615044277 18.885288908879772
      vertex 49.23000000000005 -70.52 15.995000000000001
    endloop
  endfacet
  facet normal 1 0 0
    outer loop
      vertex 49.23000000000005 -64.52000000327826 15.995000000000001
      vertex 49.23000000000005 -66.92 18.927756813566454
      vertex 49.23000000000005 -66.99821615044277 18.885288908879772
    endloop
  endfacet
  facet normal 1 0 0
    outer loop
      vertex 49.23000000000005 -64.52000000327826 15.995000000000001
      vertex 49.23000000000005 -66.84411364047445 18.97426003449278
      vertex 49.23000000000005 -66.92 18.927756813566454
    endloop
  endfacet
  facet normal 1 0 0
    outer loop
      vertex 49.23000000000005 -64.52000000327826 15.995000000000001
      vertex 49.23000000000005 -66.70015533521527 19.07885186552315
      vertex 49.23000000000005 -66.77076507110279 19.02467110956259
    endloop
  endfacet
  facet normal 1 0 0
    outer loop
      vertex 49.23000000000005 -64.52000000327826 15.995000000000001
      vertex 49.23000000000005 -66.77076507110279 19.02467110956259
      vertex 49.23000000000005 -66.84411364047445 18.97426003449278
    endloop
  endfacet
  facet normal 1 0 0
    outer loop
      vertex 49.23000000000005 -64.52000000327826 15.995000000000001
      vertex 49.23000000000005 -66.63247796918994 19.136653796688428
      vertex 49.23000000000005 -66.70015533521527 19.07885186552315
    endloop
  endfacet
  facet normal 1 0 0
    outer loop
      vertex 49.23000000000005 -64.52000000327826 15.995000000000001
      vertex 49.23000000000005 -66.56791847198286 19.197918471982867
      vertex 49.23000000000005 -66.63247796918994 19.136653796688428
    endloop
  endfacet
  facet normal 1 0 0
    outer loop
      vertex 49.23000000000005 -64.52000000327826 15.995000000000001
      vertex 49.23000000000005 -66.50665379668843 19.26247796918994
      vertex 49.23000000000005 -66.56791847198286 19.197918471982867
    endloop
  endfacet
  facet normal 1 0 0
    outer loop
      vertex 49.23000000000005 -64.52000000327826 15.995000000000001
      vertex 49.23000000000005 -66.44885186552314 19.330155335215274
      vertex 49.23000000000005 -66.50665379668843 19.26247796918994
    endloop
  endfacet
  facet normal 1 0 0
    outer loop
      vertex 49.23000000000005 -64.52000000327826 15.995000000000001
      vertex 49.23000000000005 -66.39467110956258 19.400765071102793
      vertex 49.23000000000005 -66.44885186552314 19.330155335215274
    endloop
  endfacet
  facet normal 1 0 0
    outer loop
      vertex 49.23000000000005 -62.519999999999996 18.4
      vertex 49.23000000000005 -66.39467110956258 19.400765071102793
      vertex 49.23000000000005 -64.52000000327826 15.995000000000001
    endloop
  endfacet
  facet normal 1 0 0
    outer loop
      vertex 49.23000000000005 -62.519999999999996 18.4
      vertex 49.23000000000005 -66.34426003449278 19.474113640474453
      vertex 49.23000000000005 -66.39467110956258 19.400765071102793
    endloop
  endfacet
  facet normal 1 0 0
    outer loop
      vertex 49.23000000000005 -62.519999999999996 18.4
      vertex 49.23000000000005 -66.29775681356645 19.549999999999997
      vertex 49.23000000000005 -66.34426003449278 19.474113640474453
    endloop
  endfacet
  facet normal 1 0 0
    outer loop
      vertex 49.23000000000005 -62.519999999999996 18.4
      vertex 49.23000000000005 -66.25528890887978 19.628216150442768
      vertex 49.23000000000005 -66.29775681356645 19.549999999999997
    endloop
  endfacet
  facet normal 1 0 0
    outer loop
      vertex 49.23000000000005 -62.519999999999996 18.4
      vertex 49.23000000000005 -66.21697272200757 19.70854770677114
      vertex 49.23000000000005 -66.25528890887978 19.628216150442768
    endloop
  endfacet
  facet normal 1 0 0
    outer loop
      vertex 49.23000000000005 -62.519999999999996 18.4
      vertex 49.23000000000005 -66.18291327495476 19.79077448577299
      vertex 49.23000000000005 -66.21697272200757 19.70854770677114
    endloop
  endfacet
  facet normal 1 0 0
    outer loop
      vertex 49.23000000000005 -62.519999999999996 18.4
      vertex 49.23000000000005 -66.15320392229823 19.874671109562588
      vertex 49.23000000000005 -66.18291327495476 19.79077448577299
    endloop
  endfacet
  facet normal 1 0 0
    outer loop
      vertex 49.23000000000005 -62.519999999999996 18.4
      vertex 49.23000000000005 -66.12792609530858 19.960007623325712
      vertex 49.23000000000005 -66.15320392229823 19.874671109562588
    endloop
  endfacet
  facet normal 1 0 0
    outer loop
      vertex 49.23000000000005 -62.519999999999996 18.4
      vertex 49.23000000000005 -66.10714907875253 20.04655012560981
      vertex 49.23000000000005 -66.12792609530858 19.960007623325712
    endloop
  endfacet
  facet normal 1 0 0
    outer loop
      vertex 49.23000000000005 -62.519999999999996 18.4
      vertex 49.23000000000005 -66.09092982098826 20.134061409431606
      vertex 49.23000000000005 -66.10714907875253 20.04655012560981
    endloop
  endfacet
  facet normal 1 0 0
    outer loop
      vertex 49.23000000000005 -62.519999999999996 18.4
      vertex 49.23000000000005 -66.07931277787394 20.222301612444987
      vertex 49.23000000000005 -66.09092982098826 20.134061409431606
    endloop
  endfacet
  facet normal 1 0 0
    outer loop
      vertex 49.23000000000005 -62.519999999999996 18.4
      vertex 49.23000000000005 -66.07232979091722 20.311028874386995
      vertex 49.23000000000005 -66.07931277787394 20.222301612444987
    endloop
  endfacet
  facet normal 1 0 0
    outer loop
      vertex 49.23000000000005 -62.519999999999996 18.4
      vertex 49.23000000000005 -66.07 20.4
      vertex 49.23000000000005 -66.07232979091722 20.311028874386995
    endloop
  endfacet
  facet normal 1 0 0
    outer loop
      vertex 49.23000000000005 -66.07 20.4
      vertex 49.23000000000005 -62.519999999999996 18.4
      vertex 49.23000000000005 -66.07232979091722 20.488971125613002
    endloop
  endfacet
  facet normal 1 0 0
    outer loop
      vertex 49.23000000000005 -66.07232979091722 20.488971125613002
      vertex 49.23000000000005 -62.519999999999996 18.4
      vertex 49.23000000000005 -66.07931277787394 20.57769838755501
    endloop
  endfacet
  facet normal 1 0 0
    outer loop
      vertex 49.23000000000005 -66.07931277787394 20.57769838755501
      vertex 49.23000000000005 -62.519999999999996 18.4
      vertex 49.23000000000005 -66.09092982098826 20.66593859056839
    endloop
  endfacet
  facet normal 1 0 0
    outer loop
      vertex 49.23000000000005 -66.09092982098826 20.66593859056839
      vertex 49.23000000000005 -62.519999999999996 18.4
      vertex 49.23000000000005 -66.10714907875253 20.75344987439019
    endloop
  endfacet
  facet normal 1 0 0
    outer loop
      vertex 49.23000000000005 -66.10714907875253 20.75344987439019
      vertex 49.23000000000005 -62.519999999999996 18.4
      vertex 49.23000000000005 -66.12792609530858 20.839992376674285
    endloop
  endfacet
  facet normal 1 0 0
    outer loop
      vertex 49.23000000000005 -60.519999999999996 16
      vertex 49.23000000000005 -64.52000000327826 15.995000000000001
      vertex 49.23000000000005 -60.519999999999996 15.995000000000001
    endloop
  endfacet
  facet normal 1 0 0
    outer loop
      vertex 49.23000000000005 -60.519999999999996 16
      vertex 49.23000000000005 -46.46999999880791 18.4
      vertex 49.23000000000005 -64.52000000327826 15.995000000000001
    endloop
  endfacet
  facet normal 1 0 0
    outer loop
      vertex 49.23000000000005 -62.519999999999996 18.4
      vertex 49.23000000000005 -64.52000000327826 15.995000000000001
      vertex 49.23000000000005 -46.46999999880791 18.4
    endloop
  endfacet
  facet normal 0 0 1
    outer loop
      vertex 41.53 -62.519999999999996 18.4
      vertex 49.23000000000005 -62.519999999999996 18.4
      vertex 49.23000000000005 -46.46999999880791 18.4
    endloop
  endfacet
  facet normal -0.9832549067222633 -0.1822355300335075 0
    outer loop
      vertex 39.57370480030775 -70.43582338511943 15.995000000000001
      vertex 39.554623319506646 -70.33286893039941 28.4
      vertex 39.554623319506646 -70.33286893039941 15.995000000000001
    endloop
  endfacet
  facet normal -0.9723699266881018 -0.233445337654397 2.0704888896880884e-21
    outer loop
      vertex 39.59391381515288 -70.52 15.995000000000001
      vertex 39.57370480030775 -70.43582338511943 28.4
      vertex 39.57370480030775 -70.43582338511943 15.995000000000001
    endloop
  endfacet
  facet normal -0.9914448646709336 -0.130526167175912 0
    outer loop
      vertex 39.554623319506646 -70.33286893039941 15.995000000000001
      vertex 39.54095621287823 -70.22905692875385 28.4
      vertex 39.54095621287823 -70.22905692875385 15.995000000000001
    endloop
  endfacet
  facet normal -0.9969173287082568 -0.0784591595748624 0
    outer loop
      vertex 39.54095621287823 -70.22905692875385 15.995000000000001
      vertex 39.53274092704058 -70.12467191040516 28.4
      vertex 39.53274092704058 -70.12467191040516 15.995000000000001
    endloop
  endfacet
  facet normal -0.9996573258242133 -0.02617691589898952 0
    outer loop
      vertex 39.53274092704058 -70.12467191040516 15.995000000000001
      vertex 39.53 -70.02 28.4
      vertex 39.53 -70.02 15.995000000000001
    endloop
  endfacet
  facet normal -1 0 0
    outer loop
      vertex 39.53 -70.02 15.995000000000001
      vertex 39.53 -70.02 28.4
      vertex 39.53 -69.46767020908277 20.311028874386995
    endloop
  endfacet
  facet normal -0.9025853144542187 -0.43051103369319 0
    outer loop
      vertex 39.74798694878817 -70.92798100084066 12.399999999999999
      vertex 39.74798694878817 -70.92798100084066 28.4
      vertex 39.70290908843279 -70.83347328424453 28.4
    endloop
  endfacet
  facet normal -0.7933533513494008 -0.6087614145974385 0
    outer loop
      vertex 39.975708073675634 -71.27864078104496 12.399999999999999
      vertex 39.975708073675634 -71.27864078104496 28.4
      vertex 39.91196600973606 -71.19557050287723 28.4
    endloop
  endfacet
  facet normal -0.8526401644822993 -0.5224985645067338 0
    outer loop
      vertex 39.85265886664391 -71.10927807211876 12.399999999999999
      vertex 39.85265886664391 -71.10927807211876 28.4
      vertex 39.79794919371605 -71.02 28.4
    endloop
  endfacet
  facet normal -0.8788170932013816 -0.4771587961015434 0
    outer loop
      vertex 39.79794919371605 -71.02 12.399999999999999
      vertex 39.79794919371605 -71.02 28.4
      vertex 39.74798694878817 -70.92798100084066 28.4
    endloop
  endfacet
  facet normal -0.824126195039763 -0.5664062275869525 0
    outer loop
      vertex 39.91196600973606 -71.19557050287723 12.399999999999999
      vertex 39.91196600973606 -71.19557050287723 28.4
      vertex 39.85265886664391 -71.10927807211876 28.4
    endloop
  endfacet
  facet normal -0.9426414704722688 -0.33380691746259405 0
    outer loop
      vertex 39.662839150726796 -70.73673589944839 12.399999999999999
      vertex 39.662839150726796 -70.73673589944839 28.4
      vertex 39.627886964678765 -70.63803399026393 28.4
    endloop
  endfacet
  facet normal -0.92387952935444 -0.38268343998639204 0
    outer loop
      vertex 39.70290908843279 -70.83347328424453 12.399999999999999
      vertex 39.70290908843279 -70.83347328424453 28.4
      vertex 39.662839150726796 -70.73673589944839 28.4
    endloop
  endfacet
  facet normal -0.9588197384607063 -0.28401533257580097 0
    outer loop
      vertex 39.627886964678765 -70.63803399026393 12.399999999999999
      vertex 39.627886964678765 -70.63803399026393 28.4
      vertex 39.598148344755174 -70.53763808727264 28.4
    endloop
  endfacet
  facet normal -1 0 0
    outer loop
      vertex 39.53 -69.46767020908277 20.311028874386995
      vertex 39.53 -70.02 28.4
      vertex 39.53 -69.47 20.4
    endloop
  endfacet
  facet normal -1 0 0
    outer loop
      vertex 39.53 -69.47 20.4
      vertex 39.53 -70.02 28.4
      vertex 39.53 -69.46767020908277 20.488971125613002
    endloop
  endfacet
  facet normal -1 0 0
    outer loop
      vertex 39.53 -69.46767020908277 20.488971125613002
      vertex 39.53 -70.02 28.4
      vertex 39.53 -69.46068722212605 20.57769838755501
    endloop
  endfacet
  facet normal -1 0 0
    outer loop
      vertex 39.53 -69.46068722212605 20.57769838755501
      vertex 39.53 -70.02 28.4
      vertex 39.53 -69.44907017901173 20.66593859056839
    endloop
  endfacet
  facet normal -1 0 0
    outer loop
      vertex 39.53 -69.44907017901173 20.66593859056839
      vertex 39.53 -70.02 28.4
      vertex 39.53 -69.43285092124746 20.75344987439019
    endloop
  endfacet
  facet normal -1 0 0
    outer loop
      vertex 39.53 -69.43285092124746 20.75344987439019
      vertex 39.53 -70.02 28.4
      vertex 39.53 -69.41207390469141 20.839992376674285
    endloop
  endfacet
  facet normal -1 0 0
    outer loop
      vertex 39.53 -66.10714907875253 20.04655012560981
      vertex 39.53 -66.09092982098826 20.134061409431606
      vertex 39.53 -64.52 28.4
    endloop
  endfacet
  facet normal -1 0 0
    outer loop
      vertex 39.53 -66.09092982098826 20.134061409431606
      vertex 39.53 -66.07931277787394 20.222301612444987
      vertex 39.53 -64.52 28.4
    endloop
  endfacet
  facet normal -1 0 0
    outer loop
      vertex 39.53 -66.07931277787394 20.222301612444987
      vertex 39.53 -66.07232979091722 20.311028874386995
      vertex 39.53 -64.52 28.4
    endloop
  endfacet
  facet normal -1 0 0
    outer loop
      vertex 39.53 -66.07232979091722 20.311028874386995
      vertex 39.53 -66.07 20.4
      vertex 39.53 -64.52 28.4
    endloop
  endfacet
  facet normal -1 0 0
    outer loop
      vertex 39.53 -66.07 20.4
      vertex 39.53 -66.07232979091722 20.488971125613002
      vertex 39.53 -64.52 28.4
    endloop
  endfacet
  facet normal -1 0 0
    outer loop
      vertex 39.53 -66.07232979091722 20.488971125613002
      vertex 39.53 -66.07931277787394 20.57769838755501
      vertex 39.53 -64.52 28.4
    endloop
  endfacet
  facet normal -1 0 0
    outer loop
      vertex 39.53 -66.07931277787394 20.57769838755501
      vertex 39.53 -66.09092982098826 20.66593859056839
      vertex 39.53 -64.52 28.4
    endloop
  endfacet
  facet normal -1 0 0
    outer loop
      vertex 39.53 -66.09092982098826 20.66593859056839
      vertex 39.53 -66.10714907875253 20.75344987439019
      vertex 39.53 -64.52 28.4
    endloop
  endfacet
  facet normal -1 0 0
    outer loop
      vertex 39.53 -66.12792609530858 20.839992376674285
      vertex 39.53 -64.52 28.4
      vertex 39.53 -66.10714907875253 20.75344987439019
    endloop
  endfacet
  facet normal -1 0 0
    outer loop
      vertex 39.53 -64.52 18.4
      vertex 39.53 -64.52000000327826 18.4
      vertex 39.53 -64.52 28.4
    endloop
  endfacet
  facet normal -0.9996573258242133 0.026176915898989524 0
    outer loop
      vertex 39.53 -64.52 18.4
      vertex 39.53274092704058 -64.41532808959484 28.4
      vertex 39.53274092704058 -64.41532808959484 18.4
    endloop
  endfacet
  facet normal -0.9969173287082566 0.07845915957486238 0
    outer loop
      vertex 39.53274092704058 -64.41532808959484 18.4
      vertex 39.54095621287823 -64.31094307124614 28.4
      vertex 39.54095621287823 -64.31094307124614 18.4
    endloop
  endfacet
  facet normal -0.9914448646709337 0.130526167175912 0
    outer loop
      vertex 39.54095621287823 -64.31094307124614 18.4
      vertex 39.554623319506646 -64.20713106960058 28.4
      vertex 39.554623319506646 -64.20713106960058 18.4
    endloop
  endfacet
  facet normal -1 0 0
    outer loop
      vertex 39.53 -64.52000000327826 18.4
      vertex 39.53 -66.10714907875253 20.04655012560981
      vertex 39.53 -64.52 28.4
    endloop
  endfacet
  facet normal -0.9832549067222631 0.18223553003350748 0
    outer loop
      vertex 39.554623319506646 -64.20713106960058 18.4
      vertex 39.57370480030775 -64.10417661488056 28.4
      vertex 39.57370480030775 -64.10417661488056 18.4
    endloop
  endfacet
  facet normal -0.9723699266881015 0.233445337654398 0
    outer loop
      vertex 39.57370480030775 -64.10417661488056 18.4
      vertex 39.598148344755174 -64.00236191272735 28.4
      vertex 39.598148344755174 -64.00236191272735 18.4
    endloop
  endfacet
  facet normal -0.9588197384607063 0.28401533257580097 0
    outer loop
      vertex 39.598148344755174 -64.00236191272735 18.4
      vertex 39.627886964678765 -63.90196600973606 28.4
      vertex 39.627886964678765 -63.90196600973606 18.4
    endloop
  endfacet
  facet normal -0.9426414704722688 0.33380691746259405 0
    outer loop
      vertex 39.627886964678765 -63.90196600973606 18.4
      vertex 39.662839150726796 -63.8032641005516 28.4
      vertex 39.662839150726796 -63.8032641005516 18.4
    endloop
  endfacet
  facet normal -0.9238795293544398 0.38268343998639204 0
    outer loop
      vertex 39.662839150726796 -63.8032641005516 18.4
      vertex 39.70290908843279 -63.70652671575546 28.4
      vertex 39.70290908843279 -63.70652671575546 18.4
    endloop
  endfacet
  facet normal -0.9025853144542187 0.43051103369318994 0
    outer loop
      vertex 39.70290908843279 -63.70652671575546 18.4
      vertex 39.74798694878817 -63.61201899915933 28.4
      vertex 39.74798694878817 -63.61201899915933 18.4
    endloop
  endfacet
  facet normal -0.8788170932013816 0.4771587961015433 0
    outer loop
      vertex 39.74798694878817 -63.61201899915933 18.4
      vertex 39.79794919371605 -63.519999999999996 28.4
      vertex 39.79794919371605 -63.519999999999996 18.4
    endloop
  endfacet
  facet normal -0.8526401644822993 0.5224985645067338 0
    outer loop
      vertex 39.79794919371605 -63.519999999999996 18.4
      vertex 39.85265886664391 -63.43072192788124 28.4
      vertex 39.85265886664391 -63.43072192788124 18.4
    endloop
  endfacet
  facet normal -0.8241261950397629 0.5664062275869525 0
    outer loop
      vertex 39.85265886664391 -63.43072192788124 18.4
      vertex 39.91196600973606 -63.34442949712276 28.4
      vertex 39.91196600973606 -63.34442949712276 18.4
    endloop
  endfacet
  facet normal -0.7933533513494007 0.6087614145974384 0
    outer loop
      vertex 39.91196600973606 -63.34442949712276 18.4
      vertex 39.975708073675634 -63.261359218955036 28.4
      vertex 39.975708073675634 -63.261359218955036 18.4
    endloop
  endfacet
  facet normal 0 0.9832549075639576 0.18223552549213073
    outer loop
      vertex 39.53 -69.43285092124746 20.04655012560981
      vertex 39.53 -69.44907017901173 20.134061409431606
      vertex 49.23000000000005 -69.43285092124746 20.04655012560981
    endloop
  endfacet
  facet normal 0 0.9914448613738148 0.13052619222001796
    outer loop
      vertex 39.53 -69.44907017901173 20.134061409431606
      vertex 39.53 -69.46068722212605 20.222301612444987
      vertex 49.23000000000005 -69.44907017901173 20.134061409431606
    endloop
  endfacet
  facet normal 0 0.9969173337331251 0.07845909572788239
    outer loop
      vertex 39.53 -69.46068722212605 20.222301612444987
      vertex 39.53 -69.46767020908277 20.311028874386995
      vertex 49.23000000000005 -69.46068722212605 20.222301612444987
    endloop
  endfacet
  facet normal 0 0.9996573249755556 0.02617694830793569
    outer loop
      vertex 39.53 -69.46767020908277 20.311028874386995
      vertex 39.53 -69.47 20.4
      vertex 49.23000000000005 -69.46767020908277 20.311028874386995
    endloop
  endfacet
  facet normal 0 0.9996573249755556 -0.02617694830793569
    outer loop
      vertex 39.53 -69.47 20.4
      vertex 39.53 -69.46767020908277 20.488971125613002
      vertex 49.23000000000005 -69.47 20.4
    endloop
  endfacet
  facet normal 0 0.9969173337331251 -0.07845909572788239
    outer loop
      vertex 39.53 -69.46767020908277 20.488971125613002
      vertex 39.53 -69.46068722212605 20.57769838755501
      vertex 49.23000000000005 -69.46767020908277 20.488971125613002
    endloop
  endfacet
  facet normal 0 0.9914448613738148 -0.13052619222001796
    outer loop
      vertex 39.53 -69.46068722212605 20.57769838755501
      vertex 39.53 -69.44907017901173 20.66593859056839
      vertex 49.23000000000005 -69.46068722212605 20.57769838755501
    endloop
  endfacet
  facet normal 0 0.9832549075639576 -0.18223552549213073
    outer loop
      vertex 39.53 -69.44907017901173 20.66593859056839
      vertex 39.53 -69.43285092124746 20.75344987439019
      vertex 49.23000000000005 -69.44907017901173 20.66593859056839
    endloop
  endfacet
  facet normal 0 0.9723699203976786 -0.23344536385589695
    outer loop
      vertex 39.53 -69.43285092124746 20.75344987439019
      vertex 39.53 -69.41207390469141 20.839992376674285
      vertex 49.23000000000005 -69.43285092124746 20.75344987439019
    endloop
  endfacet
  facet normal 0 0.9588197348682045 -0.28401534470388384
    outer loop
      vertex 39.53 -69.41207390469141 20.839992376674285
      vertex 39.53 -69.38679607770176 20.92532889043741
      vertex 49.23000000000005 -69.41207390469141 20.839992376674285
    endloop
  endfacet
  facet normal 0 0.9426414910921532 -0.333806859233842
    outer loop
      vertex 39.53 -69.38679607770176 20.92532889043741
      vertex 39.53 -69.35708672504524 21.00922551422701
      vertex 49.23000000000005 -69.38679607770176 20.92532889043741
    endloop
  endfacet
  facet normal 0 0.9238795325113257 -0.3826834323649958
    outer loop
      vertex 39.53 -69.35708672504524 21.00922551422701
      vertex 39.53 -69.32302727799242 21.09145229322886
      vertex 49.23000000000005 -69.35708672504524 21.00922551422701
    endloop
  endfacet
  facet normal 0 0.9025852843498111 -0.4305110968083989
    outer loop
      vertex 39.53 -69.32302727799242 21.09145229322886
      vertex 39.53 -69.28471109112022 21.17178384955723
      vertex 49.23000000000005 -69.32302727799242 21.09145229322886
    endloop
  endfacet
  facet normal 0 0.8788171126619909 -0.4771587602595613
    outer loop
      vertex 39.53 -69.28471109112022 21.17178384955723
      vertex 39.53 -69.24224318643354 21.25
      vertex 49.23000000000005 -69.28471109112022 21.17178384955723
    endloop
  endfacet
  facet normal 0 0.8526401643540824 -0.5224985647159649
    outer loop
      vertex 39.53 -69.24224318643354 21.25
      vertex 39.53 -69.19573996550722 21.325886359525544
      vertex 49.23000000000005 -69.24224318643354 21.25
    endloop
  endfacet
  facet normal 0 0.8241261886220592 -0.5664062369247693
    outer loop
      vertex 39.53 -69.19573996550722 21.325886359525544
      vertex 39.53 -69.14532889043741 21.399234928897204
      vertex 49.23000000000005 -69.19573996550722 21.325886359525544
    endloop
  endfacet
  facet normal 0 0.7933533402912416 -0.6087614290087122
    outer loop
      vertex 39.53 -69.14532889043741 21.399234928897204
      vertex 39.53 -69.09114813447685 21.469844664784723
      vertex 49.23000000000005 -69.14532889043741 21.399234928897204
    endloop
  endfacet
  facet normal 0 0.7604059655999824 -0.6494480483302406
    outer loop
      vertex 39.53 -69.09114813447685 21.469844664784723
      vertex 39.53 -69.03334620331157 21.537522030810056
      vertex 49.23000000000005 -69.09114813447685 21.469844664784723
    endloop
  endfacet
  facet normal 0 0.7253743710123075 -0.6883545756937333
    outer loop
      vertex 39.53 -69.03334620331157 21.537522030810056
      vertex 39.53 -68.97208152801713 21.60208152801713
      vertex 49.23000000000005 -69.03334620331157 21.537522030810056
    endloop
  endfacet
  facet normal 0 0.6883545756937531 -0.7253743710122885
    outer loop
      vertex 39.53 -68.97208152801713 21.60208152801713
      vertex 39.53 -68.90752203081006 21.66334620331157
      vertex 49.23000000000005 -68.97208152801713 21.60208152801713
    endloop
  endfacet
  facet normal 0 0.6494480483301747 -0.7604059656000386
    outer loop
      vertex 39.53 -68.90752203081006 21.66334620331157
      vertex 39.53 -68.83984466478472 21.72114813447685
      vertex 49.23000000000005 -68.90752203081006 21.66334620331157
    endloop
  endfacet
  facet normal -0.6883545743569364 -0.7253743722808802 0
    outer loop
      vertex 40.19173879057169 -71.5062896502018 12.399999999999999
      vertex 40.19173879057169 -71.5062896502018 28.4
      vertex 40.1157864394784 -71.4342135605216 28.4
    endloop
  endfacet
  facet normal -0.6494480818611015 -0.7604059369619204 0
    outer loop
      vertex 40.27135921895504 -71.57429192632436 12.399999999999999
      vertex 40.27135921895504 -71.57429192632436 28.4
      vertex 40.19173879057169 -71.5062896502018 28.4
    endloop
  endfacet
  facet normal -0.6087614145974385 -0.7933533513494008 0
    outer loop
      vertex 40.354429497122766 -71.63803399026393 12.399999999999999
      vertex 40.354429497122766 -71.63803399026393 28.4
      vertex 40.27135921895504 -71.57429192632436 28.4
    endloop
  endfacet
  facet normal -0.7604059369619204 -0.6494480818611015 0
    outer loop
      vertex 40.043710349798204 -71.3582612094283 12.399999999999999
      vertex 40.043710349798204 -71.3582612094283 28.4
      vertex 39.975708073675634 -71.27864078104496 28.4
    endloop
  endfacet
  facet normal -0.7253743722808802 -0.6883545743569364 0
    outer loop
      vertex 40.1157864394784 -71.4342135605216 12.399999999999999
      vertex 40.1157864394784 -71.4342135605216 28.4
      vertex 40.043710349798204 -71.3582612094283 28.4
    endloop
  endfacet
  facet normal -0.5664062275869525 -0.824126195039763 0
    outer loop
      vertex 40.44072192788124 -71.69734113335609 12.399999999999999
      vertex 40.44072192788124 -71.69734113335609 28.4
      vertex 40.354429497122766 -71.63803399026393 28.4
    endloop
  endfacet
  facet normal -0.5224985645067338 -0.8526401644822993 0
    outer loop
      vertex 40.53 -71.75205080628395 12.399999999999999
      vertex 40.53 -71.75205080628395 28.4
      vertex 40.44072192788124 -71.69734113335609 28.4
    endloop
  endfacet
  facet normal -0.4771587961015434 -0.8788170932013816 0
    outer loop
      vertex 40.62201899915934 -71.80201305121183 12.399999999999999
      vertex 40.62201899915934 -71.80201305121183 28.4
      vertex 40.53 -71.75205080628395 28.4
    endloop
  endfacet
  facet normal -0.43051103369319 -0.9025853144542187 0
    outer loop
      vertex 40.716526715755464 -71.84709091156721 12.399999999999999
      vertex 40.716526715755464 -71.84709091156721 28.4
      vertex 40.62201899915934 -71.80201305121183 28.4
    endloop
  endfacet
  facet normal -0.38268343998639204 -0.92387952935444 0
    outer loop
      vertex 40.813264100551606 -71.8871608492732 12.399999999999999
      vertex 40.813264100551606 -71.8871608492732 28.4
      vertex 40.716526715755464 -71.84709091156721 28.4
    endloop
  endfacet
  facet normal -0.33380691746259405 -0.9426414704722688 0
    outer loop
      vertex 40.91196600973606 -71.92211303532123 12.399999999999999
      vertex 40.91196600973606 -71.92211303532123 28.4
      vertex 40.813264100551606 -71.8871608492732 28.4
    endloop
  endfacet
  facet normal -0.28401533257580097 -0.9588197384607063 0
    outer loop
      vertex 41.01236191272736 -71.95185165524482 12.399999999999999
      vertex 41.01236191272736 -71.95185165524482 28.4
      vertex 40.91196600973606 -71.92211303532123 28.4
    endloop
  endfacet
  facet normal -0.23344533765439804 -0.9723699266881016 0
    outer loop
      vertex 41.11417661488056 -71.97629519969225 12.399999999999999
      vertex 41.11417661488056 -71.97629519969225 28.4
      vertex 41.01236191272736 -71.95185165524482 28.4
    endloop
  endfacet
  facet normal -0.18223553003350748 -0.9832549067222632 0
    outer loop
      vertex 41.21713106960058 -71.99537668049335 12.399999999999999
      vertex 41.21713106960058 -71.99537668049335 28.4
      vertex 41.11417661488056 -71.97629519969225 28.4
    endloop
  endfacet
  facet normal -0.130526167175912 -0.9914448646709336 0
    outer loop
      vertex 41.32094307124615 -72.00904378712177 12.399999999999999
      vertex 41.32094307124615 -72.00904378712177 28.4
      vertex 41.21713106960058 -71.99537668049335 28.4
    endloop
  endfacet
  facet normal -0.07845915957486238 -0.9969173287082567 0
    outer loop
      vertex 41.42532808959484 -72.01725907295942 12.399999999999999
      vertex 41.42532808959484 -72.01725907295942 28.4
      vertex 41.32094307124615 -72.00904378712177 28.4
    endloop
  endfacet
  facet normal -0.026176915898989524 -0.9996573258242132 0
    outer loop
      vertex 41.53 -72.02 12.399999999999999
      vertex 41.53 -72.02 28.4
      vertex 41.42532808959484 -72.01725907295942 28.4
    endloop
  endfacet
  facet normal 0 0.6087614290087314 -0.7933533402912268
    outer loop
      vertex 39.53 -68.83984466478472 21.72114813447685
      vertex 39.53 -68.7692349288972 21.775328890437407
      vertex 49.23000000000005 -68.83984466478472 21.72114813447685
    endloop
  endfacet
  facet normal 0 0.5664062369248235 -0.824126188622022
    outer loop
      vertex 39.53 -68.7692349288972 21.775328890437407
      vertex 39.53 -68.69588635952555 21.825739965507218
      vertex 49.23000000000005 -68.7692349288972 21.775328890437407
    endloop
  endfacet
  facet normal 0 0.5224985647159115 -0.852640164354115
    outer loop
      vertex 39.53 -68.69588635952555 21.825739965507218
      vertex 39.53 -68.61999999999999 21.872243186433543
      vertex 49.23000000000005 -68.69588635952555 21.825739965507218
    endloop
  endfacet
  facet normal 0 0.47715876025962295 -0.8788171126619575
    outer loop
      vertex 39.53 -68.61999999999999 21.872243186433543
      vertex 39.53 -68.54178384955722 21.914711091120225
      vertex 49.23000000000005 -68.61999999999999 21.872243186433543
    endloop
  endfacet
  facet normal 0 0.43051109680831534 -0.9025852843498509
    outer loop
      vertex 39.53 -68.54178384955722 21.914711091120225
      vertex 39.53 -68.46145229322886 21.95302727799242
      vertex 49.23000000000005 -68.54178384955722 21.914711091120225
    endloop
  endfacet
  facet normal 0 0.3826834323650698 -0.923879532511295
    outer loop
      vertex 39.53 -68.46145229322886 21.95302727799242
      vertex 39.53 -68.379225514227 21.98708672504524
      vertex 49.23000000000005 -68.46145229322886 21.95302727799242
    endloop
  endfacet
  facet normal 0 0.333806859233771 -0.9426414910921783
    outer loop
      vertex 39.53 -68.379225514227 21.98708672504524
      vertex 39.53 -68.2953288904374 22.01679607770176
      vertex 49.23000000000005 -68.379225514227 21.98708672504524
    endloop
  endfacet
  facet normal 0 0.2840153447039206 -0.9588197348681936
    outer loop
      vertex 39.53 -68.2953288904374 22.01679607770176
      vertex 39.53 -68.20999237667428 22.042073904691414
      vertex 49.23000000000005 -68.2953288904374 22.01679607770176
    endloop
  endfacet
  facet normal 0 0.23344536385591508 -0.9723699203976742
    outer loop
      vertex 39.53 -68.20999237667428 22.042073904691414
      vertex 39.53 -68.12344987439019 22.062850921247467
      vertex 49.23000000000005 -68.20999237667428 22.042073904691414
    endloop
  endfacet
  facet normal 0 0.18223552549216931 -0.9832549075639505
    outer loop
      vertex 39.53 -68.12344987439019 22.062850921247467
      vertex 39.53 -68.03593859056839 22.079070179011733
      vertex 49.23000000000005 -68.12344987439019 22.062850921247467
    endloop
  endfacet
  facet normal 0 0.13052619222005205 -0.9914448613738104
    outer loop
      vertex 39.53 -68.03593859056839 22.079070179011733
      vertex 39.53 -67.94769838755501 22.090687222126064
      vertex 49.23000000000005 -68.03593859056839 22.079070179011733
    endloop
  endfacet
  facet normal 0 0.07845909572783959 -0.9969173337331284
    outer loop
      vertex 39.53 -67.94769838755501 22.090687222126064
      vertex 39.53 -67.858971125613 22.097670209082775
      vertex 49.23000000000005 -67.94769838755501 22.090687222126064
    endloop
  endfacet
  facet normal 0 0.026176948307856954 -0.9996573249755577
    outer loop
      vertex 39.53 -67.858971125613 22.097670209082775
      vertex 39.53 -67.77 22.099999999999998
      vertex 49.23000000000005 -67.858971125613 22.097670209082775
    endloop
  endfacet
  facet normal 0 -0.026176948307856954 -0.9996573249755577
    outer loop
      vertex 39.53 -67.77 22.099999999999998
      vertex 39.53 -67.681028874387 22.097670209082775
      vertex 49.23000000000005 -67.77 22.099999999999998
    endloop
  endfacet
  facet normal 0 -0.13052619222005205 -0.9914448613738104
    outer loop
      vertex 39.53 -67.59230161244498 22.090687222126064
      vertex 39.53 -67.5040614094316 22.079070179011733
      vertex 49.23000000000005 -67.59230161244498 22.090687222126064
    endloop
  endfacet
  facet normal 0 -0.07845909572783959 -0.9969173337331284
    outer loop
      vertex 39.53 -67.681028874387 22.097670209082775
      vertex 39.53 -67.59230161244498 22.090687222126064
      vertex 49.23000000000005 -67.681028874387 22.097670209082775
    endloop
  endfacet
  facet normal -7.881235184479492e-20 -0.9832549075639576 0.18223552549213073
    outer loop
      vertex 39.53 -66.10714907875253 20.04655012560981
      vertex 49.23000000000005 -66.09092982098826 20.134061409431606
      vertex 39.53 -66.09092982098826 20.134061409431606
    endloop
  endfacet
  facet normal -5.3447452577206015e-20 -0.9914448613738148 0.13052619222001796
    outer loop
      vertex 39.53 -66.09092982098826 20.134061409431606
      vertex 49.23000000000005 -66.07931277787394 20.222301612444987
      vertex 39.53 -66.07931277787394 20.222301612444987
    endloop
  endfacet
  facet normal 5.627058728909495e-20 -0.9969173337331251 0.07845909572788239
    outer loop
      vertex 39.53 -66.07931277787394 20.222301612444987
      vertex 49.23000000000005 -66.07232979091722 20.311028874386995
      vertex 39.53 -66.07232979091722 20.311028874386995
    endloop
  endfacet
  facet normal 1.5071237756794327e-21 -0.9996573249755556 0.02617694830793569
    outer loop
      vertex 39.53 -66.07232979091722 20.311028874386995
      vertex 49.23000000000005 -66.07 20.4
      vertex 39.53 -66.07 20.4
    endloop
  endfacet
  facet normal -1.5071237756794327e-21 -0.9996573249755556 -0.02617694830793569
    outer loop
      vertex 39.53 -66.07 20.4
      vertex 49.23000000000005 -66.07232979091722 20.488971125613002
      vertex 39.53 -66.07232979091722 20.488971125613002
    endloop
  endfacet
  facet normal -5.627058728909495e-20 -0.9969173337331251 -0.07845909572788239
    outer loop
      vertex 39.53 -66.07232979091722 20.488971125613002
      vertex 49.23000000000005 -66.07931277787394 20.57769838755501
      vertex 39.53 -66.07931277787394 20.57769838755501
    endloop
  endfacet
  facet normal 5.3447452577206015e-20 -0.9914448613738148 -0.13052619222001796
    outer loop
      vertex 39.53 -66.07931277787394 20.57769838755501
      vertex 49.23000000000005 -66.09092982098826 20.66593859056839
      vertex 39.53 -66.09092982098826 20.66593859056839
    endloop
  endfacet
  facet normal 0 -0.9723699203976786 -0.23344536385589695
    outer loop
      vertex 39.53 -66.12792609530858 20.839992376674285
      vertex 39.53 -66.10714907875253 20.75344987439019
      vertex 49.23000000000005 -66.12792609530858 20.839992376674285
    endloop
  endfacet
  facet normal 7.881235184479492e-20 -0.9832549075639576 -0.18223552549213073
    outer loop
      vertex 39.53 -66.09092982098826 20.66593859056839
      vertex 49.23000000000005 -66.10714907875253 20.75344987439019
      vertex 39.53 -66.10714907875253 20.75344987439019
    endloop
  endfacet
  facet normal 2.2854065739725054e-20 -0.7933533402912416 -0.6087614290087122
    outer loop
      vertex 39.53 -66.39467110956258 21.399234928897204
      vertex 49.23000000000005 -66.44885186552314 21.469844664784723
      vertex 39.53 -66.44885186552314 21.469844664784723
    endloop
  endfacet
  facet normal -3.1507722513073924e-19 -0.7253743710123075 -0.6883545756937333
    outer loop
      vertex 39.53 -66.50665379668843 21.537522030810056
      vertex 49.23000000000005 -66.56791847198286 21.60208152801713
      vertex 39.53 -66.56791847198286 21.60208152801713
    endloop
  endfacet
  facet normal 1.3773959028373825e-19 -0.7604059655999824 -0.6494480483302406
    outer loop
      vertex 39.53 -66.44885186552314 21.469844664784723
      vertex 49.23000000000005 -66.50665379668843 21.537522030810056
      vertex 39.53 -66.50665379668843 21.537522030810056
    endloop
  endfacet
  facet normal -3.7524789727909227e-19 -0.6883545756937531 -0.7253743710122885
    outer loop
      vertex 39.53 -66.56791847198286 21.60208152801713
      vertex 49.23000000000005 -66.63247796918994 21.66334620331157
      vertex 39.53 -66.63247796918994 21.66334620331157
    endloop
  endfacet
  facet normal 2.365087345598982e-19 -0.9588197348682045 -0.28401534470388384
    outer loop
      vertex 39.53 -66.12792609530858 20.839992376674285
      vertex 49.23000000000005 -66.15320392229823 20.92532889043741
      vertex 39.53 -66.15320392229823 20.92532889043741
    endloop
  endfacet
  facet normal 1.648765200791509e-19 -0.9426414910921532 -0.333806859233842
    outer loop
      vertex 39.53 -66.15320392229823 20.92532889043741
      vertex 49.23000000000005 -66.18291327495476 21.00922551422701
      vertex 39.53 -66.18291327495476 21.00922551422701
    endloop
  endfacet
  facet normal 1.8150542287678578e-19 -0.9238795325113257 -0.3826834323649958
    outer loop
      vertex 39.53 -66.18291327495476 21.00922551422701
      vertex 49.23000000000005 -66.21697272200757 21.09145229322886
      vertex 39.53 -66.21697272200757 21.09145229322886
    endloop
  endfacet
  facet normal 0 -0.9025852843498111 -0.4305110968083989
    outer loop
      vertex 39.53 -66.25528890887978 21.17178384955723
      vertex 39.53 -66.21697272200757 21.09145229322886
      vertex 49.23000000000005 -66.25528890887978 21.17178384955723
    endloop
  endfacet
  facet normal 2.2482010197836665e-19 -0.8788171126619909 -0.4771587602595613
    outer loop
      vertex 39.53 -66.25528890887978 21.17178384955723
      vertex 49.23000000000005 -66.29775681356645 21.25
      vertex 39.53 -66.29775681356645 21.25
    endloop
  endfacet
  facet normal 8.504935140637194e-20 -0.8526401643540824 -0.5224985647159649
    outer loop
      vertex 39.53 -66.29775681356645 21.25
      vertex 49.23000000000005 -66.34426003449278 21.325886359525544
      vertex 39.53 -66.34426003449278 21.325886359525544
    endloop
  endfacet
  facet normal 0 -0.8241261886220592 -0.5664062369247693
    outer loop
      vertex 39.53 -66.39467110956258 21.399234928897204
      vertex 39.53 -66.34426003449278 21.325886359525544
      vertex 49.23000000000005 -66.39467110956258 21.399234928897204
    endloop
  endfacet
  facet normal -0.7604059369619204 0.6494480818611015 0
    outer loop
      vertex 39.975708073675634 -63.261359218955036 18.4
      vertex 40.043710349798204 -63.181738790571686 28.4
      vertex 40.043710349798204 -63.181738790571686 18.4
    endloop
  endfacet
  facet normal -0.7253743722808802 0.6883545743569365 0
    outer loop
      vertex 40.043710349798204 -63.181738790571686 18.4
      vertex 40.1157864394784 -63.10578643947839 28.4
      vertex 40.1157864394784 -63.10578643947839 18.4
    endloop
  endfacet
  facet normal -0.6883545743569365 0.7253743722808802 0
    outer loop
      vertex 40.1157864394784 -63.10578643947839 18.4
      vertex 40.19173879057169 -63.0337103497982 28.4
      vertex 40.19173879057169 -63.0337103497982 18.4
    endloop
  endfacet
  facet normal 0 -0.47715876025962295 -0.8788171126619575
    outer loop
      vertex 39.53 -66.99821615044277 21.914711091120225
      vertex 39.53 -66.92 21.872243186433543
      vertex 49.23000000000005 -66.99821615044277 21.914711091120225
    endloop
  endfacet
  facet normal 0 -0.23344536385591508 -0.9723699203976742
    outer loop
      vertex 39.53 -67.4165501256098 22.062850921247467
      vertex 39.53 -67.33000762332571 22.042073904691414
      vertex 49.23000000000005 -67.4165501256098 22.062850921247467
    endloop
  endfacet
  facet normal -1.1832577255845037e-19 -0.18223552549216931 -0.9832549075639505
    outer loop
      vertex 39.53 -67.4165501256098 22.062850921247467
      vertex 49.23000000000005 -67.5040614094316 22.079070179011733
      vertex 39.53 -67.5040614094316 22.079070179011733
    endloop
  endfacet
  facet normal 0 -0.2840153447039206 -0.9588197348681936
    outer loop
      vertex 39.53 -67.33000762332571 22.042073904691414
      vertex 39.53 -67.24467110956259 22.01679607770176
      vertex 49.23000000000005 -67.33000762332571 22.042073904691414
    endloop
  endfacet
  facet normal 0 -0.3826834323650698 -0.923879532511295
    outer loop
      vertex 39.53 -67.16077448577299 21.98708672504524
      vertex 39.53 -67.07854770677113 21.95302727799242
      vertex 49.23000000000005 -67.16077448577299 21.98708672504524
    endloop
  endfacet
  facet normal -5.780224425882304e-20 -0.43051109680831534 -0.9025852843498509
    outer loop
      vertex 39.53 -66.99821615044277 21.914711091120225
      vertex 49.23000000000005 -67.07854770677113 21.95302727799242
      vertex 39.53 -67.07854770677113 21.95302727799242
    endloop
  endfacet
  facet normal 0 -0.333806859233771 -0.9426414910921783
    outer loop
      vertex 39.53 -67.24467110956259 22.01679607770176
      vertex 39.53 -67.16077448577299 21.98708672504524
      vertex 49.23000000000005 -67.24467110956259 22.01679607770176
    endloop
  endfacet
  facet normal -2.0759888375477262e-19 -0.6494480483301747 -0.7604059656000386
    outer loop
      vertex 39.53 -66.63247796918994 21.66334620331157
      vertex 49.23000000000005 -66.70015533521527 21.72114813447685
      vertex 39.53 -66.70015533521527 21.72114813447685
    endloop
  endfacet
  facet normal -5.312393443260128e-20 -0.6087614290087314 -0.7933533402912268
    outer loop
      vertex 39.53 -66.70015533521527 21.72114813447685
      vertex 49.23000000000005 -66.77076507110279 21.775328890437407
      vertex 39.53 -66.77076507110279 21.775328890437407
    endloop
  endfacet
  facet normal -7.630826064551486e-20 -0.5664062369248235 -0.824126188622022
    outer loop
      vertex 39.53 -66.77076507110279 21.775328890437407
      vertex 49.23000000000005 -66.84411364047445 21.825739965507218
      vertex 39.53 -66.84411364047445 21.825739965507218
    endloop
  endfacet
  facet normal 1.537912691800171e-19 -0.5224985647159115 -0.852640164354115
    outer loop
      vertex 39.53 -66.84411364047445 21.825739965507218
      vertex 49.23000000000005 -66.92 21.872243186433543
      vertex 39.53 -66.92 21.872243186433543
    endloop
  endfacet
  facet normal -0.9832549067222633 -0.1822355300335075 0
    outer loop
      vertex 39.57370480030775 -70.43582338511943 15.995000000000001
      vertex 39.57370480030775 -70.43582338511943 28.4
      vertex 39.554623319506646 -70.33286893039941 28.4
    endloop
  endfacet
  facet normal -0.9969173287082568 -0.0784591595748624 0
    outer loop
      vertex 39.54095621287823 -70.22905692875385 15.995000000000001
      vertex 39.54095621287823 -70.22905692875385 28.4
      vertex 39.53274092704058 -70.12467191040516 28.4
    endloop
  endfacet
  facet normal -0.9914448646709336 -0.130526167175912 0
    outer loop
      vertex 39.554623319506646 -70.33286893039941 15.995000000000001
      vertex 39.554623319506646 -70.33286893039941 28.4
      vertex 39.54095621287823 -70.22905692875385 28.4
    endloop
  endfacet
  facet normal -0.9996573258242133 -0.02617691589898952 0
    outer loop
      vertex 39.53274092704058 -70.12467191040516 15.995000000000001
      vertex 39.53274092704058 -70.12467191040516 28.4
      vertex 39.53 -70.02 28.4
    endloop
  endfacet
  facet normal -0.9723699266881015 -0.233445337654398 7.430612184661545e-18
    outer loop
      vertex 39.59391381515288 -70.52 15.995000000000001
      vertex 39.598148344755174 -70.53763808727264 28.4
      vertex 39.57370480030775 -70.43582338511943 28.4
    endloop
  endfacet
  facet normal -1 0 0
    outer loop
      vertex 39.53 -69.41207390469141 20.839992376674285
      vertex 39.53 -70.02 28.4
      vertex 39.53 -69.38679607770176 20.92532889043741
    endloop
  endfacet
  facet normal -1 0 0
    outer loop
      vertex 39.53 -69.38679607770176 20.92532889043741
      vertex 39.53 -70.02 28.4
      vertex 39.53 -69.35708672504524 21.00922551422701
    endloop
  endfacet
  facet normal -1 0 0
    outer loop
      vertex 39.53 -69.35708672504524 21.00922551422701
      vertex 39.53 -70.02 28.4
      vertex 39.53 -69.32302727799242 21.09145229322886
    endloop
  endfacet
  facet normal -1 0 0
    outer loop
      vertex 39.53 -69.32302727799242 21.09145229322886
      vertex 39.53 -70.02 28.4
      vertex 39.53 -69.28471109112022 21.17178384955723
    endloop
  endfacet
  facet normal -1 0 0
    outer loop
      vertex 39.53 -69.28471109112022 21.17178384955723
      vertex 39.53 -70.02 28.4
      vertex 39.53 -69.24224318643354 21.25
    endloop
  endfacet
  facet normal -1 0 0
    outer loop
      vertex 39.53 -69.24224318643354 21.25
      vertex 39.53 -70.02 28.4
      vertex 39.53 -69.19573996550722 21.325886359525544
    endloop
  endfacet
  facet normal -1 0 0
    outer loop
      vertex 39.53 -69.19573996550722 21.325886359525544
      vertex 39.53 -70.02 28.4
      vertex 39.53 -69.14532889043741 21.399234928897204
    endloop
  endfacet
  facet normal -1 0 0
    outer loop
      vertex 39.53 -69.14532889043741 21.399234928897204
      vertex 39.53 -70.02 28.4
      vertex 39.53 -69.09114813447685 21.469844664784723
    endloop
  endfacet
  facet normal -1 0 0
    outer loop
      vertex 39.53 -69.09114813447685 21.469844664784723
      vertex 39.53 -70.02 28.4
      vertex 39.53 -69.03334620331157 21.537522030810056
    endloop
  endfacet
  facet normal -1 0 0
    outer loop
      vertex 39.53 -69.03334620331157 21.537522030810056
      vertex 39.53 -70.02 28.4
      vertex 39.53 -68.97208152801713 21.60208152801713
    endloop
  endfacet
  facet normal -1 0 0
    outer loop
      vertex 39.53 -68.90752203081006 21.66334620331157
      vertex 39.53 -70.02 28.4
      vertex 39.53 -68.83984466478472 21.72114813447685
    endloop
  endfacet
  facet normal -1 0 0
    outer loop
      vertex 39.53 -68.97208152801713 21.60208152801713
      vertex 39.53 -70.02 28.4
      vertex 39.53 -68.90752203081006 21.66334620331157
    endloop
  endfacet
  facet normal -1 0 0
    outer loop
      vertex 39.53 -68.83984466478472 21.72114813447685
      vertex 39.53 -70.02 28.4
      vertex 39.53 -68.7692349288972 21.775328890437407
    endloop
  endfacet
  facet normal -1 0 0
    outer loop
      vertex 39.53 -68.69588635952555 21.825739965507218
      vertex 39.53 -70.02 28.4
      vertex 39.53 -68.61999999999999 21.872243186433543
    endloop
  endfacet
  facet normal -1 0 0
    outer loop
      vertex 39.53 -68.7692349288972 21.775328890437407
      vertex 39.53 -70.02 28.4
      vertex 39.53 -68.69588635952555 21.825739965507218
    endloop
  endfacet
  facet normal -1 0 0
    outer loop
      vertex 39.53 -68.54178384955722 21.914711091120225
      vertex 39.53 -70.02 28.4
      vertex 39.53 -68.46145229322886 21.95302727799242
    endloop
  endfacet
  facet normal -1 0 0
    outer loop
      vertex 39.53 -68.61999999999999 21.872243186433543
      vertex 39.53 -70.02 28.4
      vertex 39.53 -68.54178384955722 21.914711091120225
    endloop
  endfacet
  facet normal -1 0 0
    outer loop
      vertex 39.53 -68.46145229322886 21.95302727799242
      vertex 39.53 -70.02 28.4
      vertex 39.53 -68.379225514227 21.98708672504524
    endloop
  endfacet
  facet normal -1 0 0
    outer loop
      vertex 39.53 -68.379225514227 21.98708672504524
      vertex 39.53 -70.02 28.4
      vertex 39.53 -68.2953288904374 22.01679607770176
    endloop
  endfacet
  facet normal -1 0 0
    outer loop
      vertex 39.53 -68.2953288904374 22.01679607770176
      vertex 39.53 -70.02 28.4
      vertex 39.53 -68.20999237667428 22.042073904691414
    endloop
  endfacet
  facet normal -1 0 0
    outer loop
      vertex 39.53 -68.03593859056839 22.079070179011733
      vertex 39.53 -70.02 28.4
      vertex 39.53 -67.94769838755501 22.090687222126064
    endloop
  endfacet
  facet normal -1 0 0
    outer loop
      vertex 39.53 -68.12344987439019 22.062850921247467
      vertex 39.53 -70.02 28.4
      vertex 39.53 -68.03593859056839 22.079070179011733
    endloop
  endfacet
  facet normal -1 0 0
    outer loop
      vertex 39.53 -68.20999237667428 22.042073904691414
      vertex 39.53 -70.02 28.4
      vertex 39.53 -68.12344987439019 22.062850921247467
    endloop
  endfacet
  facet normal -1 0 0
    outer loop
      vertex 39.53 -67.94769838755501 22.090687222126064
      vertex 39.53 -70.02 28.4
      vertex 39.53 -67.858971125613 22.097670209082775
    endloop
  endfacet
  facet normal -1 0 0
    outer loop
      vertex 39.53 -67.59230161244498 22.090687222126064
      vertex 39.53 -70.02 28.4
      vertex 39.53 -67.5040614094316 22.079070179011733
    endloop
  endfacet
  facet normal -1 0 0
    outer loop
      vertex 39.53 -67.681028874387 22.097670209082775
      vertex 39.53 -70.02 28.4
      vertex 39.53 -67.59230161244498 22.090687222126064
    endloop
  endfacet
  facet normal -1 0 0
    outer loop
      vertex 39.53 -67.4165501256098 22.062850921247467
      vertex 39.53 -70.02 28.4
      vertex 39.53 -67.33000762332571 22.042073904691414
    endloop
  endfacet
  facet normal -1 0 0
    outer loop
      vertex 39.53 -67.4165501256098 22.062850921247467
      vertex 39.53 -67.5040614094316 22.079070179011733
      vertex 39.53 -70.02 28.4
    endloop
  endfacet
  facet normal -1 0 0
    outer loop
      vertex 39.53 -67.858971125613 22.097670209082775
      vertex 39.53 -70.02 28.4
      vertex 39.53 -67.77 22.099999999999998
    endloop
  endfacet
  facet normal -1 0 0
    outer loop
      vertex 39.53 -67.77 22.099999999999998
      vertex 39.53 -70.02 28.4
      vertex 39.53 -67.681028874387 22.097670209082775
    endloop
  endfacet
  facet normal -1 0 0
    outer loop
      vertex 39.53 -66.12792609530858 20.839992376674285
      vertex 39.53 -66.15320392229823 20.92532889043741
      vertex 39.53 -64.52 28.4
    endloop
  endfacet
  facet normal -1 0 0
    outer loop
      vertex 39.53 -66.15320392229823 20.92532889043741
      vertex 39.53 -66.18291327495476 21.00922551422701
      vertex 39.53 -64.52 28.4
    endloop
  endfacet
  facet normal -1 0 0
    outer loop
      vertex 39.53 -66.18291327495476 21.00922551422701
      vertex 39.53 -66.21697272200757 21.09145229322886
      vertex 39.53 -64.52 28.4
    endloop
  endfacet
  facet normal -1 0 0
    outer loop
      vertex 39.53 -66.25528890887978 21.17178384955723
      vertex 39.53 -64.52 28.4
      vertex 39.53 -66.21697272200757 21.09145229322886
    endloop
  endfacet
  facet normal -1 0 0
    outer loop
      vertex 39.53 -66.25528890887978 21.17178384955723
      vertex 39.53 -66.29775681356645 21.25
      vertex 39.53 -64.52 28.4
    endloop
  endfacet
  facet normal -1 0 0
    outer loop
      vertex 39.53 -66.29775681356645 21.25
      vertex 39.53 -66.34426003449278 21.325886359525544
      vertex 39.53 -64.52 28.4
    endloop
  endfacet
  facet normal -1 0 0
    outer loop
      vertex 39.53 -66.39467110956258 21.399234928897204
      vertex 39.53 -64.52 28.4
      vertex 39.53 -66.34426003449278 21.325886359525544
    endloop
  endfacet
  facet normal -1 0 0
    outer loop
      vertex 39.53 -66.39467110956258 21.399234928897204
      vertex 39.53 -66.44885186552314 21.469844664784723
      vertex 39.53 -64.52 28.4
    endloop
  endfacet
  facet normal -1 0 0
    outer loop
      vertex 39.53 -66.50665379668843 21.537522030810056
      vertex 39.53 -66.56791847198286 21.60208152801713
      vertex 39.53 -64.52 28.4
    endloop
  endfacet
  facet normal -1 0 0
    outer loop
      vertex 39.53 -66.70015533521527 21.72114813447685
      vertex 39.53 -66.77076507110279 21.775328890437407
      vertex 39.53 -64.52 28.4
    endloop
  endfacet
  facet normal -1 0 0
    outer loop
      vertex 39.53 -66.63247796918994 21.66334620331157
      vertex 39.53 -66.70015533521527 21.72114813447685
      vertex 39.53 -64.52 28.4
    endloop
  endfacet
  facet normal -1 0 0
    outer loop
      vertex 39.53 -66.56791847198286 21.60208152801713
      vertex 39.53 -66.63247796918994 21.66334620331157
      vertex 39.53 -64.52 28.4
    endloop
  endfacet
  facet normal -1 0 0
    outer loop
      vertex 39.53 -66.99821615044277 21.914711091120225
      vertex 39.53 -64.52 28.4
      vertex 39.53 -66.92 21.872243186433543
    endloop
  endfacet
  facet normal -1 0 0
    outer loop
      vertex 39.53 -66.99821615044277 21.914711091120225
      vertex 39.53 -67.07854770677113 21.95302727799242
      vertex 39.53 -64.52 28.4
    endloop
  endfacet
  facet normal -1 0 0
    outer loop
      vertex 39.53 -67.16077448577299 21.98708672504524
      vertex 39.53 -64.52 28.4
      vertex 39.53 -67.07854770677113 21.95302727799242
    endloop
  endfacet
  facet normal -1 0 0
    outer loop
      vertex 39.53 -67.24467110956259 22.01679607770176
      vertex 39.53 -64.52 28.4
      vertex 39.53 -67.16077448577299 21.98708672504524
    endloop
  endfacet
  facet normal -1 0 0
    outer loop
      vertex 39.53 -67.33000762332571 22.042073904691414
      vertex 39.53 -64.52 28.4
      vertex 39.53 -67.24467110956259 22.01679607770176
    endloop
  endfacet
  facet normal -1 0 0
    outer loop
      vertex 39.53 -66.77076507110279 21.775328890437407
      vertex 39.53 -66.84411364047445 21.825739965507218
      vertex 39.53 -64.52 28.4
    endloop
  endfacet
  facet normal -1 0 0
    outer loop
      vertex 39.53 -66.84411364047445 21.825739965507218
      vertex 39.53 -66.92 21.872243186433543
      vertex 39.53 -64.52 28.4
    endloop
  endfacet
  facet normal -1 0 0
    outer loop
      vertex 39.53 -66.44885186552314 21.469844664784723
      vertex 39.53 -66.50665379668843 21.537522030810056
      vertex 39.53 -64.52 28.4
    endloop
  endfacet
  facet normal -1 0 0
    outer loop
      vertex 39.53 -67.33000762332571 22.042073904691414
      vertex 39.53 -70.02 28.4
      vertex 39.53 -64.52 28.4
    endloop
  endfacet
  facet normal -0.9996573258242133 0.026176915898989524 0
    outer loop
      vertex 39.53 -64.52 18.4
      vertex 39.53 -64.52 28.4
      vertex 39.53274092704058 -64.41532808959484 28.4
    endloop
  endfacet
  facet normal -0.9969173287082566 0.07845915957486238 0
    outer loop
      vertex 39.53274092704058 -64.41532808959484 18.4
      vertex 39.53274092704058 -64.41532808959484 28.4
      vertex 39.54095621287823 -64.31094307124614 28.4
    endloop
  endfacet
  facet normal -0.9914448646709337 0.130526167175912 0
    outer loop
      vertex 39.54095621287823 -64.31094307124614 18.4
      vertex 39.54095621287823 -64.31094307124614 28.4
      vertex 39.554623319506646 -64.20713106960058 28.4
    endloop
  endfacet
  facet normal -0.9832549067222631 0.18223553003350748 0
    outer loop
      vertex 39.554623319506646 -64.20713106960058 18.4
      vertex 39.554623319506646 -64.20713106960058 28.4
      vertex 39.57370480030775 -64.10417661488056 28.4
    endloop
  endfacet
  facet normal -0.9723699266881015 0.233445337654398 0
    outer loop
      vertex 39.57370480030775 -64.10417661488056 18.4
      vertex 39.57370480030775 -64.10417661488056 28.4
      vertex 39.598148344755174 -64.00236191272735 28.4
    endloop
  endfacet
  facet normal -0.9588197384607063 0.28401533257580097 0
    outer loop
      vertex 39.598148344755174 -64.00236191272735 18.4
      vertex 39.598148344755174 -64.00236191272735 28.4
      vertex 39.627886964678765 -63.90196600973606 28.4
    endloop
  endfacet
  facet normal -0.9426414704722688 0.33380691746259405 0
    outer loop
      vertex 39.627886964678765 -63.90196600973606 18.4
      vertex 39.627886964678765 -63.90196600973606 28.4
      vertex 39.662839150726796 -63.8032641005516 28.4
    endloop
  endfacet
  facet normal -0.9238795293544398 0.38268343998639204 0
    outer loop
      vertex 39.662839150726796 -63.8032641005516 18.4
      vertex 39.662839150726796 -63.8032641005516 28.4
      vertex 39.70290908843279 -63.70652671575546 28.4
    endloop
  endfacet
  facet normal -0.9025853144542187 0.43051103369318994 0
    outer loop
      vertex 39.70290908843279 -63.70652671575546 18.4
      vertex 39.70290908843279 -63.70652671575546 28.4
      vertex 39.74798694878817 -63.61201899915933 28.4
    endloop
  endfacet
  facet normal -0.8788170932013816 0.4771587961015433 0
    outer loop
      vertex 39.74798694878817 -63.61201899915933 18.4
      vertex 39.74798694878817 -63.61201899915933 28.4
      vertex 39.79794919371605 -63.519999999999996 28.4
    endloop
  endfacet
  facet normal -0.8526401644822993 0.5224985645067338 0
    outer loop
      vertex 39.79794919371605 -63.519999999999996 18.4
      vertex 39.79794919371605 -63.519999999999996 28.4
      vertex 39.85265886664391 -63.43072192788124 28.4
    endloop
  endfacet
  facet normal -0.8241261950397629 0.5664062275869525 0
    outer loop
      vertex 39.85265886664391 -63.43072192788124 18.4
      vertex 39.85265886664391 -63.43072192788124 28.4
      vertex 39.91196600973606 -63.34442949712276 28.4
    endloop
  endfacet
  facet normal -0.7933533513494007 0.6087614145974384 0
    outer loop
      vertex 39.91196600973606 -63.34442949712276 18.4
      vertex 39.91196600973606 -63.34442949712276 28.4
      vertex 39.975708073675634 -63.261359218955036 28.4
    endloop
  endfacet
  facet normal -0.7604059369619204 0.6494480818611015 0
    outer loop
      vertex 39.975708073675634 -63.261359218955036 18.4
      vertex 39.975708073675634 -63.261359218955036 28.4
      vertex 40.043710349798204 -63.181738790571686 28.4
    endloop
  endfacet
  facet normal -0.7253743722808802 0.6883545743569365 0
    outer loop
      vertex 40.043710349798204 -63.181738790571686 18.4
      vertex 40.043710349798204 -63.181738790571686 28.4
      vertex 40.1157864394784 -63.10578643947839 28.4
    endloop
  endfacet
  facet normal -0.6883545743569365 0.7253743722808802 0
    outer loop
      vertex 40.1157864394784 -63.10578643947839 18.4
      vertex 40.1157864394784 -63.10578643947839 28.4
      vertex 40.19173879057169 -63.0337103497982 28.4
    endloop
  endfacet
  facet normal -0.6494480818611015 0.7604059369619204 0
    outer loop
      vertex 40.19173879057169 -63.0337103497982 18.4
      vertex 40.27135921895504 -62.96570807367563 28.4
      vertex 40.27135921895504 -62.96570807367563 18.4
    endloop
  endfacet
  facet normal -0.6087614145974384 0.7933533513494007 0
    outer loop
      vertex 40.27135921895504 -62.96570807367563 18.4
      vertex 40.354429497122766 -62.90196600973606 28.4
      vertex 40.354429497122766 -62.90196600973606 18.4
    endloop
  endfacet
  facet normal -0.5664062275869525 0.8241261950397629 0
    outer loop
      vertex 40.354429497122766 -62.90196600973606 18.4
      vertex 40.44072192788124 -62.8426588666439 28.4
      vertex 40.44072192788124 -62.8426588666439 18.4
    endloop
  endfacet
  facet normal -0.5224985645067338 0.8526401644822993 0
    outer loop
      vertex 40.44072192788124 -62.8426588666439 18.4
      vertex 40.53 -62.787949193716045 28.4
      vertex 40.53 -62.787949193716045 18.4
    endloop
  endfacet
  facet normal -0.4771587961015433 0.8788170932013816 0
    outer loop
      vertex 40.53 -62.787949193716045 18.4
      vertex 40.62201899915934 -62.73798694878816 28.4
      vertex 40.62201899915934 -62.73798694878816 18.4
    endloop
  endfacet
  facet normal -0.43051103369318994 0.9025853144542187 0
    outer loop
      vertex 40.62201899915934 -62.73798694878816 18.4
      vertex 40.716526715755464 -62.692909088432785 28.4
      vertex 40.716526715755464 -62.692909088432785 18.4
    endloop
  endfacet
  facet normal -0.38268343998639204 0.9238795293544398 0
    outer loop
      vertex 40.716526715755464 -62.692909088432785 18.4
      vertex 40.813264100551606 -62.65283915072679 28.4
      vertex 40.813264100551606 -62.65283915072679 18.4
    endloop
  endfacet
  facet normal -0.33380691746259405 0.9426414704722688 0
    outer loop
      vertex 40.813264100551606 -62.65283915072679 18.4
      vertex 40.91196600973606 -62.61788696467876 28.4
      vertex 40.91196600973606 -62.61788696467876 18.4
    endloop
  endfacet
  facet normal -0.28401533257580097 0.9588197384607063 0
    outer loop
      vertex 40.91196600973606 -62.61788696467876 18.4
      vertex 41.01236191272736 -62.58814834475517 28.4
      vertex 41.01236191272736 -62.58814834475517 18.4
    endloop
  endfacet
  facet normal -0.233445337654398 0.9723699266881015 0
    outer loop
      vertex 41.01236191272736 -62.58814834475517 18.4
      vertex 41.11417661488056 -62.56370480030775 28.4
      vertex 41.11417661488056 -62.56370480030775 18.4
    endloop
  endfacet
  facet normal -0.18223553003350748 0.9832549067222631 0
    outer loop
      vertex 41.11417661488056 -62.56370480030775 18.4
      vertex 41.21713106960058 -62.54462331950664 28.4
      vertex 41.21713106960058 -62.54462331950664 18.4
    endloop
  endfacet
  facet normal -0.130526167175912 0.9914448646709337 0
    outer loop
      vertex 41.21713106960058 -62.54462331950664 18.4
      vertex 41.32094307124615 -62.53095621287822 28.4
      vertex 41.32094307124615 -62.53095621287822 18.4
    endloop
  endfacet
  facet normal -0.07845915957486238 0.9969173287082566 0
    outer loop
      vertex 41.32094307124615 -62.53095621287822 18.4
      vertex 41.42532808959484 -62.52274092704057 28.4
      vertex 41.42532808959484 -62.52274092704057 18.4
    endloop
  endfacet
  facet normal -0.026176915898989524 0.9996573258242133 0
    outer loop
      vertex 41.42532808959484 -62.52274092704057 18.4
      vertex 41.53 -62.519999999999996 28.4
      vertex 41.53 -62.519999999999996 18.4
    endloop
  endfacet
  facet normal -0.6494480818611015 0.7604059369619204 0
    outer loop
      vertex 40.19173879057169 -63.0337103497982 18.4
      vertex 40.19173879057169 -63.0337103497982 28.4
      vertex 40.27135921895504 -62.96570807367563 28.4
    endloop
  endfacet
  facet normal -0.6087614145974384 0.7933533513494007 0
    outer loop
      vertex 40.27135921895504 -62.96570807367563 18.4
      vertex 40.27135921895504 -62.96570807367563 28.4
      vertex 40.354429497122766 -62.90196600973606 28.4
    endloop
  endfacet
  facet normal -0.5664062275869525 0.8241261950397629 0
    outer loop
      vertex 40.354429497122766 -62.90196600973606 18.4
      vertex 40.354429497122766 -62.90196600973606 28.4
      vertex 40.44072192788124 -62.8426588666439 28.4
    endloop
  endfacet
  facet normal -0.5224985645067338 0.8526401644822993 0
    outer loop
      vertex 40.44072192788124 -62.8426588666439 18.4
      vertex 40.44072192788124 -62.8426588666439 28.4
      vertex 40.53 -62.787949193716045 28.4
    endloop
  endfacet
  facet normal -0.4771587961015433 0.8788170932013816 0
    outer loop
      vertex 40.53 -62.787949193716045 18.4
      vertex 40.53 -62.787949193716045 28.4
      vertex 40.62201899915934 -62.73798694878816 28.4
    endloop
  endfacet
  facet normal -0.43051103369318994 0.9025853144542187 0
    outer loop
      vertex 40.62201899915934 -62.73798694878816 18.4
      vertex 40.62201899915934 -62.73798694878816 28.4
      vertex 40.716526715755464 -62.692909088432785 28.4
    endloop
  endfacet
  facet normal -0.38268343998639204 0.9238795293544398 0
    outer loop
      vertex 40.716526715755464 -62.692909088432785 18.4
      vertex 40.716526715755464 -62.692909088432785 28.4
      vertex 40.813264100551606 -62.65283915072679 28.4
    endloop
  endfacet
  facet normal -0.33380691746259405 0.9426414704722688 0
    outer loop
      vertex 40.813264100551606 -62.65283915072679 18.4
      vertex 40.813264100551606 -62.65283915072679 28.4
      vertex 40.91196600973606 -62.61788696467876 28.4
    endloop
  endfacet
  facet normal -0.28401533257580097 0.9588197384607063 0
    outer loop
      vertex 40.91196600973606 -62.61788696467876 18.4
      vertex 40.91196600973606 -62.61788696467876 28.4
      vertex 41.01236191272736 -62.58814834475517 28.4
    endloop
  endfacet
  facet normal -0.233445337654398 0.9723699266881015 0
    outer loop
      vertex 41.01236191272736 -62.58814834475517 18.4
      vertex 41.01236191272736 -62.58814834475517 28.4
      vertex 41.11417661488056 -62.56370480030775 28.4
    endloop
  endfacet
  facet normal -0.18223553003350748 0.9832549067222631 0
    outer loop
      vertex 41.11417661488056 -62.56370480030775 18.4
      vertex 41.11417661488056 -62.56370480030775 28.4
      vertex 41.21713106960058 -62.54462331950664 28.4
    endloop
  endfacet
  facet normal -0.130526167175912 0.9914448646709337 0
    outer loop
      vertex 41.21713106960058 -62.54462331950664 18.4
      vertex 41.21713106960058 -62.54462331950664 28.4
      vertex 41.32094307124615 -62.53095621287822 28.4
    endloop
  endfacet
  facet normal -0.07845915957486238 0.9969173287082566 0
    outer loop
      vertex 41.32094307124615 -62.53095621287822 18.4
      vertex 41.32094307124615 -62.53095621287822 28.4
      vertex 41.42532808959484 -62.52274092704057 28.4
    endloop
  endfacet
  facet normal -0.026176915898989524 0.9996573258242133 0
    outer loop
      vertex 41.42532808959484 -62.52274092704057 18.4
      vertex 41.42532808959484 -62.52274092704057 28.4
      vertex 41.53 -62.519999999999996 28.4
    endloop
  endfacet
  facet normal 0 -1 0
    outer loop
      vertex 41.53 -72.02 12.399999999999999
      vertex 49.23000000000005 -72.02 20.699999999999953
      vertex 41.53 -72.02 28.4
    endloop
  endfacet
  facet normal 0 0.9832549075639576 0.18223552549213073
    outer loop
      vertex 39.53 -69.44907017901173 20.134061409431606
      vertex 49.23000000000005 -69.44907017901173 20.134061409431606
      vertex 49.23000000000005 -69.43285092124746 20.04655012560981
    endloop
  endfacet
  facet normal 0 0.9914448613738148 0.13052619222001796
    outer loop
      vertex 39.53 -69.46068722212605 20.222301612444987
      vertex 49.23000000000005 -69.46068722212605 20.222301612444987
      vertex 49.23000000000005 -69.44907017901173 20.134061409431606
    endloop
  endfacet
  facet normal 0 0.9969173337331251 0.07845909572788239
    outer loop
      vertex 39.53 -69.46767020908277 20.311028874386995
      vertex 49.23000000000005 -69.46767020908277 20.311028874386995
      vertex 49.23000000000005 -69.46068722212605 20.222301612444987
    endloop
  endfacet
  facet normal 0 0.9996573249755556 0.02617694830793569
    outer loop
      vertex 39.53 -69.47 20.4
      vertex 49.23000000000005 -69.47 20.4
      vertex 49.23000000000005 -69.46767020908277 20.311028874386995
    endloop
  endfacet
  facet normal 0 0.9996573249755556 -0.02617694830793569
    outer loop
      vertex 39.53 -69.46767020908277 20.488971125613002
      vertex 49.23000000000005 -69.46767020908277 20.488971125613002
      vertex 49.23000000000005 -69.47 20.4
    endloop
  endfacet
  facet normal 0 0.9969173337331251 -0.07845909572788239
    outer loop
      vertex 39.53 -69.46068722212605 20.57769838755501
      vertex 49.23000000000005 -69.46068722212605 20.57769838755501
      vertex 49.23000000000005 -69.46767020908277 20.488971125613002
    endloop
  endfacet
  facet normal 0 0.9914448613738148 -0.13052619222001796
    outer loop
      vertex 39.53 -69.44907017901173 20.66593859056839
      vertex 49.23000000000005 -69.44907017901173 20.66593859056839
      vertex 49.23000000000005 -69.46068722212605 20.57769838755501
    endloop
  endfacet
  facet normal 0 0.9832549075639576 -0.18223552549213073
    outer loop
      vertex 39.53 -69.43285092124746 20.75344987439019
      vertex 49.23000000000005 -69.43285092124746 20.75344987439019
      vertex 49.23000000000005 -69.44907017901173 20.66593859056839
    endloop
  endfacet
  facet normal 0 0.9723699203976786 -0.23344536385589695
    outer loop
      vertex 39.53 -69.41207390469141 20.839992376674285
      vertex 49.23000000000005 -69.41207390469141 20.839992376674285
      vertex 49.23000000000005 -69.43285092124746 20.75344987439019
    endloop
  endfacet
  facet normal 0 0.9588197348682045 -0.28401534470388384
    outer loop
      vertex 39.53 -69.38679607770176 20.92532889043741
      vertex 49.23000000000005 -69.38679607770176 20.92532889043741
      vertex 49.23000000000005 -69.41207390469141 20.839992376674285
    endloop
  endfacet
  facet normal 0 0.9426414910921532 -0.333806859233842
    outer loop
      vertex 39.53 -69.35708672504524 21.00922551422701
      vertex 49.23000000000005 -69.35708672504524 21.00922551422701
      vertex 49.23000000000005 -69.38679607770176 20.92532889043741
    endloop
  endfacet
  facet normal 0 0.9238795325113257 -0.3826834323649958
    outer loop
      vertex 39.53 -69.32302727799242 21.09145229322886
      vertex 49.23000000000005 -69.32302727799242 21.09145229322886
      vertex 49.23000000000005 -69.35708672504524 21.00922551422701
    endloop
  endfacet
  facet normal 0 0.9025852843498111 -0.4305110968083989
    outer loop
      vertex 39.53 -69.28471109112022 21.17178384955723
      vertex 49.23000000000005 -69.28471109112022 21.17178384955723
      vertex 49.23000000000005 -69.32302727799242 21.09145229322886
    endloop
  endfacet
  facet normal 0 0.8788171126619909 -0.4771587602595613
    outer loop
      vertex 39.53 -69.24224318643354 21.25
      vertex 49.23000000000005 -69.24224318643354 21.25
      vertex 49.23000000000005 -69.28471109112022 21.17178384955723
    endloop
  endfacet
  facet normal 0 0.8526401643540824 -0.5224985647159649
    outer loop
      vertex 39.53 -69.19573996550722 21.325886359525544
      vertex 49.23000000000005 -69.19573996550722 21.325886359525544
      vertex 49.23000000000005 -69.24224318643354 21.25
    endloop
  endfacet
  facet normal 0 0.8241261886220592 -0.5664062369247693
    outer loop
      vertex 39.53 -69.14532889043741 21.399234928897204
      vertex 49.23000000000005 -69.14532889043741 21.399234928897204
      vertex 49.23000000000005 -69.19573996550722 21.325886359525544
    endloop
  endfacet
  facet normal 0 0.7933533402912416 -0.6087614290087122
    outer loop
      vertex 39.53 -69.09114813447685 21.469844664784723
      vertex 49.23000000000005 -69.09114813447685 21.469844664784723
      vertex 49.23000000000005 -69.14532889043741 21.399234928897204
    endloop
  endfacet
  facet normal 0 0.7604059655999824 -0.6494480483302406
    outer loop
      vertex 39.53 -69.03334620331157 21.537522030810056
      vertex 49.23000000000005 -69.03334620331157 21.537522030810056
      vertex 49.23000000000005 -69.09114813447685 21.469844664784723
    endloop
  endfacet
  facet normal 0 0.7253743710123075 -0.6883545756937333
    outer loop
      vertex 39.53 -68.97208152801713 21.60208152801713
      vertex 49.23000000000005 -68.97208152801713 21.60208152801713
      vertex 49.23000000000005 -69.03334620331157 21.537522030810056
    endloop
  endfacet
  facet normal 0 0.6883545756937531 -0.7253743710122885
    outer loop
      vertex 39.53 -68.90752203081006 21.66334620331157
      vertex 49.23000000000005 -68.90752203081006 21.66334620331157
      vertex 49.23000000000005 -68.97208152801713 21.60208152801713
    endloop
  endfacet
  facet normal 0 0.6494480483301747 -0.7604059656000386
    outer loop
      vertex 39.53 -68.83984466478472 21.72114813447685
      vertex 49.23000000000005 -68.83984466478472 21.72114813447685
      vertex 49.23000000000005 -68.90752203081006 21.66334620331157
    endloop
  endfacet
  facet normal 0 0.6087614290087314 -0.7933533402912268
    outer loop
      vertex 39.53 -68.7692349288972 21.775328890437407
      vertex 49.23000000000005 -68.7692349288972 21.775328890437407
      vertex 49.23000000000005 -68.83984466478472 21.72114813447685
    endloop
  endfacet
  facet normal 0 0.5664062369248235 -0.824126188622022
    outer loop
      vertex 39.53 -68.69588635952555 21.825739965507218
      vertex 49.23000000000005 -68.69588635952555 21.825739965507218
      vertex 49.23000000000005 -68.7692349288972 21.775328890437407
    endloop
  endfacet
  facet normal 0 0.5224985647159115 -0.852640164354115
    outer loop
      vertex 39.53 -68.61999999999999 21.872243186433543
      vertex 49.23000000000005 -68.61999999999999 21.872243186433543
      vertex 49.23000000000005 -68.69588635952555 21.825739965507218
    endloop
  endfacet
  facet normal 0 0.47715876025962295 -0.8788171126619575
    outer loop
      vertex 39.53 -68.54178384955722 21.914711091120225
      vertex 49.23000000000005 -68.54178384955722 21.914711091120225
      vertex 49.23000000000005 -68.61999999999999 21.872243186433543
    endloop
  endfacet
  facet normal 0 0.43051109680831534 -0.9025852843498509
    outer loop
      vertex 39.53 -68.46145229322886 21.95302727799242
      vertex 49.23000000000005 -68.46145229322886 21.95302727799242
      vertex 49.23000000000005 -68.54178384955722 21.914711091120225
    endloop
  endfacet
  facet normal 0 0.3826834323650698 -0.923879532511295
    outer loop
      vertex 39.53 -68.379225514227 21.98708672504524
      vertex 49.23000000000005 -68.379225514227 21.98708672504524
      vertex 49.23000000000005 -68.46145229322886 21.95302727799242
    endloop
  endfacet
  facet normal 0 0.333806859233771 -0.9426414910921783
    outer loop
      vertex 39.53 -68.2953288904374 22.01679607770176
      vertex 49.23000000000005 -68.2953288904374 22.01679607770176
      vertex 49.23000000000005 -68.379225514227 21.98708672504524
    endloop
  endfacet
  facet normal 0 0.2840153447039206 -0.9588197348681936
    outer loop
      vertex 39.53 -68.20999237667428 22.042073904691414
      vertex 49.23000000000005 -68.20999237667428 22.042073904691414
      vertex 49.23000000000005 -68.2953288904374 22.01679607770176
    endloop
  endfacet
  facet normal 0 0.23344536385591508 -0.9723699203976742
    outer loop
      vertex 39.53 -68.12344987439019 22.062850921247467
      vertex 49.23000000000005 -68.12344987439019 22.062850921247467
      vertex 49.23000000000005 -68.20999237667428 22.042073904691414
    endloop
  endfacet
  facet normal 0 0.18223552549216931 -0.9832549075639505
    outer loop
      vertex 39.53 -68.03593859056839 22.079070179011733
      vertex 49.23000000000005 -68.03593859056839 22.079070179011733
      vertex 49.23000000000005 -68.12344987439019 22.062850921247467
    endloop
  endfacet
  facet normal 0 0.13052619222005205 -0.9914448613738104
    outer loop
      vertex 39.53 -67.94769838755501 22.090687222126064
      vertex 49.23000000000005 -67.94769838755501 22.090687222126064
      vertex 49.23000000000005 -68.03593859056839 22.079070179011733
    endloop
  endfacet
  facet normal 0 0.07845909572783959 -0.9969173337331284
    outer loop
      vertex 39.53 -67.858971125613 22.097670209082775
      vertex 49.23000000000005 -67.858971125613 22.097670209082775
      vertex 49.23000000000005 -67.94769838755501 22.090687222126064
    endloop
  endfacet
  facet normal 0 0.026176948307856954 -0.9996573249755577
    outer loop
      vertex 39.53 -67.77 22.099999999999998
      vertex 49.23000000000005 -67.77 22.099999999999998
      vertex 49.23000000000005 -67.858971125613 22.097670209082775
    endloop
  endfacet
  facet normal 0 -0.026176948307856954 -0.9996573249755577
    outer loop
      vertex 39.53 -67.681028874387 22.097670209082775
      vertex 49.23000000000005 -67.681028874387 22.097670209082775
      vertex 49.23000000000005 -67.77 22.099999999999998
    endloop
  endfacet
  facet normal 0 -0.13052619222005205 -0.9914448613738104
    outer loop
      vertex 39.53 -67.5040614094316 22.079070179011733
      vertex 49.23000000000005 -67.5040614094316 22.079070179011733
      vertex 49.23000000000005 -67.59230161244498 22.090687222126064
    endloop
  endfacet
  facet normal 0 -0.07845909572783959 -0.9969173337331284
    outer loop
      vertex 39.53 -67.59230161244498 22.090687222126064
      vertex 49.23000000000005 -67.59230161244498 22.090687222126064
      vertex 49.23000000000005 -67.681028874387 22.097670209082775
    endloop
  endfacet
  facet normal 0 -0.9832549075639576 0.18223552549213073
    outer loop
      vertex 39.53 -66.10714907875253 20.04655012560981
      vertex 49.23000000000005 -66.10714907875253 20.04655012560981
      vertex 49.23000000000005 -66.09092982098826 20.134061409431606
    endloop
  endfacet
  facet normal 0 -0.9914448613738148 0.13052619222001796
    outer loop
      vertex 39.53 -66.09092982098826 20.134061409431606
      vertex 49.23000000000005 -66.09092982098826 20.134061409431606
      vertex 49.23000000000005 -66.07931277787394 20.222301612444987
    endloop
  endfacet
  facet normal 0 -0.9969173337331251 0.07845909572788239
    outer loop
      vertex 39.53 -66.07931277787394 20.222301612444987
      vertex 49.23000000000005 -66.07931277787394 20.222301612444987
      vertex 49.23000000000005 -66.07232979091722 20.311028874386995
    endloop
  endfacet
  facet normal 0 -0.9996573249755556 0.02617694830793569
    outer loop
      vertex 39.53 -66.07232979091722 20.311028874386995
      vertex 49.23000000000005 -66.07232979091722 20.311028874386995
      vertex 49.23000000000005 -66.07 20.4
    endloop
  endfacet
  facet normal 0 -0.9996573249755556 -0.02617694830793569
    outer loop
      vertex 39.53 -66.07 20.4
      vertex 49.23000000000005 -66.07 20.4
      vertex 49.23000000000005 -66.07232979091722 20.488971125613002
    endloop
  endfacet
  facet normal 0 -0.9969173337331251 -0.07845909572788239
    outer loop
      vertex 39.53 -66.07232979091722 20.488971125613002
      vertex 49.23000000000005 -66.07232979091722 20.488971125613002
      vertex 49.23000000000005 -66.07931277787394 20.57769838755501
    endloop
  endfacet
  facet normal 0 -0.9914448613738148 -0.13052619222001796
    outer loop
      vertex 39.53 -66.07931277787394 20.57769838755501
      vertex 49.23000000000005 -66.07931277787394 20.57769838755501
      vertex 49.23000000000005 -66.09092982098826 20.66593859056839
    endloop
  endfacet
  facet normal 0 -0.9723699203976786 -0.23344536385589695
    outer loop
      vertex 39.53 -66.10714907875253 20.75344987439019
      vertex 49.23000000000005 -66.10714907875253 20.75344987439019
      vertex 49.23000000000005 -66.12792609530858 20.839992376674285
    endloop
  endfacet
  facet normal 0 -0.9832549075639576 -0.18223552549213073
    outer loop
      vertex 39.53 -66.09092982098826 20.66593859056839
      vertex 49.23000000000005 -66.09092982098826 20.66593859056839
      vertex 49.23000000000005 -66.10714907875253 20.75344987439019
    endloop
  endfacet
  facet normal 0 -0.7933533402912416 -0.6087614290087122
    outer loop
      vertex 39.53 -66.39467110956258 21.399234928897204
      vertex 49.23000000000005 -66.39467110956258 21.399234928897204
      vertex 49.23000000000005 -66.44885186552314 21.469844664784723
    endloop
  endfacet
  facet normal 0 -0.7604059655999824 -0.6494480483302406
    outer loop
      vertex 39.53 -66.44885186552314 21.469844664784723
      vertex 49.23000000000005 -66.44885186552314 21.469844664784723
      vertex 49.23000000000005 -66.50665379668843 21.537522030810056
    endloop
  endfacet
  facet normal 0 -0.7253743710123075 -0.6883545756937333
    outer loop
      vertex 39.53 -66.50665379668843 21.537522030810056
      vertex 49.23000000000005 -66.50665379668843 21.537522030810056
      vertex 49.23000000000005 -66.56791847198286 21.60208152801713
    endloop
  endfacet
  facet normal 0 -0.6883545756937531 -0.7253743710122885
    outer loop
      vertex 39.53 -66.56791847198286 21.60208152801713
      vertex 49.23000000000005 -66.56791847198286 21.60208152801713
      vertex 49.23000000000005 -66.63247796918994 21.66334620331157
    endloop
  endfacet
  facet normal 0 -0.6494480483301747 -0.7604059656000386
    outer loop
      vertex 39.53 -66.63247796918994 21.66334620331157
      vertex 49.23000000000005 -66.63247796918994 21.66334620331157
      vertex 49.23000000000005 -66.70015533521527 21.72114813447685
    endloop
  endfacet
  facet normal 0 -0.9588197348682045 -0.28401534470388384
    outer loop
      vertex 39.53 -66.12792609530858 20.839992376674285
      vertex 49.23000000000005 -66.12792609530858 20.839992376674285
      vertex 49.23000000000005 -66.15320392229823 20.92532889043741
    endloop
  endfacet
  facet normal 0 -0.9426414910921532 -0.333806859233842
    outer loop
      vertex 39.53 -66.15320392229823 20.92532889043741
      vertex 49.23000000000005 -66.15320392229823 20.92532889043741
      vertex 49.23000000000005 -66.18291327495476 21.00922551422701
    endloop
  endfacet
  facet normal 0 -0.9238795325113257 -0.3826834323649958
    outer loop
      vertex 39.53 -66.18291327495476 21.00922551422701
      vertex 49.23000000000005 -66.18291327495476 21.00922551422701
      vertex 49.23000000000005 -66.21697272200757 21.09145229322886
    endloop
  endfacet
  facet normal 0 -0.9025852843498111 -0.4305110968083989
    outer loop
      vertex 39.53 -66.21697272200757 21.09145229322886
      vertex 49.23000000000005 -66.21697272200757 21.09145229322886
      vertex 49.23000000000005 -66.25528890887978 21.17178384955723
    endloop
  endfacet
  facet normal 0 -0.8788171126619909 -0.4771587602595613
    outer loop
      vertex 39.53 -66.25528890887978 21.17178384955723
      vertex 49.23000000000005 -66.25528890887978 21.17178384955723
      vertex 49.23000000000005 -66.29775681356645 21.25
    endloop
  endfacet
  facet normal 0 -0.8526401643540824 -0.5224985647159649
    outer loop
      vertex 39.53 -66.29775681356645 21.25
      vertex 49.23000000000005 -66.29775681356645 21.25
      vertex 49.23000000000005 -66.34426003449278 21.325886359525544
    endloop
  endfacet
  facet normal 0 -0.8241261886220592 -0.5664062369247693
    outer loop
      vertex 39.53 -66.34426003449278 21.325886359525544
      vertex 49.23000000000005 -66.34426003449278 21.325886359525544
      vertex 49.23000000000005 -66.39467110956258 21.399234928897204
    endloop
  endfacet
  facet normal 0 -0.18223552549216931 -0.9832549075639505
    outer loop
      vertex 39.53 -67.4165501256098 22.062850921247467
      vertex 49.23000000000005 -67.4165501256098 22.062850921247467
      vertex 49.23000000000005 -67.5040614094316 22.079070179011733
    endloop
  endfacet
  facet normal 0 -0.2840153447039206 -0.9588197348681936
    outer loop
      vertex 39.53 -67.24467110956259 22.01679607770176
      vertex 49.23000000000005 -67.24467110956259 22.01679607770176
      vertex 49.23000000000005 -67.33000762332571 22.042073904691414
    endloop
  endfacet
  facet normal 0 -0.23344536385591508 -0.9723699203976742
    outer loop
      vertex 39.53 -67.33000762332571 22.042073904691414
      vertex 49.23000000000005 -67.33000762332571 22.042073904691414
      vertex 49.23000000000005 -67.4165501256098 22.062850921247467
    endloop
  endfacet
  facet normal 0 -0.3826834323650698 -0.923879532511295
    outer loop
      vertex 39.53 -67.07854770677113 21.95302727799242
      vertex 49.23000000000005 -67.07854770677113 21.95302727799242
      vertex 49.23000000000005 -67.16077448577299 21.98708672504524
    endloop
  endfacet
  facet normal 0 -0.333806859233771 -0.9426414910921783
    outer loop
      vertex 39.53 -67.16077448577299 21.98708672504524
      vertex 49.23000000000005 -67.16077448577299 21.98708672504524
      vertex 49.23000000000005 -67.24467110956259 22.01679607770176
    endloop
  endfacet
  facet normal 0 -0.43051109680831534 -0.9025852843498509
    outer loop
      vertex 39.53 -66.99821615044277 21.914711091120225
      vertex 49.23000000000005 -66.99821615044277 21.914711091120225
      vertex 49.23000000000005 -67.07854770677113 21.95302727799242
    endloop
  endfacet
  facet normal 0 -0.6087614290087314 -0.7933533402912268
    outer loop
      vertex 39.53 -66.70015533521527 21.72114813447685
      vertex 49.23000000000005 -66.70015533521527 21.72114813447685
      vertex 49.23000000000005 -66.77076507110279 21.775328890437407
    endloop
  endfacet
  facet normal 0 -0.5664062369248235 -0.824126188622022
    outer loop
      vertex 39.53 -66.77076507110279 21.775328890437407
      vertex 49.23000000000005 -66.77076507110279 21.775328890437407
      vertex 49.23000000000005 -66.84411364047445 21.825739965507218
    endloop
  endfacet
  facet normal 0 -0.5224985647159115 -0.852640164354115
    outer loop
      vertex 39.53 -66.84411364047445 21.825739965507218
      vertex 49.23000000000005 -66.84411364047445 21.825739965507218
      vertex 49.23000000000005 -66.92 21.872243186433543
    endloop
  endfacet
  facet normal 0 -0.47715876025962295 -0.8788171126619575
    outer loop
      vertex 39.53 -66.92 21.872243186433543
      vertex 49.23000000000005 -66.92 21.872243186433543
      vertex 49.23000000000005 -66.99821615044277 21.914711091120225
    endloop
  endfacet
  facet normal 1 0 0
    outer loop
      vertex 49.23000000000005 -69.35708672504524 19.79077448577299
      vertex 49.23000000000005 -72.02 20.699999999999953
      vertex 49.23000000000005 -69.32302727799242 19.70854770677114
    endloop
  endfacet
  facet normal 1 0 0
    outer loop
      vertex 49.23000000000005 -69.38679607770176 19.874671109562588
      vertex 49.23000000000005 -72.02 20.699999999999953
      vertex 49.23000000000005 -69.35708672504524 19.79077448577299
    endloop
  endfacet
  facet normal 1 0 0
    outer loop
      vertex 49.23000000000005 -69.41207390469141 19.960007623325712
      vertex 49.23000000000005 -72.02 20.699999999999953
      vertex 49.23000000000005 -69.38679607770176 19.874671109562588
    endloop
  endfacet
  facet normal 1 0 0
    outer loop
      vertex 49.23000000000005 -69.43285092124746 20.04655012560981
      vertex 49.23000000000005 -72.02 20.699999999999953
      vertex 49.23000000000005 -69.41207390469141 19.960007623325712
    endloop
  endfacet
  facet normal 1 0 0
    outer loop
      vertex 49.23000000000005 -69.44907017901173 20.134061409431606
      vertex 49.23000000000005 -72.02 20.699999999999953
      vertex 49.23000000000005 -69.43285092124746 20.04655012560981
    endloop
  endfacet
  facet normal 1 0 0
    outer loop
      vertex 49.23000000000005 -69.46068722212605 20.222301612444987
      vertex 49.23000000000005 -72.02 20.699999999999953
      vertex 49.23000000000005 -69.44907017901173 20.134061409431606
    endloop
  endfacet
  facet normal 1 0 0
    outer loop
      vertex 49.23000000000005 -69.46767020908277 20.311028874386995
      vertex 49.23000000000005 -72.02 20.699999999999953
      vertex 49.23000000000005 -69.46068722212605 20.222301612444987
    endloop
  endfacet
  facet normal 1 0 0
    outer loop
      vertex 49.23000000000005 -69.47 20.4
      vertex 49.23000000000005 -72.02 20.699999999999953
      vertex 49.23000000000005 -69.46767020908277 20.311028874386995
    endloop
  endfacet
  facet normal 1 0 0
    outer loop
      vertex 49.23000000000005 -69.46767020908277 20.488971125613002
      vertex 49.23000000000005 -72.02 20.699999999999953
      vertex 49.23000000000005 -69.47 20.4
    endloop
  endfacet
  facet normal 1 0 0
    outer loop
      vertex 49.23000000000005 -69.46068722212605 20.57769838755501
      vertex 49.23000000000005 -72.02 20.699999999999953
      vertex 49.23000000000005 -69.46767020908277 20.488971125613002
    endloop
  endfacet
  facet normal 1 0 0
    outer loop
      vertex 49.23000000000005 -69.44907017901173 20.66593859056839
      vertex 49.23000000000005 -72.02 20.699999999999953
      vertex 49.23000000000005 -69.46068722212605 20.57769838755501
    endloop
  endfacet
  facet normal 1 0 0
    outer loop
      vertex 49.23000000000005 -69.43285092124746 20.75344987439019
      vertex 49.23000000000005 -72.02 20.699999999999953
      vertex 49.23000000000005 -69.44907017901173 20.66593859056839
    endloop
  endfacet
  facet normal 1 0 0
    outer loop
      vertex 49.23000000000005 -69.41207390469141 20.839992376674285
      vertex 49.23000000000005 -72.02 20.699999999999953
      vertex 49.23000000000005 -69.43285092124746 20.75344987439019
    endloop
  endfacet
  facet normal 1 0 0
    outer loop
      vertex 49.23000000000005 -69.38679607770176 20.92532889043741
      vertex 49.23000000000005 -72.02 20.699999999999953
      vertex 49.23000000000005 -69.41207390469141 20.839992376674285
    endloop
  endfacet
  facet normal 1 0 0
    outer loop
      vertex 49.23000000000005 -69.35708672504524 21.00922551422701
      vertex 49.23000000000005 -72.02 20.699999999999953
      vertex 49.23000000000005 -69.38679607770176 20.92532889043741
    endloop
  endfacet
  facet normal 1 0 0
    outer loop
      vertex 49.23000000000005 -69.32302727799242 21.09145229322886
      vertex 49.23000000000005 -72.02 20.699999999999953
      vertex 49.23000000000005 -69.35708672504524 21.00922551422701
    endloop
  endfacet
  facet normal 1 0 0
    outer loop
      vertex 49.23000000000005 -69.28471109112022 21.17178384955723
      vertex 49.23000000000005 -72.02 20.699999999999953
      vertex 49.23000000000005 -69.32302727799242 21.09145229322886
    endloop
  endfacet
  facet normal 1 0 0
    outer loop
      vertex 49.23000000000005 -69.24224318643354 21.25
      vertex 49.23000000000005 -72.02 20.699999999999953
      vertex 49.23000000000005 -69.28471109112022 21.17178384955723
    endloop
  endfacet
  facet normal 1 0 0
    outer loop
      vertex 49.23000000000005 -69.19573996550722 21.325886359525544
      vertex 49.23000000000005 -72.02 20.699999999999953
      vertex 49.23000000000005 -69.24224318643354 21.25
    endloop
  endfacet
  facet normal 1 0 0
    outer loop
      vertex 49.23000000000005 -69.14532889043741 21.399234928897204
      vertex 49.23000000000005 -72.02 20.699999999999953
      vertex 49.23000000000005 -69.19573996550722 21.325886359525544
    endloop
  endfacet
  facet normal 1 0 0
    outer loop
      vertex 49.23000000000005 -69.09114813447685 21.469844664784723
      vertex 49.23000000000005 -72.02 20.699999999999953
      vertex 49.23000000000005 -69.14532889043741 21.399234928897204
    endloop
  endfacet
  facet normal 1 0 0
    outer loop
      vertex 49.23000000000005 -69.03334620331157 21.537522030810056
      vertex 49.23000000000005 -72.02 20.699999999999953
      vertex 49.23000000000005 -69.09114813447685 21.469844664784723
    endloop
  endfacet
  facet normal 1 0 0
    outer loop
      vertex 49.23000000000005 -68.90752203081006 21.66334620331157
      vertex 49.23000000000005 -72.02 20.699999999999953
      vertex 49.23000000000005 -68.97208152801713 21.60208152801713
    endloop
  endfacet
  facet normal 1 0 0
    outer loop
      vertex 49.23000000000005 -68.97208152801713 21.60208152801713
      vertex 49.23000000000005 -72.02 20.699999999999953
      vertex 49.23000000000005 -69.03334620331157 21.537522030810056
    endloop
  endfacet
  facet normal 1 0 0
    outer loop
      vertex 49.23000000000005 -66.21697272200757 21.09145229322886
      vertex 49.23000000000005 -62.519999999999996 18.4
      vertex 49.23000000000005 -66.25528890887978 21.17178384955723
    endloop
  endfacet
  facet normal 1 0 0
    outer loop
      vertex 49.23000000000005 -66.12792609530858 20.839992376674285
      vertex 49.23000000000005 -62.519999999999996 18.4
      vertex 49.23000000000005 -66.15320392229823 20.92532889043741
    endloop
  endfacet
  facet normal 1 0 0
    outer loop
      vertex 49.23000000000005 -66.15320392229823 20.92532889043741
      vertex 49.23000000000005 -62.519999999999996 18.4
      vertex 49.23000000000005 -66.18291327495476 21.00922551422701
    endloop
  endfacet
  facet normal 1 0 0
    outer loop
      vertex 49.23000000000005 -66.18291327495476 21.00922551422701
      vertex 49.23000000000005 -62.519999999999996 18.4
      vertex 49.23000000000005 -66.21697272200757 21.09145229322886
    endloop
  endfacet
  facet normal 1 0 0
    outer loop
      vertex 49.23000000000005 -66.25528890887978 21.17178384955723
      vertex 49.23000000000005 -62.519999999999996 18.4
      vertex 49.23000000000005 -66.29775681356645 21.25
    endloop
  endfacet
  facet normal 1 0 0
    outer loop
      vertex 49.23000000000005 -66.29775681356645 21.25
      vertex 49.23000000000005 -62.519999999999996 18.4
      vertex 49.23000000000005 -66.34426003449278 21.325886359525544
    endloop
  endfacet
  facet normal 1 0 0
    outer loop
      vertex 49.23000000000005 -66.34426003449278 21.325886359525544
      vertex 49.23000000000005 -62.519999999999996 18.4
      vertex 49.23000000000005 -66.39467110956258 21.399234928897204
    endloop
  endfacet
  facet normal 1 0 0
    outer loop
      vertex 49.23000000000005 -66.39467110956258 21.399234928897204
      vertex 49.23000000000005 -62.519999999999996 18.4
      vertex 49.23000000000005 -66.44885186552314 21.469844664784723
    endloop
  endfacet
  facet normal 1 0 0
    outer loop
      vertex 49.23000000000005 -62.519999999999996 28.4
      vertex 49.23000000000005 -66.44885186552314 21.469844664784723
      vertex 49.23000000000005 -62.519999999999996 18.4
    endloop
  endfacet
  facet normal 1 0 0
    outer loop
      vertex 49.23000000000005 -68.90752203081006 21.66334620331157
      vertex 49.23000000000005 -62.519999999999996 28.4
      vertex 49.23000000000005 -72.02 20.699999999999953
    endloop
  endfacet
  facet normal 0 -1 0
    outer loop
      vertex 41.53 -72.02 28.4
      vertex 49.23000000000005 -72.02 20.699999999999953
      vertex 49.23000000000005 -72.02 28.4
    endloop
  endfacet
  facet normal 1 0 0
    outer loop
      vertex 49.23000000000005 -72.02 20.699999999999953
      vertex 49.23000000000005 -62.519999999999996 28.4
      vertex 49.23000000000005 -72.02 28.4
    endloop
  endfacet
  facet normal 1 0 0
    outer loop
      vertex 49.23000000000005 -68.83984466478472 21.72114813447685
      vertex 49.23000000000005 -62.519999999999996 28.4
      vertex 49.23000000000005 -68.90752203081006 21.66334620331157
    endloop
  endfacet
  facet normal 1 0 0
    outer loop
      vertex 49.23000000000005 -68.7692349288972 21.775328890437407
      vertex 49.23000000000005 -62.519999999999996 28.4
      vertex 49.23000000000005 -68.83984466478472 21.72114813447685
    endloop
  endfacet
  facet normal 1 0 0
    outer loop
      vertex 49.23000000000005 -68.61999999999999 21.872243186433543
      vertex 49.23000000000005 -62.519999999999996 28.4
      vertex 49.23000000000005 -68.69588635952555 21.825739965507218
    endloop
  endfacet
  facet normal 1 0 0
    outer loop
      vertex 49.23000000000005 -68.69588635952555 21.825739965507218
      vertex 49.23000000000005 -62.519999999999996 28.4
      vertex 49.23000000000005 -68.7692349288972 21.775328890437407
    endloop
  endfacet
  facet normal 1 0 0
    outer loop
      vertex 49.23000000000005 -68.54178384955722 21.914711091120225
      vertex 49.23000000000005 -62.519999999999996 28.4
      vertex 49.23000000000005 -68.61999999999999 21.872243186433543
    endloop
  endfacet
  facet normal 1 0 0
    outer loop
      vertex 49.23000000000005 -68.46145229322886 21.95302727799242
      vertex 49.23000000000005 -62.519999999999996 28.4
      vertex 49.23000000000005 -68.54178384955722 21.914711091120225
    endloop
  endfacet
  facet normal 1 0 0
    outer loop
      vertex 49.23000000000005 -68.2953288904374 22.01679607770176
      vertex 49.23000000000005 -62.519999999999996 28.4
      vertex 49.23000000000005 -68.379225514227 21.98708672504524
    endloop
  endfacet
  facet normal 1 0 0
    outer loop
      vertex 49.23000000000005 -68.379225514227 21.98708672504524
      vertex 49.23000000000005 -62.519999999999996 28.4
      vertex 49.23000000000005 -68.46145229322886 21.95302727799242
    endloop
  endfacet
  facet normal 1 0 0
    outer loop
      vertex 49.23000000000005 -68.12344987439019 22.062850921247467
      vertex 49.23000000000005 -62.519999999999996 28.4
      vertex 49.23000000000005 -68.20999237667428 22.042073904691414
    endloop
  endfacet
  facet normal 1 0 0
    outer loop
      vertex 49.23000000000005 -68.20999237667428 22.042073904691414
      vertex 49.23000000000005 -62.519999999999996 28.4
      vertex 49.23000000000005 -68.2953288904374 22.01679607770176
    endloop
  endfacet
  facet normal 1 0 0
    outer loop
      vertex 49.23000000000005 -67.94769838755501 22.090687222126064
      vertex 49.23000000000005 -62.519999999999996 28.4
      vertex 49.23000000000005 -68.03593859056839 22.079070179011733
    endloop
  endfacet
  facet normal 1 0 0
    outer loop
      vertex 49.23000000000005 -68.03593859056839 22.079070179011733
      vertex 49.23000000000005 -62.519999999999996 28.4
      vertex 49.23000000000005 -68.12344987439019 22.062850921247467
    endloop
  endfacet
  facet normal 1 0 0
    outer loop
      vertex 49.23000000000005 -67.858971125613 22.097670209082775
      vertex 49.23000000000005 -62.519999999999996 28.4
      vertex 49.23000000000005 -67.94769838755501 22.090687222126064
    endloop
  endfacet
  facet normal 1 0 0
    outer loop
      vertex 49.23000000000005 -67.5040614094316 22.079070179011733
      vertex 49.23000000000005 -62.519999999999996 28.4
      vertex 49.23000000000005 -67.59230161244498 22.090687222126064
    endloop
  endfacet
  facet normal 1 0 0
    outer loop
      vertex 49.23000000000005 -67.59230161244498 22.090687222126064
      vertex 49.23000000000005 -62.519999999999996 28.4
      vertex 49.23000000000005 -67.681028874387 22.097670209082775
    endloop
  endfacet
  facet normal 1 0 0
    outer loop
      vertex 49.23000000000005 -66.63247796918994 21.66334620331157
      vertex 49.23000000000005 -62.519999999999996 28.4
      vertex 49.23000000000005 -66.70015533521527 21.72114813447685
    endloop
  endfacet
  facet normal 1 0 0
    outer loop
      vertex 49.23000000000005 -66.70015533521527 21.72114813447685
      vertex 49.23000000000005 -62.519999999999996 28.4
      vertex 49.23000000000005 -66.77076507110279 21.775328890437407
    endloop
  endfacet
  facet normal 1 0 0
    outer loop
      vertex 49.23000000000005 -67.24467110956259 22.01679607770176
      vertex 49.23000000000005 -62.519999999999996 28.4
      vertex 49.23000000000005 -67.33000762332571 22.042073904691414
    endloop
  endfacet
  facet normal 1 0 0
    outer loop
      vertex 49.23000000000005 -67.33000762332571 22.042073904691414
      vertex 49.23000000000005 -62.519999999999996 28.4
      vertex 49.23000000000005 -67.4165501256098 22.062850921247467
    endloop
  endfacet
  facet normal 1 0 0
    outer loop
      vertex 49.23000000000005 -67.4165501256098 22.062850921247467
      vertex 49.23000000000005 -62.519999999999996 28.4
      vertex 49.23000000000005 -67.5040614094316 22.079070179011733
    endloop
  endfacet
  facet normal 1 0 0
    outer loop
      vertex 49.23000000000005 -67.07854770677113 21.95302727799242
      vertex 49.23000000000005 -62.519999999999996 28.4
      vertex 49.23000000000005 -67.16077448577299 21.98708672504524
    endloop
  endfacet
  facet normal 1 0 0
    outer loop
      vertex 49.23000000000005 -67.16077448577299 21.98708672504524
      vertex 49.23000000000005 -62.519999999999996 28.4
      vertex 49.23000000000005 -67.24467110956259 22.01679607770176
    endloop
  endfacet
  facet normal 1 0 0
    outer loop
      vertex 49.23000000000005 -66.84411364047445 21.825739965507218
      vertex 49.23000000000005 -62.519999999999996 28.4
      vertex 49.23000000000005 -66.92 21.872243186433543
    endloop
  endfacet
  facet normal 1 0 0
    outer loop
      vertex 49.23000000000005 -66.92 21.872243186433543
      vertex 49.23000000000005 -62.519999999999996 28.4
      vertex 49.23000000000005 -66.99821615044277 21.914711091120225
    endloop
  endfacet
  facet normal 1 0 0
    outer loop
      vertex 49.23000000000005 -66.99821615044277 21.914711091120225
      vertex 49.23000000000005 -62.519999999999996 28.4
      vertex 49.23000000000005 -67.07854770677113 21.95302727799242
    endloop
  endfacet
  facet normal 1 0 0
    outer loop
      vertex 49.23000000000005 -66.77076507110279 21.775328890437407
      vertex 49.23000000000005 -62.519999999999996 28.4
      vertex 49.23000000000005 -66.84411364047445 21.825739965507218
    endloop
  endfacet
  facet normal 1 0 0
    outer loop
      vertex 49.23000000000005 -67.681028874387 22.097670209082775
      vertex 49.23000000000005 -62.519999999999996 28.4
      vertex 49.23000000000005 -67.77 22.099999999999998
    endloop
  endfacet
  facet normal 1 0 0
    outer loop
      vertex 49.23000000000005 -67.77 22.099999999999998
      vertex 49.23000000000005 -62.519999999999996 28.4
      vertex 49.23000000000005 -67.858971125613 22.097670209082775
    endloop
  endfacet
  facet normal 1 0 0
    outer loop
      vertex 49.23000000000005 -66.44885186552314 21.469844664784723
      vertex 49.23000000000005 -62.519999999999996 28.4
      vertex 49.23000000000005 -66.50665379668843 21.537522030810056
    endloop
  endfacet
  facet normal 1 0 0
    outer loop
      vertex 49.23000000000005 -66.50665379668843 21.537522030810056
      vertex 49.23000000000005 -62.519999999999996 28.4
      vertex 49.23000000000005 -66.56791847198286 21.60208152801713
    endloop
  endfacet
  facet normal 1 0 0
    outer loop
      vertex 49.23000000000005 -66.56791847198286 21.60208152801713
      vertex 49.23000000000005 -62.519999999999996 28.4
      vertex 49.23000000000005 -66.63247796918994 21.66334620331157
    endloop
  endfacet
  facet normal 0 1 0
    outer loop
      vertex 41.53 -62.519999999999996 18.4
      vertex 41.53 -62.519999999999996 28.4
      vertex 49.23000000000005 -62.519999999999996 18.4
    endloop
  endfacet
  facet normal 0 1 0
    outer loop
      vertex 41.53 -62.519999999999996 28.4
      vertex 49.23000000000005 -62.519999999999996 28.4
      vertex 49.23000000000005 -62.519999999999996 18.4
    endloop
  endfacet
  facet normal 1 0 0
    outer loop
      vertex 49.23000000000005 -46.46999999880791 16
      vertex 49.23000000000005 -46.46999999880791 18.4
      vertex 49.23000000000005 -60.519999999999996 16
    endloop
  endfacet
  facet normal 0 0 1
    outer loop
      vertex 39.74798694878817 -70.92798100084066 28.4
      vertex 39.79794919371605 -71.02 28.4
      vertex 49.23000000000005 -62.519999999999996 28.4
    endloop
  endfacet
  facet normal 0 0 1
    outer loop
      vertex 39.85265886664391 -71.10927807211876 28.4
      vertex 49.23000000000005 -62.519999999999996 28.4
      vertex 39.79794919371605 -71.02 28.4
    endloop
  endfacet
  facet normal 0 0 1
    outer loop
      vertex 39.74798694878817 -70.92798100084066 28.4
      vertex 49.23000000000005 -62.519999999999996 28.4
      vertex 39.70290908843279 -70.83347328424453 28.4
    endloop
  endfacet
  facet normal 0 0 1
    outer loop
      vertex 39.85265886664391 -71.10927807211876 28.4
      vertex 39.91196600973606 -71.19557050287723 28.4
      vertex 49.23000000000005 -62.519999999999996 28.4
    endloop
  endfacet
  facet normal 0 0 1
    outer loop
      vertex 39.91196600973606 -71.19557050287723 28.4
      vertex 39.975708073675634 -71.27864078104496 28.4
      vertex 49.23000000000005 -62.519999999999996 28.4
    endloop
  endfacet
  facet normal 0 0 1
    outer loop
      vertex 39.627886964678765 -70.63803399026393 28.4
      vertex 39.662839150726796 -70.73673589944839 28.4
      vertex 49.23000000000005 -62.519999999999996 28.4
    endloop
  endfacet
  facet normal 0 0 1
    outer loop
      vertex 39.598148344755174 -70.53763808727264 28.4
      vertex 49.23000000000005 -62.519999999999996 28.4
      vertex 39.57370480030775 -70.43582338511943 28.4
    endloop
  endfacet
  facet normal 0 0 1
    outer loop
      vertex 39.627886964678765 -70.63803399026393 28.4
      vertex 49.23000000000005 -62.519999999999996 28.4
      vertex 39.598148344755174 -70.53763808727264 28.4
    endloop
  endfacet
  facet normal 0 0 1
    outer loop
      vertex 39.54095621287823 -70.22905692875385 28.4
      vertex 49.23000000000005 -62.519999999999996 28.4
      vertex 39.53274092704058 -70.12467191040516 28.4
    endloop
  endfacet
  facet normal 0 0 1
    outer loop
      vertex 39.53274092704058 -70.12467191040516 28.4
      vertex 49.23000000000005 -62.519999999999996 28.4
      vertex 39.53 -70.02 28.4
    endloop
  endfacet
  facet normal 0 0 1
    outer loop
      vertex 39.554623319506646 -70.33286893039941 28.4
      vertex 49.23000000000005 -62.519999999999996 28.4
      vertex 39.54095621287823 -70.22905692875385 28.4
    endloop
  endfacet
  facet normal 0 0 1
    outer loop
      vertex 39.554623319506646 -70.33286893039941 28.4
      vertex 39.57370480030775 -70.43582338511943 28.4
      vertex 49.23000000000005 -62.519999999999996 28.4
    endloop
  endfacet
  facet normal 0 0 1
    outer loop
      vertex 39.70290908843279 -70.83347328424453 28.4
      vertex 49.23000000000005 -62.519999999999996 28.4
      vertex 39.662839150726796 -70.73673589944839 28.4
    endloop
  endfacet
  facet normal 0 0 1
    outer loop
      vertex 39.53 -70.02 28.4
      vertex 49.23000000000005 -62.519999999999996 28.4
      vertex 39.53 -64.52 28.4
    endloop
  endfacet
  facet normal 0 0 1
    outer loop
      vertex 39.53 -64.52 28.4
      vertex 49.23000000000005 -62.519999999999996 28.4
      vertex 39.53274092704058 -64.41532808959484 28.4
    endloop
  endfacet
  facet normal 0 0 1
    outer loop
      vertex 39.53274092704058 -64.41532808959484 28.4
      vertex 49.23000000000005 -62.519999999999996 28.4
      vertex 39.54095621287823 -64.31094307124614 28.4
    endloop
  endfacet
  facet normal 0 0 1
    outer loop
      vertex 39.54095621287823 -64.31094307124614 28.4
      vertex 49.23000000000005 -62.519999999999996 28.4
      vertex 39.554623319506646 -64.20713106960058 28.4
    endloop
  endfacet
  facet normal 0 0 1
    outer loop
      vertex 39.554623319506646 -64.20713106960058 28.4
      vertex 49.23000000000005 -62.519999999999996 28.4
      vertex 39.57370480030775 -64.10417661488056 28.4
    endloop
  endfacet
  facet normal 0 0 1
    outer loop
      vertex 39.57370480030775 -64.10417661488056 28.4
      vertex 49.23000000000005 -62.519999999999996 28.4
      vertex 39.598148344755174 -64.00236191272735 28.4
    endloop
  endfacet
  facet normal 0 0 1
    outer loop
      vertex 39.598148344755174 -64.00236191272735 28.4
      vertex 49.23000000000005 -62.519999999999996 28.4
      vertex 39.627886964678765 -63.90196600973606 28.4
    endloop
  endfacet
  facet normal 0 0 1
    outer loop
      vertex 39.627886964678765 -63.90196600973606 28.4
      vertex 49.23000000000005 -62.519999999999996 28.4
      vertex 39.662839150726796 -63.8032641005516 28.4
    endloop
  endfacet
  facet normal 0 0 1
    outer loop
      vertex 39.662839150726796 -63.8032641005516 28.4
      vertex 49.23000000000005 -62.519999999999996 28.4
      vertex 39.70290908843279 -63.70652671575546 28.4
    endloop
  endfacet
  facet normal 0 0 1
    outer loop
      vertex 39.70290908843279 -63.70652671575546 28.4
      vertex 49.23000000000005 -62.519999999999996 28.4
      vertex 39.74798694878817 -63.61201899915933 28.4
    endloop
  endfacet
  facet normal 0 0 1
    outer loop
      vertex 39.74798694878817 -63.61201899915933 28.4
      vertex 49.23000000000005 -62.519999999999996 28.4
      vertex 39.79794919371605 -63.519999999999996 28.4
    endloop
  endfacet
  facet normal 0 0 1
    outer loop
      vertex 39.79794919371605 -63.519999999999996 28.4
      vertex 49.23000000000005 -62.519999999999996 28.4
      vertex 39.85265886664391 -63.43072192788124 28.4
    endloop
  endfacet
  facet normal 0 0 1
    outer loop
      vertex 39.85265886664391 -63.43072192788124 28.4
      vertex 49.23000000000005 -62.519999999999996 28.4
      vertex 39.91196600973606 -63.34442949712276 28.4
    endloop
  endfacet
  facet normal 0 0 1
    outer loop
      vertex 39.91196600973606 -63.34442949712276 28.4
      vertex 49.23000000000005 -62.519999999999996 28.4
      vertex 39.975708073675634 -63.261359218955036 28.4
    endloop
  endfacet
  facet normal 0 0 1
    outer loop
      vertex 41.32094307124615 -62.53095621287822 28.4
      vertex 41.53 -62.519999999999996 28.4
      vertex 41.42532808959484 -62.52274092704057 28.4
    endloop
  endfacet
  facet normal 0 0 1
    outer loop
      vertex 40.53 -71.75205080628395 28.4
      vertex 49.23000000000005 -62.519999999999996 28.4
      vertex 40.44072192788124 -71.69734113335609 28.4
    endloop
  endfacet
  facet normal 0 0 1
    outer loop
      vertex 40.62201899915934 -71.80201305121183 28.4
      vertex 40.716526715755464 -71.84709091156721 28.4
      vertex 49.23000000000005 -62.519999999999996 28.4
    endloop
  endfacet
  facet normal 0 0 1
    outer loop
      vertex 40.53 -71.75205080628395 28.4
      vertex 40.62201899915934 -71.80201305121183 28.4
      vertex 49.23000000000005 -62.519999999999996 28.4
    endloop
  endfacet
  facet normal 0 0 1
    outer loop
      vertex 40.813264100551606 -71.8871608492732 28.4
      vertex 49.23000000000005 -62.519999999999996 28.4
      vertex 40.716526715755464 -71.84709091156721 28.4
    endloop
  endfacet
  facet normal 0 0 1
    outer loop
      vertex 40.91196600973606 -71.92211303532123 28.4
      vertex 41.01236191272736 -71.95185165524482 28.4
      vertex 49.23000000000005 -62.519999999999996 28.4
    endloop
  endfacet
  facet normal 0 0 1
    outer loop
      vertex 40.813264100551606 -71.8871608492732 28.4
      vertex 40.91196600973606 -71.92211303532123 28.4
      vertex 49.23000000000005 -62.519999999999996 28.4
    endloop
  endfacet
  facet normal 0 0 1
    outer loop
      vertex 41.01236191272736 -71.95185165524482 28.4
      vertex 41.11417661488056 -71.97629519969225 28.4
      vertex 49.23000000000005 -62.519999999999996 28.4
    endloop
  endfacet
  facet normal 0 0 1
    outer loop
      vertex 40.043710349798204 -71.3582612094283 28.4
      vertex 49.23000000000005 -62.519999999999996 28.4
      vertex 39.975708073675634 -71.27864078104496 28.4
    endloop
  endfacet
  facet normal 0 0 1
    outer loop
      vertex 40.043710349798204 -71.3582612094283 28.4
      vertex 40.1157864394784 -71.4342135605216 28.4
      vertex 49.23000000000005 -62.519999999999996 28.4
    endloop
  endfacet
  facet normal 0 0 1
    outer loop
      vertex 40.19173879057169 -71.5062896502018 28.4
      vertex 40.27135921895504 -71.57429192632436 28.4
      vertex 49.23000000000005 -62.519999999999996 28.4
    endloop
  endfacet
  facet normal 0 0 1
    outer loop
      vertex 40.19173879057169 -71.5062896502018 28.4
      vertex 49.23000000000005 -62.519999999999996 28.4
      vertex 40.1157864394784 -71.4342135605216 28.4
    endloop
  endfacet
  facet normal 0 0 1
    outer loop
      vertex 40.354429497122766 -71.63803399026393 28.4
      vertex 40.44072192788124 -71.69734113335609 28.4
      vertex 49.23000000000005 -62.519999999999996 28.4
    endloop
  endfacet
  facet normal 0 0 1
    outer loop
      vertex 40.354429497122766 -71.63803399026393 28.4
      vertex 49.23000000000005 -62.519999999999996 28.4
      vertex 40.27135921895504 -71.57429192632436 28.4
    endloop
  endfacet
  facet normal 0 0 1
    outer loop
      vertex 41.11417661488056 -71.97629519969225 28.4
      vertex 41.21713106960058 -71.99537668049335 28.4
      vertex 49.23000000000005 -62.519999999999996 28.4
    endloop
  endfacet
  facet normal 0 0 1
    outer loop
      vertex 41.21713106960058 -71.99537668049335 28.4
      vertex 41.32094307124615 -72.00904378712177 28.4
      vertex 49.23000000000005 -62.519999999999996 28.4
    endloop
  endfacet
  facet normal 0 0 1
    outer loop
      vertex 41.32094307124615 -72.00904378712177 28.4
      vertex 41.42532808959484 -72.01725907295942 28.4
      vertex 49.23000000000005 -62.519999999999996 28.4
    endloop
  endfacet
  facet normal 0 0 1
    outer loop
      vertex 41.42532808959484 -72.01725907295942 28.4
      vertex 41.53 -72.02 28.4
      vertex 49.23000000000005 -62.519999999999996 28.4
    endloop
  endfacet
  facet normal 0 0 1
    outer loop
      vertex 41.53 -72.02 28.4
      vertex 49.23000000000005 -72.02 28.4
      vertex 49.23000000000005 -62.519999999999996 28.4
    endloop
  endfacet
  facet normal 0 0 1
    outer loop
      vertex 39.975708073675634 -63.261359218955036 28.4
      vertex 49.23000000000005 -62.519999999999996 28.4
      vertex 40.043710349798204 -63.181738790571686 28.4
    endloop
  endfacet
  facet normal 0 0 1
    outer loop
      vertex 40.043710349798204 -63.181738790571686 28.4
      vertex 49.23000000000005 -62.519999999999996 28.4
      vertex 40.1157864394784 -63.10578643947839 28.4
    endloop
  endfacet
  facet normal 0 0 1
    outer loop
      vertex 40.1157864394784 -63.10578643947839 28.4
      vertex 49.23000000000005 -62.519999999999996 28.4
      vertex 40.19173879057169 -63.0337103497982 28.4
    endloop
  endfacet
  facet normal 0 0 1
    outer loop
      vertex 40.19173879057169 -63.0337103497982 28.4
      vertex 49.23000000000005 -62.519999999999996 28.4
      vertex 40.27135921895504 -62.96570807367563 28.4
    endloop
  endfacet
  facet normal 0 0 1
    outer loop
      vertex 40.27135921895504 -62.96570807367563 28.4
      vertex 49.23000000000005 -62.519999999999996 28.4
      vertex 40.354429497122766 -62.90196600973606 28.4
    endloop
  endfacet
  facet normal 0 0 1
    outer loop
      vertex 40.354429497122766 -62.90196600973606 28.4
      vertex 49.23000000000005 -62.519999999999996 28.4
      vertex 40.44072192788124 -62.8426588666439 28.4
    endloop
  endfacet
  facet normal 0 0 1
    outer loop
      vertex 40.44072192788124 -62.8426588666439 28.4
      vertex 49.23000000000005 -62.519999999999996 28.4
      vertex 40.53 -62.787949193716045 28.4
    endloop
  endfacet
  facet normal 0 0 1
    outer loop
      vertex 40.53 -62.787949193716045 28.4
      vertex 49.23000000000005 -62.519999999999996 28.4
      vertex 40.62201899915934 -62.73798694878816 28.4
    endloop
  endfacet
  facet normal 0 0 1
    outer loop
      vertex 40.62201899915934 -62.73798694878816 28.4
      vertex 49.23000000000005 -62.519999999999996 28.4
      vertex 40.716526715755464 -62.692909088432785 28.4
    endloop
  endfacet
  facet normal 0 0 1
    outer loop
      vertex 40.716526715755464 -62.692909088432785 28.4
      vertex 49.23000000000005 -62.519999999999996 28.4
      vertex 40.813264100551606 -62.65283915072679 28.4
    endloop
  endfacet
  facet normal 0 0 1
    outer loop
      vertex 40.813264100551606 -62.65283915072679 28.4
      vertex 49.23000000000005 -62.519999999999996 28.4
      vertex 40.91196600973606 -62.61788696467876 28.4
    endloop
  endfacet
  facet normal 0 0 1
    outer loop
      vertex 40.91196600973606 -62.61788696467876 28.4
      vertex 49.23000000000005 -62.519999999999996 28.4
      vertex 41.01236191272736 -62.58814834475517 28.4
    endloop
  endfacet
  facet normal 0 0 1
    outer loop
      vertex 41.01236191272736 -62.58814834475517 28.4
      vertex 49.23000000000005 -62.519999999999996 28.4
      vertex 41.11417661488056 -62.56370480030775 28.4
    endloop
  endfacet
  facet normal 0 0 1
    outer loop
      vertex 41.11417661488056 -62.56370480030775 28.4
      vertex 49.23000000000005 -62.519999999999996 28.4
      vertex 41.21713106960058 -62.54462331950664 28.4
    endloop
  endfacet
  facet normal 0 0 1
    outer loop
      vertex 41.21713106960058 -62.54462331950664 28.4
      vertex 49.23000000000005 -62.519999999999996 28.4
      vertex 41.32094307124615 -62.53095621287822 28.4
    endloop
  endfacet
  facet normal 0 0 1
    outer loop
      vertex 41.32094307124615 -62.53095621287822 28.4
      vertex 49.23000000000005 -62.519999999999996 28.4
      vertex 41.53 -62.519999999999996 28.4
    endloop
  endfacet
  facet normal 0 0 -1
    outer loop
      vertex 0.5300000000000011 64.52000000327826 0
      vertex 0.5300000160718952 64.52000000327826 0
      vertex 0.9649878847518707 64.50348272344885 0
    endloop
  endfacet
  facet normal 0 0 -1
    outer loop
      vertex 0.5300000000000011 64.52000000327826 0
      vertex 0.5300000000000011 70.02 0
      vertex 0.5300000160718952 64.52000000327826 0
    endloop
  endfacet
  facet normal 0 0 -1
    outer loop
      vertex -46.15573786318302 64.47075336426497 0
      vertex 1.4851883784680027 64.50354254796684 0
      vertex 49.23000000000005 60.519999999999996 0
    endloop
  endfacet
  facet normal 0 0 -1
    outer loop
      vertex 0.5300000160718952 64.52000000327826 0
      vertex 6.42009449188982 65.67287797701539 0
      vertex 0.9649878847518707 64.50348272344885 0
    endloop
  endfacet
  facet normal 0 0 -1
    outer loop
      vertex 0.5300000160718952 64.52000000327826 0
      vertex 0.5300000000000011 70.02 0
      vertex 4.501555764792954 67.2264800052847 0
    endloop
  endfacet
  facet normal -1 0 0
    outer loop
      vertex 0.5300000000000011 64.52000000327826 0
      vertex 0.5300000000000011 64.52000000327826 8
      vertex 0.5300000000000011 70.02 0
    endloop
  endfacet
  facet normal 0 0 -1
    outer loop
      vertex 2.3209430712461483 72.00904378712177 0
      vertex 2.425328089594842 72.01725907295942 0
      vertex 2.530000000000001 72.02 0
    endloop
  endfacet
  facet normal -0.9996573258242132 0.026176915898989524 0
    outer loop
      vertex 0.5300000000000011 70.02 0
      vertex 0.5327409270405781 70.12467191040516 8
      vertex 0.5327409270405781 70.12467191040516 0
    endloop
  endfacet
  facet normal -0.9969173287082567 0.07845915957486238 0
    outer loop
      vertex 0.5327409270405781 70.12467191040516 0
      vertex 0.5409562128782284 70.22905692875385 8
      vertex 0.5409562128782284 70.22905692875385 0
    endloop
  endfacet
  facet normal -0.9914448646709336 0.130526167175912 0
    outer loop
      vertex 0.5409562128782284 70.22905692875385 0
      vertex 0.5546233195066463 70.33286893039941 8
      vertex 0.5546233195066463 70.33286893039941 0
    endloop
  endfacet
  facet normal -0.9832549067222632 0.18223553003350748 0
    outer loop
      vertex 0.5546233195066463 70.33286893039941 0
      vertex 0.5737048003077518 70.43582338511943 8
      vertex 0.5737048003077518 70.43582338511943 0
    endloop
  endfacet
  facet normal -0.9723699266881016 0.23344533765439804 0
    outer loop
      vertex 0.5737048003077518 70.43582338511943 0
      vertex 0.5981483447551739 70.53763808727264 8
      vertex 0.5981483447551739 70.53763808727264 0
    endloop
  endfacet
  facet normal -0.9588197384607063 0.28401533257580097 0
    outer loop
      vertex 0.5981483447551739 70.53763808727264 0
      vertex 0.6278869646787655 70.63803399026393 8
      vertex 0.6278869646787655 70.63803399026393 0
    endloop
  endfacet
  facet normal -0.9426414704722688 0.33380691746259405 0
    outer loop
      vertex 0.6278869646787655 70.63803399026393 0
      vertex 0.6628391507267963 70.73673589944839 8
      vertex 0.6628391507267963 70.73673589944839 0
    endloop
  endfacet
  facet normal -0.92387952935444 0.38268343998639204 0
    outer loop
      vertex 0.6628391507267963 70.73673589944839 0
      vertex 0.70290908843279 70.83347328424453 8
      vertex 0.70290908843279 70.83347328424453 0
    endloop
  endfacet
  facet normal -0.9025853144542187 0.43051103369319 0
    outer loop
      vertex 0.70290908843279 70.83347328424453 0
      vertex 0.7479869487881672 70.92798100084066 8
      vertex 0.7479869487881672 70.92798100084066 0
    endloop
  endfacet
  facet normal -0.8788170932013816 0.4771587961015434 0
    outer loop
      vertex 0.7479869487881672 70.92798100084066 0
      vertex 0.7979491937160503 71.02 8
      vertex 0.7979491937160503 71.02 0
    endloop
  endfacet
  facet normal -0.8526401644822993 0.5224985645067338 0
    outer loop
      vertex 0.7979491937160503 71.02 0
      vertex 0.8526588666439068 71.10927807211876 8
      vertex 0.8526588666439068 71.10927807211876 0
    endloop
  endfacet
  facet normal -0.824126195039763 0.5664062275869525 0
    outer loop
      vertex 0.8526588666439068 71.10927807211876 0
      vertex 0.9119660097360622 71.19557050287723 8
      vertex 0.9119660097360622 71.19557050287723 0
    endloop
  endfacet
  facet normal -0.7933533513494008 0.6087614145974385 0
    outer loop
      vertex 0.9119660097360622 71.19557050287723 0
      vertex 0.9757080736756336 71.27864078104496 8
      vertex 0.9757080736756336 71.27864078104496 0
    endloop
  endfacet
  facet normal -0.7604059369619204 0.6494480818611015 0
    outer loop
      vertex 0.9757080736756336 71.27864078104496 0
      vertex 1.0437103497982037 71.3582612094283 8
      vertex 1.0437103497982037 71.3582612094283 0
    endloop
  endfacet
  facet normal -0.7253743722808802 0.6883545743569364 0
    outer loop
      vertex 1.0437103497982037 71.3582612094283 0
      vertex 1.1157864394783985 71.4342135605216 8
      vertex 1.1157864394783985 71.4342135605216 0
    endloop
  endfacet
  facet normal -0.6883545743569364 0.7253743722808802 0
    outer loop
      vertex 1.1157864394783985 71.4342135605216 0
      vertex 1.1917387905716907 71.5062896502018 8
      vertex 1.1917387905716907 71.5062896502018 0
    endloop
  endfacet
  facet normal -0.6494480818611015 0.7604059369619204 0
    outer loop
      vertex 1.1917387905716907 71.5062896502018 0
      vertex 1.2713592189550411 71.57429192632436 8
      vertex 1.2713592189550411 71.57429192632436 0
    endloop
  endfacet
  facet normal -0.6087614145974385 0.7933533513494008 0
    outer loop
      vertex 1.2713592189550411 71.57429192632436 0
      vertex 1.3544294971227657 71.63803399026393 8
      vertex 1.3544294971227657 71.63803399026393 0
    endloop
  endfacet
  facet normal -0.5664062275869525 0.824126195039763 0
    outer loop
      vertex 1.3544294971227657 71.63803399026393 0
      vertex 1.440721927881242 71.69734113335609 8
      vertex 1.440721927881242 71.69734113335609 0
    endloop
  endfacet
  facet normal -0.5224985645067338 0.8526401644822993 0
    outer loop
      vertex 1.440721927881242 71.69734113335609 0
      vertex 1.5300000000000011 71.75205080628395 8
      vertex 1.5300000000000011 71.75205080628395 0
    endloop
  endfacet
  facet normal -0.4771587961015434 0.8788170932013816 0
    outer loop
      vertex 1.5300000000000011 71.75205080628395 0
      vertex 1.6220189991593372 71.80201305121183 8
      vertex 1.6220189991593372 71.80201305121183 0
    endloop
  endfacet
  facet normal -0.43051103369319 0.9025853144542187 0
    outer loop
      vertex 1.6220189991593372 71.80201305121183 0
      vertex 1.7165267157554638 71.84709091156721 8
      vertex 1.7165267157554638 71.84709091156721 0
    endloop
  endfacet
  facet normal -0.38268343998639204 0.92387952935444 0
    outer loop
      vertex 1.7165267157554638 71.84709091156721 0
      vertex 1.8132641005516064 71.8871608492732 8
      vertex 1.8132641005516064 71.8871608492732 0
    endloop
  endfacet
  facet normal -0.33380691746259405 0.9426414704722688 0
    outer loop
      vertex 1.8132641005516064 71.8871608492732 0
      vertex 1.9119660097360622 71.92211303532123 8
      vertex 1.9119660097360622 71.92211303532123 0
    endloop
  endfacet
  facet normal -0.28401533257580097 0.9588197384607063 0
    outer loop
      vertex 1.9119660097360622 71.92211303532123 0
      vertex 2.012361912727357 71.95185165524482 8
      vertex 2.012361912727357 71.95185165524482 0
    endloop
  endfacet
  facet normal -0.23344533765439804 0.9723699266881016 0
    outer loop
      vertex 2.012361912727357 71.95185165524482 0
      vertex 2.114176614880563 71.97629519969225 8
      vertex 2.114176614880563 71.97629519969225 0
    endloop
  endfacet
  facet normal -0.18223553003350748 0.9832549067222632 0
    outer loop
      vertex 2.114176614880563 71.97629519969225 0
      vertex 2.2171310696005833 71.99537668049335 8
      vertex 2.2171310696005833 71.99537668049335 0
    endloop
  endfacet
  facet normal -0.130526167175912 0.9914448646709336 0
    outer loop
      vertex 2.2171310696005833 71.99537668049335 0
      vertex 2.3209430712461483 72.00904378712177 8
      vertex 2.3209430712461483 72.00904378712177 0
    endloop
  endfacet
  facet normal -0.07845915957486238 0.9969173287082567 0
    outer loop
      vertex 2.3209430712461483 72.00904378712177 0
      vertex 2.425328089594842 72.01725907295942 8
      vertex 2.425328089594842 72.01725907295942 0
    endloop
  endfacet
  facet normal -0.026176915898989524 0.9996573258242132 0
    outer loop
      vertex 2.425328089594842 72.01725907295942 0
      vertex 2.530000000000001 72.02 8
      vertex 2.530000000000001 72.02 0
    endloop
  endfacet
  facet normal 0 0 -1
    outer loop
      vertex 0.5300000160718952 64.52000000327826 0
      vertex 4.611554538950543 66.91585304954081 0
      vertex 4.6588862992044255 66.81661995054695 0
    endloop
  endfacet
  facet normal 0 0 -1
    outer loop
      vertex 0.5300000160718952 64.52000000327826 0
      vertex 4.6588862992044255 66.81661995054695 0
      vertex 4.711346652052683 66.72 0
    endloop
  endfacet
  facet normal 0 0 -1
    outer loop
      vertex 0.5300000160718952 64.52000000327826 0
      vertex 4.532781315780177 67.1210643118126 0
      vertex 4.56948110435588 67.01742730595487 0
    endloop
  endfacet
  facet normal 0 0 -1
    outer loop
      vertex 0.5300000160718952 64.52000000327826 0
      vertex 4.501555764792954 67.2264800052847 0
      vertex 4.532781315780177 67.1210643118126 0
    endloop
  endfacet
  facet normal 0 0 -1
    outer loop
      vertex 0.5300000160718952 64.52000000327826 0
      vertex 4.56948110435588 67.01742730595487 0
      vertex 4.611554538950543 66.91585304954081 0
    endloop
  endfacet
  facet normal 0 0 -1
    outer loop
      vertex 0.5300000160718952 64.52000000327826 0
      vertex 4.8979934809403645 66.44842717879534 0
      vertex 4.969395866497472 66.36482572664639 0
    endloop
  endfacet
  facet normal 0 0 -1
    outer loop
      vertex 0.5300000160718952 64.52000000327826 0
      vertex 4.969395866497472 66.36482572664639 0
      vertex 5.045075759508251 66.28507575950825 0
    endloop
  endfacet
  facet normal 0 0 -1
    outer loop
      vertex 0.5300000160718952 64.52000000327826 0
      vertex 5.045075759508251 66.28507575950825 0
      vertex 5.1248257266463995 66.20939586649747 0
    endloop
  endfacet
  facet normal 0 0 -1
    outer loop
      vertex 0.5300000160718952 64.52000000327826 0
      vertex 5.1248257266463995 66.20939586649747 0
      vertex 5.20842717879534 66.13799348094035 0
    endloop
  endfacet
  facet normal 0 0 -1
    outer loop
      vertex 0.5300000160718952 64.52000000327826 0
      vertex 5.20842717879534 66.13799348094035 0
      vertex 5.295650970185804 66.0710643118126 0
    endloop
  endfacet
  facet normal 0 0 -1
    outer loop
      vertex 0.5300000160718952 64.52000000327826 0
      vertex 4.768791807314614 66.62625802646843 0
      vertex 4.831064311812611 66.5356509701858 0
    endloop
  endfacet
  facet normal 0 0 -1
    outer loop
      vertex 0.5300000160718952 64.52000000327826 0
      vertex 4.711346652052683 66.72 0
      vertex 4.768791807314614 66.62625802646843 0
    endloop
  endfacet
  facet normal 0 0 -1
    outer loop
      vertex 0.5300000160718952 64.52000000327826 0
      vertex 4.831064311812611 66.5356509701858 0
      vertex 4.8979934809403645 66.44842717879534 0
    endloop
  endfacet
  facet normal 0 0 -1
    outer loop
      vertex 0.5300000160718952 64.52000000327826 0
      vertex 5.386258026468447 66.00879180731461 0
      vertex 5.480000000000004 65.95134665205268 0
    endloop
  endfacet
  facet normal 0 0 -1
    outer loop
      vertex 0.5300000160718952 64.52000000327826 0
      vertex 5.295650970185804 66.0710643118126 0
      vertex 5.386258026468447 66.00879180731461 0
    endloop
  endfacet
  facet normal 0 0 -1
    outer loop
      vertex 0.5300000160718952 64.52000000327826 0
      vertex 5.480000000000004 65.95134665205268 0
      vertex 5.576619950546956 65.89888629920442 0
    endloop
  endfacet
  facet normal 0 0 -1
    outer loop
      vertex 0.5300000160718952 64.52000000327826 0
      vertex 5.6758530495408195 65.85155453895054 0
      vertex 5.777427305954873 65.80948110435587 0
    endloop
  endfacet
  facet normal 0 0 -1
    outer loop
      vertex 0.5300000160718952 64.52000000327826 0
      vertex 5.576619950546956 65.89888629920442 0
      vertex 5.6758530495408195 65.85155453895054 0
    endloop
  endfacet
  facet normal 0 0 -1
    outer loop
      vertex 0.5300000160718952 64.52000000327826 0
      vertex 5.777427305954873 65.80948110435587 0
      vertex 5.881064311812608 65.77278131578018 0
    endloop
  endfacet
  facet normal 0 0 -1
    outer loop
      vertex 0.5300000160718952 64.52000000327826 0
      vertex 5.881064311812608 65.77278131578018 0
      vertex 5.9864800052847045 65.74155576479295 0
    endloop
  endfacet
  facet normal 0 0 -1
    outer loop
      vertex 0.5300000160718952 64.52000000327826 0
      vertex 5.9864800052847045 65.74155576479295 0
      vertex 6.093385449282707 65.71589003845901 0
    endloop
  endfacet
  facet normal 0 0 -1
    outer loop
      vertex 0.5300000160718952 64.52000000327826 0
      vertex 6.093385449282707 65.71589003845901 0
      vertex 6.201487623415517 65.69585448475021 0
    endloop
  endfacet
  facet normal 0 0 -1
    outer loop
      vertex 0.5300000160718952 64.52000000327826 0
      vertex 6.201487623415517 65.69585448475021 0
      vertex 6.310490227137926 65.68150401972662 0
    endloop
  endfacet
  facet normal 0 0 -1
    outer loop
      vertex 0.5300000160718952 64.52000000327826 0
      vertex 6.310490227137926 65.68150401972662 0
      vertex 6.42009449188982 65.67287797701539 0
    endloop
  endfacet
  facet normal 0 0 -1
    outer loop
      vertex 0.9649878847518707 64.50348272344885 0
      vertex 6.42009449188982 65.67287797701539 0
      vertex 6.530000000000001 65.67 0
    endloop
  endfacet
  facet normal 0 0 -1
    outer loop
      vertex 0.9649878847518707 64.50348272344885 0
      vertex 6.530000000000001 65.67 0
      vertex 6.639905508110182 65.67287797701539 0
    endloop
  endfacet
  facet normal 0 0 -1
    outer loop
      vertex 0.9649878847518707 64.50348272344885 0
      vertex 6.639905508110182 65.67287797701539 0
      vertex 6.749509772862076 65.68150401972662 0
    endloop
  endfacet
  facet normal 0 0 -1
    outer loop
      vertex 0.9649878847518707 64.50348272344885 0
      vertex 6.749509772862076 65.68150401972662 0
      vertex 6.8585123765844855 65.69585448475021 0
    endloop
  endfacet
  facet normal 0 0 -1
    outer loop
      vertex 0.9649878847518707 64.50348272344885 0
      vertex 6.8585123765844855 65.69585448475021 0
      vertex 6.966614550717296 65.71589003845901 0
    endloop
  endfacet
  facet normal 0.9914448613738136 0.13052619222002776 -6.552131011288937e-20
    outer loop
      vertex 4.455854484750212 67.44148762341551 0
      vertex 4.441504019726629 67.55049022713793 0
      vertex 4.441504019726629 67.55049022713793 5.99
    endloop
  endfacet
  facet normal 0.9832549075639596 0.18223552549212066 1.2373547629900716e-19
    outer loop
      vertex 4.475890038459006 67.3333854492827 0
      vertex 4.455854484750212 67.44148762341551 0
      vertex 4.455854484750212 67.44148762341551 5.99
    endloop
  endfacet
  facet normal 0.7253743710122573 0.6883545756937859 0
    outer loop
      vertex 4.969395866497472 66.36482572664639 0
      vertex 4.969395866497472 66.36482572664639 5.99
      vertex 5.045075759508251 66.28507575950825 0
    endloop
  endfacet
  facet normal 0.6494480483302528 0.7604059655999719 0
    outer loop
      vertex 5.1248257266463995 66.20939586649747 0
      vertex 5.1248257266463995 66.20939586649747 5.99
      vertex 5.20842717879534 66.13799348094035 0
    endloop
  endfacet
  facet normal 0.6883545756937197 0.7253743710123203 -3.6705563236281386e-19
    outer loop
      vertex 5.1248257266463995 66.20939586649747 0
      vertex 5.045075759508251 66.28507575950825 0
      vertex 5.045075759508251 66.28507575950825 5.99
    endloop
  endfacet
  facet normal 0.6087614290087007 0.7933533402912506 2.3113917461507972e-20
    outer loop
      vertex 5.295650970185804 66.0710643118126 0
      vertex 5.20842717879534 66.13799348094035 0
      vertex 5.20842717879534 66.13799348094035 5.99
    endloop
  endfacet
  facet normal 0.9025852843498771 0.4305110968082607 0
    outer loop
      vertex 4.611554538950543 66.91585304954081 0
      vertex 4.611554538950543 66.91585304954081 5.99
      vertex 4.6588862992044255 66.81661995054695 0
    endloop
  endfacet
  facet normal 0.7933533402911954 0.6087614290087725 0
    outer loop
      vertex 4.831064311812611 66.5356509701858 0
      vertex 4.831064311812611 66.5356509701858 5.99
      vertex 4.8979934809403645 66.44842717879534 0
    endloop
  endfacet
  facet normal 0.8241261886220282 0.5664062369248144 -2.038964558204746e-19
    outer loop
      vertex 4.831064311812611 66.5356509701858 0
      vertex 4.768791807314614 66.62625802646843 0
      vertex 4.768791807314614 66.62625802646843 5.99
    endloop
  endfacet
  facet normal 0.8526401643541103 0.5224985647159196 3.217761421228812e-19
    outer loop
      vertex 4.768791807314614 66.62625802646843 0
      vertex 4.711346652052683 66.72 0
      vertex 4.711346652052683 66.72 5.99
    endloop
  endfacet
  facet normal 0.8788171126619431 0.4771587602596494 -5.115137395773751e-19
    outer loop
      vertex 4.711346652052683 66.72 0
      vertex 4.6588862992044255 66.81661995054695 0
      vertex 4.6588862992044255 66.81661995054695 5.99
    endloop
  endfacet
  facet normal 0.9426414910921602 0.3338068592338226 2.0017234478374114e-19
    outer loop
      vertex 4.56948110435588 67.01742730595487 0
      vertex 4.532781315780177 67.1210643118126 0
      vertex 4.532781315780177 67.1210643118126 5.99
    endloop
  endfacet
  facet normal 0.9588197348681882 0.2840153447039392 0
    outer loop
      vertex 4.501555764792954 67.2264800052847 0
      vertex 4.501555764792954 67.2264800052847 5.99
      vertex 4.532781315780177 67.1210643118126 0
    endloop
  endfacet
  facet normal 0.9238795325112891 0.3826834323650843 -1.7852071951589025e-20
    outer loop
      vertex 4.611554538950543 66.91585304954081 0
      vertex 4.56948110435588 67.01742730595487 0
      vertex 4.56948110435588 67.01742730595487 5.99
    endloop
  endfacet
  facet normal 0.9723699203976797 0.2334453638558925 1.1970622956936006e-19
    outer loop
      vertex 4.501555764792954 67.2264800052847 0
      vertex 4.475890038459006 67.3333854492827 0
      vertex 4.475890038459006 67.3333854492827 5.99
    endloop
  endfacet
  facet normal 0.7604059656000902 0.6494480483301142 4.275684870368157e-19
    outer loop
      vertex 4.969395866497472 66.36482572664639 0
      vertex 4.8979934809403645 66.44842717879534 0
      vertex 4.8979934809403645 66.44842717879534 5.99
    endloop
  endfacet
  facet normal 0.5664062369247843 0.8241261886220489 -3.834864284621673e-19
    outer loop
      vertex 5.386258026468447 66.00879180731461 0
      vertex 5.295650970185804 66.0710643118126 0
      vertex 5.295650970185804 66.0710643118126 5.99
    endloop
  endfacet
  facet normal 0.5224985647159484 0.8526401643540925 0
    outer loop
      vertex 5.386258026468447 66.00879180731461 0
      vertex 5.386258026468447 66.00879180731461 5.99
      vertex 5.480000000000004 65.95134665205268 0
    endloop
  endfacet
  facet normal 0.4771587602596494 0.8788171126619431 0
    outer loop
      vertex 5.480000000000004 65.95134665205268 0
      vertex 5.480000000000004 65.95134665205268 5.99
      vertex 5.576619950546956 65.89888629920442 0
    endloop
  endfacet
  facet normal 0.4305110968082607 0.9025852843498771 0
    outer loop
      vertex 5.576619950546956 65.89888629920442 0
      vertex 5.576619950546956 65.89888629920442 5.99
      vertex 5.6758530495408195 65.85155453895054 0
    endloop
  endfacet
  facet normal 0.33380685923370773 0.9426414910922009 0
    outer loop
      vertex 5.777427305954873 65.80948110435587 0
      vertex 5.777427305954873 65.80948110435587 5.99
      vertex 5.881064311812608 65.77278131578018 0
    endloop
  endfacet
  facet normal 0.2840153447039986 0.9588197348681705 -3.5753460844152164e-20
    outer loop
      vertex 5.9864800052847045 65.74155576479295 0
      vertex 5.881064311812608 65.77278131578018 0
      vertex 5.881064311812608 65.77278131578018 5.99
    endloop
  endfacet
  facet normal 0.2334453638558314 0.9723699203976943 0
    outer loop
      vertex 5.9864800052847045 65.74155576479295 0
      vertex 5.9864800052847045 65.74155576479295 5.99
      vertex 6.093385449282707 65.71589003845901 0
    endloop
  endfacet
  facet normal 0.38268343236513946 0.9238795325112662 -1.4469607776864186e-19
    outer loop
      vertex 5.777427305954873 65.80948110435587 0
      vertex 5.6758530495408195 65.85155453895054 0
      vertex 5.6758530495408195 65.85155453895054 5.99
    endloop
  endfacet
  facet normal 0 0 -1
    outer loop
      vertex 4.501555764792954 67.2264800052847 0
      vertex 0.5300000000000011 70.02 0
      vertex 4.475890038459006 67.3333854492827 0
    endloop
  endfacet
  facet normal 0 0 -1
    outer loop
      vertex 4.475890038459006 67.3333854492827 0
      vertex 0.5300000000000011 70.02 0
      vertex 4.455854484750212 67.44148762341551 0
    endloop
  endfacet
  facet normal 0 0 -1
    outer loop
      vertex 4.455854484750212 67.44148762341551 0
      vertex 0.5300000000000011 70.02 0
      vertex 4.441504019726629 67.55049022713793 0
    endloop
  endfacet
  facet normal 0 0 -1
    outer loop
      vertex 0.5300000000000011 70.02 0
      vertex 4.432877977015394 67.66009449188981 0
      vertex 4.441504019726629 67.55049022713793 0
    endloop
  endfacet
  facet normal 0 0 -1
    outer loop
      vertex 0.5300000000000011 70.02 0
      vertex 4.43 67.77 0
      vertex 4.432877977015394 67.66009449188981 0
    endloop
  endfacet
  facet normal 0 0 -1
    outer loop
      vertex 0.5300000000000011 70.02 0
      vertex 4.432877977015394 67.87990550811018 0
      vertex 4.43 67.77 0
    endloop
  endfacet
  facet normal 0 0 -1
    outer loop
      vertex 0.5300000000000011 70.02 0
      vertex 4.441504019726629 67.98950977286206 0
      vertex 4.432877977015394 67.87990550811018 0
    endloop
  endfacet
  facet normal 0 0 -1
    outer loop
      vertex 0.5300000000000011 70.02 0
      vertex 4.455854484750212 68.09851237658448 0
      vertex 4.441504019726629 67.98950977286206 0
    endloop
  endfacet
  facet normal 0 0 -1
    outer loop
      vertex 0.5300000000000011 70.02 0
      vertex 4.475890038459006 68.20661455071729 0
      vertex 4.455854484750212 68.09851237658448 0
    endloop
  endfacet
  facet normal 0 0 -1
    outer loop
      vertex 0.5300000000000011 70.02 0
      vertex 4.501555764792954 68.31351999471529 0
      vertex 4.475890038459006 68.20661455071729 0
    endloop
  endfacet
  facet normal 0 0 -1
    outer loop
      vertex 0.5300000000000011 70.02 0
      vertex 4.532781315780177 68.41893568818739 0
      vertex 4.501555764792954 68.31351999471529 0
    endloop
  endfacet
  facet normal 0 0 -1
    outer loop
      vertex 0.5300000000000011 70.02 0
      vertex 4.56948110435588 68.52257269404512 0
      vertex 4.532781315780177 68.41893568818739 0
    endloop
  endfacet
  facet normal 0 0 -1
    outer loop
      vertex 0.5300000000000011 70.02 0
      vertex 4.611554538950543 68.62414695045918 0
      vertex 4.56948110435588 68.52257269404512 0
    endloop
  endfacet
  facet normal 0 0 -1
    outer loop
      vertex 0.5300000000000011 70.02 0
      vertex 4.6588862992044255 68.72338004945304 0
      vertex 4.611554538950543 68.62414695045918 0
    endloop
  endfacet
  facet normal 0 0 -1
    outer loop
      vertex 0.5300000000000011 70.02 0
      vertex 4.711346652052683 68.82 0
      vertex 4.6588862992044255 68.72338004945304 0
    endloop
  endfacet
  facet normal 0 0 -1
    outer loop
      vertex 0.5300000000000011 70.02 0
      vertex 4.768791807314614 68.91374197353156 0
      vertex 4.711346652052683 68.82 0
    endloop
  endfacet
  facet normal 0 0 -1
    outer loop
      vertex 0.5300000000000011 70.02 0
      vertex 4.831064311812611 69.0043490298142 0
      vertex 4.768791807314614 68.91374197353156 0
    endloop
  endfacet
  facet normal 0 0 -1
    outer loop
      vertex 0.5300000000000011 70.02 0
      vertex 4.8979934809403645 69.09157282120465 0
      vertex 4.831064311812611 69.0043490298142 0
    endloop
  endfacet
  facet normal 0 0 -1
    outer loop
      vertex 0.5300000000000011 70.02 0
      vertex 4.969395866497472 69.1751742733536 0
      vertex 4.8979934809403645 69.09157282120465 0
    endloop
  endfacet
  facet normal 0 0 -1
    outer loop
      vertex 0.5300000000000011 70.02 0
      vertex 5.045075759508251 69.25492424049175 0
      vertex 4.969395866497472 69.1751742733536 0
    endloop
  endfacet
  facet normal 0 0 -1
    outer loop
      vertex 0.5300000000000011 70.02 0
      vertex 5.1248257266463995 69.33060413350252 0
      vertex 5.045075759508251 69.25492424049175 0
    endloop
  endfacet
  facet normal 0 0 -1
    outer loop
      vertex 0.5300000000000011 70.02 0
      vertex 5.20842717879534 69.40200651905964 0
      vertex 5.1248257266463995 69.33060413350252 0
    endloop
  endfacet
  facet normal 0 0 -1
    outer loop
      vertex 0.5300000000000011 70.02 0
      vertex 5.295650970185804 69.46893568818739 0
      vertex 5.20842717879534 69.40200651905964 0
    endloop
  endfacet
  facet normal 0 0 -1
    outer loop
      vertex 0.5300000000000011 70.02 0
      vertex 5.386258026468447 69.53120819268538 0
      vertex 5.295650970185804 69.46893568818739 0
    endloop
  endfacet
  facet normal 0 0 -1
    outer loop
      vertex 0.5300000000000011 70.02 0
      vertex 5.480000000000004 69.58865334794731 0
      vertex 5.386258026468447 69.53120819268538 0
    endloop
  endfacet
  facet normal 0 0 -1
    outer loop
      vertex 0.5300000000000011 70.02 0
      vertex 5.576619950546956 69.64111370079557 0
      vertex 5.480000000000004 69.58865334794731 0
    endloop
  endfacet
  facet normal 0 0 -1
    outer loop
      vertex 0.5300000000000011 70.02 0
      vertex 5.6758530495408195 69.68844546104945 0
      vertex 5.576619950546956 69.64111370079557 0
    endloop
  endfacet
  facet normal 0 0 -1
    outer loop
      vertex 0.5300000000000011 70.02 0
      vertex 5.777427305954873 69.73051889564412 0
      vertex 5.6758530495408195 69.68844546104945 0
    endloop
  endfacet
  facet normal 0 0 -1
    outer loop
      vertex 0.5300000000000011 70.02 0
      vertex 5.881064311812608 69.76721868421981 0
      vertex 5.777427305954873 69.73051889564412 0
    endloop
  endfacet
  facet normal 0 0 -1
    outer loop
      vertex 0.5300000000000011 70.02 0
      vertex 5.9864800052847045 69.79844423520704 0
      vertex 5.881064311812608 69.76721868421981 0
    endloop
  endfacet
  facet normal 0 0 -1
    outer loop
      vertex 0.5300000000000011 70.02 0
      vertex 6.093385449282707 69.82410996154098 0
      vertex 5.9864800052847045 69.79844423520704 0
    endloop
  endfacet
  facet normal 0 0 -1
    outer loop
      vertex 0.5300000000000011 70.02 0
      vertex 6.201487623415517 69.84414551524978 0
      vertex 6.093385449282707 69.82410996154098 0
    endloop
  endfacet
  facet normal 0 0 -1
    outer loop
      vertex 0.5300000000000011 70.02 0
      vertex 6.310490227137926 69.85849598027337 0
      vertex 6.201487623415517 69.84414551524978 0
    endloop
  endfacet
  facet normal 0 0 -1
    outer loop
      vertex 0.5300000000000011 70.02 0
      vertex 6.42009449188982 69.8671220229846 0
      vertex 6.310490227137926 69.85849598027337 0
    endloop
  endfacet
  facet normal 0 0 -1
    outer loop
      vertex 0.5300000000000011 70.02 0
      vertex 6.530000000000001 69.86999999999999 0
      vertex 6.42009449188982 69.8671220229846 0
    endloop
  endfacet
  facet normal 0.9969173337331246 0.07845909572788737 -7.635061504885012e-20
    outer loop
      vertex 4.441504019726629 67.55049022713793 0
      vertex 4.432877977015394 67.66009449188981 0
      vertex 4.432877977015394 67.66009449188981 5.99
    endloop
  endfacet
  facet normal 0.9996573249755575 0.026176948307869367 -3.920551178560204e-20
    outer loop
      vertex 4.432877977015394 67.66009449188981 0
      vertex 4.43 67.77 0
      vertex 4.43 67.77 5.99
    endloop
  endfacet
  facet normal 0.9996573249755575 -0.026176948307869367 3.920551178560204e-20
    outer loop
      vertex 4.43 67.77 0
      vertex 4.432877977015394 67.87990550811018 0
      vertex 4.432877977015394 67.87990550811018 5.99
    endloop
  endfacet
  facet normal 0.9969173337331246 -0.07845909572788737 7.635061504885012e-20
    outer loop
      vertex 4.432877977015394 67.87990550811018 0
      vertex 4.441504019726629 67.98950977286206 0
      vertex 4.441504019726629 67.98950977286206 5.99
    endloop
  endfacet
  facet normal 0.9914448613738136 -0.13052619222002776 6.552131011288937e-20
    outer loop
      vertex 4.441504019726629 67.98950977286206 0
      vertex 4.455854484750212 68.09851237658448 0
      vertex 4.455854484750212 68.09851237658448 5.99
    endloop
  endfacet
  facet normal 0.9832549075639596 -0.18223552549212066 -1.2373547629900716e-19
    outer loop
      vertex 4.455854484750212 68.09851237658448 0
      vertex 4.475890038459006 68.20661455071729 0
      vertex 4.475890038459006 68.20661455071729 5.99
    endloop
  endfacet
  facet normal 0.9723699203976797 -0.2334453638558925 -1.1970622956936006e-19
    outer loop
      vertex 4.475890038459006 68.20661455071729 0
      vertex 4.501555764792954 68.31351999471529 0
      vertex 4.501555764792954 68.31351999471529 5.99
    endloop
  endfacet
  facet normal 0.9588197348681882 -0.2840153447039392 -5.0330712081040033e-20
    outer loop
      vertex 4.501555764792954 68.31351999471529 0
      vertex 4.532781315780177 68.41893568818739 0
      vertex 4.532781315780177 68.41893568818739 5.99
    endloop
  endfacet
  facet normal 0.9426414910921602 -0.3338068592338226 -2.0017234478374114e-19
    outer loop
      vertex 4.532781315780177 68.41893568818739 0
      vertex 4.56948110435588 68.52257269404512 0
      vertex 4.56948110435588 68.52257269404512 5.99
    endloop
  endfacet
  facet normal 0.9238795325112891 -0.3826834323650843 1.7852071951589025e-20
    outer loop
      vertex 4.56948110435588 68.52257269404512 0
      vertex 4.611554538950543 68.62414695045918 0
      vertex 4.611554538950543 68.62414695045918 5.99
    endloop
  endfacet
  facet normal 0.9025852843498771 -0.4305110968082607 3.4021613224343004e-19
    outer loop
      vertex 4.611554538950543 68.62414695045918 0
      vertex 4.6588862992044255 68.72338004945304 0
      vertex 4.6588862992044255 68.72338004945304 5.99
    endloop
  endfacet
  facet normal 0.8788171126619431 -0.4771587602596494 5.115137395773751e-19
    outer loop
      vertex 4.6588862992044255 68.72338004945304 0
      vertex 4.711346652052683 68.82 0
      vertex 4.711346652052683 68.82 5.99
    endloop
  endfacet
  facet normal 0.8526401643541103 -0.5224985647159196 -3.217761421228812e-19
    outer loop
      vertex 4.711346652052683 68.82 0
      vertex 4.768791807314614 68.91374197353156 0
      vertex 4.768791807314614 68.91374197353156 5.99
    endloop
  endfacet
  facet normal 0.8241261886220282 -0.5664062369248144 2.038964558204746e-19
    outer loop
      vertex 4.768791807314614 68.91374197353156 0
      vertex 4.831064311812611 69.0043490298142 0
      vertex 4.831064311812611 69.0043490298142 5.99
    endloop
  endfacet
  facet normal 0.7933533402911954 -0.6087614290087725 3.1082048981771067e-19
    outer loop
      vertex 4.831064311812611 69.0043490298142 0
      vertex 4.8979934809403645 69.09157282120465 0
      vertex 4.8979934809403645 69.09157282120465 5.99
    endloop
  endfacet
  facet normal 0.7604059656000902 -0.6494480483301142 -4.275684870368157e-19
    outer loop
      vertex 4.8979934809403645 69.09157282120465 0
      vertex 4.969395866497472 69.1751742733536 0
      vertex 4.969395866497472 69.1751742733536 5.99
    endloop
  endfacet
  facet normal 0.7253743710122573 -0.6883545756937859 -4.995067603870972e-19
    outer loop
      vertex 4.969395866497472 69.1751742733536 0
      vertex 5.045075759508251 69.25492424049175 0
      vertex 5.045075759508251 69.25492424049175 5.99
    endloop
  endfacet
  facet normal 0.6883545756937197 -0.7253743710123203 3.6705563236281386e-19
    outer loop
      vertex 5.045075759508251 69.25492424049175 0
      vertex 5.1248257266463995 69.33060413350252 0
      vertex 5.1248257266463995 69.33060413350252 5.99
    endloop
  endfacet
  facet normal 0.6494480483302528 -0.7604059655999719 -5.994353747139107e-19
    outer loop
      vertex 5.1248257266463995 69.33060413350252 0
      vertex 5.20842717879534 69.40200651905964 0
      vertex 5.20842717879534 69.40200651905964 5.99
    endloop
  endfacet
  facet normal 0.6087614290087007 -0.7933533402912506 -2.3113917461507972e-20
    outer loop
      vertex 5.20842717879534 69.40200651905964 0
      vertex 5.295650970185804 69.46893568818739 0
      vertex 5.295650970185804 69.46893568818739 5.99
    endloop
  endfacet
  facet normal 0.5664062369247843 -0.8241261886220489 3.834864284621673e-19
    outer loop
      vertex 5.295650970185804 69.46893568818739 0
      vertex 5.386258026468447 69.53120819268538 0
      vertex 5.386258026468447 69.53120819268538 5.99
    endloop
  endfacet
  facet normal 0.5224985647159484 -0.8526401643540925 2.17280303874514e-19
    outer loop
      vertex 5.386258026468447 69.53120819268538 0
      vertex 5.480000000000004 69.58865334794731 0
      vertex 5.480000000000004 69.58865334794731 5.99
    endloop
  endfacet
  facet normal 0.4771587602596494 -0.8788171126619431 5.115137395773751e-19
    outer loop
      vertex 5.480000000000004 69.58865334794731 0
      vertex 5.576619950546956 69.64111370079557 0
      vertex 5.576619950546956 69.64111370079557 5.99
    endloop
  endfacet
  facet normal 0.4305110968082607 -0.9025852843498771 3.4021613224343004e-19
    outer loop
      vertex 5.576619950546956 69.64111370079557 0
      vertex 5.6758530495408195 69.68844546104945 0
      vertex 5.6758530495408195 69.68844546104945 5.99
    endloop
  endfacet
  facet normal 0.38268343236513946 -0.9238795325112662 1.4469607776864186e-19
    outer loop
      vertex 5.6758530495408195 69.68844546104945 0
      vertex 5.777427305954873 69.73051889564412 0
      vertex 5.777427305954873 69.73051889564412 5.99
    endloop
  endfacet
  facet normal 0.33380685923370773 -0.9426414910922009 -1.8529481429574259e-19
    outer loop
      vertex 5.777427305954873 69.73051889564412 0
      vertex 5.881064311812608 69.76721868421981 0
      vertex 5.881064311812608 69.76721868421981 5.99
    endloop
  endfacet
  facet normal 0.2840153447039986 -0.9588197348681705 3.5753460844152164e-20
    outer loop
      vertex 5.881064311812608 69.76721868421981 0
      vertex 5.9864800052847045 69.79844423520704 0
      vertex 5.9864800052847045 69.79844423520704 5.99
    endloop
  endfacet
  facet normal -1 0 0
    outer loop
      vertex 0.5300000000000011 70.02 0
      vertex 0.5300000000000011 64.52000000327826 8
      vertex 0.5300000000000011 70.02 8
    endloop
  endfacet
  facet normal -0.9996573258242132 0.026176915898989524 0
    outer loop
      vertex 0.5300000000000011 70.02 0
      vertex 0.5300000000000011 70.02 8
      vertex 0.5327409270405781 70.12467191040516 8
    endloop
  endfacet
  facet normal -0.9969173287082567 0.07845915957486238 0
    outer loop
      vertex 0.5327409270405781 70.12467191040516 0
      vertex 0.5327409270405781 70.12467191040516 8
      vertex 0.5409562128782284 70.22905692875385 8
    endloop
  endfacet
  facet normal -0.9914448646709336 0.130526167175912 0
    outer loop
      vertex 0.5409562128782284 70.22905692875385 0
      vertex 0.5409562128782284 70.22905692875385 8
      vertex 0.5546233195066463 70.33286893039941 8
    endloop
  endfacet
  facet normal -0.9832549067222632 0.18223553003350748 0
    outer loop
      vertex 0.5546233195066463 70.33286893039941 0
      vertex 0.5546233195066463 70.33286893039941 8
      vertex 0.5737048003077518 70.43582338511943 8
    endloop
  endfacet
  facet normal -0.9723699266881016 0.23344533765439804 0
    outer loop
      vertex 0.5737048003077518 70.43582338511943 0
      vertex 0.5737048003077518 70.43582338511943 8
      vertex 0.5981483447551739 70.53763808727264 8
    endloop
  endfacet
  facet normal -0.9588197384607063 0.28401533257580097 0
    outer loop
      vertex 0.5981483447551739 70.53763808727264 0
      vertex 0.5981483447551739 70.53763808727264 8
      vertex 0.6278869646787655 70.63803399026393 8
    endloop
  endfacet
  facet normal -0.9426414704722688 0.33380691746259405 0
    outer loop
      vertex 0.6278869646787655 70.63803399026393 0
      vertex 0.6278869646787655 70.63803399026393 8
      vertex 0.6628391507267963 70.73673589944839 8
    endloop
  endfacet
  facet normal -0.92387952935444 0.38268343998639204 0
    outer loop
      vertex 0.6628391507267963 70.73673589944839 0
      vertex 0.6628391507267963 70.73673589944839 8
      vertex 0.70290908843279 70.83347328424453 8
    endloop
  endfacet
  facet normal -0.9025853144542187 0.43051103369319 0
    outer loop
      vertex 0.70290908843279 70.83347328424453 0
      vertex 0.70290908843279 70.83347328424453 8
      vertex 0.7479869487881672 70.92798100084066 8
    endloop
  endfacet
  facet normal -0.8788170932013816 0.4771587961015434 0
    outer loop
      vertex 0.7479869487881672 70.92798100084066 0
      vertex 0.7479869487881672 70.92798100084066 8
      vertex 0.7979491937160503 71.02 8
    endloop
  endfacet
  facet normal -0.8526401644822993 0.5224985645067338 0
    outer loop
      vertex 0.7979491937160503 71.02 0
      vertex 0.7979491937160503 71.02 8
      vertex 0.8526588666439068 71.10927807211876 8
    endloop
  endfacet
  facet normal -0.824126195039763 0.5664062275869525 0
    outer loop
      vertex 0.8526588666439068 71.10927807211876 0
      vertex 0.8526588666439068 71.10927807211876 8
      vertex 0.9119660097360622 71.19557050287723 8
    endloop
  endfacet
  facet normal -0.7933533513494008 0.6087614145974385 0
    outer loop
      vertex 0.9119660097360622 71.19557050287723 0
      vertex 0.9119660097360622 71.19557050287723 8
      vertex 0.9757080736756336 71.27864078104496 8
    endloop
  endfacet
  facet normal -0.7604059369619204 0.6494480818611015 0
    outer loop
      vertex 0.9757080736756336 71.27864078104496 0
      vertex 0.9757080736756336 71.27864078104496 8
      vertex 1.0437103497982037 71.3582612094283 8
    endloop
  endfacet
  facet normal -0.7253743722808802 0.6883545743569364 0
    outer loop
      vertex 1.0437103497982037 71.3582612094283 0
      vertex 1.0437103497982037 71.3582612094283 8
      vertex 1.1157864394783985 71.4342135605216 8
    endloop
  endfacet
  facet normal -0.6883545743569364 0.7253743722808802 0
    outer loop
      vertex 1.1157864394783985 71.4342135605216 0
      vertex 1.1157864394783985 71.4342135605216 8
      vertex 1.1917387905716907 71.5062896502018 8
    endloop
  endfacet
  facet normal -0.6494480818611015 0.7604059369619204 0
    outer loop
      vertex 1.1917387905716907 71.5062896502018 0
      vertex 1.1917387905716907 71.5062896502018 8
      vertex 1.2713592189550411 71.57429192632436 8
    endloop
  endfacet
  facet normal -0.6087614145974385 0.7933533513494008 0
    outer loop
      vertex 1.2713592189550411 71.57429192632436 0
      vertex 1.2713592189550411 71.57429192632436 8
      vertex 1.3544294971227657 71.63803399026393 8
    endloop
  endfacet
  facet normal -0.5664062275869525 0.824126195039763 0
    outer loop
      vertex 1.3544294971227657 71.63803399026393 0
      vertex 1.3544294971227657 71.63803399026393 8
      vertex 1.440721927881242 71.69734113335609 8
    endloop
  endfacet
  facet normal -0.5224985645067338 0.8526401644822993 0
    outer loop
      vertex 1.440721927881242 71.69734113335609 0
      vertex 1.440721927881242 71.69734113335609 8
      vertex 1.5300000000000011 71.75205080628395 8
    endloop
  endfacet
  facet normal -0.4771587961015434 0.8788170932013816 0
    outer loop
      vertex 1.5300000000000011 71.75205080628395 0
      vertex 1.5300000000000011 71.75205080628395 8
      vertex 1.6220189991593372 71.80201305121183 8
    endloop
  endfacet
  facet normal -0.43051103369319 0.9025853144542187 0
    outer loop
      vertex 1.6220189991593372 71.80201305121183 0
      vertex 1.6220189991593372 71.80201305121183 8
      vertex 1.7165267157554638 71.84709091156721 8
    endloop
  endfacet
  facet normal -0.38268343998639204 0.92387952935444 0
    outer loop
      vertex 1.7165267157554638 71.84709091156721 0
      vertex 1.7165267157554638 71.84709091156721 8
      vertex 1.8132641005516064 71.8871608492732 8
    endloop
  endfacet
  facet normal -0.33380691746259405 0.9426414704722688 0
    outer loop
      vertex 1.8132641005516064 71.8871608492732 0
      vertex 1.8132641005516064 71.8871608492732 8
      vertex 1.9119660097360622 71.92211303532123 8
    endloop
  endfacet
  facet normal -0.28401533257580097 0.9588197384607063 0
    outer loop
      vertex 1.9119660097360622 71.92211303532123 0
      vertex 1.9119660097360622 71.92211303532123 8
      vertex 2.012361912727357 71.95185165524482 8
    endloop
  endfacet
  facet normal -0.23344533765439804 0.9723699266881016 0
    outer loop
      vertex 2.012361912727357 71.95185165524482 0
      vertex 2.012361912727357 71.95185165524482 8
      vertex 2.114176614880563 71.97629519969225 8
    endloop
  endfacet
  facet normal -0.18223553003350748 0.9832549067222632 0
    outer loop
      vertex 2.114176614880563 71.97629519969225 0
      vertex 2.114176614880563 71.97629519969225 8
      vertex 2.2171310696005833 71.99537668049335 8
    endloop
  endfacet
  facet normal -0.130526167175912 0.9914448646709336 0
    outer loop
      vertex 2.2171310696005833 71.99537668049335 0
      vertex 2.2171310696005833 71.99537668049335 8
      vertex 2.3209430712461483 72.00904378712177 8
    endloop
  endfacet
  facet normal -0.07845915957486238 0.9969173287082567 0
    outer loop
      vertex 2.3209430712461483 72.00904378712177 0
      vertex 2.3209430712461483 72.00904378712177 8
      vertex 2.425328089594842 72.01725907295942 8
    endloop
  endfacet
  facet normal -0.026176915898989524 0.9996573258242132 0
    outer loop
      vertex 2.425328089594842 72.01725907295942 0
      vertex 2.425328089594842 72.01725907295942 8
      vertex 2.530000000000001 72.02 8
    endloop
  endfacet
  facet normal 0.9832549075639596 0.18223552549212066 0
    outer loop
      vertex 4.475890038459006 67.3333854492827 0
      vertex 4.455854484750212 67.44148762341551 5.99
      vertex 4.475890038459006 67.3333854492827 5.99
    endloop
  endfacet
  facet normal 0.9914448613738136 0.13052619222002776 0
    outer loop
      vertex 4.455854484750212 67.44148762341551 0
      vertex 4.441504019726629 67.55049022713793 5.99
      vertex 4.455854484750212 67.44148762341551 5.99
    endloop
  endfacet
  facet normal 0.7604059656000902 0.6494480483301142 0
    outer loop
      vertex 4.969395866497472 66.36482572664639 0
      vertex 4.8979934809403645 66.44842717879534 5.99
      vertex 4.969395866497472 66.36482572664639 5.99
    endloop
  endfacet
  facet normal 0.7253743710122573 0.6883545756937859 0
    outer loop
      vertex 5.045075759508251 66.28507575950825 0
      vertex 4.969395866497472 66.36482572664639 5.99
      vertex 5.045075759508251 66.28507575950825 5.99
    endloop
  endfacet
  facet normal 0.6883545756937197 0.7253743710123203 0
    outer loop
      vertex 5.1248257266463995 66.20939586649747 0
      vertex 5.045075759508251 66.28507575950825 5.99
      vertex 5.1248257266463995 66.20939586649747 5.99
    endloop
  endfacet
  facet normal 0.6494480483302528 0.7604059655999719 0
    outer loop
      vertex 5.20842717879534 66.13799348094035 0
      vertex 5.1248257266463995 66.20939586649747 5.99
      vertex 5.20842717879534 66.13799348094035 5.99
    endloop
  endfacet
  facet normal 0.9238795325112891 0.3826834323650843 0
    outer loop
      vertex 4.611554538950543 66.91585304954081 0
      vertex 4.56948110435588 67.01742730595487 5.99
      vertex 4.611554538950543 66.91585304954081 5.99
    endloop
  endfacet
  facet normal 0.9025852843498771 0.4305110968082607 0
    outer loop
      vertex 4.6588862992044255 66.81661995054695 0
      vertex 4.611554538950543 66.91585304954081 5.99
      vertex 4.6588862992044255 66.81661995054695 5.99
    endloop
  endfacet
  facet normal 0.8526401643541103 0.5224985647159196 0
    outer loop
      vertex 4.768791807314614 66.62625802646843 0
      vertex 4.711346652052683 66.72 5.99
      vertex 4.768791807314614 66.62625802646843 5.99
    endloop
  endfacet
  facet normal 0.8241261886220282 0.5664062369248144 0
    outer loop
      vertex 4.831064311812611 66.5356509701858 0
      vertex 4.768791807314614 66.62625802646843 5.99
      vertex 4.831064311812611 66.5356509701858 5.99
    endloop
  endfacet
  facet normal 0.8788171126619431 0.4771587602596494 0
    outer loop
      vertex 4.711346652052683 66.72 0
      vertex 4.6588862992044255 66.81661995054695 5.99
      vertex 4.711346652052683 66.72 5.99
    endloop
  endfacet
  facet normal 0.9426414910921602 0.3338068592338226 0
    outer loop
      vertex 4.56948110435588 67.01742730595487 0
      vertex 4.532781315780177 67.1210643118126 5.99
      vertex 4.56948110435588 67.01742730595487 5.99
    endloop
  endfacet
  facet normal 0.9588197348681882 0.2840153447039392 0
    outer loop
      vertex 4.532781315780177 67.1210643118126 0
      vertex 4.501555764792954 67.2264800052847 5.99
      vertex 4.532781315780177 67.1210643118126 5.99
    endloop
  endfacet
  facet normal 0.9723699203976797 0.2334453638558925 0
    outer loop
      vertex 4.501555764792954 67.2264800052847 0
      vertex 4.475890038459006 67.3333854492827 5.99
      vertex 4.501555764792954 67.2264800052847 5.99
    endloop
  endfacet
  facet normal 0.7933533402911954 0.6087614290087725 0
    outer loop
      vertex 4.8979934809403645 66.44842717879534 0
      vertex 4.831064311812611 66.5356509701858 5.99
      vertex 4.8979934809403645 66.44842717879534 5.99
    endloop
  endfacet
  facet normal 0.6087614290087007 0.7933533402912506 0
    outer loop
      vertex 5.295650970185804 66.0710643118126 0
      vertex 5.20842717879534 66.13799348094035 5.99
      vertex 5.295650970185804 66.0710643118126 5.99
    endloop
  endfacet
  facet normal 0.5664062369247843 0.8241261886220489 0
    outer loop
      vertex 5.386258026468447 66.00879180731461 0
      vertex 5.295650970185804 66.0710643118126 5.99
      vertex 5.386258026468447 66.00879180731461 5.99
    endloop
  endfacet
  facet normal 0.5224985647159484 0.8526401643540925 0
    outer loop
      vertex 5.480000000000004 65.95134665205268 0
      vertex 5.386258026468447 66.00879180731461 5.99
      vertex 5.480000000000004 65.95134665205268 5.99
    endloop
  endfacet
  facet normal 0.4771587602596494 0.8788171126619431 0
    outer loop
      vertex 5.576619950546956 65.89888629920442 0
      vertex 5.480000000000004 65.95134665205268 5.99
      vertex 5.576619950546956 65.89888629920442 5.99
    endloop
  endfacet
  facet normal 0.38268343236513946 0.9238795325112662 0
    outer loop
      vertex 5.777427305954873 65.80948110435587 0
      vertex 5.6758530495408195 65.85155453895054 5.99
      vertex 5.777427305954873 65.80948110435587 5.99
    endloop
  endfacet
  facet normal 0.33380685923370773 0.9426414910922009 0
    outer loop
      vertex 5.881064311812608 65.77278131578018 0
      vertex 5.777427305954873 65.80948110435587 5.99
      vertex 5.881064311812608 65.77278131578018 5.99
    endloop
  endfacet
  facet normal 0.2840153447039986 0.9588197348681705 0
    outer loop
      vertex 5.9864800052847045 65.74155576479295 0
      vertex 5.881064311812608 65.77278131578018 5.99
      vertex 5.9864800052847045 65.74155576479295 5.99
    endloop
  endfacet
  facet normal 0.4305110968082607 0.9025852843498771 0
    outer loop
      vertex 5.6758530495408195 65.85155453895054 0
      vertex 5.576619950546956 65.89888629920442 5.99
      vertex 5.6758530495408195 65.85155453895054 5.99
    endloop
  endfacet
  facet normal 0 0 -1
    outer loop
      vertex 4.611554538950543 66.91585304954081 5.99
      vertex 4.56948110435588 67.01742730595487 5.99
      vertex 4.56948110435588 68.52257269404512 5.99
    endloop
  endfacet
  facet normal 0 0 -1
    outer loop
      vertex 4.611554538950543 66.91585304954081 5.99
      vertex 4.611554538950543 68.62414695045918 5.99
      vertex 4.6588862992044255 66.81661995054695 5.99
    endloop
  endfacet
  facet normal 0 0 -1
    outer loop
      vertex 4.768791807314614 66.62625802646843 5.99
      vertex 4.711346652052683 66.72 5.99
      vertex 4.711346652052683 68.82 5.99
    endloop
  endfacet
  facet normal 0 0 -1
    outer loop
      vertex 4.711346652052683 66.72 5.99
      vertex 4.6588862992044255 66.81661995054695 5.99
      vertex 4.6588862992044255 68.72338004945304 5.99
    endloop
  endfacet
  facet normal 0 0 -1
    outer loop
      vertex 4.831064311812611 66.5356509701858 5.99
      vertex 4.768791807314614 66.62625802646843 5.99
      vertex 4.768791807314614 68.91374197353156 5.99
    endloop
  endfacet
  facet normal 0 0 -1
    outer loop
      vertex 4.831064311812611 66.5356509701858 5.99
      vertex 4.831064311812611 69.0043490298142 5.99
      vertex 4.8979934809403645 66.44842717879534 5.99
    endloop
  endfacet
  facet normal 0 0 -1
    outer loop
      vertex 4.969395866497472 66.36482572664639 5.99
      vertex 4.8979934809403645 66.44842717879534 5.99
      vertex 4.8979934809403645 69.09157282120465 5.99
    endloop
  endfacet
  facet normal 0 0 -1
    outer loop
      vertex 4.969395866497472 66.36482572664639 5.99
      vertex 4.969395866497472 69.1751742733536 5.99
      vertex 5.045075759508251 66.28507575950825 5.99
    endloop
  endfacet
  facet normal 0 0 -1
    outer loop
      vertex 5.1248257266463995 66.20939586649747 5.99
      vertex 5.1248257266463995 69.33060413350252 5.99
      vertex 5.20842717879534 66.13799348094035 5.99
    endloop
  endfacet
  facet normal 0 0 -1
    outer loop
      vertex 5.295650970185804 66.0710643118126 5.99
      vertex 5.20842717879534 66.13799348094035 5.99
      vertex 5.20842717879534 69.40200651905964 5.99
    endloop
  endfacet
  facet normal 0 0 -1
    outer loop
      vertex 5.1248257266463995 66.20939586649747 5.99
      vertex 5.045075759508251 66.28507575950825 5.99
      vertex 5.045075759508251 69.25492424049175 5.99
    endloop
  endfacet
  facet normal 0 0 -1
    outer loop
      vertex 5.386258026468447 66.00879180731461 5.99
      vertex 5.295650970185804 66.0710643118126 5.99
      vertex 5.295650970185804 69.46893568818739 5.99
    endloop
  endfacet
  facet normal 0 0 -1
    outer loop
      vertex 5.386258026468447 66.00879180731461 5.99
      vertex 5.386258026468447 69.53120819268538 5.99
      vertex 5.480000000000004 65.95134665205268 5.99
    endloop
  endfacet
  facet normal 0 0 -1
    outer loop
      vertex 5.480000000000004 65.95134665205268 5.99
      vertex 5.480000000000004 69.58865334794731 5.99
      vertex 5.576619950546956 65.89888629920442 5.99
    endloop
  endfacet
  facet normal 0 0 -1
    outer loop
      vertex 5.576619950546956 65.89888629920442 5.99
      vertex 5.576619950546956 69.64111370079557 5.99
      vertex 5.6758530495408195 65.85155453895054 5.99
    endloop
  endfacet
  facet normal 0 0 -1
    outer loop
      vertex 5.777427305954873 65.80948110435587 5.99
      vertex 5.6758530495408195 65.85155453895054 5.99
      vertex 5.6758530495408195 69.68844546104945 5.99
    endloop
  endfacet
  facet normal 0 0 -1
    outer loop
      vertex 5.777427305954873 65.80948110435587 5.99
      vertex 5.777427305954873 69.73051889564412 5.99
      vertex 5.881064311812608 65.77278131578018 5.99
    endloop
  endfacet
  facet normal 0 0 -1
    outer loop
      vertex 5.9864800052847045 65.74155576479295 5.99
      vertex 5.881064311812608 65.77278131578018 5.99
      vertex 5.881064311812608 69.76721868421981 5.99
    endloop
  endfacet
  facet normal 0 0 -1
    outer loop
      vertex 5.9864800052847045 65.74155576479295 5.99
      vertex 5.9864800052847045 69.79844423520704 5.99
      vertex 6.093385449282707 65.71589003845901 5.99
    endloop
  endfacet
  facet normal 0.9969173337331246 0.07845909572788737 0
    outer loop
      vertex 4.441504019726629 67.55049022713793 0
      vertex 4.432877977015394 67.66009449188981 5.99
      vertex 4.441504019726629 67.55049022713793 5.99
    endloop
  endfacet
  facet normal 0.9996573249755575 0.026176948307869367 0
    outer loop
      vertex 4.432877977015394 67.66009449188981 0
      vertex 4.43 67.77 5.99
      vertex 4.432877977015394 67.66009449188981 5.99
    endloop
  endfacet
  facet normal 0.9996573249755575 -0.026176948307869367 0
    outer loop
      vertex 4.43 67.77 0
      vertex 4.432877977015394 67.87990550811018 5.99
      vertex 4.43 67.77 5.99
    endloop
  endfacet
  facet normal 0.9969173337331246 -0.07845909572788737 0
    outer loop
      vertex 4.432877977015394 67.87990550811018 0
      vertex 4.441504019726629 67.98950977286206 5.99
      vertex 4.432877977015394 67.87990550811018 5.99
    endloop
  endfacet
  facet normal 0.9914448613738136 -0.13052619222002776 0
    outer loop
      vertex 4.441504019726629 67.98950977286206 0
      vertex 4.455854484750212 68.09851237658448 5.99
      vertex 4.441504019726629 67.98950977286206 5.99
    endloop
  endfacet
  facet normal 0.9832549075639596 -0.18223552549212066 0
    outer loop
      vertex 4.455854484750212 68.09851237658448 0
      vertex 4.475890038459006 68.20661455071729 5.99
      vertex 4.455854484750212 68.09851237658448 5.99
    endloop
  endfacet
  facet normal 0.9723699203976797 -0.2334453638558925 0
    outer loop
      vertex 4.475890038459006 68.20661455071729 0
      vertex 4.501555764792954 68.31351999471529 5.99
      vertex 4.475890038459006 68.20661455071729 5.99
    endloop
  endfacet
  facet normal 0.9588197348681882 -0.2840153447039392 0
    outer loop
      vertex 4.501555764792954 68.31351999471529 0
      vertex 4.532781315780177 68.41893568818739 5.99
      vertex 4.501555764792954 68.31351999471529 5.99
    endloop
  endfacet
  facet normal 0.9426414910921602 -0.3338068592338226 0
    outer loop
      vertex 4.532781315780177 68.41893568818739 0
      vertex 4.56948110435588 68.52257269404512 5.99
      vertex 4.532781315780177 68.41893568818739 5.99
    endloop
  endfacet
  facet normal 0.9238795325112891 -0.3826834323650843 0
    outer loop
      vertex 4.56948110435588 68.52257269404512 0
      vertex 4.611554538950543 68.62414695045918 5.99
      vertex 4.56948110435588 68.52257269404512 5.99
    endloop
  endfacet
  facet normal 0.9025852843498771 -0.4305110968082607 0
    outer loop
      vertex 4.611554538950543 68.62414695045918 0
      vertex 4.6588862992044255 68.72338004945304 5.99
      vertex 4.611554538950543 68.62414695045918 5.99
    endloop
  endfacet
  facet normal 0.8788171126619431 -0.4771587602596494 0
    outer loop
      vertex 4.6588862992044255 68.72338004945304 0
      vertex 4.711346652052683 68.82 5.99
      vertex 4.6588862992044255 68.72338004945304 5.99
    endloop
  endfacet
  facet normal 0.8526401643541103 -0.5224985647159196 0
    outer loop
      vertex 4.711346652052683 68.82 0
      vertex 4.768791807314614 68.91374197353156 5.99
      vertex 4.711346652052683 68.82 5.99
    endloop
  endfacet
  facet normal 0.8241261886220282 -0.5664062369248144 0
    outer loop
      vertex 4.768791807314614 68.91374197353156 0
      vertex 4.831064311812611 69.0043490298142 5.99
      vertex 4.768791807314614 68.91374197353156 5.99
    endloop
  endfacet
  facet normal 0.7933533402911954 -0.6087614290087725 0
    outer loop
      vertex 4.831064311812611 69.0043490298142 0
      vertex 4.8979934809403645 69.09157282120465 5.99
      vertex 4.831064311812611 69.0043490298142 5.99
    endloop
  endfacet
  facet normal 0.7604059656000902 -0.6494480483301142 0
    outer loop
      vertex 4.8979934809403645 69.09157282120465 0
      vertex 4.969395866497472 69.1751742733536 5.99
      vertex 4.8979934809403645 69.09157282120465 5.99
    endloop
  endfacet
  facet normal 0.7253743710122573 -0.6883545756937859 0
    outer loop
      vertex 4.969395866497472 69.1751742733536 0
      vertex 5.045075759508251 69.25492424049175 5.99
      vertex 4.969395866497472 69.1751742733536 5.99
    endloop
  endfacet
  facet normal 0.6883545756937197 -0.7253743710123203 0
    outer loop
      vertex 5.045075759508251 69.25492424049175 0
      vertex 5.1248257266463995 69.33060413350252 5.99
      vertex 5.045075759508251 69.25492424049175 5.99
    endloop
  endfacet
  facet normal 0.6494480483302528 -0.7604059655999719 0
    outer loop
      vertex 5.1248257266463995 69.33060413350252 0
      vertex 5.20842717879534 69.40200651905964 5.99
      vertex 5.1248257266463995 69.33060413350252 5.99
    endloop
  endfacet
  facet normal 0.6087614290087007 -0.7933533402912506 0
    outer loop
      vertex 5.20842717879534 69.40200651905964 0
      vertex 5.295650970185804 69.46893568818739 5.99
      vertex 5.20842717879534 69.40200651905964 5.99
    endloop
  endfacet
  facet normal 0.5664062369247843 -0.8241261886220489 0
    outer loop
      vertex 5.295650970185804 69.46893568818739 0
      vertex 5.386258026468447 69.53120819268538 5.99
      vertex 5.295650970185804 69.46893568818739 5.99
    endloop
  endfacet
  facet normal 0.5224985647159484 -0.8526401643540925 0
    outer loop
      vertex 5.386258026468447 69.53120819268538 0
      vertex 5.480000000000004 69.58865334794731 5.99
      vertex 5.386258026468447 69.53120819268538 5.99
    endloop
  endfacet
  facet normal 0.4771587602596494 -0.8788171126619431 0
    outer loop
      vertex 5.480000000000004 69.58865334794731 0
      vertex 5.576619950546956 69.64111370079557 5.99
      vertex 5.480000000000004 69.58865334794731 5.99
    endloop
  endfacet
  facet normal 0.4305110968082607 -0.9025852843498771 0
    outer loop
      vertex 5.576619950546956 69.64111370079557 0
      vertex 5.6758530495408195 69.68844546104945 5.99
      vertex 5.576619950546956 69.64111370079557 5.99
    endloop
  endfacet
  facet normal 0.38268343236513946 -0.9238795325112662 0
    outer loop
      vertex 5.6758530495408195 69.68844546104945 0
      vertex 5.777427305954873 69.73051889564412 5.99
      vertex 5.6758530495408195 69.68844546104945 5.99
    endloop
  endfacet
  facet normal 0.33380685923370773 -0.9426414910922009 0
    outer loop
      vertex 5.777427305954873 69.73051889564412 0
      vertex 5.881064311812608 69.76721868421981 5.99
      vertex 5.777427305954873 69.73051889564412 5.99
    endloop
  endfacet
  facet normal 0.2840153447039986 -0.9588197348681705 0
    outer loop
      vertex 5.881064311812608 69.76721868421981 0
      vertex 5.9864800052847045 69.79844423520704 5.99
      vertex 5.881064311812608 69.76721868421981 5.99
    endloop
  endfacet
  facet normal 0.2334453638558314 -0.9723699203976943 0
    outer loop
      vertex 5.9864800052847045 69.79844423520704 0
      vertex 6.093385449282707 69.82410996154098 5.99
      vertex 5.9864800052847045 69.79844423520704 5.99
    endloop
  endfacet
  facet normal 0 0 -1
    outer loop
      vertex 4.475890038459006 67.3333854492827 5.99
      vertex 4.455854484750212 67.44148762341551 5.99
      vertex 4.455854484750212 68.09851237658448 5.99
    endloop
  endfacet
  facet normal 0 0 -1
    outer loop
      vertex 4.455854484750212 67.44148762341551 5.99
      vertex 4.441504019726629 67.55049022713793 5.99
      vertex 4.441504019726629 67.98950977286206 5.99
    endloop
  endfacet
  facet normal 0 0 -1
    outer loop
      vertex 4.441504019726629 67.55049022713793 5.99
      vertex 4.432877977015394 67.66009449188981 5.99
      vertex 4.432877977015394 67.87990550811018 5.99
    endloop
  endfacet
  facet normal 0 0 -1
    outer loop
      vertex 4.432877977015394 67.66009449188981 5.99
      vertex 4.43 67.77 5.99
      vertex 4.432877977015394 67.87990550811018 5.99
    endloop
  endfacet
  facet normal 0 0 -1
    outer loop
      vertex 4.441504019726629 67.55049022713793 5.99
      vertex 4.432877977015394 67.87990550811018 5.99
      vertex 4.441504019726629 67.98950977286206 5.99
    endloop
  endfacet
  facet normal 0 0 -1
    outer loop
      vertex 4.455854484750212 67.44148762341551 5.99
      vertex 4.441504019726629 67.98950977286206 5.99
      vertex 4.455854484750212 68.09851237658448 5.99
    endloop
  endfacet
  facet normal 0 0 -1
    outer loop
      vertex 4.475890038459006 67.3333854492827 5.99
      vertex 4.455854484750212 68.09851237658448 5.99
      vertex 4.475890038459006 68.20661455071729 5.99
    endloop
  endfacet
  facet normal 0 0 -1
    outer loop
      vertex 4.56948110435588 67.01742730595487 5.99
      vertex 4.532781315780177 67.1210643118126 5.99
      vertex 4.532781315780177 68.41893568818739 5.99
    endloop
  endfacet
  facet normal 0 0 -1
    outer loop
      vertex 4.501555764792954 67.2264800052847 5.99
      vertex 4.475890038459006 67.3333854492827 5.99
      vertex 4.475890038459006 68.20661455071729 5.99
    endloop
  endfacet
  facet normal 0 0 -1
    outer loop
      vertex 4.532781315780177 67.1210643118126 5.99
      vertex 4.501555764792954 67.2264800052847 5.99
      vertex 4.501555764792954 68.31351999471529 5.99
    endloop
  endfacet
  facet normal 0 0 -1
    outer loop
      vertex 4.501555764792954 67.2264800052847 5.99
      vertex 4.475890038459006 68.20661455071729 5.99
      vertex 4.501555764792954 68.31351999471529 5.99
    endloop
  endfacet
  facet normal 0 0 -1
    outer loop
      vertex 4.532781315780177 67.1210643118126 5.99
      vertex 4.501555764792954 68.31351999471529 5.99
      vertex 4.532781315780177 68.41893568818739 5.99
    endloop
  endfacet
  facet normal 0 0 -1
    outer loop
      vertex 4.56948110435588 67.01742730595487 5.99
      vertex 4.532781315780177 68.41893568818739 5.99
      vertex 4.56948110435588 68.52257269404512 5.99
    endloop
  endfacet
  facet normal 0 0 -1
    outer loop
      vertex 4.611554538950543 66.91585304954081 5.99
      vertex 4.56948110435588 68.52257269404512 5.99
      vertex 4.611554538950543 68.62414695045918 5.99
    endloop
  endfacet
  facet normal 0 0 -1
    outer loop
      vertex 4.6588862992044255 66.81661995054695 5.99
      vertex 4.611554538950543 68.62414695045918 5.99
      vertex 4.6588862992044255 68.72338004945304 5.99
    endloop
  endfacet
  facet normal 0 0 -1
    outer loop
      vertex 4.711346652052683 66.72 5.99
      vertex 4.6588862992044255 68.72338004945304 5.99
      vertex 4.711346652052683 68.82 5.99
    endloop
  endfacet
  facet normal 0 0 -1
    outer loop
      vertex 4.768791807314614 66.62625802646843 5.99
      vertex 4.711346652052683 68.82 5.99
      vertex 4.768791807314614 68.91374197353156 5.99
    endloop
  endfacet
  facet normal 0 0 -1
    outer loop
      vertex 4.831064311812611 66.5356509701858 5.99
      vertex 4.768791807314614 68.91374197353156 5.99
      vertex 4.831064311812611 69.0043490298142 5.99
    endloop
  endfacet
  facet normal 0 0 -1
    outer loop
      vertex 4.8979934809403645 66.44842717879534 5.99
      vertex 4.831064311812611 69.0043490298142 5.99
      vertex 4.8979934809403645 69.09157282120465 5.99
    endloop
  endfacet
  facet normal 0 0 -1
    outer loop
      vertex 4.969395866497472 66.36482572664639 5.99
      vertex 4.8979934809403645 69.09157282120465 5.99
      vertex 4.969395866497472 69.1751742733536 5.99
    endloop
  endfacet
  facet normal 0 0 -1
    outer loop
      vertex 5.045075759508251 66.28507575950825 5.99
      vertex 4.969395866497472 69.1751742733536 5.99
      vertex 5.045075759508251 69.25492424049175 5.99
    endloop
  endfacet
  facet normal 0 0 -1
    outer loop
      vertex 5.1248257266463995 66.20939586649747 5.99
      vertex 5.045075759508251 69.25492424049175 5.99
      vertex 5.1248257266463995 69.33060413350252 5.99
    endloop
  endfacet
  facet normal 0 0 -1
    outer loop
      vertex 5.20842717879534 66.13799348094035 5.99
      vertex 5.1248257266463995 69.33060413350252 5.99
      vertex 5.20842717879534 69.40200651905964 5.99
    endloop
  endfacet
  facet normal 0 0 -1
    outer loop
      vertex 5.295650970185804 66.0710643118126 5.99
      vertex 5.20842717879534 69.40200651905964 5.99
      vertex 5.295650970185804 69.46893568818739 5.99
    endloop
  endfacet
  facet normal 0 0 -1
    outer loop
      vertex 5.386258026468447 66.00879180731461 5.99
      vertex 5.295650970185804 69.46893568818739 5.99
      vertex 5.386258026468447 69.53120819268538 5.99
    endloop
  endfacet
  facet normal 0 0 -1
    outer loop
      vertex 5.480000000000004 65.95134665205268 5.99
      vertex 5.386258026468447 69.53120819268538 5.99
      vertex 5.480000000000004 69.58865334794731 5.99
    endloop
  endfacet
  facet normal 0 0 -1
    outer loop
      vertex 5.576619950546956 65.89888629920442 5.99
      vertex 5.480000000000004 69.58865334794731 5.99
      vertex 5.576619950546956 69.64111370079557 5.99
    endloop
  endfacet
  facet normal 0 0 -1
    outer loop
      vertex 5.6758530495408195 65.85155453895054 5.99
      vertex 5.576619950546956 69.64111370079557 5.99
      vertex 5.6758530495408195 69.68844546104945 5.99
    endloop
  endfacet
  facet normal 0 0 -1
    outer loop
      vertex 5.777427305954873 65.80948110435587 5.99
      vertex 5.6758530495408195 69.68844546104945 5.99
      vertex 5.777427305954873 69.73051889564412 5.99
    endloop
  endfacet
  facet normal 0 0 -1
    outer loop
      vertex 5.881064311812608 65.77278131578018 5.99
      vertex 5.777427305954873 69.73051889564412 5.99
      vertex 5.881064311812608 69.76721868421981 5.99
    endloop
  endfacet
  facet normal 0 0 -1
    outer loop
      vertex 5.9864800052847045 65.74155576479295 5.99
      vertex 5.881064311812608 69.76721868421981 5.99
      vertex 5.9864800052847045 69.79844423520704 5.99
    endloop
  endfacet
  facet normal 0 0 -1
    outer loop
      vertex 0.9649878847518707 64.50348272344885 0
      vertex 20.532781315780177 68.41893568818739 0
      vertex 1.4851883784680027 64.50354254796684 0
    endloop
  endfacet
  facet normal 0.18223552549212066 0.9832549075639596 0
    outer loop
      vertex 6.093385449282707 65.71589003845901 0
      vertex 6.093385449282707 65.71589003845901 5.99
      vertex 6.201487623415517 65.69585448475021 0
    endloop
  endfacet
  facet normal 0.13052619222016315 0.9914448613737956 1.4566916494479693e-19
    outer loop
      vertex 6.310490227137926 65.68150401972662 0
      vertex 6.201487623415517 65.69585448475021 0
      vertex 6.201487623415517 65.69585448475021 5.99
    endloop
  endfacet
  facet normal 0.07845909572781304 0.9969173337331304 0
    outer loop
      vertex 6.310490227137926 65.68150401972662 0
      vertex 6.310490227137926 65.68150401972662 5.99
      vertex 6.42009449188982 65.67287797701539 0
    endloop
  endfacet
  facet normal 0.02617694830780647 0.9996573249755589 0
    outer loop
      vertex 6.42009449188982 65.67287797701539 0
      vertex 6.42009449188982 65.67287797701539 5.99
      vertex 6.530000000000001 65.67 0
    endloop
  endfacet
  facet normal -0.02617694830780647 0.9996573249755589 0
    outer loop
      vertex 6.530000000000001 65.67 0
      vertex 6.530000000000001 65.67 5.99
      vertex 6.639905508110182 65.67287797701539 0
    endloop
  endfacet
  facet normal -0.07845909572781304 0.9969173337331304 0
    outer loop
      vertex 6.639905508110182 65.67287797701539 0
      vertex 6.639905508110182 65.67287797701539 5.99
      vertex 6.749509772862076 65.68150401972662 0
    endloop
  endfacet
  facet normal -0.13052619222016315 0.9914448613737956 0
    outer loop
      vertex 6.749509772862076 65.68150401972662 0
      vertex 6.749509772862076 65.68150401972662 5.99
      vertex 6.8585123765844855 65.69585448475021 0
    endloop
  endfacet
  facet normal -0.18223552549212066 0.9832549075639596 0
    outer loop
      vertex 6.8585123765844855 65.69585448475021 0
      vertex 6.8585123765844855 65.69585448475021 5.99
      vertex 6.966614550717296 65.71589003845901 0
    endloop
  endfacet
  facet normal -0.2334453638558314 0.9723699203976943 0
    outer loop
      vertex 6.966614550717296 65.71589003845901 0
      vertex 6.966614550717296 65.71589003845901 5.99
      vertex 7.073519994715298 65.74155576479295 0
    endloop
  endfacet
  facet normal -0.2840153447039986 0.9588197348681705 0
    outer loop
      vertex 7.073519994715298 65.74155576479295 0
      vertex 7.073519994715298 65.74155576479295 5.99
      vertex 7.178935688187394 65.77278131578018 0
    endloop
  endfacet
  facet normal -0.33380685923370773 0.9426414910922009 0
    outer loop
      vertex 7.178935688187394 65.77278131578018 0
      vertex 7.178935688187394 65.77278131578018 5.99
      vertex 7.282572694045129 65.80948110435587 0
    endloop
  endfacet
  facet normal -0.38268343236513946 0.9238795325112662 0
    outer loop
      vertex 7.282572694045129 65.80948110435587 0
      vertex 7.282572694045129 65.80948110435587 5.99
      vertex 7.384146950459183 65.85155453895054 0
    endloop
  endfacet
  facet normal -0.4305110968082607 0.9025852843498771 0
    outer loop
      vertex 7.384146950459183 65.85155453895054 0
      vertex 7.384146950459183 65.85155453895054 5.99
      vertex 7.4833800494530465 65.89888629920442 0
    endloop
  endfacet
  facet normal -0.4771587602596494 0.8788171126619431 0
    outer loop
      vertex 7.4833800494530465 65.89888629920442 0
      vertex 7.4833800494530465 65.89888629920442 5.99
      vertex 7.579999999999998 65.95134665205268 0
    endloop
  endfacet
  facet normal -0.5224985647159484 0.8526401643540925 0
    outer loop
      vertex 7.579999999999998 65.95134665205268 0
      vertex 7.579999999999998 65.95134665205268 5.99
      vertex 7.6737419735315555 66.00879180731461 0
    endloop
  endfacet
  facet normal -0.5664062369247843 0.8241261886220489 0
    outer loop
      vertex 7.6737419735315555 66.00879180731461 0
      vertex 7.6737419735315555 66.00879180731461 5.99
      vertex 7.764349029814198 66.0710643118126 0
    endloop
  endfacet
  facet normal -0.6087614290087007 0.7933533402912506 0
    outer loop
      vertex 7.764349029814198 66.0710643118126 0
      vertex 7.764349029814198 66.0710643118126 5.99
      vertex 7.8515728212046625 66.13799348094035 0
    endloop
  endfacet
  facet normal -0.6494480483302528 0.7604059655999719 0
    outer loop
      vertex 7.8515728212046625 66.13799348094035 0
      vertex 7.8515728212046625 66.13799348094035 5.99
      vertex 7.935174273353603 66.20939586649747 0
    endloop
  endfacet
  facet normal -0.6883545756937197 0.7253743710123203 0
    outer loop
      vertex 7.935174273353603 66.20939586649747 0
      vertex 7.935174273353603 66.20939586649747 5.99
      vertex 8.014924240491752 66.28507575950825 0
    endloop
  endfacet
  facet normal -0.7253743710122573 0.6883545756937859 0
    outer loop
      vertex 8.014924240491752 66.28507575950825 0
      vertex 8.014924240491752 66.28507575950825 5.99
      vertex 8.09060413350253 66.36482572664639 0
    endloop
  endfacet
  facet normal -0.7604059656000902 0.6494480483301142 0
    outer loop
      vertex 8.09060413350253 66.36482572664639 0
      vertex 8.09060413350253 66.36482572664639 5.99
      vertex 8.162006519059638 66.44842717879534 0
    endloop
  endfacet
  facet normal -0.7933533402911954 0.6087614290087725 0
    outer loop
      vertex 8.162006519059638 66.44842717879534 0
      vertex 8.162006519059638 66.44842717879534 5.99
      vertex 8.228935688187391 66.5356509701858 0
    endloop
  endfacet
  facet normal -0.8241261886220282 0.5664062369248144 0
    outer loop
      vertex 8.228935688187391 66.5356509701858 0
      vertex 8.228935688187391 66.5356509701858 5.99
      vertex 8.291208192685389 66.62625802646843 0
    endloop
  endfacet
  facet normal -0.8526401643541103 0.5224985647159196 0
    outer loop
      vertex 8.291208192685389 66.62625802646843 0
      vertex 8.291208192685389 66.62625802646843 5.99
      vertex 8.34865334794732 66.72 0
    endloop
  endfacet
  facet normal -0.8788171126619431 0.4771587602596494 0
    outer loop
      vertex 8.34865334794732 66.72 0
      vertex 8.34865334794732 66.72 5.99
      vertex 8.401113700795577 66.81661995054695 0
    endloop
  endfacet
  facet normal -0.9025852843498771 0.4305110968082607 0
    outer loop
      vertex 8.401113700795577 66.81661995054695 0
      vertex 8.401113700795577 66.81661995054695 5.99
      vertex 8.44844546104946 66.91585304954081 0
    endloop
  endfacet
  facet normal -0.9238795325112891 0.3826834323650843 0
    outer loop
      vertex 8.44844546104946 66.91585304954081 0
      vertex 8.44844546104946 66.91585304954081 5.99
      vertex 8.490518895644122 67.01742730595487 0
    endloop
  endfacet
  facet normal -0.9426414910921602 0.3338068592338226 0
    outer loop
      vertex 8.490518895644122 67.01742730595487 0
      vertex 8.490518895644122 67.01742730595487 5.99
      vertex 8.527218684219825 67.1210643118126 0
    endloop
  endfacet
  facet normal -0.9588197348681882 0.2840153447039392 0
    outer loop
      vertex 8.527218684219825 67.1210643118126 0
      vertex 8.527218684219825 67.1210643118126 5.99
      vertex 8.558444235207048 67.2264800052847 0
    endloop
  endfacet
  facet normal -0.9723699203976797 0.2334453638558925 0
    outer loop
      vertex 8.558444235207048 67.2264800052847 0
      vertex 8.558444235207048 67.2264800052847 5.99
      vertex 8.584109961540996 67.3333854492827 0
    endloop
  endfacet
  facet normal -0.9832549075639596 0.18223552549212066 0
    outer loop
      vertex 8.584109961540996 67.3333854492827 0
      vertex 8.584109961540996 67.3333854492827 5.99
      vertex 8.60414551524979 67.44148762341551 0
    endloop
  endfacet
  facet normal -0.9914448613738136 0.13052619222002776 0
    outer loop
      vertex 8.60414551524979 67.44148762341551 0
      vertex 8.60414551524979 67.44148762341551 5.99
      vertex 8.618495980273373 67.55049022713793 0
    endloop
  endfacet
  facet normal -0.33380685923370773 -0.9426414910922009 0
    outer loop
      vertex 7.282572694045129 69.73051889564412 0
      vertex 7.282572694045129 69.73051889564412 5.99
      vertex 7.178935688187394 69.76721868421981 0
    endloop
  endfacet
  facet normal -0.38268343236513946 -0.9238795325112662 -1.4469607776864186e-19
    outer loop
      vertex 7.282572694045129 69.73051889564412 0
      vertex 7.384146950459183 69.68844546104945 0
      vertex 7.384146950459183 69.68844546104945 5.99
    endloop
  endfacet
  facet normal -0.4305110968082607 -0.9025852843498771 -3.4021613224343004e-19
    outer loop
      vertex 7.384146950459183 69.68844546104945 0
      vertex 7.4833800494530465 69.64111370079557 0
      vertex 7.4833800494530465 69.64111370079557 5.99
    endloop
  endfacet
  facet normal -0.4771587602596494 -0.8788171126619431 -5.115137395773751e-19
    outer loop
      vertex 7.4833800494530465 69.64111370079557 0
      vertex 7.579999999999998 69.58865334794731 0
      vertex 7.579999999999998 69.58865334794731 5.99
    endloop
  endfacet
  facet normal 0.2334453638558314 -0.9723699203976943 1.8401115311342636e-19
    outer loop
      vertex 5.9864800052847045 69.79844423520704 0
      vertex 6.093385449282707 69.82410996154098 0
      vertex 6.093385449282707 69.82410996154098 5.99
    endloop
  endfacet
  facet normal 0.18223552549212066 -0.9832549075639596 -1.2373547629900716e-19
    outer loop
      vertex 6.093385449282707 69.82410996154098 0
      vertex 6.201487623415517 69.84414551524978 0
      vertex 6.201487623415517 69.84414551524978 5.99
    endloop
  endfacet
  facet normal 0.13052619222016315 -0.9914448613737956 -1.4566916494479693e-19
    outer loop
      vertex 6.201487623415517 69.84414551524978 0
      vertex 6.310490227137926 69.85849598027337 0
      vertex 6.310490227137926 69.85849598027337 5.99
    endloop
  endfacet
  facet normal 0.07845909572781304 -0.9969173337331304 1.1744846788062135e-20
    outer loop
      vertex 6.310490227137926 69.85849598027337 0
      vertex 6.42009449188982 69.8671220229846 0
      vertex 6.42009449188982 69.8671220229846 5.99
    endloop
  endfacet
  facet normal 0.02617694830780647 -0.9996573249755589 -2.3104731252096734e-20
    outer loop
      vertex 6.42009449188982 69.8671220229846 0
      vertex 6.530000000000001 69.86999999999999 0
      vertex 6.530000000000001 69.86999999999999 5.99
    endloop
  endfacet
  facet normal -0.02617694830780647 -0.9996573249755589 2.3104731252096734e-20
    outer loop
      vertex 6.530000000000001 69.86999999999999 0
      vertex 6.639905508110182 69.8671220229846 0
      vertex 6.639905508110182 69.8671220229846 5.99
    endloop
  endfacet
  facet normal -0.07845909572781304 -0.9969173337331304 -1.1744846788062135e-20
    outer loop
      vertex 6.639905508110182 69.8671220229846 0
      vertex 6.749509772862076 69.85849598027337 0
      vertex 6.749509772862076 69.85849598027337 5.99
    endloop
  endfacet
  facet normal -0.13052619222016315 -0.9914448613737956 1.4566916494479693e-19
    outer loop
      vertex 6.749509772862076 69.85849598027337 0
      vertex 6.8585123765844855 69.84414551524978 0
      vertex 6.8585123765844855 69.84414551524978 5.99
    endloop
  endfacet
  facet normal -0.18223552549212066 -0.9832549075639596 1.2373547629900716e-19
    outer loop
      vertex 6.8585123765844855 69.84414551524978 0
      vertex 6.966614550717296 69.82410996154098 0
      vertex 6.966614550717296 69.82410996154098 5.99
    endloop
  endfacet
  facet normal -0.2334453638558314 -0.9723699203976943 -1.8401115311342636e-19
    outer loop
      vertex 6.966614550717296 69.82410996154098 0
      vertex 7.073519994715298 69.79844423520704 0
      vertex 7.073519994715298 69.79844423520704 5.99
    endloop
  endfacet
  facet normal -0.2840153447039986 -0.9588197348681705 0
    outer loop
      vertex 7.178935688187394 69.76721868421981 0
      vertex 7.178935688187394 69.76721868421981 5.99
      vertex 7.073519994715298 69.79844423520704 0
    endloop
  endfacet
  facet normal -0.5224985647159484 -0.8526401643540925 -2.17280303874514e-19
    outer loop
      vertex 7.579999999999998 69.58865334794731 0
      vertex 7.6737419735315555 69.53120819268538 0
      vertex 7.6737419735315555 69.53120819268538 5.99
    endloop
  endfacet
  facet normal -0.5664062369247843 -0.8241261886220489 -3.834864284621673e-19
    outer loop
      vertex 7.6737419735315555 69.53120819268538 0
      vertex 7.764349029814198 69.46893568818739 0
      vertex 7.764349029814198 69.46893568818739 5.99
    endloop
  endfacet
  facet normal -0.6087614290087007 -0.7933533402912506 2.3113917461507972e-20
    outer loop
      vertex 7.764349029814198 69.46893568818739 0
      vertex 7.8515728212046625 69.40200651905964 0
      vertex 7.8515728212046625 69.40200651905964 5.99
    endloop
  endfacet
  facet normal -0.6494480483302528 -0.7604059655999719 5.994353747139107e-19
    outer loop
      vertex 7.8515728212046625 69.40200651905964 0
      vertex 7.935174273353603 69.33060413350252 0
      vertex 7.935174273353603 69.33060413350252 5.99
    endloop
  endfacet
  facet normal -0.7253743710122573 -0.6883545756937859 0
    outer loop
      vertex 8.09060413350253 69.1751742733536 0
      vertex 8.09060413350253 69.1751742733536 5.99
      vertex 8.014924240491752 69.25492424049175 0
    endloop
  endfacet
  facet normal -0.7604059656000902 -0.6494480483301142 4.275684870368157e-19
    outer loop
      vertex 8.09060413350253 69.1751742733536 0
      vertex 8.162006519059638 69.09157282120465 0
      vertex 8.162006519059638 69.09157282120465 5.99
    endloop
  endfacet
  facet normal -0.8526401643541103 -0.5224985647159196 3.217761421228812e-19
    outer loop
      vertex 8.291208192685389 68.91374197353156 0
      vertex 8.34865334794732 68.82 0
      vertex 8.34865334794732 68.82 5.99
    endloop
  endfacet
  facet normal -0.7933533402911954 -0.6087614290087725 0
    outer loop
      vertex 8.228935688187391 69.0043490298142 0
      vertex 8.228935688187391 69.0043490298142 5.99
      vertex 8.162006519059638 69.09157282120465 0
    endloop
  endfacet
  facet normal -0.8241261886220282 -0.5664062369248144 0
    outer loop
      vertex 8.291208192685389 68.91374197353156 0
      vertex 8.291208192685389 68.91374197353156 5.99
      vertex 8.228935688187391 69.0043490298142 0
    endloop
  endfacet
  facet normal -0.6883545756937197 -0.7253743710123203 -3.6705563236281386e-19
    outer loop
      vertex 7.935174273353603 69.33060413350252 0
      vertex 8.014924240491752 69.25492424049175 0
      vertex 8.014924240491752 69.25492424049175 5.99
    endloop
  endfacet
  facet normal -0.9969173337331246 0.07845909572788737 0
    outer loop
      vertex 8.618495980273373 67.55049022713793 0
      vertex 8.618495980273373 67.55049022713793 5.99
      vertex 8.627122022984608 67.66009449188981 0
    endloop
  endfacet
  facet normal -0.9996573249755575 0.026176948307869367 0
    outer loop
      vertex 8.627122022984608 67.66009449188981 0
      vertex 8.627122022984608 67.66009449188981 5.99
      vertex 8.630000000000003 67.77 0
    endloop
  endfacet
  facet normal -0.9969173337331246 -0.07845909572788737 0
    outer loop
      vertex 8.627122022984608 67.87990550811018 0
      vertex 8.627122022984608 67.87990550811018 5.99
      vertex 8.618495980273373 67.98950977286206 0
    endloop
  endfacet
  facet normal -0.9914448613738136 -0.13052619222002776 0
    outer loop
      vertex 8.618495980273373 67.98950977286206 0
      vertex 8.618495980273373 67.98950977286206 5.99
      vertex 8.60414551524979 68.09851237658448 0
    endloop
  endfacet
  facet normal -0.9996573249755575 -0.026176948307869367 0
    outer loop
      vertex 8.630000000000003 67.77 0
      vertex 8.630000000000003 67.77 5.99
      vertex 8.627122022984608 67.87990550811018 0
    endloop
  endfacet
  facet normal -0.9426414910921602 -0.3338068592338226 2.0017234478374114e-19
    outer loop
      vertex 8.490518895644122 68.52257269404512 0
      vertex 8.527218684219825 68.41893568818739 0
      vertex 8.527218684219825 68.41893568818739 5.99
    endloop
  endfacet
  facet normal -0.9238795325112891 -0.3826834323650843 0
    outer loop
      vertex 8.490518895644122 68.52257269404512 0
      vertex 8.490518895644122 68.52257269404512 5.99
      vertex 8.44844546104946 68.62414695045918 0
    endloop
  endfacet
  facet normal -0.9832549075639596 -0.18223552549212066 0
    outer loop
      vertex 8.60414551524979 68.09851237658448 0
      vertex 8.60414551524979 68.09851237658448 5.99
      vertex 8.584109961540996 68.20661455071729 0
    endloop
  endfacet
  facet normal -0.9588197348681882 -0.2840153447039392 0
    outer loop
      vertex 8.558444235207048 68.31351999471529 0
      vertex 8.558444235207048 68.31351999471529 5.99
      vertex 8.527218684219825 68.41893568818739 0
    endloop
  endfacet
  facet normal -0.9723699203976797 -0.2334453638558925 0
    outer loop
      vertex 8.584109961540996 68.20661455071729 0
      vertex 8.584109961540996 68.20661455071729 5.99
      vertex 8.558444235207048 68.31351999471529 0
    endloop
  endfacet
  facet normal -0.8788171126619431 -0.4771587602596494 0
    outer loop
      vertex 8.401113700795577 68.72338004945304 0
      vertex 8.401113700795577 68.72338004945304 5.99
      vertex 8.34865334794732 68.82 0
    endloop
  endfacet
  facet normal -0.9025852843498771 -0.4305110968082607 0
    outer loop
      vertex 8.44844546104946 68.62414695045918 0
      vertex 8.44844546104946 68.62414695045918 5.99
      vertex 8.401113700795577 68.72338004945304 0
    endloop
  endfacet
  facet normal 0 0 -1
    outer loop
      vertex 0.9649878847518707 64.50348272344885 0
      vertex 6.966614550717296 65.71589003845901 0
      vertex 20.532781315780177 68.41893568818739 0
    endloop
  endfacet
  facet normal 0 0 -1
    outer loop
      vertex 7.073519994715298 65.74155576479295 0
      vertex 7.178935688187394 65.77278131578018 0
      vertex 20.532781315780177 68.41893568818739 0
    endloop
  endfacet
  facet normal 0 0 -1
    outer loop
      vertex 6.966614550717296 65.71589003845901 0
      vertex 7.073519994715298 65.74155576479295 0
      vertex 20.532781315780177 68.41893568818739 0
    endloop
  endfacet
  facet normal 0 0 -1
    outer loop
      vertex 7.178935688187394 65.77278131578018 0
      vertex 7.282572694045129 65.80948110435587 0
      vertex 20.532781315780177 68.41893568818739 0
    endloop
  endfacet
  facet normal 0 0 -1
    outer loop
      vertex 7.282572694045129 65.80948110435587 0
      vertex 7.384146950459183 65.85155453895054 0
      vertex 20.532781315780177 68.41893568818739 0
    endloop
  endfacet
  facet normal 0 0 -1
    outer loop
      vertex 7.384146950459183 65.85155453895054 0
      vertex 7.4833800494530465 65.89888629920442 0
      vertex 20.532781315780177 68.41893568818739 0
    endloop
  endfacet
  facet normal 0 0 -1
    outer loop
      vertex 7.4833800494530465 65.89888629920442 0
      vertex 7.579999999999998 65.95134665205268 0
      vertex 20.532781315780177 68.41893568818739 0
    endloop
  endfacet
  facet normal 0 0 -1
    outer loop
      vertex 7.579999999999998 65.95134665205268 0
      vertex 7.6737419735315555 66.00879180731461 0
      vertex 20.569481104355877 68.52257269404512 0
    endloop
  endfacet
  facet normal 0 0 -1
    outer loop
      vertex 7.6737419735315555 66.00879180731461 0
      vertex 7.764349029814198 66.0710643118126 0
      vertex 20.569481104355877 68.52257269404512 0
    endloop
  endfacet
  facet normal 0 0 -1
    outer loop
      vertex 7.764349029814198 66.0710643118126 0
      vertex 7.8515728212046625 66.13799348094035 0
      vertex 20.569481104355877 68.52257269404512 0
    endloop
  endfacet
  facet normal 0 0 -1
    outer loop
      vertex 7.8515728212046625 66.13799348094035 0
      vertex 7.935174273353603 66.20939586649747 0
      vertex 20.569481104355877 68.52257269404512 0
    endloop
  endfacet
  facet normal 0 0 -1
    outer loop
      vertex 7.935174273353603 66.20939586649747 0
      vertex 8.014924240491752 66.28507575950825 0
      vertex 20.569481104355877 68.52257269404512 0
    endloop
  endfacet
  facet normal 0 0 -1
    outer loop
      vertex 0.5300000000000011 70.02 0
      vertex 22.31049022713793 69.85849598027337 0
      vertex 6.530000000000001 69.86999999999999 0
    endloop
  endfacet
  facet normal 0 0 -1
    outer loop
      vertex 0.5300000000000011 70.02 0
      vertex 0.5327409270405781 70.12467191040516 0
      vertex 28.505376680493356 70.33286893039941 0
    endloop
  endfacet
  facet normal 0 0 -1
    outer loop
      vertex 0.5327409270405781 70.12467191040516 0
      vertex 0.5409562128782284 70.22905692875385 0
      vertex 28.48629519969225 70.43582338511943 0
    endloop
  endfacet
  facet normal 0 0 -1
    outer loop
      vertex 0.5409562128782284 70.22905692875385 0
      vertex 0.5546233195066463 70.33286893039941 0
      vertex 28.46185165524483 70.53763808727264 0
    endloop
  endfacet
  facet normal 0 0 -1
    outer loop
      vertex 0.5546233195066463 70.33286893039941 0
      vertex 0.5737048003077518 70.43582338511943 0
      vertex 28.432113035321237 70.63803399026393 0
    endloop
  endfacet
  facet normal 0 0 -1
    outer loop
      vertex 0.5737048003077518 70.43582338511943 0
      vertex 0.5981483447551739 70.53763808727264 0
      vertex 28.397160849273206 70.73673589944839 0
    endloop
  endfacet
  facet normal 0 0 -1
    outer loop
      vertex 0.5981483447551739 70.53763808727264 0
      vertex 0.6278869646787655 70.63803399026393 0
      vertex 28.357090911567212 70.83347328424453 0
    endloop
  endfacet
  facet normal 0 0 -1
    outer loop
      vertex 0.6278869646787655 70.63803399026393 0
      vertex 0.6628391507267963 70.73673589944839 0
      vertex 28.312013051211835 70.92798100084066 0
    endloop
  endfacet
  facet normal 0 0 -1
    outer loop
      vertex 0.6628391507267963 70.73673589944839 0
      vertex 0.70290908843279 70.83347328424453 0
      vertex 28.262050806283952 71.02 0
    endloop
  endfacet
  facet normal 0 0 -1
    outer loop
      vertex 0.70290908843279 70.83347328424453 0
      vertex 0.7479869487881672 70.92798100084066 0
      vertex 28.207341133356095 71.10927807211876 0
    endloop
  endfacet
  facet normal 0 0 -1
    outer loop
      vertex 0.7479869487881672 70.92798100084066 0
      vertex 0.7979491937160503 71.02 0
      vertex 28.14803399026394 71.19557050287723 0
    endloop
  endfacet
  facet normal 0 0 -1
    outer loop
      vertex 0.7979491937160503 71.02 0
      vertex 0.8526588666439068 71.10927807211876 0
      vertex 28.08429192632437 71.27864078104496 0
    endloop
  endfacet
  facet normal 0 0 -1
    outer loop
      vertex 0.8526588666439068 71.10927807211876 0
      vertex 0.9119660097360622 71.19557050287723 0
      vertex 28.0162896502018 71.3582612094283 0
    endloop
  endfacet
  facet normal 0 0 -1
    outer loop
      vertex 0.9119660097360622 71.19557050287723 0
      vertex 0.9757080736756336 71.27864078104496 0
      vertex 27.944213560521604 71.4342135605216 0
    endloop
  endfacet
  facet normal 0 0 -1
    outer loop
      vertex 0.9757080736756336 71.27864078104496 0
      vertex 1.0437103497982037 71.3582612094283 0
      vertex 27.86826120942831 71.5062896502018 0
    endloop
  endfacet
  facet normal 0 0 -1
    outer loop
      vertex 1.0437103497982037 71.3582612094283 0
      vertex 1.1157864394783985 71.4342135605216 0
      vertex 27.78864078104496 71.57429192632436 0
    endloop
  endfacet
  facet normal 0 0 -1
    outer loop
      vertex 1.1157864394783985 71.4342135605216 0
      vertex 1.1917387905716907 71.5062896502018 0
      vertex 27.705570502877237 71.63803399026393 0
    endloop
  endfacet
  facet normal 0 0 -1
    outer loop
      vertex 1.1917387905716907 71.5062896502018 0
      vertex 1.2713592189550411 71.57429192632436 0
      vertex 27.61927807211876 71.69734113335609 0
    endloop
  endfacet
  facet normal 0 0 -1
    outer loop
      vertex 1.2713592189550411 71.57429192632436 0
      vertex 1.3544294971227657 71.63803399026393 0
      vertex 27.53 71.75205080628395 0
    endloop
  endfacet
  facet normal 0 0 -1
    outer loop
      vertex 1.3544294971227657 71.63803399026393 0
      vertex 1.440721927881242 71.69734113335609 0
      vertex 27.437981000840665 71.80201305121183 0
    endloop
  endfacet
  facet normal 0 0 -1
    outer loop
      vertex 1.440721927881242 71.69734113335609 0
      vertex 1.5300000000000011 71.75205080628395 0
      vertex 27.34347328424454 71.84709091156721 0
    endloop
  endfacet
  facet normal 0 0 -1
    outer loop
      vertex 1.5300000000000011 71.75205080628395 0
      vertex 1.6220189991593372 71.80201305121183 0
      vertex 27.246735899448396 71.8871608492732 0
    endloop
  endfacet
  facet normal 0 0 -1
    outer loop
      vertex 1.6220189991593372 71.80201305121183 0
      vertex 1.7165267157554638 71.84709091156721 0
      vertex 27.14803399026394 71.92211303532123 0
    endloop
  endfacet
  facet normal 0 0 -1
    outer loop
      vertex 1.7165267157554638 71.84709091156721 0
      vertex 1.8132641005516064 71.8871608492732 0
      vertex 27.047638087272645 71.95185165524482 0
    endloop
  endfacet
  facet normal 0 0 -1
    outer loop
      vertex 1.8132641005516064 71.8871608492732 0
      vertex 1.9119660097360622 71.92211303532123 0
      vertex 26.94582338511944 71.97629519969225 0
    endloop
  endfacet
  facet normal 0 0 -1
    outer loop
      vertex 1.9119660097360622 71.92211303532123 0
      vertex 2.012361912727357 71.95185165524482 0
      vertex 26.84286893039942 71.99537668049335 0
    endloop
  endfacet
  facet normal 0 0 -1
    outer loop
      vertex 2.012361912727357 71.95185165524482 0
      vertex 2.114176614880563 71.97629519969225 0
      vertex 26.739056928753854 72.00904378712177 0
    endloop
  endfacet
  facet normal 0 0 -1
    outer loop
      vertex 2.114176614880563 71.97629519969225 0
      vertex 2.2171310696005833 71.99537668049335 0
      vertex 26.63467191040516 72.01725907295942 0
    endloop
  endfacet
  facet normal 0 0 -1
    outer loop
      vertex 2.2171310696005833 71.99537668049335 0
      vertex 2.3209430712461483 72.00904378712177 0
      vertex 26.53 72.02 0
    endloop
  endfacet
  facet normal 0 0 -1
    outer loop
      vertex 2.3209430712461483 72.00904378712177 0
      vertex 2.530000000000001 72.02 0
      vertex 26.53 72.02 0
    endloop
  endfacet
  facet normal 0 0 -1
    outer loop
      vertex 7.282572694045129 69.73051889564412 0
      vertex 7.178935688187394 69.76721868421981 0
      vertex 21.77742730595487 69.73051889564412 0
    endloop
  endfacet
  facet normal 0 0 -1
    outer loop
      vertex 7.4833800494530465 69.64111370079557 0
      vertex 21.48 69.58865334794731 0
      vertex 7.579999999999998 69.58865334794731 0
    endloop
  endfacet
  facet normal 0 0 -1
    outer loop
      vertex 7.384146950459183 69.68844546104945 0
      vertex 21.576619950546952 69.64111370079557 0
      vertex 7.4833800494530465 69.64111370079557 0
    endloop
  endfacet
  facet normal 0 0 -1
    outer loop
      vertex 7.282572694045129 69.73051889564412 0
      vertex 21.67585304954082 69.68844546104945 0
      vertex 7.384146950459183 69.68844546104945 0
    endloop
  endfacet
  facet normal 0 0 -1
    outer loop
      vertex 6.639905508110182 69.8671220229846 0
      vertex 22.31049022713793 69.85849598027337 0
      vertex 6.749509772862076 69.85849598027337 0
    endloop
  endfacet
  facet normal 0 0 -1
    outer loop
      vertex 6.530000000000001 69.86999999999999 0
      vertex 22.31049022713793 69.85849598027337 0
      vertex 6.639905508110182 69.8671220229846 0
    endloop
  endfacet
  facet normal 0 0 -1
    outer loop
      vertex 6.8585123765844855 69.84414551524978 0
      vertex 22.093385449282707 69.82410996154098 0
      vertex 6.966614550717296 69.82410996154098 0
    endloop
  endfacet
  facet normal 0 0 -1
    outer loop
      vertex 6.749509772862076 69.85849598027337 0
      vertex 22.201487623415517 69.84414551524978 0
      vertex 6.8585123765844855 69.84414551524978 0
    endloop
  endfacet
  facet normal 0 0 -1
    outer loop
      vertex 7.178935688187394 69.76721868421981 0
      vertex 7.073519994715298 69.79844423520704 0
      vertex 21.88106431181261 69.76721868421981 0
    endloop
  endfacet
  facet normal 0 0 -1
    outer loop
      vertex 6.966614550717296 69.82410996154098 0
      vertex 21.986480005284708 69.79844423520704 0
      vertex 7.073519994715298 69.79844423520704 0
    endloop
  endfacet
  facet normal 0.2334453638558314 0.9723699203976943 0
    outer loop
      vertex 6.093385449282707 65.71589003845901 0
      vertex 5.9864800052847045 65.74155576479295 5.99
      vertex 6.093385449282707 65.71589003845901 5.99
    endloop
  endfacet
  facet normal 0.18223552549212066 0.9832549075639596 0
    outer loop
      vertex 6.201487623415517 65.69585448475021 0
      vertex 6.093385449282707 65.71589003845901 5.99
      vertex 6.201487623415517 65.69585448475021 5.99
    endloop
  endfacet
  facet normal 0.13052619222016315 0.9914448613737956 0
    outer loop
      vertex 6.310490227137926 65.68150401972662 0
      vertex 6.201487623415517 65.69585448475021 5.99
      vertex 6.310490227137926 65.68150401972662 5.99
    endloop
  endfacet
  facet normal 0.07845909572781304 0.9969173337331304 0
    outer loop
      vertex 6.42009449188982 65.67287797701539 0
      vertex 6.310490227137926 65.68150401972662 5.99
      vertex 6.42009449188982 65.67287797701539 5.99
    endloop
  endfacet
  facet normal 0.02617694830780647 0.9996573249755589 0
    outer loop
      vertex 6.530000000000001 65.67 0
      vertex 6.42009449188982 65.67287797701539 5.99
      vertex 6.530000000000001 65.67 5.99
    endloop
  endfacet
  facet normal -0.02617694830780647 0.9996573249755589 0
    outer loop
      vertex 6.639905508110182 65.67287797701539 0
      vertex 6.530000000000001 65.67 5.99
      vertex 6.639905508110182 65.67287797701539 5.99
    endloop
  endfacet
  facet normal -0.07845909572781304 0.9969173337331304 0
    outer loop
      vertex 6.749509772862076 65.68150401972662 0
      vertex 6.639905508110182 65.67287797701539 5.99
      vertex 6.749509772862076 65.68150401972662 5.99
    endloop
  endfacet
  facet normal -0.13052619222016315 0.9914448613737956 0
    outer loop
      vertex 6.8585123765844855 65.69585448475021 0
      vertex 6.749509772862076 65.68150401972662 5.99
      vertex 6.8585123765844855 65.69585448475021 5.99
    endloop
  endfacet
  facet normal -0.18223552549212066 0.9832549075639596 0
    outer loop
      vertex 6.966614550717296 65.71589003845901 0
      vertex 6.8585123765844855 65.69585448475021 5.99
      vertex 6.966614550717296 65.71589003845901 5.99
    endloop
  endfacet
  facet normal -0.2334453638558314 0.9723699203976943 0
    outer loop
      vertex 7.073519994715298 65.74155576479295 0
      vertex 6.966614550717296 65.71589003845901 5.99
      vertex 7.073519994715298 65.74155576479295 5.99
    endloop
  endfacet
  facet normal -0.2840153447039986 0.9588197348681705 0
    outer loop
      vertex 7.178935688187394 65.77278131578018 0
      vertex 7.073519994715298 65.74155576479295 5.99
      vertex 7.178935688187394 65.77278131578018 5.99
    endloop
  endfacet
  facet normal -0.33380685923370773 0.9426414910922009 0
    outer loop
      vertex 7.282572694045129 65.80948110435587 0
      vertex 7.178935688187394 65.77278131578018 5.99
      vertex 7.282572694045129 65.80948110435587 5.99
    endloop
  endfacet
  facet normal -0.38268343236513946 0.9238795325112662 0
    outer loop
      vertex 7.384146950459183 65.85155453895054 0
      vertex 7.282572694045129 65.80948110435587 5.99
      vertex 7.384146950459183 65.85155453895054 5.99
    endloop
  endfacet
  facet normal -0.4305110968082607 0.9025852843498771 0
    outer loop
      vertex 7.4833800494530465 65.89888629920442 0
      vertex 7.384146950459183 65.85155453895054 5.99
      vertex 7.4833800494530465 65.89888629920442 5.99
    endloop
  endfacet
  facet normal -0.4771587602596494 0.8788171126619431 0
    outer loop
      vertex 7.579999999999998 65.95134665205268 0
      vertex 7.4833800494530465 65.89888629920442 5.99
      vertex 7.579999999999998 65.95134665205268 5.99
    endloop
  endfacet
  facet normal -0.5224985647159484 0.8526401643540925 0
    outer loop
      vertex 7.6737419735315555 66.00879180731461 0
      vertex 7.579999999999998 65.95134665205268 5.99
      vertex 7.6737419735315555 66.00879180731461 5.99
    endloop
  endfacet
  facet normal -0.5664062369247843 0.8241261886220489 0
    outer loop
      vertex 7.764349029814198 66.0710643118126 0
      vertex 7.6737419735315555 66.00879180731461 5.99
      vertex 7.764349029814198 66.0710643118126 5.99
    endloop
  endfacet
  facet normal -0.6087614290087007 0.7933533402912506 0
    outer loop
      vertex 7.8515728212046625 66.13799348094035 0
      vertex 7.764349029814198 66.0710643118126 5.99
      vertex 7.8515728212046625 66.13799348094035 5.99
    endloop
  endfacet
  facet normal -0.6494480483302528 0.7604059655999719 0
    outer loop
      vertex 7.935174273353603 66.20939586649747 0
      vertex 7.8515728212046625 66.13799348094035 5.99
      vertex 7.935174273353603 66.20939586649747 5.99
    endloop
  endfacet
  facet normal -0.6883545756937197 0.7253743710123203 0
    outer loop
      vertex 8.014924240491752 66.28507575950825 0
      vertex 7.935174273353603 66.20939586649747 5.99
      vertex 8.014924240491752 66.28507575950825 5.99
    endloop
  endfacet
  facet normal -0.7253743710122573 0.6883545756937859 0
    outer loop
      vertex 8.09060413350253 66.36482572664639 0
      vertex 8.014924240491752 66.28507575950825 5.99
      vertex 8.09060413350253 66.36482572664639 5.99
    endloop
  endfacet
  facet normal -0.7604059656000902 0.6494480483301142 0
    outer loop
      vertex 8.162006519059638 66.44842717879534 0
      vertex 8.09060413350253 66.36482572664639 5.99
      vertex 8.162006519059638 66.44842717879534 5.99
    endloop
  endfacet
  facet normal -0.7933533402911954 0.6087614290087725 0
    outer loop
      vertex 8.228935688187391 66.5356509701858 0
      vertex 8.162006519059638 66.44842717879534 5.99
      vertex 8.228935688187391 66.5356509701858 5.99
    endloop
  endfacet
  facet normal -0.8241261886220282 0.5664062369248144 0
    outer loop
      vertex 8.291208192685389 66.62625802646843 0
      vertex 8.228935688187391 66.5356509701858 5.99
      vertex 8.291208192685389 66.62625802646843 5.99
    endloop
  endfacet
  facet normal -0.8526401643541103 0.5224985647159196 0
    outer loop
      vertex 8.34865334794732 66.72 0
      vertex 8.291208192685389 66.62625802646843 5.99
      vertex 8.34865334794732 66.72 5.99
    endloop
  endfacet
  facet normal -0.8788171126619431 0.4771587602596494 0
    outer loop
      vertex 8.401113700795577 66.81661995054695 0
      vertex 8.34865334794732 66.72 5.99
      vertex 8.401113700795577 66.81661995054695 5.99
    endloop
  endfacet
  facet normal -0.9025852843498771 0.4305110968082607 0
    outer loop
      vertex 8.44844546104946 66.91585304954081 0
      vertex 8.401113700795577 66.81661995054695 5.99
      vertex 8.44844546104946 66.91585304954081 5.99
    endloop
  endfacet
  facet normal -0.9238795325112891 0.3826834323650843 0
    outer loop
      vertex 8.490518895644122 67.01742730595487 0
      vertex 8.44844546104946 66.91585304954081 5.99
      vertex 8.490518895644122 67.01742730595487 5.99
    endloop
  endfacet
  facet normal -0.9426414910921602 0.3338068592338226 0
    outer loop
      vertex 8.527218684219825 67.1210643118126 0
      vertex 8.490518895644122 67.01742730595487 5.99
      vertex 8.527218684219825 67.1210643118126 5.99
    endloop
  endfacet
  facet normal -0.9588197348681882 0.2840153447039392 0
    outer loop
      vertex 8.558444235207048 67.2264800052847 0
      vertex 8.527218684219825 67.1210643118126 5.99
      vertex 8.558444235207048 67.2264800052847 5.99
    endloop
  endfacet
  facet normal -0.9723699203976797 0.2334453638558925 0
    outer loop
      vertex 8.584109961540996 67.3333854492827 0
      vertex 8.558444235207048 67.2264800052847 5.99
      vertex 8.584109961540996 67.3333854492827 5.99
    endloop
  endfacet
  facet normal -0.9832549075639596 0.18223552549212066 0
    outer loop
      vertex 8.60414551524979 67.44148762341551 0
      vertex 8.584109961540996 67.3333854492827 5.99
      vertex 8.60414551524979 67.44148762341551 5.99
    endloop
  endfacet
  facet normal -0.9914448613738136 0.13052619222002776 0
    outer loop
      vertex 8.618495980273373 67.55049022713793 0
      vertex 8.60414551524979 67.44148762341551 5.99
      vertex 8.618495980273373 67.55049022713793 5.99
    endloop
  endfacet
  facet normal 0 0 -1
    outer loop
      vertex 6.093385449282707 65.71589003845901 5.99
      vertex 6.093385449282707 69.82410996154098 5.99
      vertex 6.201487623415517 65.69585448475021 5.99
    endloop
  endfacet
  facet normal 0 0 -1
    outer loop
      vertex 6.310490227137926 65.68150401972662 5.99
      vertex 6.201487623415517 65.69585448475021 5.99
      vertex 6.201487623415517 69.84414551524978 5.99
    endloop
  endfacet
  facet normal 0 0 -1
    outer loop
      vertex 6.310490227137926 65.68150401972662 5.99
      vertex 6.310490227137926 69.85849598027337 5.99
      vertex 6.42009449188982 65.67287797701539 5.99
    endloop
  endfacet
  facet normal 0 0 -1
    outer loop
      vertex 6.42009449188982 65.67287797701539 5.99
      vertex 6.42009449188982 69.8671220229846 5.99
      vertex 6.530000000000001 65.67 5.99
    endloop
  endfacet
  facet normal 0 0 -1
    outer loop
      vertex 6.530000000000001 65.67 5.99
      vertex 6.530000000000001 69.86999999999999 5.99
      vertex 6.639905508110182 65.67287797701539 5.99
    endloop
  endfacet
  facet normal 0 0 -1
    outer loop
      vertex 6.639905508110182 65.67287797701539 5.99
      vertex 6.639905508110182 69.8671220229846 5.99
      vertex 6.749509772862076 65.68150401972662 5.99
    endloop
  endfacet
  facet normal 0 0 -1
    outer loop
      vertex 6.749509772862076 65.68150401972662 5.99
      vertex 6.749509772862076 69.85849598027337 5.99
      vertex 6.8585123765844855 65.69585448475021 5.99
    endloop
  endfacet
  facet normal 0 0 -1
    outer loop
      vertex 6.8585123765844855 65.69585448475021 5.99
      vertex 6.8585123765844855 69.84414551524978 5.99
      vertex 6.966614550717296 65.71589003845901 5.99
    endloop
  endfacet
  facet normal 0 0 -1
    outer loop
      vertex 6.966614550717296 65.71589003845901 5.99
      vertex 6.966614550717296 69.82410996154098 5.99
      vertex 7.073519994715298 65.74155576479295 5.99
    endloop
  endfacet
  facet normal 0 0 -1
    outer loop
      vertex 7.073519994715298 65.74155576479295 5.99
      vertex 7.073519994715298 69.79844423520704 5.99
      vertex 7.178935688187394 65.77278131578018 5.99
    endloop
  endfacet
  facet normal 0 0 -1
    outer loop
      vertex 7.178935688187394 65.77278131578018 5.99
      vertex 7.178935688187394 69.76721868421981 5.99
      vertex 7.282572694045129 65.80948110435587 5.99
    endloop
  endfacet
  facet normal 0 0 -1
    outer loop
      vertex 7.282572694045129 65.80948110435587 5.99
      vertex 7.282572694045129 69.73051889564412 5.99
      vertex 7.384146950459183 65.85155453895054 5.99
    endloop
  endfacet
  facet normal 0 0 -1
    outer loop
      vertex 7.384146950459183 65.85155453895054 5.99
      vertex 7.384146950459183 69.68844546104945 5.99
      vertex 7.4833800494530465 65.89888629920442 5.99
    endloop
  endfacet
  facet normal 0 0 -1
    outer loop
      vertex 7.4833800494530465 65.89888629920442 5.99
      vertex 7.4833800494530465 69.64111370079557 5.99
      vertex 7.579999999999998 65.95134665205268 5.99
    endloop
  endfacet
  facet normal 0 0 -1
    outer loop
      vertex 7.579999999999998 65.95134665205268 5.99
      vertex 7.579999999999998 69.58865334794731 5.99
      vertex 7.6737419735315555 66.00879180731461 5.99
    endloop
  endfacet
  facet normal 0 0 -1
    outer loop
      vertex 7.6737419735315555 66.00879180731461 5.99
      vertex 7.6737419735315555 69.53120819268538 5.99
      vertex 7.764349029814198 66.0710643118126 5.99
    endloop
  endfacet
  facet normal 0 0 -1
    outer loop
      vertex 7.764349029814198 66.0710643118126 5.99
      vertex 7.764349029814198 69.46893568818739 5.99
      vertex 7.8515728212046625 66.13799348094035 5.99
    endloop
  endfacet
  facet normal 0 0 -1
    outer loop
      vertex 7.8515728212046625 66.13799348094035 5.99
      vertex 7.8515728212046625 69.40200651905964 5.99
      vertex 7.935174273353603 66.20939586649747 5.99
    endloop
  endfacet
  facet normal 0 0 -1
    outer loop
      vertex 7.935174273353603 66.20939586649747 5.99
      vertex 7.935174273353603 69.33060413350252 5.99
      vertex 8.014924240491752 66.28507575950825 5.99
    endloop
  endfacet
  facet normal 0 0 -1
    outer loop
      vertex 8.014924240491752 66.28507575950825 5.99
      vertex 8.014924240491752 69.25492424049175 5.99
      vertex 8.09060413350253 66.36482572664639 5.99
    endloop
  endfacet
  facet normal 0 0 -1
    outer loop
      vertex 8.09060413350253 66.36482572664639 5.99
      vertex 8.09060413350253 69.1751742733536 5.99
      vertex 8.162006519059638 66.44842717879534 5.99
    endloop
  endfacet
  facet normal 0 0 -1
    outer loop
      vertex 8.162006519059638 66.44842717879534 5.99
      vertex 8.162006519059638 69.09157282120465 5.99
      vertex 8.228935688187391 66.5356509701858 5.99
    endloop
  endfacet
  facet normal 0 0 -1
    outer loop
      vertex 8.228935688187391 66.5356509701858 5.99
      vertex 8.228935688187391 69.0043490298142 5.99
      vertex 8.291208192685389 66.62625802646843 5.99
    endloop
  endfacet
  facet normal 0 0 -1
    outer loop
      vertex 8.291208192685389 66.62625802646843 5.99
      vertex 8.291208192685389 68.91374197353156 5.99
      vertex 8.34865334794732 66.72 5.99
    endloop
  endfacet
  facet normal 0 0 -1
    outer loop
      vertex 8.34865334794732 66.72 5.99
      vertex 8.34865334794732 68.82 5.99
      vertex 8.401113700795577 66.81661995054695 5.99
    endloop
  endfacet
  facet normal 0 0 -1
    outer loop
      vertex 8.401113700795577 66.81661995054695 5.99
      vertex 8.401113700795577 68.72338004945304 5.99
      vertex 8.44844546104946 66.91585304954081 5.99
    endloop
  endfacet
  facet normal -0.33380685923370773 -0.9426414910922009 0
    outer loop
      vertex 7.178935688187394 69.76721868421981 0
      vertex 7.282572694045129 69.73051889564412 5.99
      vertex 7.178935688187394 69.76721868421981 5.99
    endloop
  endfacet
  facet normal -0.38268343236513946 -0.9238795325112662 0
    outer loop
      vertex 7.282572694045129 69.73051889564412 0
      vertex 7.384146950459183 69.68844546104945 5.99
      vertex 7.282572694045129 69.73051889564412 5.99
    endloop
  endfacet
  facet normal -0.4305110968082607 -0.9025852843498771 0
    outer loop
      vertex 7.384146950459183 69.68844546104945 0
      vertex 7.4833800494530465 69.64111370079557 5.99
      vertex 7.384146950459183 69.68844546104945 5.99
    endloop
  endfacet
  facet normal -0.4771587602596494 -0.8788171126619431 0
    outer loop
      vertex 7.4833800494530465 69.64111370079557 0
      vertex 7.579999999999998 69.58865334794731 5.99
      vertex 7.4833800494530465 69.64111370079557 5.99
    endloop
  endfacet
  facet normal 0.18223552549212066 -0.9832549075639596 0
    outer loop
      vertex 6.093385449282707 69.82410996154098 0
      vertex 6.201487623415517 69.84414551524978 5.99
      vertex 6.093385449282707 69.82410996154098 5.99
    endloop
  endfacet
  facet normal 0.13052619222016315 -0.9914448613737956 0
    outer loop
      vertex 6.201487623415517 69.84414551524978 0
      vertex 6.310490227137926 69.85849598027337 5.99
      vertex 6.201487623415517 69.84414551524978 5.99
    endloop
  endfacet
  facet normal 0.07845909572781304 -0.9969173337331304 0
    outer loop
      vertex 6.310490227137926 69.85849598027337 0
      vertex 6.42009449188982 69.8671220229846 5.99
      vertex 6.310490227137926 69.85849598027337 5.99
    endloop
  endfacet
  facet normal 0.02617694830780647 -0.9996573249755589 0
    outer loop
      vertex 6.42009449188982 69.8671220229846 0
      vertex 6.530000000000001 69.86999999999999 5.99
      vertex 6.42009449188982 69.8671220229846 5.99
    endloop
  endfacet
  facet normal -0.02617694830780647 -0.9996573249755589 0
    outer loop
      vertex 6.530000000000001 69.86999999999999 0
      vertex 6.639905508110182 69.8671220229846 5.99
      vertex 6.530000000000001 69.86999999999999 5.99
    endloop
  endfacet
  facet normal -0.07845909572781304 -0.9969173337331304 0
    outer loop
      vertex 6.639905508110182 69.8671220229846 0
      vertex 6.749509772862076 69.85849598027337 5.99
      vertex 6.639905508110182 69.8671220229846 5.99
    endloop
  endfacet
  facet normal -0.13052619222016315 -0.9914448613737956 0
    outer loop
      vertex 6.749509772862076 69.85849598027337 0
      vertex 6.8585123765844855 69.84414551524978 5.99
      vertex 6.749509772862076 69.85849598027337 5.99
    endloop
  endfacet
  facet normal -0.18223552549212066 -0.9832549075639596 0
    outer loop
      vertex 6.8585123765844855 69.84414551524978 0
      vertex 6.966614550717296 69.82410996154098 5.99
      vertex 6.8585123765844855 69.84414551524978 5.99
    endloop
  endfacet
  facet normal -0.2334453638558314 -0.9723699203976943 0
    outer loop
      vertex 6.966614550717296 69.82410996154098 0
      vertex 7.073519994715298 69.79844423520704 5.99
      vertex 6.966614550717296 69.82410996154098 5.99
    endloop
  endfacet
  facet normal -0.2840153447039986 -0.9588197348681705 0
    outer loop
      vertex 7.073519994715298 69.79844423520704 0
      vertex 7.178935688187394 69.76721868421981 5.99
      vertex 7.073519994715298 69.79844423520704 5.99
    endloop
  endfacet
  facet normal -0.5224985647159484 -0.8526401643540925 0
    outer loop
      vertex 7.579999999999998 69.58865334794731 0
      vertex 7.6737419735315555 69.53120819268538 5.99
      vertex 7.579999999999998 69.58865334794731 5.99
    endloop
  endfacet
  facet normal -0.5664062369247843 -0.8241261886220489 0
    outer loop
      vertex 7.6737419735315555 69.53120819268538 0
      vertex 7.764349029814198 69.46893568818739 5.99
      vertex 7.6737419735315555 69.53120819268538 5.99
    endloop
  endfacet
  facet normal -0.6087614290087007 -0.7933533402912506 0
    outer loop
      vertex 7.764349029814198 69.46893568818739 0
      vertex 7.8515728212046625 69.40200651905964 5.99
      vertex 7.764349029814198 69.46893568818739 5.99
    endloop
  endfacet
  facet normal -0.6494480483302528 -0.7604059655999719 0
    outer loop
      vertex 7.8515728212046625 69.40200651905964 0
      vertex 7.935174273353603 69.33060413350252 5.99
      vertex 7.8515728212046625 69.40200651905964 5.99
    endloop
  endfacet
  facet normal -0.7604059656000902 -0.6494480483301142 0
    outer loop
      vertex 8.09060413350253 69.1751742733536 0
      vertex 8.162006519059638 69.09157282120465 5.99
      vertex 8.09060413350253 69.1751742733536 5.99
    endloop
  endfacet
  facet normal -0.8526401643541103 -0.5224985647159196 0
    outer loop
      vertex 8.291208192685389 68.91374197353156 0
      vertex 8.34865334794732 68.82 5.99
      vertex 8.291208192685389 68.91374197353156 5.99
    endloop
  endfacet
  facet normal -0.7933533402911954 -0.6087614290087725 0
    outer loop
      vertex 8.162006519059638 69.09157282120465 0
      vertex 8.228935688187391 69.0043490298142 5.99
      vertex 8.162006519059638 69.09157282120465 5.99
    endloop
  endfacet
  facet normal -0.8241261886220282 -0.5664062369248144 0
    outer loop
      vertex 8.228935688187391 69.0043490298142 0
      vertex 8.291208192685389 68.91374197353156 5.99
      vertex 8.228935688187391 69.0043490298142 5.99
    endloop
  endfacet
  facet normal -0.6883545756937197 -0.7253743710123203 0
    outer loop
      vertex 7.935174273353603 69.33060413350252 0
      vertex 8.014924240491752 69.25492424049175 5.99
      vertex 7.935174273353603 69.33060413350252 5.99
    endloop
  endfacet
  facet normal -0.7253743710122573 -0.6883545756937859 0
    outer loop
      vertex 8.014924240491752 69.25492424049175 0
      vertex 8.09060413350253 69.1751742733536 5.99
      vertex 8.014924240491752 69.25492424049175 5.99
    endloop
  endfacet
  facet normal -0.9969173337331246 0.07845909572788737 0
    outer loop
      vertex 8.627122022984608 67.66009449188981 0
      vertex 8.618495980273373 67.55049022713793 5.99
      vertex 8.627122022984608 67.66009449188981 5.99
    endloop
  endfacet
  facet normal -0.9996573249755575 0.026176948307869367 0
    outer loop
      vertex 8.630000000000003 67.77 0
      vertex 8.627122022984608 67.66009449188981 5.99
      vertex 8.630000000000003 67.77 5.99
    endloop
  endfacet
  facet normal -0.9969173337331246 -0.07845909572788737 0
    outer loop
      vertex 8.618495980273373 67.98950977286206 0
      vertex 8.627122022984608 67.87990550811018 5.99
      vertex 8.618495980273373 67.98950977286206 5.99
    endloop
  endfacet
  facet normal -0.9914448613738136 -0.13052619222002776 0
    outer loop
      vertex 8.60414551524979 68.09851237658448 0
      vertex 8.618495980273373 67.98950977286206 5.99
      vertex 8.60414551524979 68.09851237658448 5.99
    endloop
  endfacet
  facet normal -0.9996573249755575 -0.026176948307869367 0
    outer loop
      vertex 8.627122022984608 67.87990550811018 0
      vertex 8.630000000000003 67.77 5.99
      vertex 8.627122022984608 67.87990550811018 5.99
    endloop
  endfacet
  facet normal -0.9426414910921602 -0.3338068592338226 0
    outer loop
      vertex 8.490518895644122 68.52257269404512 0
      vertex 8.527218684219825 68.41893568818739 5.99
      vertex 8.490518895644122 68.52257269404512 5.99
    endloop
  endfacet
  facet normal -0.9238795325112891 -0.3826834323650843 0
    outer loop
      vertex 8.44844546104946 68.62414695045918 0
      vertex 8.490518895644122 68.52257269404512 5.99
      vertex 8.44844546104946 68.62414695045918 5.99
    endloop
  endfacet
  facet normal -0.9832549075639596 -0.18223552549212066 0
    outer loop
      vertex 8.584109961540996 68.20661455071729 0
      vertex 8.60414551524979 68.09851237658448 5.99
      vertex 8.584109961540996 68.20661455071729 5.99
    endloop
  endfacet
  facet normal -0.9723699203976797 -0.2334453638558925 0
    outer loop
      vertex 8.558444235207048 68.31351999471529 0
      vertex 8.584109961540996 68.20661455071729 5.99
      vertex 8.558444235207048 68.31351999471529 5.99
    endloop
  endfacet
  facet normal -0.9588197348681882 -0.2840153447039392 0
    outer loop
      vertex 8.527218684219825 68.41893568818739 0
      vertex 8.558444235207048 68.31351999471529 5.99
      vertex 8.527218684219825 68.41893568818739 5.99
    endloop
  endfacet
  facet normal -0.9025852843498771 -0.4305110968082607 0
    outer loop
      vertex 8.401113700795577 68.72338004945304 0
      vertex 8.44844546104946 68.62414695045918 5.99
      vertex 8.401113700795577 68.72338004945304 5.99
    endloop
  endfacet
  facet normal -0.8788171126619431 -0.4771587602596494 0
    outer loop
      vertex 8.34865334794732 68.82 0
      vertex 8.401113700795577 68.72338004945304 5.99
      vertex 8.34865334794732 68.82 5.99
    endloop
  endfacet
  facet normal 0 0 -1
    outer loop
      vertex 6.093385449282707 65.71589003845901 5.99
      vertex 5.9864800052847045 69.79844423520704 5.99
      vertex 6.093385449282707 69.82410996154098 5.99
    endloop
  endfacet
  facet normal 0 0 -1
    outer loop
      vertex 6.093385449282707 69.82410996154098 5.99
      vertex 6.201487623415517 69.84414551524978 5.99
      vertex 6.201487623415517 65.69585448475021 5.99
    endloop
  endfacet
  facet normal 0 0 -1
    outer loop
      vertex 6.310490227137926 65.68150401972662 5.99
      vertex 6.201487623415517 69.84414551524978 5.99
      vertex 6.310490227137926 69.85849598027337 5.99
    endloop
  endfacet
  facet normal 0 0 -1
    outer loop
      vertex 6.42009449188982 65.67287797701539 5.99
      vertex 6.310490227137926 69.85849598027337 5.99
      vertex 6.42009449188982 69.8671220229846 5.99
    endloop
  endfacet
  facet normal 0 0 -1
    outer loop
      vertex 6.530000000000001 65.67 5.99
      vertex 6.42009449188982 69.8671220229846 5.99
      vertex 6.530000000000001 69.86999999999999 5.99
    endloop
  endfacet
  facet normal 0 0 -1
    outer loop
      vertex 6.639905508110182 65.67287797701539 5.99
      vertex 6.530000000000001 69.86999999999999 5.99
      vertex 6.639905508110182 69.8671220229846 5.99
    endloop
  endfacet
  facet normal 0 0 -1
    outer loop
      vertex 6.749509772862076 65.68150401972662 5.99
      vertex 6.639905508110182 69.8671220229846 5.99
      vertex 6.749509772862076 69.85849598027337 5.99
    endloop
  endfacet
  facet normal 0 0 -1
    outer loop
      vertex 6.8585123765844855 65.69585448475021 5.99
      vertex 6.749509772862076 69.85849598027337 5.99
      vertex 6.8585123765844855 69.84414551524978 5.99
    endloop
  endfacet
  facet normal 0 0 -1
    outer loop
      vertex 6.966614550717296 65.71589003845901 5.99
      vertex 6.8585123765844855 69.84414551524978 5.99
      vertex 6.966614550717296 69.82410996154098 5.99
    endloop
  endfacet
  facet normal 0 0 -1
    outer loop
      vertex 7.073519994715298 65.74155576479295 5.99
      vertex 6.966614550717296 69.82410996154098 5.99
      vertex 7.073519994715298 69.79844423520704 5.99
    endloop
  endfacet
  facet normal 0 0 -1
    outer loop
      vertex 7.178935688187394 65.77278131578018 5.99
      vertex 7.073519994715298 69.79844423520704 5.99
      vertex 7.178935688187394 69.76721868421981 5.99
    endloop
  endfacet
  facet normal 0 0 -1
    outer loop
      vertex 7.282572694045129 65.80948110435587 5.99
      vertex 7.178935688187394 69.76721868421981 5.99
      vertex 7.282572694045129 69.73051889564412 5.99
    endloop
  endfacet
  facet normal 0 0 -1
    outer loop
      vertex 7.384146950459183 65.85155453895054 5.99
      vertex 7.282572694045129 69.73051889564412 5.99
      vertex 7.384146950459183 69.68844546104945 5.99
    endloop
  endfacet
  facet normal 0 0 -1
    outer loop
      vertex 7.4833800494530465 65.89888629920442 5.99
      vertex 7.384146950459183 69.68844546104945 5.99
      vertex 7.4833800494530465 69.64111370079557 5.99
    endloop
  endfacet
  facet normal 0 0 -1
    outer loop
      vertex 7.579999999999998 65.95134665205268 5.99
      vertex 7.4833800494530465 69.64111370079557 5.99
      vertex 7.579999999999998 69.58865334794731 5.99
    endloop
  endfacet
  facet normal 0 0 -1
    outer loop
      vertex 7.764349029814198 66.0710643118126 5.99
      vertex 7.6737419735315555 69.53120819268538 5.99
      vertex 7.764349029814198 69.46893568818739 5.99
    endloop
  endfacet
  facet normal 0 0 -1
    outer loop
      vertex 7.6737419735315555 66.00879180731461 5.99
      vertex 7.579999999999998 69.58865334794731 5.99
      vertex 7.6737419735315555 69.53120819268538 5.99
    endloop
  endfacet
  facet normal 0 0 -1
    outer loop
      vertex 7.8515728212046625 66.13799348094035 5.99
      vertex 7.764349029814198 69.46893568818739 5.99
      vertex 7.8515728212046625 69.40200651905964 5.99
    endloop
  endfacet
  facet normal 0 0 -1
    outer loop
      vertex 7.935174273353603 66.20939586649747 5.99
      vertex 7.8515728212046625 69.40200651905964 5.99
      vertex 7.935174273353603 69.33060413350252 5.99
    endloop
  endfacet
  facet normal 0 0 -1
    outer loop
      vertex 8.014924240491752 66.28507575950825 5.99
      vertex 7.935174273353603 69.33060413350252 5.99
      vertex 8.014924240491752 69.25492424049175 5.99
    endloop
  endfacet
  facet normal 0 0 -1
    outer loop
      vertex 8.09060413350253 66.36482572664639 5.99
      vertex 8.014924240491752 69.25492424049175 5.99
      vertex 8.09060413350253 69.1751742733536 5.99
    endloop
  endfacet
  facet normal 0 0 -1
    outer loop
      vertex 8.162006519059638 66.44842717879534 5.99
      vertex 8.09060413350253 69.1751742733536 5.99
      vertex 8.162006519059638 69.09157282120465 5.99
    endloop
  endfacet
  facet normal 0 0 -1
    outer loop
      vertex 8.228935688187391 66.5356509701858 5.99
      vertex 8.162006519059638 69.09157282120465 5.99
      vertex 8.228935688187391 69.0043490298142 5.99
    endloop
  endfacet
  facet normal 0 0 -1
    outer loop
      vertex 8.291208192685389 66.62625802646843 5.99
      vertex 8.228935688187391 69.0043490298142 5.99
      vertex 8.291208192685389 68.91374197353156 5.99
    endloop
  endfacet
  facet normal 0 0 -1
    outer loop
      vertex 8.34865334794732 66.72 5.99
      vertex 8.291208192685389 68.91374197353156 5.99
      vertex 8.34865334794732 68.82 5.99
    endloop
  endfacet
  facet normal 0 0 -1
    outer loop
      vertex 8.44844546104946 66.91585304954081 5.99
      vertex 8.44844546104946 68.62414695045918 5.99
      vertex 8.490518895644122 67.01742730595487 5.99
    endloop
  endfacet
  facet normal 0 0 -1
    outer loop
      vertex 8.490518895644122 67.01742730595487 5.99
      vertex 8.490518895644122 68.52257269404512 5.99
      vertex 8.527218684219825 67.1210643118126 5.99
    endloop
  endfacet
  facet normal 0 0 -1
    outer loop
      vertex 8.490518895644122 67.01742730595487 5.99
      vertex 8.44844546104946 68.62414695045918 5.99
      vertex 8.490518895644122 68.52257269404512 5.99
    endloop
  endfacet
  facet normal 0 0 -1
    outer loop
      vertex 8.527218684219825 67.1210643118126 5.99
      vertex 8.490518895644122 68.52257269404512 5.99
      vertex 8.527218684219825 68.41893568818739 5.99
    endloop
  endfacet
  facet normal 0 0 -1
    outer loop
      vertex 8.527218684219825 67.1210643118126 5.99
      vertex 8.527218684219825 68.41893568818739 5.99
      vertex 8.558444235207048 67.2264800052847 5.99
    endloop
  endfacet
  facet normal 0 0 -1
    outer loop
      vertex 8.558444235207048 67.2264800052847 5.99
      vertex 8.558444235207048 68.31351999471529 5.99
      vertex 8.584109961540996 67.3333854492827 5.99
    endloop
  endfacet
  facet normal 0 0 -1
    outer loop
      vertex 8.584109961540996 67.3333854492827 5.99
      vertex 8.584109961540996 68.20661455071729 5.99
      vertex 8.60414551524979 67.44148762341551 5.99
    endloop
  endfacet
  facet normal 0 0 -1
    outer loop
      vertex 8.60414551524979 67.44148762341551 5.99
      vertex 8.60414551524979 68.09851237658448 5.99
      vertex 8.618495980273373 67.55049022713793 5.99
    endloop
  endfacet
  facet normal 0 0 -1
    outer loop
      vertex 8.618495980273373 67.55049022713793 5.99
      vertex 8.618495980273373 67.98950977286206 5.99
      vertex 8.627122022984608 67.66009449188981 5.99
    endloop
  endfacet
  facet normal 0 0 -1
    outer loop
      vertex 8.627122022984608 67.66009449188981 5.99
      vertex 8.627122022984608 67.87990550811018 5.99
      vertex 8.630000000000003 67.77 5.99
    endloop
  endfacet
  facet normal 0 0 -1
    outer loop
      vertex 8.60414551524979 67.44148762341551 5.99
      vertex 8.584109961540996 68.20661455071729 5.99
      vertex 8.60414551524979 68.09851237658448 5.99
    endloop
  endfacet
  facet normal 0 0 -1
    outer loop
      vertex 8.627122022984608 67.66009449188981 5.99
      vertex 8.618495980273373 67.98950977286206 5.99
      vertex 8.627122022984608 67.87990550811018 5.99
    endloop
  endfacet
  facet normal 0 0 -1
    outer loop
      vertex 8.618495980273373 67.55049022713793 5.99
      vertex 8.60414551524979 68.09851237658448 5.99
      vertex 8.618495980273373 67.98950977286206 5.99
    endloop
  endfacet
  facet normal 0 0 -1
    outer loop
      vertex 8.584109961540996 67.3333854492827 5.99
      vertex 8.558444235207048 68.31351999471529 5.99
      vertex 8.584109961540996 68.20661455071729 5.99
    endloop
  endfacet
  facet normal 0 0 -1
    outer loop
      vertex 8.558444235207048 67.2264800052847 5.99
      vertex 8.527218684219825 68.41893568818739 5.99
      vertex 8.558444235207048 68.31351999471529 5.99
    endloop
  endfacet
  facet normal 0 0 -1
    outer loop
      vertex 8.401113700795577 66.81661995054695 5.99
      vertex 8.34865334794732 68.82 5.99
      vertex 8.401113700795577 68.72338004945304 5.99
    endloop
  endfacet
  facet normal 0 0 -1
    outer loop
      vertex 8.44844546104946 66.91585304954081 5.99
      vertex 8.401113700795577 68.72338004945304 5.99
      vertex 8.44844546104946 68.62414695045918 5.99
    endloop
  endfacet
  facet normal 0 1 0
    outer loop
      vertex 2.530000000000001 72.02 0
      vertex 2.530000000000001 72.02 8
      vertex 26.53 72.02 8
    endloop
  endfacet
  facet normal 0 0 1
    outer loop
      vertex 2.3209430712461483 72.00904378712177 8
      vertex 2.530000000000001 72.02 8
      vertex 2.425328089594842 72.01725907295942 8
    endloop
  endfacet
  facet normal 0 0 1
    outer loop
      vertex 0.5300000000000011 64.52000000327826 8
      vertex 28.53 64.52000000327826 8
      vertex 0.5300000000000011 70.02 8
    endloop
  endfacet
  facet normal 0 0 1
    outer loop
      vertex 0.5300000000000011 70.02 8
      vertex 28.505376680493356 70.33286893039941 8
      vertex 0.5327409270405781 70.12467191040516 8
    endloop
  endfacet
  facet normal 0 0 1
    outer loop
      vertex 0.5327409270405781 70.12467191040516 8
      vertex 28.48629519969225 70.43582338511943 8
      vertex 0.5409562128782284 70.22905692875385 8
    endloop
  endfacet
  facet normal 0 0 1
    outer loop
      vertex 0.5409562128782284 70.22905692875385 8
      vertex 28.46185165524483 70.53763808727264 8
      vertex 0.5546233195066463 70.33286893039941 8
    endloop
  endfacet
  facet normal 0 0 1
    outer loop
      vertex 0.5546233195066463 70.33286893039941 8
      vertex 28.432113035321237 70.63803399026393 8
      vertex 0.5737048003077518 70.43582338511943 8
    endloop
  endfacet
  facet normal 0 0 1
    outer loop
      vertex 0.5737048003077518 70.43582338511943 8
      vertex 28.397160849273206 70.73673589944839 8
      vertex 0.5981483447551739 70.53763808727264 8
    endloop
  endfacet
  facet normal 0 0 1
    outer loop
      vertex 0.5981483447551739 70.53763808727264 8
      vertex 28.357090911567212 70.83347328424453 8
      vertex 0.6278869646787655 70.63803399026393 8
    endloop
  endfacet
  facet normal 0 0 1
    outer loop
      vertex 0.6278869646787655 70.63803399026393 8
      vertex 28.312013051211835 70.92798100084066 8
      vertex 0.6628391507267963 70.73673589944839 8
    endloop
  endfacet
  facet normal 0 0 1
    outer loop
      vertex 0.6628391507267963 70.73673589944839 8
      vertex 28.262050806283952 71.02 8
      vertex 0.70290908843279 70.83347328424453 8
    endloop
  endfacet
  facet normal 0 0 1
    outer loop
      vertex 0.70290908843279 70.83347328424453 8
      vertex 28.207341133356095 71.10927807211876 8
      vertex 0.7479869487881672 70.92798100084066 8
    endloop
  endfacet
  facet normal 0 0 1
    outer loop
      vertex 0.7479869487881672 70.92798100084066 8
      vertex 28.14803399026394 71.19557050287723 8
      vertex 0.7979491937160503 71.02 8
    endloop
  endfacet
  facet normal 0 0 1
    outer loop
      vertex 0.7979491937160503 71.02 8
      vertex 28.08429192632437 71.27864078104496 8
      vertex 0.8526588666439068 71.10927807211876 8
    endloop
  endfacet
  facet normal 0 0 1
    outer loop
      vertex 0.8526588666439068 71.10927807211876 8
      vertex 28.0162896502018 71.3582612094283 8
      vertex 0.9119660097360622 71.19557050287723 8
    endloop
  endfacet
  facet normal 0 0 1
    outer loop
      vertex 0.9119660097360622 71.19557050287723 8
      vertex 27.944213560521604 71.4342135605216 8
      vertex 0.9757080736756336 71.27864078104496 8
    endloop
  endfacet
  facet normal 0 0 1
    outer loop
      vertex 0.9757080736756336 71.27864078104496 8
      vertex 27.86826120942831 71.5062896502018 8
      vertex 1.0437103497982037 71.3582612094283 8
    endloop
  endfacet
  facet normal 0 0 1
    outer loop
      vertex 1.0437103497982037 71.3582612094283 8
      vertex 27.78864078104496 71.57429192632436 8
      vertex 1.1157864394783985 71.4342135605216 8
    endloop
  endfacet
  facet normal 0 0 1
    outer loop
      vertex 1.1157864394783985 71.4342135605216 8
      vertex 27.705570502877237 71.63803399026393 8
      vertex 1.1917387905716907 71.5062896502018 8
    endloop
  endfacet
  facet normal 0 0 1
    outer loop
      vertex 1.1917387905716907 71.5062896502018 8
      vertex 27.61927807211876 71.69734113335609 8
      vertex 1.2713592189550411 71.57429192632436 8
    endloop
  endfacet
  facet normal 0 0 1
    outer loop
      vertex 1.2713592189550411 71.57429192632436 8
      vertex 27.53 71.75205080628395 8
      vertex 1.3544294971227657 71.63803399026393 8
    endloop
  endfacet
  facet normal 0 0 1
    outer loop
      vertex 1.3544294971227657 71.63803399026393 8
      vertex 27.437981000840665 71.80201305121183 8
      vertex 1.440721927881242 71.69734113335609 8
    endloop
  endfacet
  facet normal 0 0 1
    outer loop
      vertex 1.440721927881242 71.69734113335609 8
      vertex 27.34347328424454 71.84709091156721 8
      vertex 1.5300000000000011 71.75205080628395 8
    endloop
  endfacet
  facet normal 0 0 1
    outer loop
      vertex 1.5300000000000011 71.75205080628395 8
      vertex 27.246735899448396 71.8871608492732 8
      vertex 1.6220189991593372 71.80201305121183 8
    endloop
  endfacet
  facet normal 0 0 1
    outer loop
      vertex 1.6220189991593372 71.80201305121183 8
      vertex 27.14803399026394 71.92211303532123 8
      vertex 1.7165267157554638 71.84709091156721 8
    endloop
  endfacet
  facet normal 0 0 1
    outer loop
      vertex 1.7165267157554638 71.84709091156721 8
      vertex 27.047638087272645 71.95185165524482 8
      vertex 1.8132641005516064 71.8871608492732 8
    endloop
  endfacet
  facet normal 0 0 1
    outer loop
      vertex 1.8132641005516064 71.8871608492732 8
      vertex 26.94582338511944 71.97629519969225 8
      vertex 1.9119660097360622 71.92211303532123 8
    endloop
  endfacet
  facet normal 0 0 1
    outer loop
      vertex 1.9119660097360622 71.92211303532123 8
      vertex 26.84286893039942 71.99537668049335 8
      vertex 2.012361912727357 71.95185165524482 8
    endloop
  endfacet
  facet normal 0 0 1
    outer loop
      vertex 2.012361912727357 71.95185165524482 8
      vertex 26.739056928753854 72.00904378712177 8
      vertex 2.114176614880563 71.97629519969225 8
    endloop
  endfacet
  facet normal 0 0 1
    outer loop
      vertex 2.114176614880563 71.97629519969225 8
      vertex 26.63467191040516 72.01725907295942 8
      vertex 2.2171310696005833 71.99537668049335 8
    endloop
  endfacet
  facet normal 0 0 1
    outer loop
      vertex 2.2171310696005833 71.99537668049335 8
      vertex 26.53 72.02 8
      vertex 2.3209430712461483 72.00904378712177 8
    endloop
  endfacet
  facet normal 0 0 1
    outer loop
      vertex 2.3209430712461483 72.00904378712177 8
      vertex 26.53 72.02 8
      vertex 2.530000000000001 72.02 8
    endloop
  endfacet
  facet normal 0 -1 0
    outer loop
      vertex -45.53 60.519999999999996 0
      vertex 49.23000000000005 60.519999999999996 0
      vertex 49.23000000000005 60.519999999999996 16
    endloop
  endfacet
  facet normal 0 0 -1
    outer loop
      vertex 8.014924240491752 66.28507575950825 0
      vertex 8.09060413350253 66.36482572664639 0
      vertex 20.569481104355877 68.52257269404512 0
    endloop
  endfacet
  facet normal 0 0 -1
    outer loop
      vertex 8.09060413350253 66.36482572664639 0
      vertex 8.162006519059638 66.44842717879534 0
      vertex 20.569481104355877 68.52257269404512 0
    endloop
  endfacet
  facet normal 0 0 -1
    outer loop
      vertex 8.162006519059638 66.44842717879534 0
      vertex 8.228935688187391 66.5356509701858 0
      vertex 20.569481104355877 68.52257269404512 0
    endloop
  endfacet
  facet normal 0 0 -1
    outer loop
      vertex 8.228935688187391 66.5356509701858 0
      vertex 8.291208192685389 66.62625802646843 0
      vertex 20.569481104355877 68.52257269404512 0
    endloop
  endfacet
  facet normal 0 0 -1
    outer loop
      vertex 8.291208192685389 66.62625802646843 0
      vertex 8.34865334794732 66.72 0
      vertex 20.569481104355877 68.52257269404512 0
    endloop
  endfacet
  facet normal 0 0 -1
    outer loop
      vertex 8.34865334794732 66.72 0
      vertex 8.401113700795577 66.81661995054695 0
      vertex 20.569481104355877 68.52257269404512 0
    endloop
  endfacet
  facet normal 0 0 -1
    outer loop
      vertex 8.401113700795577 66.81661995054695 0
      vertex 8.44844546104946 66.91585304954081 0
      vertex 20.569481104355877 68.52257269404512 0
    endloop
  endfacet
  facet normal 0 0 -1
    outer loop
      vertex 8.44844546104946 66.91585304954081 0
      vertex 8.490518895644122 67.01742730595487 0
      vertex 20.569481104355877 68.52257269404512 0
    endloop
  endfacet
  facet normal 0 0 -1
    outer loop
      vertex 1.4851883784680027 64.50354254796684 0
      vertex 20.83106431181261 66.5356509701858 0
      vertex 20.89799348094036 66.44842717879534 0
    endloop
  endfacet
  facet normal 0 0 -1
    outer loop
      vertex 1.4851883784680027 64.50354254796684 0
      vertex 20.89799348094036 66.44842717879534 0
      vertex 20.96939586649747 66.36482572664639 0
    endloop
  endfacet
  facet normal 0 0 -1
    outer loop
      vertex 1.4851883784680027 64.50354254796684 0
      vertex 20.96939586649747 66.36482572664639 0
      vertex 21.04507575950825 66.28507575950825 0
    endloop
  endfacet
  facet normal 0 0 -1
    outer loop
      vertex 1.4851883784680027 64.50354254796684 0
      vertex 20.61155453895054 66.91585304954081 0
      vertex 20.65888629920443 66.81661995054695 0
    endloop
  endfacet
  facet normal 0 0 -1
    outer loop
      vertex 1.4851883784680027 64.50354254796684 0
      vertex 20.65888629920443 66.81661995054695 0
      vertex 20.71134665205268 66.72 0
    endloop
  endfacet
  facet normal 0 0 -1
    outer loop
      vertex 1.4851883784680027 64.50354254796684 0
      vertex 20.532781315780177 67.1210643118126 0
      vertex 20.569481104355877 67.01742730595487 0
    endloop
  endfacet
  facet normal 0 0 -1
    outer loop
      vertex 1.4851883784680027 64.50354254796684 0
      vertex 20.47589003845901 67.3333854492827 0
      vertex 20.501555764792958 67.2264800052847 0
    endloop
  endfacet
  facet normal 0 0 -1
    outer loop
      vertex 1.4851883784680027 64.50354254796684 0
      vertex 20.501555764792958 67.2264800052847 0
      vertex 20.532781315780177 67.1210643118126 0
    endloop
  endfacet
  facet normal 0 0 -1
    outer loop
      vertex 1.4851883784680027 64.50354254796684 0
      vertex 20.569481104355877 67.01742730595487 0
      vertex 20.61155453895054 66.91585304954081 0
    endloop
  endfacet
  facet normal 0 0 -1
    outer loop
      vertex 1.4851883784680027 64.50354254796684 0
      vertex 20.71134665205268 66.72 0
      vertex 20.76879180731461 66.62625802646843 0
    endloop
  endfacet
  facet normal 0 0 -1
    outer loop
      vertex 1.4851883784680027 64.50354254796684 0
      vertex 20.76879180731461 66.62625802646843 0
      vertex 20.83106431181261 66.5356509701858 0
    endloop
  endfacet
  facet normal 0 0 -1
    outer loop
      vertex 1.4851883784680027 64.50354254796684 0
      vertex 20.43 67.77 0
      vertex 20.432877977015394 67.66009449188981 0
    endloop
  endfacet
  facet normal 0 0 -1
    outer loop
      vertex 1.4851883784680027 64.50354254796684 0
      vertex 20.432877977015394 67.66009449188981 0
      vertex 20.441504019726626 67.55049022713793 0
    endloop
  endfacet
  facet normal 0 0 -1
    outer loop
      vertex 1.4851883784680027 64.50354254796684 0
      vertex 20.441504019726626 67.98950977286206 0
      vertex 20.432877977015394 67.87990550811018 0
    endloop
  endfacet
  facet normal 0 0 -1
    outer loop
      vertex 1.4851883784680027 64.50354254796684 0
      vertex 20.432877977015394 67.87990550811018 0
      vertex 20.43 67.77 0
    endloop
  endfacet
  facet normal 0 0 -1
    outer loop
      vertex 1.4851883784680027 64.50354254796684 0
      vertex 20.441504019726626 67.55049022713793 0
      vertex 20.455854484750212 67.44148762341551 0
    endloop
  endfacet
  facet normal 0 0 -1
    outer loop
      vertex 1.4851883784680027 64.50354254796684 0
      vertex 20.455854484750212 67.44148762341551 0
      vertex 20.47589003845901 67.3333854492827 0
    endloop
  endfacet
  facet normal 0 0 -1
    outer loop
      vertex 1.4851883784680027 64.50354254796684 0
      vertex 20.47589003845901 68.20661455071729 0
      vertex 20.455854484750212 68.09851237658448 0
    endloop
  endfacet
  facet normal 0 0 -1
    outer loop
      vertex 1.4851883784680027 64.50354254796684 0
      vertex 20.455854484750212 68.09851237658448 0
      vertex 20.441504019726626 67.98950977286206 0
    endloop
  endfacet
  facet normal 0 0 -1
    outer loop
      vertex 1.4851883784680027 64.50354254796684 0
      vertex 20.532781315780177 68.41893568818739 0
      vertex 20.501555764792958 68.31351999471529 0
    endloop
  endfacet
  facet normal 0 0 -1
    outer loop
      vertex 1.4851883784680027 64.50354254796684 0
      vertex 20.501555764792958 68.31351999471529 0
      vertex 20.47589003845901 68.20661455071729 0
    endloop
  endfacet
  facet normal 0 0 -1
    outer loop
      vertex 1.4851883784680027 64.50354254796684 0
      vertex 21.04507575950825 66.28507575950825 0
      vertex 21.1248257266464 66.20939586649747 0
    endloop
  endfacet
  facet normal 0 0 -1
    outer loop
      vertex 1.4851883784680027 64.50354254796684 0
      vertex 21.1248257266464 66.20939586649747 0
      vertex 21.208427178795343 66.13799348094035 0
    endloop
  endfacet
  facet normal 0 0 -1
    outer loop
      vertex 1.4851883784680027 64.50354254796684 0
      vertex 21.208427178795343 66.13799348094035 0
      vertex 21.295650970185807 66.0710643118126 0
    endloop
  endfacet
  facet normal 0 0 -1
    outer loop
      vertex 1.4851883784680027 64.50354254796684 0
      vertex 21.295650970185807 66.0710643118126 0
      vertex 21.386258026468443 66.00879180731461 0
    endloop
  endfacet
  facet normal 0 0 -1
    outer loop
      vertex 1.4851883784680027 64.50354254796684 0
      vertex 21.386258026468443 66.00879180731461 0
      vertex 21.48 65.95134665205268 0
    endloop
  endfacet
  facet normal 0 0 -1
    outer loop
      vertex 1.4851883784680027 64.50354254796684 0
      vertex 21.48 65.95134665205268 0
      vertex 21.576619950546952 65.89888629920442 0
    endloop
  endfacet
  facet normal 0 0 -1
    outer loop
      vertex 1.4851883784680027 64.50354254796684 0
      vertex 21.67585304954082 65.85155453895054 0
      vertex 21.77742730595487 65.80948110435587 0
    endloop
  endfacet
  facet normal 0 0 -1
    outer loop
      vertex 1.4851883784680027 64.50354254796684 0
      vertex 21.576619950546952 65.89888629920442 0
      vertex 21.67585304954082 65.85155453895054 0
    endloop
  endfacet
  facet normal 0 0 -1
    outer loop
      vertex 1.4851883784680027 64.50354254796684 0
      vertex 21.77742730595487 65.80948110435587 0
      vertex 21.88106431181261 65.77278131578018 0
    endloop
  endfacet
  facet normal 0 0 -1
    outer loop
      vertex 1.4851883784680027 64.50354254796684 0
      vertex 21.88106431181261 65.77278131578018 0
      vertex 21.986480005284708 65.74155576479295 0
    endloop
  endfacet
  facet normal 0 0 -1
    outer loop
      vertex 1.4851883784680027 64.50354254796684 0
      vertex 21.986480005284708 65.74155576479295 0
      vertex 22.093385449282707 65.71589003845901 0
    endloop
  endfacet
  facet normal 0 0 -1
    outer loop
      vertex 8.490518895644122 67.01742730595487 0
      vertex 8.527218684219825 67.1210643118126 0
      vertex 20.569481104355877 68.52257269404512 0
    endloop
  endfacet
  facet normal 0 0 -1
    outer loop
      vertex 8.527218684219825 67.1210643118126 0
      vertex 8.558444235207048 67.2264800052847 0
      vertex 20.569481104355877 68.52257269404512 0
    endloop
  endfacet
  facet normal 0 0 -1
    outer loop
      vertex 8.558444235207048 67.2264800052847 0
      vertex 8.584109961540996 67.3333854492827 0
      vertex 20.569481104355877 68.52257269404512 0
    endloop
  endfacet
  facet normal 0 0 -1
    outer loop
      vertex 8.584109961540996 68.20661455071729 0
      vertex 8.558444235207048 68.31351999471529 0
      vertex 20.569481104355877 68.52257269404512 0
    endloop
  endfacet
  facet normal 0 0 -1
    outer loop
      vertex 8.558444235207048 68.31351999471529 0
      vertex 8.527218684219825 68.41893568818739 0
      vertex 20.569481104355877 68.52257269404512 0
    endloop
  endfacet
  facet normal 0 0 -1
    outer loop
      vertex 8.490518895644122 68.52257269404512 0
      vertex 20.569481104355877 68.52257269404512 0
      vertex 8.527218684219825 68.41893568818739 0
    endloop
  endfacet
  facet normal 0 0 -1
    outer loop
      vertex 8.490518895644122 68.52257269404512 0
      vertex 8.44844546104946 68.62414695045918 0
      vertex 20.569481104355877 68.52257269404512 0
    endloop
  endfacet
  facet normal 0 0 -1
    outer loop
      vertex 8.584109961540996 67.3333854492827 0
      vertex 8.60414551524979 67.44148762341551 0
      vertex 20.569481104355877 68.52257269404512 0
    endloop
  endfacet
  facet normal 0 0 -1
    outer loop
      vertex 8.60414551524979 67.44148762341551 0
      vertex 8.618495980273373 67.55049022713793 0
      vertex 20.569481104355877 68.52257269404512 0
    endloop
  endfacet
  facet normal 0 0 -1
    outer loop
      vertex 8.618495980273373 67.55049022713793 0
      vertex 8.627122022984608 67.66009449188981 0
      vertex 20.569481104355877 68.52257269404512 0
    endloop
  endfacet
  facet normal 0 0 -1
    outer loop
      vertex 8.627122022984608 67.66009449188981 0
      vertex 8.630000000000003 67.77 0
      vertex 20.569481104355877 68.52257269404512 0
    endloop
  endfacet
  facet normal 0 0 -1
    outer loop
      vertex 8.630000000000003 67.77 0
      vertex 8.627122022984608 67.87990550811018 0
      vertex 20.569481104355877 68.52257269404512 0
    endloop
  endfacet
  facet normal 0 0 -1
    outer loop
      vertex 8.627122022984608 67.87990550811018 0
      vertex 8.618495980273373 67.98950977286206 0
      vertex 20.569481104355877 68.52257269404512 0
    endloop
  endfacet
  facet normal 0 0 -1
    outer loop
      vertex 8.618495980273373 67.98950977286206 0
      vertex 8.60414551524979 68.09851237658448 0
      vertex 20.569481104355877 68.52257269404512 0
    endloop
  endfacet
  facet normal 0 0 -1
    outer loop
      vertex 8.60414551524979 68.09851237658448 0
      vertex 8.584109961540996 68.20661455071729 0
      vertex 20.569481104355877 68.52257269404512 0
    endloop
  endfacet
  facet normal 0 0 -1
    outer loop
      vertex 8.09060413350253 69.1751742733536 0
      vertex 8.014924240491752 69.25492424049175 0
      vertex 20.96939586649747 69.1751742733536 0
    endloop
  endfacet
  facet normal 0 0 -1
    outer loop
      vertex 8.09060413350253 69.1751742733536 0
      vertex 20.89799348094036 69.09157282120465 0
      vertex 8.162006519059638 69.09157282120465 0
    endloop
  endfacet
  facet normal 0 0 -1
    outer loop
      vertex 8.401113700795577 68.72338004945304 0
      vertex 8.34865334794732 68.82 0
      vertex 20.65888629920443 68.72338004945304 0
    endloop
  endfacet
  facet normal 0 0 -1
    outer loop
      vertex 8.291208192685389 68.91374197353156 0
      vertex 20.71134665205268 68.82 0
      vertex 8.34865334794732 68.82 0
    endloop
  endfacet
  facet normal 0 0 -1
    outer loop
      vertex 8.44844546104946 68.62414695045918 0
      vertex 8.401113700795577 68.72338004945304 0
      vertex 20.61155453895054 68.62414695045918 0
    endloop
  endfacet
  facet normal 0 0 -1
    outer loop
      vertex 8.291208192685389 68.91374197353156 0
      vertex 8.228935688187391 69.0043490298142 0
      vertex 20.76879180731461 68.91374197353156 0
    endloop
  endfacet
  facet normal 0 0 -1
    outer loop
      vertex 8.228935688187391 69.0043490298142 0
      vertex 8.162006519059638 69.09157282120465 0
      vertex 20.83106431181261 69.0043490298142 0
    endloop
  endfacet
  facet normal 0 0 -1
    outer loop
      vertex 7.764349029814198 69.46893568818739 0
      vertex 21.208427178795343 69.40200651905964 0
      vertex 7.8515728212046625 69.40200651905964 0
    endloop
  endfacet
  facet normal 0 0 -1
    outer loop
      vertex 7.935174273353603 69.33060413350252 0
      vertex 21.04507575950825 69.25492424049175 0
      vertex 8.014924240491752 69.25492424049175 0
    endloop
  endfacet
  facet normal 0 0 -1
    outer loop
      vertex 7.8515728212046625 69.40200651905964 0
      vertex 21.1248257266464 69.33060413350252 0
      vertex 7.935174273353603 69.33060413350252 0
    endloop
  endfacet
  facet normal 0 0 -1
    outer loop
      vertex 7.6737419735315555 69.53120819268538 0
      vertex 21.295650970185807 69.46893568818739 0
      vertex 7.764349029814198 69.46893568818739 0
    endloop
  endfacet
  facet normal 0 0 -1
    outer loop
      vertex 7.579999999999998 69.58865334794731 0
      vertex 21.386258026468443 69.53120819268538 0
      vertex 7.6737419735315555 69.53120819268538 0
    endloop
  endfacet
  facet normal 0 0 -1
    outer loop
      vertex 0.5300000000000011 70.02 0
      vertex 22.42009449188982 69.8671220229846 0
      vertex 22.31049022713793 69.85849598027337 0
    endloop
  endfacet
  facet normal 0 0 -1
    outer loop
      vertex 0.5300000000000011 70.02 0
      vertex 22.53 69.86999999999999 0
      vertex 22.42009449188982 69.8671220229846 0
    endloop
  endfacet
  facet normal 0 0 -1
    outer loop
      vertex 1.4851883784680027 64.50354254796684 0
      vertex 22.093385449282707 65.71589003845901 0
      vertex 28.53 64.52000000327826 0
    endloop
  endfacet
  facet normal 0 0 -1
    outer loop
      vertex 7.579999999999998 65.95134665205268 0
      vertex 20.569481104355877 68.52257269404512 0
      vertex 20.532781315780177 68.41893568818739 0
    endloop
  endfacet
  facet normal 0 0 -1
    outer loop
      vertex 8.44844546104946 68.62414695045918 0
      vertex 20.61155453895054 68.62414695045918 0
      vertex 20.569481104355877 68.52257269404512 0
    endloop
  endfacet
  facet normal 0 0 -1
    outer loop
      vertex 8.401113700795577 68.72338004945304 0
      vertex 20.65888629920443 68.72338004945304 0
      vertex 20.61155453895054 68.62414695045918 0
    endloop
  endfacet
  facet normal 0 0 -1
    outer loop
      vertex 8.34865334794732 68.82 0
      vertex 20.71134665205268 68.82 0
      vertex 20.65888629920443 68.72338004945304 0
    endloop
  endfacet
  facet normal 0 0 -1
    outer loop
      vertex 8.291208192685389 68.91374197353156 0
      vertex 20.76879180731461 68.91374197353156 0
      vertex 20.71134665205268 68.82 0
    endloop
  endfacet
  facet normal 0 0 -1
    outer loop
      vertex 8.228935688187391 69.0043490298142 0
      vertex 20.83106431181261 69.0043490298142 0
      vertex 20.76879180731461 68.91374197353156 0
    endloop
  endfacet
  facet normal 0 0 -1
    outer loop
      vertex 8.162006519059638 69.09157282120465 0
      vertex 20.89799348094036 69.09157282120465 0
      vertex 20.83106431181261 69.0043490298142 0
    endloop
  endfacet
  facet normal 0 0 -1
    outer loop
      vertex 8.09060413350253 69.1751742733536 0
      vertex 20.96939586649747 69.1751742733536 0
      vertex 20.89799348094036 69.09157282120465 0
    endloop
  endfacet
  facet normal 0 0 -1
    outer loop
      vertex 8.014924240491752 69.25492424049175 0
      vertex 21.04507575950825 69.25492424049175 0
      vertex 20.96939586649747 69.1751742733536 0
    endloop
  endfacet
  facet normal 0 0 -1
    outer loop
      vertex 7.935174273353603 69.33060413350252 0
      vertex 21.1248257266464 69.33060413350252 0
      vertex 21.04507575950825 69.25492424049175 0
    endloop
  endfacet
  facet normal 0 0 -1
    outer loop
      vertex 7.8515728212046625 69.40200651905964 0
      vertex 21.208427178795343 69.40200651905964 0
      vertex 21.1248257266464 69.33060413350252 0
    endloop
  endfacet
  facet normal 0 0 -1
    outer loop
      vertex 7.764349029814198 69.46893568818739 0
      vertex 21.295650970185807 69.46893568818739 0
      vertex 21.208427178795343 69.40200651905964 0
    endloop
  endfacet
  facet normal 0 0 -1
    outer loop
      vertex 7.6737419735315555 69.53120819268538 0
      vertex 21.386258026468443 69.53120819268538 0
      vertex 21.295650970185807 69.46893568818739 0
    endloop
  endfacet
  facet normal 0 0 -1
    outer loop
      vertex 7.579999999999998 69.58865334794731 0
      vertex 21.48 69.58865334794731 0
      vertex 21.386258026468443 69.53120819268538 0
    endloop
  endfacet
  facet normal 0 0 -1
    outer loop
      vertex 7.4833800494530465 69.64111370079557 0
      vertex 21.576619950546952 69.64111370079557 0
      vertex 21.48 69.58865334794731 0
    endloop
  endfacet
  facet normal 0 0 -1
    outer loop
      vertex 7.384146950459183 69.68844546104945 0
      vertex 21.67585304954082 69.68844546104945 0
      vertex 21.576619950546952 69.64111370079557 0
    endloop
  endfacet
  facet normal 0 0 -1
    outer loop
      vertex 7.282572694045129 69.73051889564412 0
      vertex 21.77742730595487 69.73051889564412 0
      vertex 21.67585304954082 69.68844546104945 0
    endloop
  endfacet
  facet normal 0 0 -1
    outer loop
      vertex 7.178935688187394 69.76721868421981 0
      vertex 21.88106431181261 69.76721868421981 0
      vertex 21.77742730595487 69.73051889564412 0
    endloop
  endfacet
  facet normal 0 0 -1
    outer loop
      vertex 7.073519994715298 69.79844423520704 0
      vertex 21.986480005284708 69.79844423520704 0
      vertex 21.88106431181261 69.76721868421981 0
    endloop
  endfacet
  facet normal 0 0 -1
    outer loop
      vertex 6.966614550717296 69.82410996154098 0
      vertex 22.093385449282707 69.82410996154098 0
      vertex 21.986480005284708 69.79844423520704 0
    endloop
  endfacet
  facet normal 0 0 -1
    outer loop
      vertex 6.8585123765844855 69.84414551524978 0
      vertex 22.201487623415517 69.84414551524978 0
      vertex 22.093385449282707 69.82410996154098 0
    endloop
  endfacet
  facet normal 0 0 -1
    outer loop
      vertex 6.749509772862076 69.85849598027337 0
      vertex 22.31049022713793 69.85849598027337 0
      vertex 22.201487623415517 69.84414551524978 0
    endloop
  endfacet
  facet normal 0 0 -1
    outer loop
      vertex 0.5300000000000011 70.02 0
      vertex 28.519043787121774 70.22905692875385 0
      vertex 22.53 69.86999999999999 0
    endloop
  endfacet
  facet normal 0.8788171126619703 0.4771587602595994 0
    outer loop
      vertex 20.65888629920443 66.81661995054695 0
      vertex 20.65888629920443 66.81661995054695 5.99
      vertex 20.71134665205268 66.72 0
    endloop
  endfacet
  facet normal 0.902585284349852 0.4305110968083134 -2.316206354524641e-19
    outer loop
      vertex 20.65888629920443 66.81661995054695 0
      vertex 20.61155453895054 66.91585304954081 0
      vertex 20.61155453895054 66.91585304954081 5.99
    endloop
  endfacet
  facet normal 0.9723699203976797 0.2334453638558925 1.1970622956936006e-19
    outer loop
      vertex 20.501555764792958 67.2264800052847 0
      vertex 20.47589003845901 67.3333854492827 0
      vertex 20.47589003845901 67.3333854492827 5.99
    endloop
  endfacet
  facet normal 0.9914448613738094 0.13052619222005954 -3.21534264213815e-20
    outer loop
      vertex 20.455854484750212 67.44148762341551 0
      vertex 20.441504019726626 67.55049022713793 0
      vertex 20.441504019726626 67.55049022713793 5.99
    endloop
  endfacet
  facet normal 0.9832549075639538 0.1822355254921519 -2.536087536117758e-19
    outer loop
      vertex 20.47589003845901 67.3333854492827 0
      vertex 20.455854484750212 67.44148762341551 0
      vertex 20.455854484750212 67.44148762341551 5.99
    endloop
  endfacet
  facet normal 0.9426414910921703 0.3338068592337939 1.9645296216174162e-19
    outer loop
      vertex 20.569481104355877 67.01742730595487 0
      vertex 20.532781315780177 67.1210643118126 0
      vertex 20.532781315780177 67.1210643118126 5.99
    endloop
  endfacet
  facet normal 0.9238795325112891 0.3826834323650843 -1.7852071951589025e-20
    outer loop
      vertex 20.61155453895054 66.91585304954081 0
      vertex 20.569481104355877 67.01742730595487 0
      vertex 20.569481104355877 67.01742730595487 5.99
    endloop
  endfacet
  facet normal 0.9588197348681969 0.2840153447039095 0
    outer loop
      vertex 20.501555764792958 67.2264800052847 0
      vertex 20.501555764792958 67.2264800052847 5.99
      vertex 20.532781315780177 67.1210643118126 0
    endloop
  endfacet
  facet normal 0.7253743710122573 0.6883545756937859 0
    outer loop
      vertex 20.96939586649747 66.36482572664639 0
      vertex 20.96939586649747 66.36482572664639 5.99
      vertex 21.04507575950825 66.28507575950825 0
    endloop
  endfacet
  facet normal 0.6494480483302368 0.7604059655999855 0
    outer loop
      vertex 21.1248257266464 66.20939586649747 0
      vertex 21.1248257266464 66.20939586649747 5.99
      vertex 21.208427178795343 66.13799348094035 0
    endloop
  endfacet
  facet normal 0.6883545756937197 0.7253743710123203 0
    outer loop
      vertex 21.04507575950825 66.28507575950825 0
      vertex 21.04507575950825 66.28507575950825 5.99
      vertex 21.1248257266464 66.20939586649747 0
    endloop
  endfacet
  facet normal 0.6087614290087007 0.7933533402912506 0
    outer loop
      vertex 21.208427178795343 66.13799348094035 0
      vertex 21.208427178795343 66.13799348094035 5.99
      vertex 21.295650970185807 66.0710643118126 0
    endloop
  endfacet
  facet normal 0.5664062369248144 0.8241261886220282 0
    outer loop
      vertex 21.295650970185807 66.0710643118126 0
      vertex 21.295650970185807 66.0710643118126 5.99
      vertex 21.386258026468443 66.00879180731461 0
    endloop
  endfacet
  facet normal 0.5224985647159484 0.8526401643540925 0
    outer loop
      vertex 21.386258026468443 66.00879180731461 0
      vertex 21.386258026468443 66.00879180731461 5.99
      vertex 21.48 65.95134665205268 0
    endloop
  endfacet
  facet normal 0.793353340291211 0.6087614290087522 0
    outer loop
      vertex 20.83106431181261 66.5356509701858 0
      vertex 20.83106431181261 66.5356509701858 5.99
      vertex 20.89799348094036 66.44842717879534 0
    endloop
  endfacet
  facet normal 0.8241261886220133 0.5664062369248364 -3.7050771856919347e-19
    outer loop
      vertex 20.83106431181261 66.5356509701858 0
      vertex 20.76879180731461 66.62625802646843 0
      vertex 20.76879180731461 66.62625802646843 5.99
    endloop
  endfacet
  facet normal 0.8526401643541103 0.5224985647159196 3.217761421228812e-19
    outer loop
      vertex 20.76879180731461 66.62625802646843 0
      vertex 20.71134665205268 66.72 0
      vertex 20.71134665205268 66.72 5.99
    endloop
  endfacet
  facet normal 0.7604059656000742 0.6494480483301329 -1.408055642973786e-19
    outer loop
      vertex 20.96939586649747 66.36482572664639 0
      vertex 20.89799348094036 66.44842717879534 0
      vertex 20.89799348094036 66.44842717879534 5.99
    endloop
  endfacet
  facet normal 0 0 -1
    outer loop
      vertex 0.5737048003077518 70.43582338511943 0
      vertex 28.397160849273206 70.73673589944839 0
      vertex 28.432113035321237 70.63803399026393 0
    endloop
  endfacet
  facet normal 0 0 -1
    outer loop
      vertex 0.5981483447551739 70.53763808727264 0
      vertex 28.357090911567212 70.83347328424453 0
      vertex 28.397160849273206 70.73673589944839 0
    endloop
  endfacet
  facet normal 0 0 -1
    outer loop
      vertex 0.6278869646787655 70.63803399026393 0
      vertex 28.312013051211835 70.92798100084066 0
      vertex 28.357090911567212 70.83347328424453 0
    endloop
  endfacet
  facet normal 0 0 -1
    outer loop
      vertex 2.2171310696005833 71.99537668049335 0
      vertex 26.53 72.02 0
      vertex 26.63467191040516 72.01725907295942 0
    endloop
  endfacet
  facet normal 0 0 -1
    outer loop
      vertex 2.114176614880563 71.97629519969225 0
      vertex 26.63467191040516 72.01725907295942 0
      vertex 26.739056928753854 72.00904378712177 0
    endloop
  endfacet
  facet normal 0 0 -1
    outer loop
      vertex 2.012361912727357 71.95185165524482 0
      vertex 26.739056928753854 72.00904378712177 0
      vertex 26.84286893039942 71.99537668049335 0
    endloop
  endfacet
  facet normal 0 0 -1
    outer loop
      vertex 1.9119660097360622 71.92211303532123 0
      vertex 26.84286893039942 71.99537668049335 0
      vertex 26.94582338511944 71.97629519969225 0
    endloop
  endfacet
  facet normal 0 0 -1
    outer loop
      vertex 1.8132641005516064 71.8871608492732 0
      vertex 26.94582338511944 71.97629519969225 0
      vertex 27.047638087272645 71.95185165524482 0
    endloop
  endfacet
  facet normal 0 0 -1
    outer loop
      vertex 1.7165267157554638 71.84709091156721 0
      vertex 27.047638087272645 71.95185165524482 0
      vertex 27.14803399026394 71.92211303532123 0
    endloop
  endfacet
  facet normal 0 0 -1
    outer loop
      vertex 1.6220189991593372 71.80201305121183 0
      vertex 27.14803399026394 71.92211303532123 0
      vertex 27.246735899448396 71.8871608492732 0
    endloop
  endfacet
  facet normal 0 0 -1
    outer loop
      vertex 1.5300000000000011 71.75205080628395 0
      vertex 27.246735899448396 71.8871608492732 0
      vertex 27.34347328424454 71.84709091156721 0
    endloop
  endfacet
  facet normal 0 0 -1
    outer loop
      vertex 1.440721927881242 71.69734113335609 0
      vertex 27.34347328424454 71.84709091156721 0
      vertex 27.437981000840665 71.80201305121183 0
    endloop
  endfacet
  facet normal 0 0 -1
    outer loop
      vertex 0.9757080736756336 71.27864078104496 0
      vertex 27.86826120942831 71.5062896502018 0
      vertex 27.944213560521604 71.4342135605216 0
    endloop
  endfacet
  facet normal 0 0 -1
    outer loop
      vertex 0.7479869487881672 70.92798100084066 0
      vertex 28.14803399026394 71.19557050287723 0
      vertex 28.207341133356095 71.10927807211876 0
    endloop
  endfacet
  facet normal 0 0 -1
    outer loop
      vertex 0.7979491937160503 71.02 0
      vertex 28.08429192632437 71.27864078104496 0
      vertex 28.14803399026394 71.19557050287723 0
    endloop
  endfacet
  facet normal 0 0 -1
    outer loop
      vertex 0.6628391507267963 70.73673589944839 0
      vertex 28.262050806283952 71.02 0
      vertex 28.312013051211835 70.92798100084066 0
    endloop
  endfacet
  facet normal 0 0 -1
    outer loop
      vertex 0.70290908843279 70.83347328424453 0
      vertex 28.207341133356095 71.10927807211876 0
      vertex 28.262050806283952 71.02 0
    endloop
  endfacet
  facet normal 0 0 -1
    outer loop
      vertex 0.8526588666439068 71.10927807211876 0
      vertex 28.0162896502018 71.3582612094283 0
      vertex 28.08429192632437 71.27864078104496 0
    endloop
  endfacet
  facet normal 0 0 -1
    outer loop
      vertex 0.9119660097360622 71.19557050287723 0
      vertex 27.944213560521604 71.4342135605216 0
      vertex 28.0162896502018 71.3582612094283 0
    endloop
  endfacet
  facet normal 0 0 -1
    outer loop
      vertex 1.2713592189550411 71.57429192632436 0
      vertex 27.53 71.75205080628395 0
      vertex 27.61927807211876 71.69734113335609 0
    endloop
  endfacet
  facet normal 0 0 -1
    outer loop
      vertex 1.3544294971227657 71.63803399026393 0
      vertex 27.437981000840665 71.80201305121183 0
      vertex 27.53 71.75205080628395 0
    endloop
  endfacet
  facet normal 0 0 -1
    outer loop
      vertex 1.1917387905716907 71.5062896502018 0
      vertex 27.61927807211876 71.69734113335609 0
      vertex 27.705570502877237 71.63803399026393 0
    endloop
  endfacet
  facet normal 0 0 -1
    outer loop
      vertex 1.0437103497982037 71.3582612094283 0
      vertex 27.78864078104496 71.57429192632436 0
      vertex 27.86826120942831 71.5062896502018 0
    endloop
  endfacet
  facet normal 0 0 -1
    outer loop
      vertex 1.1157864394783985 71.4342135605216 0
      vertex 27.705570502877237 71.63803399026393 0
      vertex 27.78864078104496 71.57429192632436 0
    endloop
  endfacet
  facet normal 0 0 -1
    outer loop
      vertex 0.5300000000000011 70.02 0
      vertex 28.505376680493356 70.33286893039941 0
      vertex 28.519043787121774 70.22905692875385 0
    endloop
  endfacet
  facet normal 0 0 -1
    outer loop
      vertex 0.5327409270405781 70.12467191040516 0
      vertex 28.48629519969225 70.43582338511943 0
      vertex 28.505376680493356 70.33286893039941 0
    endloop
  endfacet
  facet normal 0 0 -1
    outer loop
      vertex 0.5409562128782284 70.22905692875385 0
      vertex 28.46185165524483 70.53763808727264 0
      vertex 28.48629519969225 70.43582338511943 0
    endloop
  endfacet
  facet normal 0 0 -1
    outer loop
      vertex 0.5546233195066463 70.33286893039941 0
      vertex 28.432113035321237 70.63803399026393 0
      vertex 28.46185165524483 70.53763808727264 0
    endloop
  endfacet
  facet normal 0 1 0
    outer loop
      vertex 2.530000000000001 72.02 0
      vertex 26.53 72.02 8
      vertex 26.53 72.02 0
    endloop
  endfacet
  facet normal 0.9969173337331272 0.07845909572785524 8.03125988177838e-21
    outer loop
      vertex 20.441504019726626 67.55049022713793 0
      vertex 20.432877977015394 67.66009449188981 0
      vertex 20.432877977015394 67.66009449188981 5.99
    endloop
  endfacet
  facet normal 0.9996573249755575 0.026176948307869367 -3.920551178560204e-20
    outer loop
      vertex 20.432877977015394 67.66009449188981 0
      vertex 20.43 67.77 0
      vertex 20.43 67.77 5.99
    endloop
  endfacet
  facet normal 0.9996573249755575 -0.026176948307869367 3.920551178560204e-20
    outer loop
      vertex 20.43 67.77 0
      vertex 20.432877977015394 67.87990550811018 0
      vertex 20.432877977015394 67.87990550811018 5.99
    endloop
  endfacet
  facet normal 0.9969173337331272 -0.07845909572785524 -8.03125988177838e-21
    outer loop
      vertex 20.432877977015394 67.87990550811018 0
      vertex 20.441504019726626 67.98950977286206 0
      vertex 20.441504019726626 67.98950977286206 5.99
    endloop
  endfacet
  facet normal 0.9914448613738094 -0.13052619222005954 3.21534264213815e-20
    outer loop
      vertex 20.441504019726626 67.98950977286206 0
      vertex 20.455854484750212 68.09851237658448 0
      vertex 20.455854484750212 68.09851237658448 5.99
    endloop
  endfacet
  facet normal 0.9832549075639538 -0.1822355254921519 2.536087536117758e-19
    outer loop
      vertex 20.455854484750212 68.09851237658448 0
      vertex 20.47589003845901 68.20661455071729 0
      vertex 20.47589003845901 68.20661455071729 5.99
    endloop
  endfacet
  facet normal 0.9723699203976797 -0.2334453638558925 -1.1970622956936006e-19
    outer loop
      vertex 20.47589003845901 68.20661455071729 0
      vertex 20.501555764792958 68.31351999471529 0
      vertex 20.501555764792958 68.31351999471529 5.99
    endloop
  endfacet
  facet normal 0.9588197348681969 -0.2840153447039095 2.358918768487801e-19
    outer loop
      vertex 20.501555764792958 68.31351999471529 0
      vertex 20.532781315780177 68.41893568818739 0
      vertex 20.532781315780177 68.41893568818739 5.99
    endloop
  endfacet
  facet normal 0.9426414910921703 -0.3338068592337939 -1.9645296216174162e-19
    outer loop
      vertex 20.532781315780177 68.41893568818739 0
      vertex 20.569481104355877 68.52257269404512 0
      vertex 20.569481104355877 68.52257269404512 5.99
    endloop
  endfacet
  facet normal 0.9238795325112891 -0.3826834323650843 1.7852071951589025e-20
    outer loop
      vertex 20.569481104355877 68.52257269404512 0
      vertex 20.61155453895054 68.62414695045918 0
      vertex 20.61155453895054 68.62414695045918 5.99
    endloop
  endfacet
  facet normal 0.902585284349852 -0.4305110968083134 2.316206354524641e-19
    outer loop
      vertex 20.61155453895054 68.62414695045918 0
      vertex 20.65888629920443 68.72338004945304 0
      vertex 20.65888629920443 68.72338004945304 5.99
    endloop
  endfacet
  facet normal 0.8788171126619703 -0.4771587602595994 -1.6102237328051122e-19
    outer loop
      vertex 20.65888629920443 68.72338004945304 0
      vertex 20.71134665205268 68.82 0
      vertex 20.71134665205268 68.82 5.99
    endloop
  endfacet
  facet normal 0.8526401643541103 -0.5224985647159196 -3.217761421228812e-19
    outer loop
      vertex 20.71134665205268 68.82 0
      vertex 20.76879180731461 68.91374197353156 0
      vertex 20.76879180731461 68.91374197353156 5.99
    endloop
  endfacet
  facet normal 0.8241261886220133 -0.5664062369248364 3.7050771856919347e-19
    outer loop
      vertex 20.76879180731461 68.91374197353156 0
      vertex 20.83106431181261 69.0043490298142 0
      vertex 20.83106431181261 69.0043490298142 5.99
    endloop
  endfacet
  facet normal 0.793353340291211 -0.6087614290087522 -4.300671833742774e-20
    outer loop
      vertex 20.83106431181261 69.0043490298142 0
      vertex 20.89799348094036 69.09157282120465 0
      vertex 20.89799348094036 69.09157282120465 5.99
    endloop
  endfacet
  facet normal 0.7604059656000742 -0.6494480483301329 1.408055642973786e-19
    outer loop
      vertex 20.89799348094036 69.09157282120465 0
      vertex 20.96939586649747 69.1751742733536 0
      vertex 20.96939586649747 69.1751742733536 5.99
    endloop
  endfacet
  facet normal 0.7253743710122573 -0.6883545756937859 -4.995067603870972e-19
    outer loop
      vertex 20.96939586649747 69.1751742733536 0
      vertex 21.04507575950825 69.25492424049175 0
      vertex 21.04507575950825 69.25492424049175 5.99
    endloop
  endfacet
  facet normal 0.6883545756937197 -0.7253743710123203 3.6705563236281386e-19
    outer loop
      vertex 21.04507575950825 69.25492424049175 0
      vertex 21.1248257266464 69.33060413350252 0
      vertex 21.1248257266464 69.33060413350252 5.99
    endloop
  endfacet
  facet normal 0.6494480483302368 -0.7604059655999855 1.1905398539566577e-20
    outer loop
      vertex 21.1248257266464 69.33060413350252 0
      vertex 21.208427178795343 69.40200651905964 0
      vertex 21.208427178795343 69.40200651905964 5.99
    endloop
  endfacet
  facet normal 0.6087614290087007 -0.7933533402912506 -2.3113917461507972e-20
    outer loop
      vertex 21.208427178795343 69.40200651905964 0
      vertex 21.295650970185807 69.46893568818739 0
      vertex 21.295650970185807 69.46893568818739 5.99
    endloop
  endfacet
  facet normal 0.5664062369248144 -0.8241261886220282 2.038964558204746e-19
    outer loop
      vertex 21.295650970185807 69.46893568818739 0
      vertex 21.386258026468443 69.53120819268538 0
      vertex 21.386258026468443 69.53120819268538 5.99
    endloop
  endfacet
  facet normal 0.5224985647159484 -0.8526401643540925 2.17280303874514e-19
    outer loop
      vertex 21.386258026468443 69.53120819268538 0
      vertex 21.48 69.58865334794731 0
      vertex 21.48 69.58865334794731 5.99
    endloop
  endfacet
  facet normal 0 0 -1
    outer loop
      vertex 22.093385449282707 65.71589003845901 0
      vertex 22.201487623415517 65.69585448475021 0
      vertex 28.53 64.52000000327826 0
    endloop
  endfacet
  facet normal 0 0 -1
    outer loop
      vertex 22.201487623415517 65.69585448475021 0
      vertex 22.31049022713793 65.68150401972662 0
      vertex 28.53 64.52000000327826 0
    endloop
  endfacet
  facet normal 0 0 -1
    outer loop
      vertex 22.31049022713793 65.68150401972662 0
      vertex 22.42009449188982 65.67287797701539 0
      vertex 28.53 64.52000000327826 0
    endloop
  endfacet
  facet normal 0 0 -1
    outer loop
      vertex 22.42009449188982 65.67287797701539 0
      vertex 22.53 65.67 0
      vertex 28.53 64.52000000327826 0
    endloop
  endfacet
  facet normal 0.33380685923368736 0.9426414910922081 0
    outer loop
      vertex 21.77742730595487 65.80948110435587 0
      vertex 21.77742730595487 65.80948110435587 5.99
      vertex 21.88106431181261 65.77278131578018 0
    endloop
  endfacet
  facet normal 0.4771587602596494 0.8788171126619431 0
    outer loop
      vertex 21.48 65.95134665205268 0
      vertex 21.48 65.95134665205268 5.99
      vertex 21.576619950546952 65.89888629920442 0
    endloop
  endfacet
  facet normal 0.43051109680824823 0.902585284349883 0
    outer loop
      vertex 21.576619950546952 65.89888629920442 0
      vertex 21.576619950546952 65.89888629920442 5.99
      vertex 21.67585304954082 65.85155453895054 0
    endloop
  endfacet
  facet normal 0.38268343236515096 0.9238795325112615 2.936053848091461e-19
    outer loop
      vertex 21.77742730595487 65.80948110435587 0
      vertex 21.67585304954082 65.85155453895054 0
      vertex 21.67585304954082 65.85155453895054 5.99
    endloop
  endfacet
  facet normal 0.2840153447039986 0.9588197348681705 -3.5753460844152164e-20
    outer loop
      vertex 21.986480005284708 65.74155576479295 0
      vertex 21.88106431181261 65.77278131578018 0
      vertex 21.88106431181261 65.77278131578018 5.99
    endloop
  endfacet
  facet normal 0.23344536385583875 0.9723699203976925 0
    outer loop
      vertex 21.986480005284708 65.74155576479295 0
      vertex 21.986480005284708 65.74155576479295 5.99
      vertex 22.093385449282707 65.71589003845901 0
    endloop
  endfacet
  facet normal 0.18223552549212066 0.9832549075639596 0
    outer loop
      vertex 22.093385449282707 65.71589003845901 0
      vertex 22.093385449282707 65.71589003845901 5.99
      vertex 22.201487623415517 65.69585448475021 0
    endloop
  endfacet
  facet normal 0.130526192220159 0.9914448613737963 0
    outer loop
      vertex 22.201487623415517 65.69585448475021 0
      vertex 22.201487623415517 65.69585448475021 5.99
      vertex 22.31049022713793 65.68150401972662 0
    endloop
  endfacet
  facet normal 0.07845909572781556 0.9969173337331303 0
    outer loop
      vertex 22.31049022713793 65.68150401972662 0
      vertex 22.31049022713793 65.68150401972662 5.99
      vertex 22.42009449188982 65.67287797701539 0
    endloop
  endfacet
  facet normal 0.02617694830780647 0.9996573249755589 0
    outer loop
      vertex 22.42009449188982 65.67287797701539 0
      vertex 22.42009449188982 65.67287797701539 5.99
      vertex 22.53 65.67 0
    endloop
  endfacet
  facet normal -0.02617694830780647 0.9996573249755589 0
    outer loop
      vertex 22.53 65.67 0
      vertex 22.53 65.67 5.99
      vertex 22.639905508110182 65.67287797701539 0
    endloop
  endfacet
  facet normal -0.07845909572781556 0.9969173337331303 0
    outer loop
      vertex 22.639905508110182 65.67287797701539 0
      vertex 22.639905508110182 65.67287797701539 5.99
      vertex 22.749509772862073 65.68150401972662 0
    endloop
  endfacet
  facet normal -0.130526192220159 0.9914448613737963 0
    outer loop
      vertex 22.749509772862073 65.68150401972662 0
      vertex 22.749509772862073 65.68150401972662 5.99
      vertex 22.858512376584486 65.69585448475021 0
    endloop
  endfacet
  facet normal -0.18223552549212066 0.9832549075639596 0
    outer loop
      vertex 22.858512376584486 65.69585448475021 0
      vertex 22.858512376584486 65.69585448475021 5.99
      vertex 22.966614550717296 65.71589003845901 0
    endloop
  endfacet
  facet normal -0.23344536385583875 0.9723699203976925 0
    outer loop
      vertex 22.966614550717296 65.71589003845901 0
      vertex 22.966614550717296 65.71589003845901 5.99
      vertex 23.073519994715294 65.74155576479295 0
    endloop
  endfacet
  facet normal -0.2840153447039986 0.9588197348681705 0
    outer loop
      vertex 23.073519994715294 65.74155576479295 0
      vertex 23.073519994715294 65.74155576479295 5.99
      vertex 23.17893568818739 65.77278131578018 0
    endloop
  endfacet
  facet normal -0.33380685923368736 0.9426414910922081 0
    outer loop
      vertex 23.17893568818739 65.77278131578018 0
      vertex 23.17893568818739 65.77278131578018 5.99
      vertex 23.282572694045133 65.80948110435587 0
    endloop
  endfacet
  facet normal -0.38268343236515096 0.9238795325112615 0
    outer loop
      vertex 23.282572694045133 65.80948110435587 0
      vertex 23.282572694045133 65.80948110435587 5.99
      vertex 23.384146950459183 65.85155453895054 0
    endloop
  endfacet
  facet normal -0.43051109680824823 0.902585284349883 0
    outer loop
      vertex 23.384146950459183 65.85155453895054 0
      vertex 23.384146950459183 65.85155453895054 5.99
      vertex 23.48338004945305 65.89888629920442 0
    endloop
  endfacet
  facet normal -0.4771587602596494 0.8788171126619431 0
    outer loop
      vertex 23.48338004945305 65.89888629920442 0
      vertex 23.48338004945305 65.89888629920442 5.99
      vertex 23.580000000000002 65.95134665205268 0
    endloop
  endfacet
  facet normal -0.5224985647159484 0.8526401643540925 0
    outer loop
      vertex 23.580000000000002 65.95134665205268 0
      vertex 23.580000000000002 65.95134665205268 5.99
      vertex 23.67374197353156 66.00879180731461 0
    endloop
  endfacet
  facet normal -0.5664062369248144 0.8241261886220282 0
    outer loop
      vertex 23.67374197353156 66.00879180731461 0
      vertex 23.67374197353156 66.00879180731461 5.99
      vertex 23.764349029814195 66.0710643118126 0
    endloop
  endfacet
  facet normal -0.6087614290087007 0.7933533402912506 0
    outer loop
      vertex 23.764349029814195 66.0710643118126 0
      vertex 23.764349029814195 66.0710643118126 5.99
      vertex 23.85157282120466 66.13799348094035 0
    endloop
  endfacet
  facet normal -0.6494480483302368 0.7604059655999855 0
    outer loop
      vertex 23.85157282120466 66.13799348094035 0
      vertex 23.85157282120466 66.13799348094035 5.99
      vertex 23.935174273353603 66.20939586649747 0
    endloop
  endfacet
  facet normal -0.6883545756937197 0.7253743710123203 0
    outer loop
      vertex 23.935174273353603 66.20939586649747 0
      vertex 23.935174273353603 66.20939586649747 5.99
      vertex 24.01492424049175 66.28507575950825 0
    endloop
  endfacet
  facet normal -0.7253743710122573 0.6883545756937859 0
    outer loop
      vertex 24.01492424049175 66.28507575950825 0
      vertex 24.01492424049175 66.28507575950825 5.99
      vertex 24.09060413350253 66.36482572664639 0
    endloop
  endfacet
  facet normal -0.7604059656000742 0.6494480483301329 0
    outer loop
      vertex 24.09060413350253 66.36482572664639 0
      vertex 24.09060413350253 66.36482572664639 5.99
      vertex 24.16200651905964 66.44842717879534 0
    endloop
  endfacet
  facet normal -0.793353340291211 0.6087614290087522 0
    outer loop
      vertex 24.16200651905964 66.44842717879534 0
      vertex 24.16200651905964 66.44842717879534 5.99
      vertex 24.22893568818739 66.5356509701858 0
    endloop
  endfacet
  facet normal -0.8241261886220133 0.5664062369248364 0
    outer loop
      vertex 24.22893568818739 66.5356509701858 0
      vertex 24.22893568818739 66.5356509701858 5.99
      vertex 24.291208192685392 66.62625802646843 0
    endloop
  endfacet
  facet normal -0.8526401643541103 0.5224985647159196 0
    outer loop
      vertex 24.291208192685392 66.62625802646843 0
      vertex 24.291208192685392 66.62625802646843 5.99
      vertex 24.348653347947323 66.72 0
    endloop
  endfacet
  facet normal -0.8788171126619703 0.4771587602595994 0
    outer loop
      vertex 24.348653347947323 66.72 0
      vertex 24.348653347947323 66.72 5.99
      vertex 24.401113700795573 66.81661995054695 0
    endloop
  endfacet
  facet normal -0.902585284349852 0.4305110968083134 0
    outer loop
      vertex 24.401113700795573 66.81661995054695 0
      vertex 24.401113700795573 66.81661995054695 5.99
      vertex 24.448445461049463 66.91585304954081 0
    endloop
  endfacet
  facet normal -0.9238795325112891 0.3826834323650843 0
    outer loop
      vertex 24.448445461049463 66.91585304954081 0
      vertex 24.448445461049463 66.91585304954081 5.99
      vertex 24.490518895644126 67.01742730595487 0
    endloop
  endfacet
  facet normal -0.9426414910921703 0.3338068592337939 0
    outer loop
      vertex 24.490518895644126 67.01742730595487 0
      vertex 24.490518895644126 67.01742730595487 5.99
      vertex 24.527218684219825 67.1210643118126 0
    endloop
  endfacet
  facet normal -0.9588197348681969 0.2840153447039095 0
    outer loop
      vertex 24.527218684219825 67.1210643118126 0
      vertex 24.527218684219825 67.1210643118126 5.99
      vertex 24.558444235207045 67.2264800052847 0
    endloop
  endfacet
  facet normal 0.4771587602596494 -0.8788171126619431 5.115137395773751e-19
    outer loop
      vertex 21.48 69.58865334794731 0
      vertex 21.576619950546952 69.64111370079557 0
      vertex 21.576619950546952 69.64111370079557 5.99
    endloop
  endfacet
  facet normal 0.43051109680824823 -0.902585284349883 1.7017068315697278e-19
    outer loop
      vertex 21.576619950546952 69.64111370079557 0
      vertex 21.67585304954082 69.68844546104945 0
      vertex 21.67585304954082 69.68844546104945 5.99
    endloop
  endfacet
  facet normal 0.38268343236515096 -0.9238795325112615 -2.936053848091461e-19
    outer loop
      vertex 21.67585304954082 69.68844546104945 0
      vertex 21.77742730595487 69.73051889564412 0
      vertex 21.77742730595487 69.73051889564412 5.99
    endloop
  endfacet
  facet normal 0.33380685923368736 -0.9426414910922081 5.241449803672939e-21
    outer loop
      vertex 21.77742730595487 69.73051889564412 0
      vertex 21.88106431181261 69.76721868421981 0
      vertex 21.88106431181261 69.76721868421981 5.99
    endloop
  endfacet
  facet normal 0.2840153447039986 -0.9588197348681705 3.5753460844152164e-20
    outer loop
      vertex 21.88106431181261 69.76721868421981 0
      vertex 21.986480005284708 69.79844423520704 0
      vertex 21.986480005284708 69.79844423520704 5.99
    endloop
  endfacet
  facet normal 0.23344536385583875 -0.9723699203976925 1.698826981828105e-20
    outer loop
      vertex 21.986480005284708 69.79844423520704 0
      vertex 22.093385449282707 69.82410996154098 0
      vertex 22.093385449282707 69.82410996154098 5.99
    endloop
  endfacet
  facet normal 0.18223552549212066 -0.9832549075639596 -1.2373547629900716e-19
    outer loop
      vertex 22.093385449282707 69.82410996154098 0
      vertex 22.201487623415517 69.84414551524978 0
      vertex 22.201487623415517 69.84414551524978 5.99
    endloop
  endfacet
  facet normal 0.130526192220159 -0.9914448613737963 -1.0680969479896743e-19
    outer loop
      vertex 22.201487623415517 69.84414551524978 0
      vertex 22.31049022713793 69.85849598027337 0
      vertex 22.31049022713793 69.85849598027337 5.99
    endloop
  endfacet
  facet normal 0.07845909572781556 -0.9969173337331303 6.802152023605153e-20
    outer loop
      vertex 22.31049022713793 69.85849598027337 0
      vertex 22.42009449188982 69.8671220229846 0
      vertex 22.42009449188982 69.8671220229846 5.99
    endloop
  endfacet
  facet normal 0.02617694830780647 -0.9996573249755589 -2.3104731252096734e-20
    outer loop
      vertex 22.42009449188982 69.8671220229846 0
      vertex 22.53 69.86999999999999 0
      vertex 22.53 69.86999999999999 5.99
    endloop
  endfacet
  facet normal -0.02617694830780647 -0.9996573249755589 2.3104731252096734e-20
    outer loop
      vertex 22.53 69.86999999999999 0
      vertex 22.639905508110182 69.8671220229846 0
      vertex 22.639905508110182 69.8671220229846 5.99
    endloop
  endfacet
  facet normal -0.07845909572781556 -0.9969173337331303 -6.802152023605153e-20
    outer loop
      vertex 22.639905508110182 69.8671220229846 0
      vertex 22.749509772862073 69.85849598027337 0
      vertex 22.749509772862073 69.85849598027337 5.99
    endloop
  endfacet
  facet normal -0.130526192220159 -0.9914448613737963 1.0680969479896743e-19
    outer loop
      vertex 22.749509772862073 69.85849598027337 0
      vertex 22.858512376584486 69.84414551524978 0
      vertex 22.858512376584486 69.84414551524978 5.99
    endloop
  endfacet
  facet normal -0.18223552549212066 -0.9832549075639596 1.2373547629900716e-19
    outer loop
      vertex 22.858512376584486 69.84414551524978 0
      vertex 22.966614550717296 69.82410996154098 0
      vertex 22.966614550717296 69.82410996154098 5.99
    endloop
  endfacet
  facet normal -0.33380685923368736 -0.9426414910922081 -5.241449803672939e-21
    outer loop
      vertex 23.17893568818739 69.76721868421981 0
      vertex 23.282572694045133 69.73051889564412 0
      vertex 23.282572694045133 69.73051889564412 5.99
    endloop
  endfacet
  facet normal -0.38268343236515096 -0.9238795325112615 2.936053848091461e-19
    outer loop
      vertex 23.282572694045133 69.73051889564412 0
      vertex 23.384146950459183 69.68844546104945 0
      vertex 23.384146950459183 69.68844546104945 5.99
    endloop
  endfacet
  facet normal -0.43051109680824823 -0.902585284349883 -1.7017068315697278e-19
    outer loop
      vertex 23.384146950459183 69.68844546104945 0
      vertex 23.48338004945305 69.64111370079557 0
      vertex 23.48338004945305 69.64111370079557 5.99
    endloop
  endfacet
  facet normal -0.4771587602596494 -0.8788171126619431 0
    outer loop
      vertex 23.580000000000002 69.58865334794731 0
      vertex 23.580000000000002 69.58865334794731 5.99
      vertex 23.48338004945305 69.64111370079557 0
    endloop
  endfacet
  facet normal -0.5224985647159484 -0.8526401643540925 -2.17280303874514e-19
    outer loop
      vertex 23.580000000000002 69.58865334794731 0
      vertex 23.67374197353156 69.53120819268538 0
      vertex 23.67374197353156 69.53120819268538 5.99
    endloop
  endfacet
  facet normal -0.5664062369248144 -0.8241261886220282 0
    outer loop
      vertex 23.764349029814195 69.46893568818739 0
      vertex 23.764349029814195 69.46893568818739 5.99
      vertex 23.67374197353156 69.53120819268538 0
    endloop
  endfacet
  facet normal -0.9426414910921703 -0.3338068592337939 0
    outer loop
      vertex 24.527218684219825 68.41893568818739 0
      vertex 24.527218684219825 68.41893568818739 5.99
      vertex 24.490518895644126 68.52257269404512 0
    endloop
  endfacet
  facet normal -0.9238795325112891 -0.3826834323650843 0
    outer loop
      vertex 24.490518895644126 68.52257269404512 0
      vertex 24.490518895644126 68.52257269404512 5.99
      vertex 24.448445461049463 68.62414695045918 0
    endloop
  endfacet
  facet normal -0.7253743710122573 -0.6883545756937859 0
    outer loop
      vertex 24.09060413350253 69.1751742733536 0
      vertex 24.09060413350253 69.1751742733536 5.99
      vertex 24.01492424049175 69.25492424049175 0
    endloop
  endfacet
  facet normal -0.7604059656000742 -0.6494480483301329 -1.408055642973786e-19
    outer loop
      vertex 24.09060413350253 69.1751742733536 0
      vertex 24.16200651905964 69.09157282120465 0
      vertex 24.16200651905964 69.09157282120465 5.99
    endloop
  endfacet
  facet normal -0.6087614290087007 -0.7933533402912506 2.3113917461507972e-20
    outer loop
      vertex 23.764349029814195 69.46893568818739 0
      vertex 23.85157282120466 69.40200651905964 0
      vertex 23.85157282120466 69.40200651905964 5.99
    endloop
  endfacet
  facet normal -0.6494480483302368 -0.7604059655999855 0
    outer loop
      vertex 23.935174273353603 69.33060413350252 0
      vertex 23.935174273353603 69.33060413350252 5.99
      vertex 23.85157282120466 69.40200651905964 0
    endloop
  endfacet
  facet normal -0.6883545756937197 -0.7253743710123203 -3.6705563236281386e-19
    outer loop
      vertex 23.935174273353603 69.33060413350252 0
      vertex 24.01492424049175 69.25492424049175 0
      vertex 24.01492424049175 69.25492424049175 5.99
    endloop
  endfacet
  facet normal -0.8526401643541103 -0.5224985647159196 3.217761421228812e-19
    outer loop
      vertex 24.291208192685392 68.91374197353156 0
      vertex 24.348653347947323 68.82 0
      vertex 24.348653347947323 68.82 5.99
    endloop
  endfacet
  facet normal -0.793353340291211 -0.6087614290087522 4.300671833742774e-20
    outer loop
      vertex 24.16200651905964 69.09157282120465 0
      vertex 24.22893568818739 69.0043490298142 0
      vertex 24.22893568818739 69.0043490298142 5.99
    endloop
  endfacet
  facet normal -0.8241261886220133 -0.5664062369248364 0
    outer loop
      vertex 24.291208192685392 68.91374197353156 0
      vertex 24.291208192685392 68.91374197353156 5.99
      vertex 24.22893568818739 69.0043490298142 0
    endloop
  endfacet
  facet normal -0.8788171126619703 -0.4771587602595994 1.6102237328051122e-19
    outer loop
      vertex 24.348653347947323 68.82 0
      vertex 24.401113700795573 68.72338004945304 0
      vertex 24.401113700795573 68.72338004945304 5.99
    endloop
  endfacet
  facet normal -0.902585284349852 -0.4305110968083134 0
    outer loop
      vertex 24.448445461049463 68.62414695045918 0
      vertex 24.448445461049463 68.62414695045918 5.99
      vertex 24.401113700795573 68.72338004945304 0
    endloop
  endfacet
  facet normal -0.23344536385583875 -0.9723699203976925 -1.698826981828105e-20
    outer loop
      vertex 22.966614550717296 69.82410996154098 0
      vertex 23.073519994715294 69.79844423520704 0
      vertex 23.073519994715294 69.79844423520704 5.99
    endloop
  endfacet
  facet normal -0.2840153447039986 -0.9588197348681705 0
    outer loop
      vertex 23.17893568818739 69.76721868421981 0
      vertex 23.17893568818739 69.76721868421981 5.99
      vertex 23.073519994715294 69.79844423520704 0
    endloop
  endfacet
  facet normal 0.902585284349852 0.4305110968083134 0
    outer loop
      vertex 20.65888629920443 66.81661995054695 0
      vertex 20.61155453895054 66.91585304954081 5.99
      vertex 20.65888629920443 66.81661995054695 5.99
    endloop
  endfacet
  facet normal 0.9238795325112891 0.3826834323650843 0
    outer loop
      vertex 20.61155453895054 66.91585304954081 0
      vertex 20.569481104355877 67.01742730595487 5.99
      vertex 20.61155453895054 66.91585304954081 5.99
    endloop
  endfacet
  facet normal 0.9832549075639538 0.1822355254921519 0
    outer loop
      vertex 20.47589003845901 67.3333854492827 0
      vertex 20.455854484750212 67.44148762341551 5.99
      vertex 20.47589003845901 67.3333854492827 5.99
    endloop
  endfacet
  facet normal 0.9914448613738094 0.13052619222005954 0
    outer loop
      vertex 20.455854484750212 67.44148762341551 0
      vertex 20.441504019726626 67.55049022713793 5.99
      vertex 20.455854484750212 67.44148762341551 5.99
    endloop
  endfacet
  facet normal 0.9426414910921703 0.3338068592337939 0
    outer loop
      vertex 20.569481104355877 67.01742730595487 0
      vertex 20.532781315780177 67.1210643118126 5.99
      vertex 20.569481104355877 67.01742730595487 5.99
    endloop
  endfacet
  facet normal 0.9588197348681969 0.2840153447039095 0
    outer loop
      vertex 20.532781315780177 67.1210643118126 0
      vertex 20.501555764792958 67.2264800052847 5.99
      vertex 20.532781315780177 67.1210643118126 5.99
    endloop
  endfacet
  facet normal 0.9723699203976797 0.2334453638558925 0
    outer loop
      vertex 20.501555764792958 67.2264800052847 0
      vertex 20.47589003845901 67.3333854492827 5.99
      vertex 20.501555764792958 67.2264800052847 5.99
    endloop
  endfacet
  facet normal 0.7604059656000742 0.6494480483301329 0
    outer loop
      vertex 20.96939586649747 66.36482572664639 0
      vertex 20.89799348094036 66.44842717879534 5.99
      vertex 20.96939586649747 66.36482572664639 5.99
    endloop
  endfacet
  facet normal 0.7253743710122573 0.6883545756937859 0
    outer loop
      vertex 21.04507575950825 66.28507575950825 0
      vertex 20.96939586649747 66.36482572664639 5.99
      vertex 21.04507575950825 66.28507575950825 5.99
    endloop
  endfacet
  facet normal 0.6883545756937197 0.7253743710123203 0
    outer loop
      vertex 21.1248257266464 66.20939586649747 0
      vertex 21.04507575950825 66.28507575950825 5.99
      vertex 21.1248257266464 66.20939586649747 5.99
    endloop
  endfacet
  facet normal 0.6494480483302368 0.7604059655999855 0
    outer loop
      vertex 21.208427178795343 66.13799348094035 0
      vertex 21.1248257266464 66.20939586649747 5.99
      vertex 21.208427178795343 66.13799348094035 5.99
    endloop
  endfacet
  facet normal 0.6087614290087007 0.7933533402912506 0
    outer loop
      vertex 21.295650970185807 66.0710643118126 0
      vertex 21.208427178795343 66.13799348094035 5.99
      vertex 21.295650970185807 66.0710643118126 5.99
    endloop
  endfacet
  facet normal 0.5664062369248144 0.8241261886220282 0
    outer loop
      vertex 21.386258026468443 66.00879180731461 0
      vertex 21.295650970185807 66.0710643118126 5.99
      vertex 21.386258026468443 66.00879180731461 5.99
    endloop
  endfacet
  facet normal 0.5224985647159484 0.8526401643540925 0
    outer loop
      vertex 21.48 65.95134665205268 0
      vertex 21.386258026468443 66.00879180731461 5.99
      vertex 21.48 65.95134665205268 5.99
    endloop
  endfacet
  facet normal 0.8526401643541103 0.5224985647159196 0
    outer loop
      vertex 20.76879180731461 66.62625802646843 0
      vertex 20.71134665205268 66.72 5.99
      vertex 20.76879180731461 66.62625802646843 5.99
    endloop
  endfacet
  facet normal 0.8241261886220133 0.5664062369248364 0
    outer loop
      vertex 20.83106431181261 66.5356509701858 0
      vertex 20.76879180731461 66.62625802646843 5.99
      vertex 20.83106431181261 66.5356509701858 5.99
    endloop
  endfacet
  facet normal 0.8788171126619703 0.4771587602595994 0
    outer loop
      vertex 20.71134665205268 66.72 0
      vertex 20.65888629920443 66.81661995054695 5.99
      vertex 20.71134665205268 66.72 5.99
    endloop
  endfacet
  facet normal 0.793353340291211 0.6087614290087522 0
    outer loop
      vertex 20.89799348094036 66.44842717879534 0
      vertex 20.83106431181261 66.5356509701858 5.99
      vertex 20.89799348094036 66.44842717879534 5.99
    endloop
  endfacet
  facet normal 0 0 -1
    outer loop
      vertex 20.61155453895054 66.91585304954081 5.99
      vertex 20.569481104355877 67.01742730595487 5.99
      vertex 20.569481104355877 68.52257269404512 5.99
    endloop
  endfacet
  facet normal 0 0 -1
    outer loop
      vertex 20.65888629920443 66.81661995054695 5.99
      vertex 20.61155453895054 66.91585304954081 5.99
      vertex 20.61155453895054 68.62414695045918 5.99
    endloop
  endfacet
  facet normal 0 0 -1
    outer loop
      vertex 20.65888629920443 66.81661995054695 5.99
      vertex 20.65888629920443 68.72338004945304 5.99
      vertex 20.71134665205268 66.72 5.99
    endloop
  endfacet
  facet normal 0 0 -1
    outer loop
      vertex 20.76879180731461 66.62625802646843 5.99
      vertex 20.71134665205268 66.72 5.99
      vertex 20.71134665205268 68.82 5.99
    endloop
  endfacet
  facet normal 0 0 -1
    outer loop
      vertex 20.83106431181261 66.5356509701858 5.99
      vertex 20.76879180731461 66.62625802646843 5.99
      vertex 20.76879180731461 68.91374197353156 5.99
    endloop
  endfacet
  facet normal 0 0 -1
    outer loop
      vertex 20.83106431181261 66.5356509701858 5.99
      vertex 20.83106431181261 69.0043490298142 5.99
      vertex 20.89799348094036 66.44842717879534 5.99
    endloop
  endfacet
  facet normal 0 0 -1
    outer loop
      vertex 20.96939586649747 66.36482572664639 5.99
      vertex 20.89799348094036 66.44842717879534 5.99
      vertex 20.89799348094036 69.09157282120465 5.99
    endloop
  endfacet
  facet normal 0 0 -1
    outer loop
      vertex 21.04507575950825 66.28507575950825 5.99
      vertex 20.96939586649747 66.36482572664639 5.99
      vertex 20.96939586649747 69.1751742733536 5.99
    endloop
  endfacet
  facet normal 0 0 -1
    outer loop
      vertex 21.208427178795343 66.13799348094035 5.99
      vertex 21.1248257266464 66.20939586649747 5.99
      vertex 21.1248257266464 69.33060413350252 5.99
    endloop
  endfacet
  facet normal 0 0 -1
    outer loop
      vertex 21.208427178795343 66.13799348094035 5.99
      vertex 21.208427178795343 69.40200651905964 5.99
      vertex 21.295650970185807 66.0710643118126 5.99
    endloop
  endfacet
  facet normal 0 0 -1
    outer loop
      vertex 21.04507575950825 66.28507575950825 5.99
      vertex 21.04507575950825 69.25492424049175 5.99
      vertex 21.1248257266464 66.20939586649747 5.99
    endloop
  endfacet
  facet normal 0 0 -1
    outer loop
      vertex 21.295650970185807 66.0710643118126 5.99
      vertex 21.295650970185807 69.46893568818739 5.99
      vertex 21.386258026468443 66.00879180731461 5.99
    endloop
  endfacet
  facet normal 0 0 -1
    outer loop
      vertex 21.386258026468443 66.00879180731461 5.99
      vertex 21.386258026468443 69.53120819268538 5.99
      vertex 21.48 65.95134665205268 5.99
    endloop
  endfacet
  facet normal 0.9969173337331272 0.07845909572785524 0
    outer loop
      vertex 20.441504019726626 67.55049022713793 0
      vertex 20.432877977015394 67.66009449188981 5.99
      vertex 20.441504019726626 67.55049022713793 5.99
    endloop
  endfacet
  facet normal 0.9996573249755575 0.026176948307869367 0
    outer loop
      vertex 20.432877977015394 67.66009449188981 0
      vertex 20.43 67.77 5.99
      vertex 20.432877977015394 67.66009449188981 5.99
    endloop
  endfacet
  facet normal 0.9996573249755575 -0.026176948307869367 0
    outer loop
      vertex 20.43 67.77 0
      vertex 20.432877977015394 67.87990550811018 5.99
      vertex 20.43 67.77 5.99
    endloop
  endfacet
  facet normal 0.9969173337331272 -0.07845909572785524 0
    outer loop
      vertex 20.432877977015394 67.87990550811018 0
      vertex 20.441504019726626 67.98950977286206 5.99
      vertex 20.432877977015394 67.87990550811018 5.99
    endloop
  endfacet
  facet normal 0.9914448613738094 -0.13052619222005954 0
    outer loop
      vertex 20.441504019726626 67.98950977286206 0
      vertex 20.455854484750212 68.09851237658448 5.99
      vertex 20.441504019726626 67.98950977286206 5.99
    endloop
  endfacet
  facet normal 0.9832549075639538 -0.1822355254921519 0
    outer loop
      vertex 20.455854484750212 68.09851237658448 0
      vertex 20.47589003845901 68.20661455071729 5.99
      vertex 20.455854484750212 68.09851237658448 5.99
    endloop
  endfacet
  facet normal 0.9723699203976797 -0.2334453638558925 0
    outer loop
      vertex 20.47589003845901 68.20661455071729 0
      vertex 20.501555764792958 68.31351999471529 5.99
      vertex 20.47589003845901 68.20661455071729 5.99
    endloop
  endfacet
  facet normal 0.9588197348681969 -0.2840153447039095 0
    outer loop
      vertex 20.501555764792958 68.31351999471529 0
      vertex 20.532781315780177 68.41893568818739 5.99
      vertex 20.501555764792958 68.31351999471529 5.99
    endloop
  endfacet
  facet normal 0.9426414910921703 -0.3338068592337939 0
    outer loop
      vertex 20.532781315780177 68.41893568818739 0
      vertex 20.569481104355877 68.52257269404512 5.99
      vertex 20.532781315780177 68.41893568818739 5.99
    endloop
  endfacet
  facet normal 0.9238795325112891 -0.3826834323650843 0
    outer loop
      vertex 20.569481104355877 68.52257269404512 0
      vertex 20.61155453895054 68.62414695045918 5.99
      vertex 20.569481104355877 68.52257269404512 5.99
    endloop
  endfacet
  facet normal 0.902585284349852 -0.4305110968083134 0
    outer loop
      vertex 20.61155453895054 68.62414695045918 0
      vertex 20.65888629920443 68.72338004945304 5.99
      vertex 20.61155453895054 68.62414695045918 5.99
    endloop
  endfacet
  facet normal 0.8788171126619703 -0.4771587602595994 0
    outer loop
      vertex 20.65888629920443 68.72338004945304 0
      vertex 20.71134665205268 68.82 5.99
      vertex 20.65888629920443 68.72338004945304 5.99
    endloop
  endfacet
  facet normal 0.8526401643541103 -0.5224985647159196 0
    outer loop
      vertex 20.71134665205268 68.82 0
      vertex 20.76879180731461 68.91374197353156 5.99
      vertex 20.71134665205268 68.82 5.99
    endloop
  endfacet
  facet normal 0.8241261886220133 -0.5664062369248364 0
    outer loop
      vertex 20.76879180731461 68.91374197353156 0
      vertex 20.83106431181261 69.0043490298142 5.99
      vertex 20.76879180731461 68.91374197353156 5.99
    endloop
  endfacet
  facet normal 0.793353340291211 -0.6087614290087522 0
    outer loop
      vertex 20.83106431181261 69.0043490298142 0
      vertex 20.89799348094036 69.09157282120465 5.99
      vertex 20.83106431181261 69.0043490298142 5.99
    endloop
  endfacet
  facet normal 0.7604059656000742 -0.6494480483301329 0
    outer loop
      vertex 20.89799348094036 69.09157282120465 0
      vertex 20.96939586649747 69.1751742733536 5.99
      vertex 20.89799348094036 69.09157282120465 5.99
    endloop
  endfacet
  facet normal 0.7253743710122573 -0.6883545756937859 0
    outer loop
      vertex 20.96939586649747 69.1751742733536 0
      vertex 21.04507575950825 69.25492424049175 5.99
      vertex 20.96939586649747 69.1751742733536 5.99
    endloop
  endfacet
  facet normal 0.6883545756937197 -0.7253743710123203 0
    outer loop
      vertex 21.04507575950825 69.25492424049175 0
      vertex 21.1248257266464 69.33060413350252 5.99
      vertex 21.04507575950825 69.25492424049175 5.99
    endloop
  endfacet
  facet normal 0.6494480483302368 -0.7604059655999855 0
    outer loop
      vertex 21.1248257266464 69.33060413350252 0
      vertex 21.208427178795343 69.40200651905964 5.99
      vertex 21.1248257266464 69.33060413350252 5.99
    endloop
  endfacet
  facet normal 0.6087614290087007 -0.7933533402912506 0
    outer loop
      vertex 21.208427178795343 69.40200651905964 0
      vertex 21.295650970185807 69.46893568818739 5.99
      vertex 21.208427178795343 69.40200651905964 5.99
    endloop
  endfacet
  facet normal 0.5664062369248144 -0.8241261886220282 0
    outer loop
      vertex 21.295650970185807 69.46893568818739 0
      vertex 21.386258026468443 69.53120819268538 5.99
      vertex 21.295650970185807 69.46893568818739 5.99
    endloop
  endfacet
  facet normal 0.5224985647159484 -0.8526401643540925 0
    outer loop
      vertex 21.386258026468443 69.53120819268538 0
      vertex 21.48 69.58865334794731 5.99
      vertex 21.386258026468443 69.53120819268538 5.99
    endloop
  endfacet
  facet normal 0 0 -1
    outer loop
      vertex 20.47589003845901 67.3333854492827 5.99
      vertex 20.455854484750212 67.44148762341551 5.99
      vertex 20.455854484750212 68.09851237658448 5.99
    endloop
  endfacet
  facet normal 0 0 -1
    outer loop
      vertex 20.501555764792958 67.2264800052847 5.99
      vertex 20.47589003845901 67.3333854492827 5.99
      vertex 20.47589003845901 68.20661455071729 5.99
    endloop
  endfacet
  facet normal 0 0 -1
    outer loop
      vertex 20.455854484750212 67.44148762341551 5.99
      vertex 20.441504019726626 67.55049022713793 5.99
      vertex 20.441504019726626 67.98950977286206 5.99
    endloop
  endfacet
  facet normal 0 0 -1
    outer loop
      vertex 20.441504019726626 67.55049022713793 5.99
      vertex 20.432877977015394 67.66009449188981 5.99
      vertex 20.432877977015394 67.87990550811018 5.99
    endloop
  endfacet
  facet normal 0 0 -1
    outer loop
      vertex 20.432877977015394 67.66009449188981 5.99
      vertex 20.43 67.77 5.99
      vertex 20.432877977015394 67.87990550811018 5.99
    endloop
  endfacet
  facet normal 0 0 -1
    outer loop
      vertex 20.441504019726626 67.55049022713793 5.99
      vertex 20.432877977015394 67.87990550811018 5.99
      vertex 20.441504019726626 67.98950977286206 5.99
    endloop
  endfacet
  facet normal 0 0 -1
    outer loop
      vertex 20.455854484750212 67.44148762341551 5.99
      vertex 20.441504019726626 67.98950977286206 5.99
      vertex 20.455854484750212 68.09851237658448 5.99
    endloop
  endfacet
  facet normal 0 0 -1
    outer loop
      vertex 20.47589003845901 67.3333854492827 5.99
      vertex 20.455854484750212 68.09851237658448 5.99
      vertex 20.47589003845901 68.20661455071729 5.99
    endloop
  endfacet
  facet normal 0 0 -1
    outer loop
      vertex 20.569481104355877 67.01742730595487 5.99
      vertex 20.532781315780177 67.1210643118126 5.99
      vertex 20.532781315780177 68.41893568818739 5.99
    endloop
  endfacet
  facet normal 0 0 -1
    outer loop
      vertex 20.501555764792958 67.2264800052847 5.99
      vertex 20.501555764792958 68.31351999471529 5.99
      vertex 20.532781315780177 67.1210643118126 5.99
    endloop
  endfacet
  facet normal 0 0 -1
    outer loop
      vertex 20.501555764792958 67.2264800052847 5.99
      vertex 20.47589003845901 68.20661455071729 5.99
      vertex 20.501555764792958 68.31351999471529 5.99
    endloop
  endfacet
  facet normal 0 0 -1
    outer loop
      vertex 20.532781315780177 67.1210643118126 5.99
      vertex 20.501555764792958 68.31351999471529 5.99
      vertex 20.532781315780177 68.41893568818739 5.99
    endloop
  endfacet
  facet normal 0 0 -1
    outer loop
      vertex 20.569481104355877 67.01742730595487 5.99
      vertex 20.532781315780177 68.41893568818739 5.99
      vertex 20.569481104355877 68.52257269404512 5.99
    endloop
  endfacet
  facet normal 0 0 -1
    outer loop
      vertex 20.61155453895054 66.91585304954081 5.99
      vertex 20.569481104355877 68.52257269404512 5.99
      vertex 20.61155453895054 68.62414695045918 5.99
    endloop
  endfacet
  facet normal 0 0 -1
    outer loop
      vertex 20.65888629920443 66.81661995054695 5.99
      vertex 20.61155453895054 68.62414695045918 5.99
      vertex 20.65888629920443 68.72338004945304 5.99
    endloop
  endfacet
  facet normal 0 0 -1
    outer loop
      vertex 20.71134665205268 66.72 5.99
      vertex 20.65888629920443 68.72338004945304 5.99
      vertex 20.71134665205268 68.82 5.99
    endloop
  endfacet
  facet normal 0 0 -1
    outer loop
      vertex 20.76879180731461 66.62625802646843 5.99
      vertex 20.71134665205268 68.82 5.99
      vertex 20.76879180731461 68.91374197353156 5.99
    endloop
  endfacet
  facet normal 0 0 -1
    outer loop
      vertex 20.83106431181261 66.5356509701858 5.99
      vertex 20.76879180731461 68.91374197353156 5.99
      vertex 20.83106431181261 69.0043490298142 5.99
    endloop
  endfacet
  facet normal 0 0 -1
    outer loop
      vertex 20.89799348094036 66.44842717879534 5.99
      vertex 20.83106431181261 69.0043490298142 5.99
      vertex 20.89799348094036 69.09157282120465 5.99
    endloop
  endfacet
  facet normal 0 0 -1
    outer loop
      vertex 20.96939586649747 66.36482572664639 5.99
      vertex 20.89799348094036 69.09157282120465 5.99
      vertex 20.96939586649747 69.1751742733536 5.99
    endloop
  endfacet
  facet normal 0 0 -1
    outer loop
      vertex 21.04507575950825 66.28507575950825 5.99
      vertex 20.96939586649747 69.1751742733536 5.99
      vertex 21.04507575950825 69.25492424049175 5.99
    endloop
  endfacet
  facet normal 0 0 -1
    outer loop
      vertex 21.1248257266464 66.20939586649747 5.99
      vertex 21.04507575950825 69.25492424049175 5.99
      vertex 21.1248257266464 69.33060413350252 5.99
    endloop
  endfacet
  facet normal 0 0 -1
    outer loop
      vertex 21.208427178795343 66.13799348094035 5.99
      vertex 21.1248257266464 69.33060413350252 5.99
      vertex 21.208427178795343 69.40200651905964 5.99
    endloop
  endfacet
  facet normal 0 0 -1
    outer loop
      vertex 21.295650970185807 66.0710643118126 5.99
      vertex 21.208427178795343 69.40200651905964 5.99
      vertex 21.295650970185807 69.46893568818739 5.99
    endloop
  endfacet
  facet normal 0 0 -1
    outer loop
      vertex 21.386258026468443 66.00879180731461 5.99
      vertex 21.295650970185807 69.46893568818739 5.99
      vertex 21.386258026468443 69.53120819268538 5.99
    endloop
  endfacet
  facet normal 0 0 -1
    outer loop
      vertex 21.48 65.95134665205268 5.99
      vertex 21.386258026468443 69.53120819268538 5.99
      vertex 21.48 69.58865334794731 5.99
    endloop
  endfacet
  facet normal 0.38268343236515096 0.9238795325112615 0
    outer loop
      vertex 21.77742730595487 65.80948110435587 0
      vertex 21.67585304954082 65.85155453895054 5.99
      vertex 21.77742730595487 65.80948110435587 5.99
    endloop
  endfacet
  facet normal 0.4771587602596494 0.8788171126619431 0
    outer loop
      vertex 21.576619950546952 65.89888629920442 0
      vertex 21.48 65.95134665205268 5.99
      vertex 21.576619950546952 65.89888629920442 5.99
    endloop
  endfacet
  facet normal 0.43051109680824823 0.902585284349883 0
    outer loop
      vertex 21.67585304954082 65.85155453895054 0
      vertex 21.576619950546952 65.89888629920442 5.99
      vertex 21.67585304954082 65.85155453895054 5.99
    endloop
  endfacet
  facet normal 0.33380685923368736 0.9426414910922081 0
    outer loop
      vertex 21.88106431181261 65.77278131578018 0
      vertex 21.77742730595487 65.80948110435587 5.99
      vertex 21.88106431181261 65.77278131578018 5.99
    endloop
  endfacet
  facet normal 0.2840153447039986 0.9588197348681705 0
    outer loop
      vertex 21.986480005284708 65.74155576479295 0
      vertex 21.88106431181261 65.77278131578018 5.99
      vertex 21.986480005284708 65.74155576479295 5.99
    endloop
  endfacet
  facet normal 0.23344536385583875 0.9723699203976925 0
    outer loop
      vertex 22.093385449282707 65.71589003845901 0
      vertex 21.986480005284708 65.74155576479295 5.99
      vertex 22.093385449282707 65.71589003845901 5.99
    endloop
  endfacet
  facet normal 0.18223552549212066 0.9832549075639596 0
    outer loop
      vertex 22.201487623415517 65.69585448475021 0
      vertex 22.093385449282707 65.71589003845901 5.99
      vertex 22.201487623415517 65.69585448475021 5.99
    endloop
  endfacet
  facet normal 0.130526192220159 0.9914448613737963 0
    outer loop
      vertex 22.31049022713793 65.68150401972662 0
      vertex 22.201487623415517 65.69585448475021 5.99
      vertex 22.31049022713793 65.68150401972662 5.99
    endloop
  endfacet
  facet normal 0.07845909572781556 0.9969173337331303 0
    outer loop
      vertex 22.42009449188982 65.67287797701539 0
      vertex 22.31049022713793 65.68150401972662 5.99
      vertex 22.42009449188982 65.67287797701539 5.99
    endloop
  endfacet
  facet normal 0.02617694830780647 0.9996573249755589 0
    outer loop
      vertex 22.53 65.67 0
      vertex 22.42009449188982 65.67287797701539 5.99
      vertex 22.53 65.67 5.99
    endloop
  endfacet
  facet normal -0.02617694830780647 0.9996573249755589 0
    outer loop
      vertex 22.639905508110182 65.67287797701539 0
      vertex 22.53 65.67 5.99
      vertex 22.639905508110182 65.67287797701539 5.99
    endloop
  endfacet
  facet normal -0.07845909572781556 0.9969173337331303 0
    outer loop
      vertex 22.749509772862073 65.68150401972662 0
      vertex 22.639905508110182 65.67287797701539 5.99
      vertex 22.749509772862073 65.68150401972662 5.99
    endloop
  endfacet
  facet normal -0.130526192220159 0.9914448613737963 0
    outer loop
      vertex 22.858512376584486 65.69585448475021 0
      vertex 22.749509772862073 65.68150401972662 5.99
      vertex 22.858512376584486 65.69585448475021 5.99
    endloop
  endfacet
  facet normal -0.18223552549212066 0.9832549075639596 0
    outer loop
      vertex 22.966614550717296 65.71589003845901 0
      vertex 22.858512376584486 65.69585448475021 5.99
      vertex 22.966614550717296 65.71589003845901 5.99
    endloop
  endfacet
  facet normal -0.23344536385583875 0.9723699203976925 0
    outer loop
      vertex 23.073519994715294 65.74155576479295 0
      vertex 22.966614550717296 65.71589003845901 5.99
      vertex 23.073519994715294 65.74155576479295 5.99
    endloop
  endfacet
  facet normal -0.2840153447039986 0.9588197348681705 0
    outer loop
      vertex 23.17893568818739 65.77278131578018 0
      vertex 23.073519994715294 65.74155576479295 5.99
      vertex 23.17893568818739 65.77278131578018 5.99
    endloop
  endfacet
  facet normal -0.33380685923368736 0.9426414910922081 0
    outer loop
      vertex 23.282572694045133 65.80948110435587 0
      vertex 23.17893568818739 65.77278131578018 5.99
      vertex 23.282572694045133 65.80948110435587 5.99
    endloop
  endfacet
  facet normal -0.38268343236515096 0.9238795325112615 0
    outer loop
      vertex 23.384146950459183 65.85155453895054 0
      vertex 23.282572694045133 65.80948110435587 5.99
      vertex 23.384146950459183 65.85155453895054 5.99
    endloop
  endfacet
  facet normal -0.43051109680824823 0.902585284349883 0
    outer loop
      vertex 23.48338004945305 65.89888629920442 0
      vertex 23.384146950459183 65.85155453895054 5.99
      vertex 23.48338004945305 65.89888629920442 5.99
    endloop
  endfacet
  facet normal -0.4771587602596494 0.8788171126619431 0
    outer loop
      vertex 23.580000000000002 65.95134665205268 0
      vertex 23.48338004945305 65.89888629920442 5.99
      vertex 23.580000000000002 65.95134665205268 5.99
    endloop
  endfacet
  facet normal -0.5224985647159484 0.8526401643540925 0
    outer loop
      vertex 23.67374197353156 66.00879180731461 0
      vertex 23.580000000000002 65.95134665205268 5.99
      vertex 23.67374197353156 66.00879180731461 5.99
    endloop
  endfacet
  facet normal -0.5664062369248144 0.8241261886220282 0
    outer loop
      vertex 23.764349029814195 66.0710643118126 0
      vertex 23.67374197353156 66.00879180731461 5.99
      vertex 23.764349029814195 66.0710643118126 5.99
    endloop
  endfacet
  facet normal -0.6087614290087007 0.7933533402912506 0
    outer loop
      vertex 23.85157282120466 66.13799348094035 0
      vertex 23.764349029814195 66.0710643118126 5.99
      vertex 23.85157282120466 66.13799348094035 5.99
    endloop
  endfacet
  facet normal -0.6494480483302368 0.7604059655999855 0
    outer loop
      vertex 23.935174273353603 66.20939586649747 0
      vertex 23.85157282120466 66.13799348094035 5.99
      vertex 23.935174273353603 66.20939586649747 5.99
    endloop
  endfacet
  facet normal -0.6883545756937197 0.7253743710123203 0
    outer loop
      vertex 24.01492424049175 66.28507575950825 0
      vertex 23.935174273353603 66.20939586649747 5.99
      vertex 24.01492424049175 66.28507575950825 5.99
    endloop
  endfacet
  facet normal -0.7253743710122573 0.6883545756937859 0
    outer loop
      vertex 24.09060413350253 66.36482572664639 0
      vertex 24.01492424049175 66.28507575950825 5.99
      vertex 24.09060413350253 66.36482572664639 5.99
    endloop
  endfacet
  facet normal -0.7604059656000742 0.6494480483301329 0
    outer loop
      vertex 24.16200651905964 66.44842717879534 0
      vertex 24.09060413350253 66.36482572664639 5.99
      vertex 24.16200651905964 66.44842717879534 5.99
    endloop
  endfacet
  facet normal -0.793353340291211 0.6087614290087522 0
    outer loop
      vertex 24.22893568818739 66.5356509701858 0
      vertex 24.16200651905964 66.44842717879534 5.99
      vertex 24.22893568818739 66.5356509701858 5.99
    endloop
  endfacet
  facet normal -0.8241261886220133 0.5664062369248364 0
    outer loop
      vertex 24.291208192685392 66.62625802646843 0
      vertex 24.22893568818739 66.5356509701858 5.99
      vertex 24.291208192685392 66.62625802646843 5.99
    endloop
  endfacet
  facet normal -0.8526401643541103 0.5224985647159196 0
    outer loop
      vertex 24.348653347947323 66.72 0
      vertex 24.291208192685392 66.62625802646843 5.99
      vertex 24.348653347947323 66.72 5.99
    endloop
  endfacet
  facet normal -0.8788171126619703 0.4771587602595994 0
    outer loop
      vertex 24.401113700795573 66.81661995054695 0
      vertex 24.348653347947323 66.72 5.99
      vertex 24.401113700795573 66.81661995054695 5.99
    endloop
  endfacet
  facet normal -0.902585284349852 0.4305110968083134 0
    outer loop
      vertex 24.448445461049463 66.91585304954081 0
      vertex 24.401113700795573 66.81661995054695 5.99
      vertex 24.448445461049463 66.91585304954081 5.99
    endloop
  endfacet
  facet normal -0.9238795325112891 0.3826834323650843 0
    outer loop
      vertex 24.490518895644126 67.01742730595487 0
      vertex 24.448445461049463 66.91585304954081 5.99
      vertex 24.490518895644126 67.01742730595487 5.99
    endloop
  endfacet
  facet normal -0.9426414910921703 0.3338068592337939 0
    outer loop
      vertex 24.527218684219825 67.1210643118126 0
      vertex 24.490518895644126 67.01742730595487 5.99
      vertex 24.527218684219825 67.1210643118126 5.99
    endloop
  endfacet
  facet normal 0 0 -1
    outer loop
      vertex 21.48 65.95134665205268 5.99
      vertex 21.48 69.58865334794731 5.99
      vertex 21.576619950546952 65.89888629920442 5.99
    endloop
  endfacet
  facet normal 0 0 -1
    outer loop
      vertex 21.576619950546952 65.89888629920442 5.99
      vertex 21.576619950546952 69.64111370079557 5.99
      vertex 21.67585304954082 65.85155453895054 5.99
    endloop
  endfacet
  facet normal 0 0 -1
    outer loop
      vertex 21.77742730595487 65.80948110435587 5.99
      vertex 21.67585304954082 65.85155453895054 5.99
      vertex 21.67585304954082 69.68844546104945 5.99
    endloop
  endfacet
  facet normal 0 0 -1
    outer loop
      vertex 21.77742730595487 65.80948110435587 5.99
      vertex 21.77742730595487 69.73051889564412 5.99
      vertex 21.88106431181261 65.77278131578018 5.99
    endloop
  endfacet
  facet normal 0 0 -1
    outer loop
      vertex 21.986480005284708 65.74155576479295 5.99
      vertex 21.88106431181261 65.77278131578018 5.99
      vertex 21.88106431181261 69.76721868421981 5.99
    endloop
  endfacet
  facet normal 0 0 -1
    outer loop
      vertex 21.986480005284708 65.74155576479295 5.99
      vertex 21.986480005284708 69.79844423520704 5.99
      vertex 22.093385449282707 65.71589003845901 5.99
    endloop
  endfacet
  facet normal 0 0 -1
    outer loop
      vertex 22.093385449282707 65.71589003845901 5.99
      vertex 22.093385449282707 69.82410996154098 5.99
      vertex 22.201487623415517 65.69585448475021 5.99
    endloop
  endfacet
  facet normal 0 0 -1
    outer loop
      vertex 22.201487623415517 65.69585448475021 5.99
      vertex 22.201487623415517 69.84414551524978 5.99
      vertex 22.31049022713793 65.68150401972662 5.99
    endloop
  endfacet
  facet normal 0 0 -1
    outer loop
      vertex 22.31049022713793 65.68150401972662 5.99
      vertex 22.31049022713793 69.85849598027337 5.99
      vertex 22.42009449188982 65.67287797701539 5.99
    endloop
  endfacet
  facet normal 0 0 -1
    outer loop
      vertex 22.42009449188982 65.67287797701539 5.99
      vertex 22.42009449188982 69.8671220229846 5.99
      vertex 22.53 65.67 5.99
    endloop
  endfacet
  facet normal 0 0 -1
    outer loop
      vertex 22.53 65.67 5.99
      vertex 22.53 69.86999999999999 5.99
      vertex 22.639905508110182 65.67287797701539 5.99
    endloop
  endfacet
  facet normal 0 0 -1
    outer loop
      vertex 22.639905508110182 65.67287797701539 5.99
      vertex 22.639905508110182 69.8671220229846 5.99
      vertex 22.749509772862073 65.68150401972662 5.99
    endloop
  endfacet
  facet normal 0 0 -1
    outer loop
      vertex 22.749509772862073 65.68150401972662 5.99
      vertex 22.749509772862073 69.85849598027337 5.99
      vertex 22.858512376584486 65.69585448475021 5.99
    endloop
  endfacet
  facet normal 0 0 -1
    outer loop
      vertex 22.858512376584486 65.69585448475021 5.99
      vertex 22.858512376584486 69.84414551524978 5.99
      vertex 22.966614550717296 65.71589003845901 5.99
    endloop
  endfacet
  facet normal 0 0 -1
    outer loop
      vertex 22.966614550717296 65.71589003845901 5.99
      vertex 22.966614550717296 69.82410996154098 5.99
      vertex 23.073519994715294 65.74155576479295 5.99
    endloop
  endfacet
  facet normal 0 0 -1
    outer loop
      vertex 23.073519994715294 65.74155576479295 5.99
      vertex 23.073519994715294 69.79844423520704 5.99
      vertex 23.17893568818739 65.77278131578018 5.99
    endloop
  endfacet
  facet normal 0 0 -1
    outer loop
      vertex 23.17893568818739 65.77278131578018 5.99
      vertex 23.17893568818739 69.76721868421981 5.99
      vertex 23.282572694045133 65.80948110435587 5.99
    endloop
  endfacet
  facet normal 0 0 -1
    outer loop
      vertex 23.282572694045133 65.80948110435587 5.99
      vertex 23.282572694045133 69.73051889564412 5.99
      vertex 23.384146950459183 65.85155453895054 5.99
    endloop
  endfacet
  facet normal 0 0 -1
    outer loop
      vertex 23.384146950459183 65.85155453895054 5.99
      vertex 23.384146950459183 69.68844546104945 5.99
      vertex 23.48338004945305 65.89888629920442 5.99
    endloop
  endfacet
  facet normal 0 0 -1
    outer loop
      vertex 23.48338004945305 65.89888629920442 5.99
      vertex 23.48338004945305 69.64111370079557 5.99
      vertex 23.580000000000002 65.95134665205268 5.99
    endloop
  endfacet
  facet normal 0 0 -1
    outer loop
      vertex 23.580000000000002 65.95134665205268 5.99
      vertex 23.580000000000002 69.58865334794731 5.99
      vertex 23.67374197353156 66.00879180731461 5.99
    endloop
  endfacet
  facet normal 0 0 -1
    outer loop
      vertex 23.67374197353156 66.00879180731461 5.99
      vertex 23.67374197353156 69.53120819268538 5.99
      vertex 23.764349029814195 66.0710643118126 5.99
    endloop
  endfacet
  facet normal 0 0 -1
    outer loop
      vertex 23.764349029814195 66.0710643118126 5.99
      vertex 23.764349029814195 69.46893568818739 5.99
      vertex 23.85157282120466 66.13799348094035 5.99
    endloop
  endfacet
  facet normal 0 0 -1
    outer loop
      vertex 23.85157282120466 66.13799348094035 5.99
      vertex 23.85157282120466 69.40200651905964 5.99
      vertex 23.935174273353603 66.20939586649747 5.99
    endloop
  endfacet
  facet normal 0 0 -1
    outer loop
      vertex 23.935174273353603 66.20939586649747 5.99
      vertex 23.935174273353603 69.33060413350252 5.99
      vertex 24.01492424049175 66.28507575950825 5.99
    endloop
  endfacet
  facet normal 0 0 -1
    outer loop
      vertex 24.01492424049175 66.28507575950825 5.99
      vertex 24.01492424049175 69.25492424049175 5.99
      vertex 24.09060413350253 66.36482572664639 5.99
    endloop
  endfacet
  facet normal 0 0 -1
    outer loop
      vertex 24.09060413350253 66.36482572664639 5.99
      vertex 24.09060413350253 69.1751742733536 5.99
      vertex 24.16200651905964 66.44842717879534 5.99
    endloop
  endfacet
  facet normal 0 0 -1
    outer loop
      vertex 24.16200651905964 66.44842717879534 5.99
      vertex 24.16200651905964 69.09157282120465 5.99
      vertex 24.22893568818739 66.5356509701858 5.99
    endloop
  endfacet
  facet normal 0 0 -1
    outer loop
      vertex 24.22893568818739 66.5356509701858 5.99
      vertex 24.22893568818739 69.0043490298142 5.99
      vertex 24.291208192685392 66.62625802646843 5.99
    endloop
  endfacet
  facet normal 0 0 -1
    outer loop
      vertex 24.291208192685392 66.62625802646843 5.99
      vertex 24.291208192685392 68.91374197353156 5.99
      vertex 24.348653347947323 66.72 5.99
    endloop
  endfacet
  facet normal 0 0 -1
    outer loop
      vertex 24.348653347947323 66.72 5.99
      vertex 24.348653347947323 68.82 5.99
      vertex 24.401113700795573 66.81661995054695 5.99
    endloop
  endfacet
  facet normal 0 0 -1
    outer loop
      vertex 24.401113700795573 66.81661995054695 5.99
      vertex 24.401113700795573 68.72338004945304 5.99
      vertex 24.448445461049463 66.91585304954081 5.99
    endloop
  endfacet
  facet normal 0.4771587602596494 -0.8788171126619431 0
    outer loop
      vertex 21.48 69.58865334794731 0
      vertex 21.576619950546952 69.64111370079557 5.99
      vertex 21.48 69.58865334794731 5.99
    endloop
  endfacet
  facet normal 0.43051109680824823 -0.902585284349883 0
    outer loop
      vertex 21.576619950546952 69.64111370079557 0
      vertex 21.67585304954082 69.68844546104945 5.99
      vertex 21.576619950546952 69.64111370079557 5.99
    endloop
  endfacet
  facet normal 0.38268343236515096 -0.9238795325112615 0
    outer loop
      vertex 21.67585304954082 69.68844546104945 0
      vertex 21.77742730595487 69.73051889564412 5.99
      vertex 21.67585304954082 69.68844546104945 5.99
    endloop
  endfacet
  facet normal 0.33380685923368736 -0.9426414910922081 0
    outer loop
      vertex 21.77742730595487 69.73051889564412 0
      vertex 21.88106431181261 69.76721868421981 5.99
      vertex 21.77742730595487 69.73051889564412 5.99
    endloop
  endfacet
  facet normal 0.2840153447039986 -0.9588197348681705 0
    outer loop
      vertex 21.88106431181261 69.76721868421981 0
      vertex 21.986480005284708 69.79844423520704 5.99
      vertex 21.88106431181261 69.76721868421981 5.99
    endloop
  endfacet
  facet normal 0.23344536385583875 -0.9723699203976925 0
    outer loop
      vertex 21.986480005284708 69.79844423520704 0
      vertex 22.093385449282707 69.82410996154098 5.99
      vertex 21.986480005284708 69.79844423520704 5.99
    endloop
  endfacet
  facet normal 0.18223552549212066 -0.9832549075639596 0
    outer loop
      vertex 22.093385449282707 69.82410996154098 0
      vertex 22.201487623415517 69.84414551524978 5.99
      vertex 22.093385449282707 69.82410996154098 5.99
    endloop
  endfacet
  facet normal 0.130526192220159 -0.9914448613737963 0
    outer loop
      vertex 22.201487623415517 69.84414551524978 0
      vertex 22.31049022713793 69.85849598027337 5.99
      vertex 22.201487623415517 69.84414551524978 5.99
    endloop
  endfacet
  facet normal 0.07845909572781556 -0.9969173337331303 0
    outer loop
      vertex 22.31049022713793 69.85849598027337 0
      vertex 22.42009449188982 69.8671220229846 5.99
      vertex 22.31049022713793 69.85849598027337 5.99
    endloop
  endfacet
  facet normal 0.02617694830780647 -0.9996573249755589 0
    outer loop
      vertex 22.42009449188982 69.8671220229846 0
      vertex 22.53 69.86999999999999 5.99
      vertex 22.42009449188982 69.8671220229846 5.99
    endloop
  endfacet
  facet normal -0.02617694830780647 -0.9996573249755589 0
    outer loop
      vertex 22.53 69.86999999999999 0
      vertex 22.639905508110182 69.8671220229846 5.99
      vertex 22.53 69.86999999999999 5.99
    endloop
  endfacet
  facet normal -0.07845909572781556 -0.9969173337331303 0
    outer loop
      vertex 22.639905508110182 69.8671220229846 0
      vertex 22.749509772862073 69.85849598027337 5.99
      vertex 22.639905508110182 69.8671220229846 5.99
    endloop
  endfacet
  facet normal -0.130526192220159 -0.9914448613737963 0
    outer loop
      vertex 22.749509772862073 69.85849598027337 0
      vertex 22.858512376584486 69.84414551524978 5.99
      vertex 22.749509772862073 69.85849598027337 5.99
    endloop
  endfacet
  facet normal -0.18223552549212066 -0.9832549075639596 0
    outer loop
      vertex 22.858512376584486 69.84414551524978 0
      vertex 22.966614550717296 69.82410996154098 5.99
      vertex 22.858512376584486 69.84414551524978 5.99
    endloop
  endfacet
  facet normal -0.33380685923368736 -0.9426414910922081 0
    outer loop
      vertex 23.17893568818739 69.76721868421981 0
      vertex 23.282572694045133 69.73051889564412 5.99
      vertex 23.17893568818739 69.76721868421981 5.99
    endloop
  endfacet
  facet normal -0.38268343236515096 -0.9238795325112615 0
    outer loop
      vertex 23.282572694045133 69.73051889564412 0
      vertex 23.384146950459183 69.68844546104945 5.99
      vertex 23.282572694045133 69.73051889564412 5.99
    endloop
  endfacet
  facet normal -0.43051109680824823 -0.902585284349883 0
    outer loop
      vertex 23.384146950459183 69.68844546104945 0
      vertex 23.48338004945305 69.64111370079557 5.99
      vertex 23.384146950459183 69.68844546104945 5.99
    endloop
  endfacet
  facet normal -0.4771587602596494 -0.8788171126619431 0
    outer loop
      vertex 23.48338004945305 69.64111370079557 0
      vertex 23.580000000000002 69.58865334794731 5.99
      vertex 23.48338004945305 69.64111370079557 5.99
    endloop
  endfacet
  facet normal -0.5224985647159484 -0.8526401643540925 0
    outer loop
      vertex 23.580000000000002 69.58865334794731 0
      vertex 23.67374197353156 69.53120819268538 5.99
      vertex 23.580000000000002 69.58865334794731 5.99
    endloop
  endfacet
  facet normal -0.5664062369248144 -0.8241261886220282 0
    outer loop
      vertex 23.67374197353156 69.53120819268538 0
      vertex 23.764349029814195 69.46893568818739 5.99
      vertex 23.67374197353156 69.53120819268538 5.99
    endloop
  endfacet
  facet normal -0.9426414910921703 -0.3338068592337939 0
    outer loop
      vertex 24.490518895644126 68.52257269404512 0
      vertex 24.527218684219825 68.41893568818739 5.99
      vertex 24.490518895644126 68.52257269404512 5.99
    endloop
  endfacet
  facet normal -0.9588197348681969 -0.2840153447039095 0
    outer loop
      vertex 24.527218684219825 68.41893568818739 0
      vertex 24.558444235207045 68.31351999471529 5.99
      vertex 24.527218684219825 68.41893568818739 5.99
    endloop
  endfacet
  facet normal -0.9238795325112891 -0.3826834323650843 0
    outer loop
      vertex 24.448445461049463 68.62414695045918 0
      vertex 24.490518895644126 68.52257269404512 5.99
      vertex 24.448445461049463 68.62414695045918 5.99
    endloop
  endfacet
  facet normal -0.7604059656000742 -0.6494480483301329 0
    outer loop
      vertex 24.09060413350253 69.1751742733536 0
      vertex 24.16200651905964 69.09157282120465 5.99
      vertex 24.09060413350253 69.1751742733536 5.99
    endloop
  endfacet
  facet normal -0.6087614290087007 -0.7933533402912506 0
    outer loop
      vertex 23.764349029814195 69.46893568818739 0
      vertex 23.85157282120466 69.40200651905964 5.99
      vertex 23.764349029814195 69.46893568818739 5.99
    endloop
  endfacet
  facet normal -0.6494480483302368 -0.7604059655999855 0
    outer loop
      vertex 23.85157282120466 69.40200651905964 0
      vertex 23.935174273353603 69.33060413350252 5.99
      vertex 23.85157282120466 69.40200651905964 5.99
    endloop
  endfacet
  facet normal -0.6883545756937197 -0.7253743710123203 0
    outer loop
      vertex 23.935174273353603 69.33060413350252 0
      vertex 24.01492424049175 69.25492424049175 5.99
      vertex 23.935174273353603 69.33060413350252 5.99
    endloop
  endfacet
  facet normal -0.7253743710122573 -0.6883545756937859 0
    outer loop
      vertex 24.01492424049175 69.25492424049175 0
      vertex 24.09060413350253 69.1751742733536 5.99
      vertex 24.01492424049175 69.25492424049175 5.99
    endloop
  endfacet
  facet normal -0.8526401643541103 -0.5224985647159196 0
    outer loop
      vertex 24.291208192685392 68.91374197353156 0
      vertex 24.348653347947323 68.82 5.99
      vertex 24.291208192685392 68.91374197353156 5.99
    endloop
  endfacet
  facet normal -0.793353340291211 -0.6087614290087522 0
    outer loop
      vertex 24.16200651905964 69.09157282120465 0
      vertex 24.22893568818739 69.0043490298142 5.99
      vertex 24.16200651905964 69.09157282120465 5.99
    endloop
  endfacet
  facet normal -0.8241261886220133 -0.5664062369248364 0
    outer loop
      vertex 24.22893568818739 69.0043490298142 0
      vertex 24.291208192685392 68.91374197353156 5.99
      vertex 24.22893568818739 69.0043490298142 5.99
    endloop
  endfacet
  facet normal -0.902585284349852 -0.4305110968083134 0
    outer loop
      vertex 24.401113700795573 68.72338004945304 0
      vertex 24.448445461049463 68.62414695045918 5.99
      vertex 24.401113700795573 68.72338004945304 5.99
    endloop
  endfacet
  facet normal -0.8788171126619703 -0.4771587602595994 0
    outer loop
      vertex 24.348653347947323 68.82 0
      vertex 24.401113700795573 68.72338004945304 5.99
      vertex 24.348653347947323 68.82 5.99
    endloop
  endfacet
  facet normal -0.23344536385583875 -0.9723699203976925 0
    outer loop
      vertex 22.966614550717296 69.82410996154098 0
      vertex 23.073519994715294 69.79844423520704 5.99
      vertex 22.966614550717296 69.82410996154098 5.99
    endloop
  endfacet
  facet normal -0.2840153447039986 -0.9588197348681705 0
    outer loop
      vertex 23.073519994715294 69.79844423520704 0
      vertex 23.17893568818739 69.76721868421981 5.99
      vertex 23.073519994715294 69.79844423520704 5.99
    endloop
  endfacet
  facet normal 0 0 -1
    outer loop
      vertex 21.576619950546952 65.89888629920442 5.99
      vertex 21.48 69.58865334794731 5.99
      vertex 21.576619950546952 69.64111370079557 5.99
    endloop
  endfacet
  facet normal 0 0 -1
    outer loop
      vertex 21.67585304954082 65.85155453895054 5.99
      vertex 21.576619950546952 69.64111370079557 5.99
      vertex 21.67585304954082 69.68844546104945 5.99
    endloop
  endfacet
  facet normal 0 0 -1
    outer loop
      vertex 21.77742730595487 65.80948110435587 5.99
      vertex 21.67585304954082 69.68844546104945 5.99
      vertex 21.77742730595487 69.73051889564412 5.99
    endloop
  endfacet
  facet normal 0 0 -1
    outer loop
      vertex 21.88106431181261 65.77278131578018 5.99
      vertex 21.77742730595487 69.73051889564412 5.99
      vertex 21.88106431181261 69.76721868421981 5.99
    endloop
  endfacet
  facet normal 0 0 -1
    outer loop
      vertex 21.986480005284708 65.74155576479295 5.99
      vertex 21.88106431181261 69.76721868421981 5.99
      vertex 21.986480005284708 69.79844423520704 5.99
    endloop
  endfacet
  facet normal 0 0 -1
    outer loop
      vertex 22.093385449282707 65.71589003845901 5.99
      vertex 21.986480005284708 69.79844423520704 5.99
      vertex 22.093385449282707 69.82410996154098 5.99
    endloop
  endfacet
  facet normal 0 0 -1
    outer loop
      vertex 22.201487623415517 65.69585448475021 5.99
      vertex 22.093385449282707 69.82410996154098 5.99
      vertex 22.201487623415517 69.84414551524978 5.99
    endloop
  endfacet
  facet normal 0 0 -1
    outer loop
      vertex 22.31049022713793 65.68150401972662 5.99
      vertex 22.201487623415517 69.84414551524978 5.99
      vertex 22.31049022713793 69.85849598027337 5.99
    endloop
  endfacet
  facet normal 0 0 -1
    outer loop
      vertex 22.42009449188982 65.67287797701539 5.99
      vertex 22.31049022713793 69.85849598027337 5.99
      vertex 22.42009449188982 69.8671220229846 5.99
    endloop
  endfacet
  facet normal 0 0 -1
    outer loop
      vertex 22.53 65.67 5.99
      vertex 22.42009449188982 69.8671220229846 5.99
      vertex 22.53 69.86999999999999 5.99
    endloop
  endfacet
  facet normal 0 0 -1
    outer loop
      vertex 22.639905508110182 65.67287797701539 5.99
      vertex 22.53 69.86999999999999 5.99
      vertex 22.639905508110182 69.8671220229846 5.99
    endloop
  endfacet
  facet normal 0 0 -1
    outer loop
      vertex 22.749509772862073 65.68150401972662 5.99
      vertex 22.639905508110182 69.8671220229846 5.99
      vertex 22.749509772862073 69.85849598027337 5.99
    endloop
  endfacet
  facet normal 0 0 -1
    outer loop
      vertex 22.858512376584486 65.69585448475021 5.99
      vertex 22.749509772862073 69.85849598027337 5.99
      vertex 22.858512376584486 69.84414551524978 5.99
    endloop
  endfacet
  facet normal 0 0 -1
    outer loop
      vertex 22.966614550717296 65.71589003845901 5.99
      vertex 22.858512376584486 69.84414551524978 5.99
      vertex 22.966614550717296 69.82410996154098 5.99
    endloop
  endfacet
  facet normal 0 0 -1
    outer loop
      vertex 23.073519994715294 65.74155576479295 5.99
      vertex 22.966614550717296 69.82410996154098 5.99
      vertex 23.073519994715294 69.79844423520704 5.99
    endloop
  endfacet
  facet normal 0 0 -1
    outer loop
      vertex 23.17893568818739 65.77278131578018 5.99
      vertex 23.073519994715294 69.79844423520704 5.99
      vertex 23.17893568818739 69.76721868421981 5.99
    endloop
  endfacet
  facet normal 0 0 -1
    outer loop
      vertex 23.282572694045133 65.80948110435587 5.99
      vertex 23.17893568818739 69.76721868421981 5.99
      vertex 23.282572694045133 69.73051889564412 5.99
    endloop
  endfacet
  facet normal 0 0 -1
    outer loop
      vertex 23.384146950459183 65.85155453895054 5.99
      vertex 23.282572694045133 69.73051889564412 5.99
      vertex 23.384146950459183 69.68844546104945 5.99
    endloop
  endfacet
  facet normal 0 0 -1
    outer loop
      vertex 23.48338004945305 65.89888629920442 5.99
      vertex 23.384146950459183 69.68844546104945 5.99
      vertex 23.48338004945305 69.64111370079557 5.99
    endloop
  endfacet
  facet normal 0 0 -1
    outer loop
      vertex 23.580000000000002 65.95134665205268 5.99
      vertex 23.48338004945305 69.64111370079557 5.99
      vertex 23.580000000000002 69.58865334794731 5.99
    endloop
  endfacet
  facet normal 0 0 -1
    outer loop
      vertex 23.764349029814195 66.0710643118126 5.99
      vertex 23.67374197353156 69.53120819268538 5.99
      vertex 23.764349029814195 69.46893568818739 5.99
    endloop
  endfacet
  facet normal 0 0 -1
    outer loop
      vertex 23.67374197353156 66.00879180731461 5.99
      vertex 23.580000000000002 69.58865334794731 5.99
      vertex 23.67374197353156 69.53120819268538 5.99
    endloop
  endfacet
  facet normal 0 0 -1
    outer loop
      vertex 23.85157282120466 66.13799348094035 5.99
      vertex 23.764349029814195 69.46893568818739 5.99
      vertex 23.85157282120466 69.40200651905964 5.99
    endloop
  endfacet
  facet normal 0 0 -1
    outer loop
      vertex 23.935174273353603 66.20939586649747 5.99
      vertex 23.85157282120466 69.40200651905964 5.99
      vertex 23.935174273353603 69.33060413350252 5.99
    endloop
  endfacet
  facet normal 0 0 -1
    outer loop
      vertex 24.01492424049175 66.28507575950825 5.99
      vertex 23.935174273353603 69.33060413350252 5.99
      vertex 24.01492424049175 69.25492424049175 5.99
    endloop
  endfacet
  facet normal 0 0 -1
    outer loop
      vertex 24.09060413350253 66.36482572664639 5.99
      vertex 24.01492424049175 69.25492424049175 5.99
      vertex 24.09060413350253 69.1751742733536 5.99
    endloop
  endfacet
  facet normal 0 0 -1
    outer loop
      vertex 24.16200651905964 66.44842717879534 5.99
      vertex 24.09060413350253 69.1751742733536 5.99
      vertex 24.16200651905964 69.09157282120465 5.99
    endloop
  endfacet
  facet normal 0 0 -1
    outer loop
      vertex 24.448445461049463 66.91585304954081 5.99
      vertex 24.448445461049463 68.62414695045918 5.99
      vertex 24.490518895644126 67.01742730595487 5.99
    endloop
  endfacet
  facet normal 0 0 -1
    outer loop
      vertex 24.490518895644126 67.01742730595487 5.99
      vertex 24.490518895644126 68.52257269404512 5.99
      vertex 24.527218684219825 67.1210643118126 5.99
    endloop
  endfacet
  facet normal 0 0 -1
    outer loop
      vertex 24.527218684219825 67.1210643118126 5.99
      vertex 24.527218684219825 68.41893568818739 5.99
      vertex 24.558444235207045 67.2264800052847 5.99
    endloop
  endfacet
  facet normal 0 0 -1
    outer loop
      vertex 24.490518895644126 67.01742730595487 5.99
      vertex 24.448445461049463 68.62414695045918 5.99
      vertex 24.490518895644126 68.52257269404512 5.99
    endloop
  endfacet
  facet normal 0 0 -1
    outer loop
      vertex 24.527218684219825 67.1210643118126 5.99
      vertex 24.490518895644126 68.52257269404512 5.99
      vertex 24.527218684219825 68.41893568818739 5.99
    endloop
  endfacet
  facet normal 0 0 -1
    outer loop
      vertex 24.22893568818739 66.5356509701858 5.99
      vertex 24.16200651905964 69.09157282120465 5.99
      vertex 24.22893568818739 69.0043490298142 5.99
    endloop
  endfacet
  facet normal 0 0 -1
    outer loop
      vertex 24.291208192685392 66.62625802646843 5.99
      vertex 24.22893568818739 69.0043490298142 5.99
      vertex 24.291208192685392 68.91374197353156 5.99
    endloop
  endfacet
  facet normal 0 0 -1
    outer loop
      vertex 24.348653347947323 66.72 5.99
      vertex 24.291208192685392 68.91374197353156 5.99
      vertex 24.348653347947323 68.82 5.99
    endloop
  endfacet
  facet normal 0 0 -1
    outer loop
      vertex 24.401113700795573 66.81661995054695 5.99
      vertex 24.348653347947323 68.82 5.99
      vertex 24.401113700795573 68.72338004945304 5.99
    endloop
  endfacet
  facet normal 0 0 -1
    outer loop
      vertex 24.448445461049463 66.91585304954081 5.99
      vertex 24.401113700795573 68.72338004945304 5.99
      vertex 24.448445461049463 68.62414695045918 5.99
    endloop
  endfacet
  facet normal 0 0 1
    outer loop
      vertex 0.5300000000000011 70.02 8
      vertex 28.53 64.52000000327826 8
      vertex 28.519043787121774 70.22905692875385 8
    endloop
  endfacet
  facet normal 0 0 1
    outer loop
      vertex 0.5737048003077518 70.43582338511943 8
      vertex 28.432113035321237 70.63803399026393 8
      vertex 28.397160849273206 70.73673589944839 8
    endloop
  endfacet
  facet normal 0 0 1
    outer loop
      vertex 0.5981483447551739 70.53763808727264 8
      vertex 28.397160849273206 70.73673589944839 8
      vertex 28.357090911567212 70.83347328424453 8
    endloop
  endfacet
  facet normal 0 0 1
    outer loop
      vertex 0.6278869646787655 70.63803399026393 8
      vertex 28.357090911567212 70.83347328424453 8
      vertex 28.312013051211835 70.92798100084066 8
    endloop
  endfacet
  facet normal 0 0 1
    outer loop
      vertex 2.2171310696005833 71.99537668049335 8
      vertex 26.63467191040516 72.01725907295942 8
      vertex 26.53 72.02 8
    endloop
  endfacet
  facet normal 0 0 1
    outer loop
      vertex 2.114176614880563 71.97629519969225 8
      vertex 26.739056928753854 72.00904378712177 8
      vertex 26.63467191040516 72.01725907295942 8
    endloop
  endfacet
  facet normal 0 0 1
    outer loop
      vertex 2.012361912727357 71.95185165524482 8
      vertex 26.84286893039942 71.99537668049335 8
      vertex 26.739056928753854 72.00904378712177 8
    endloop
  endfacet
  facet normal 0 0 1
    outer loop
      vertex 1.9119660097360622 71.92211303532123 8
      vertex 26.94582338511944 71.97629519969225 8
      vertex 26.84286893039942 71.99537668049335 8
    endloop
  endfacet
  facet normal 0 0 1
    outer loop
      vertex 1.8132641005516064 71.8871608492732 8
      vertex 27.047638087272645 71.95185165524482 8
      vertex 26.94582338511944 71.97629519969225 8
    endloop
  endfacet
  facet normal 0 0 1
    outer loop
      vertex 1.7165267157554638 71.84709091156721 8
      vertex 27.14803399026394 71.92211303532123 8
      vertex 27.047638087272645 71.95185165524482 8
    endloop
  endfacet
  facet normal 0 0 1
    outer loop
      vertex 1.6220189991593372 71.80201305121183 8
      vertex 27.246735899448396 71.8871608492732 8
      vertex 27.14803399026394 71.92211303532123 8
    endloop
  endfacet
  facet normal 0 0 1
    outer loop
      vertex 1.5300000000000011 71.75205080628395 8
      vertex 27.34347328424454 71.84709091156721 8
      vertex 27.246735899448396 71.8871608492732 8
    endloop
  endfacet
  facet normal 0 0 1
    outer loop
      vertex 1.440721927881242 71.69734113335609 8
      vertex 27.437981000840665 71.80201305121183 8
      vertex 27.34347328424454 71.84709091156721 8
    endloop
  endfacet
  facet normal 0 0 1
    outer loop
      vertex 0.9757080736756336 71.27864078104496 8
      vertex 27.944213560521604 71.4342135605216 8
      vertex 27.86826120942831 71.5062896502018 8
    endloop
  endfacet
  facet normal 0 0 1
    outer loop
      vertex 0.7479869487881672 70.92798100084066 8
      vertex 28.207341133356095 71.10927807211876 8
      vertex 28.14803399026394 71.19557050287723 8
    endloop
  endfacet
  facet normal 0 0 1
    outer loop
      vertex 0.7979491937160503 71.02 8
      vertex 28.14803399026394 71.19557050287723 8
      vertex 28.08429192632437 71.27864078104496 8
    endloop
  endfacet
  facet normal 0 0 1
    outer loop
      vertex 0.6628391507267963 70.73673589944839 8
      vertex 28.312013051211835 70.92798100084066 8
      vertex 28.262050806283952 71.02 8
    endloop
  endfacet
  facet normal 0 0 1
    outer loop
      vertex 0.70290908843279 70.83347328424453 8
      vertex 28.262050806283952 71.02 8
      vertex 28.207341133356095 71.10927807211876 8
    endloop
  endfacet
  facet normal 0 0 1
    outer loop
      vertex 0.8526588666439068 71.10927807211876 8
      vertex 28.08429192632437 71.27864078104496 8
      vertex 28.0162896502018 71.3582612094283 8
    endloop
  endfacet
  facet normal 0 0 1
    outer loop
      vertex 0.9119660097360622 71.19557050287723 8
      vertex 28.0162896502018 71.3582612094283 8
      vertex 27.944213560521604 71.4342135605216 8
    endloop
  endfacet
  facet normal 0 0 1
    outer loop
      vertex 1.2713592189550411 71.57429192632436 8
      vertex 27.61927807211876 71.69734113335609 8
      vertex 27.53 71.75205080628395 8
    endloop
  endfacet
  facet normal 0 0 1
    outer loop
      vertex 1.3544294971227657 71.63803399026393 8
      vertex 27.53 71.75205080628395 8
      vertex 27.437981000840665 71.80201305121183 8
    endloop
  endfacet
  facet normal 0 0 1
    outer loop
      vertex 1.1917387905716907 71.5062896502018 8
      vertex 27.705570502877237 71.63803399026393 8
      vertex 27.61927807211876 71.69734113335609 8
    endloop
  endfacet
  facet normal 0 0 1
    outer loop
      vertex 1.0437103497982037 71.3582612094283 8
      vertex 27.86826120942831 71.5062896502018 8
      vertex 27.78864078104496 71.57429192632436 8
    endloop
  endfacet
  facet normal 0 0 1
    outer loop
      vertex 1.1157864394783985 71.4342135605216 8
      vertex 27.78864078104496 71.57429192632436 8
      vertex 27.705570502877237 71.63803399026393 8
    endloop
  endfacet
  facet normal 0 0 1
    outer loop
      vertex 0.5300000000000011 70.02 8
      vertex 28.519043787121774 70.22905692875385 8
      vertex 28.505376680493356 70.33286893039941 8
    endloop
  endfacet
  facet normal 0 0 1
    outer loop
      vertex 0.5327409270405781 70.12467191040516 8
      vertex 28.505376680493356 70.33286893039941 8
      vertex 28.48629519969225 70.43582338511943 8
    endloop
  endfacet
  facet normal 0 0 1
    outer loop
      vertex 0.5409562128782284 70.22905692875385 8
      vertex 28.48629519969225 70.43582338511943 8
      vertex 28.46185165524483 70.53763808727264 8
    endloop
  endfacet
  facet normal 0 0 1
    outer loop
      vertex 0.5546233195066463 70.33286893039941 8
      vertex 28.46185165524483 70.53763808727264 8
      vertex 28.432113035321237 70.63803399026393 8
    endloop
  endfacet
  facet normal 0 1 0
    outer loop
      vertex 0.5300000000000011 64.52000000327826 8
      vertex 39.53 64.52000000327826 12.399999999999999
      vertex 28.53 64.52000000327826 8
    endloop
  endfacet
  facet normal 0 1 0
    outer loop
      vertex -45.530000002384185 64.52000000327826 18.4
      vertex 39.53 64.52000000327826 28.4
      vertex 39.53 64.52000000327826 18.4
    endloop
  endfacet
  facet normal 0 0 -1
    outer loop
      vertex -28.75000000119209 46.46999999880791 16
      vertex 49.23000000000005 60.519999999999996 16
      vertex 49.23000000000005 46.46999999880791 16
    endloop
  endfacet
  facet normal 0 -1 0
    outer loop
      vertex -28.75000000119209 46.46999999880791 16
      vertex 49.23000000000005 46.46999999880791 16
      vertex 49.23000000000005 46.46999999880791 18.4
    endloop
  endfacet
  facet normal 0 0 1
    outer loop
      vertex -28.75000000119209 46.46999999880791 18.4
      vertex 49.23000000000005 46.46999999880791 18.4
      vertex 49.23000000000005 60.524999998509884 18.4
    endloop
  endfacet
  facet normal 0 0 -1
    outer loop
      vertex 22.53 65.67 0
      vertex 22.639905508110182 65.67287797701539 0
      vertex 28.53 64.52000000327826 0
    endloop
  endfacet
  facet normal 0 0 -1
    outer loop
      vertex 22.749509772862073 65.68150401972662 0
      vertex 22.858512376584486 65.69585448475021 0
      vertex 28.53 64.52000000327826 0
    endloop
  endfacet
  facet normal 0 0 -1
    outer loop
      vertex 22.639905508110182 65.67287797701539 0
      vertex 22.749509772862073 65.68150401972662 0
      vertex 28.53 64.52000000327826 0
    endloop
  endfacet
  facet normal 0 0 -1
    outer loop
      vertex 22.858512376584486 65.69585448475021 0
      vertex 22.966614550717296 65.71589003845901 0
      vertex 28.53 64.52000000327826 0
    endloop
  endfacet
  facet normal 0 0 -1
    outer loop
      vertex 22.966614550717296 65.71589003845901 0
      vertex 23.073519994715294 65.74155576479295 0
      vertex 28.53 64.52000000327826 0
    endloop
  endfacet
  facet normal 0 0 -1
    outer loop
      vertex 23.073519994715294 65.74155576479295 0
      vertex 23.17893568818739 65.77278131578018 0
      vertex 28.53 64.52000000327826 0
    endloop
  endfacet
  facet normal 0 0 -1
    outer loop
      vertex 23.17893568818739 65.77278131578018 0
      vertex 23.282572694045133 65.80948110435587 0
      vertex 28.53 64.52000000327826 0
    endloop
  endfacet
  facet normal 0 0 -1
    outer loop
      vertex 23.282572694045133 65.80948110435587 0
      vertex 23.384146950459183 65.85155453895054 0
      vertex 28.53 64.52000000327826 0
    endloop
  endfacet
  facet normal 0 0 -1
    outer loop
      vertex 23.384146950459183 65.85155453895054 0
      vertex 23.48338004945305 65.89888629920442 0
      vertex 28.53 64.52000000327826 0
    endloop
  endfacet
  facet normal 0 0 -1
    outer loop
      vertex 23.48338004945305 65.89888629920442 0
      vertex 23.580000000000002 65.95134665205268 0
      vertex 28.53 64.52000000327826 0
    endloop
  endfacet
  facet normal 0 0 -1
    outer loop
      vertex 23.580000000000002 65.95134665205268 0
      vertex 23.67374197353156 66.00879180731461 0
      vertex 28.53 64.52000000327826 0
    endloop
  endfacet
  facet normal 0 0 -1
    outer loop
      vertex 23.67374197353156 66.00879180731461 0
      vertex 23.764349029814195 66.0710643118126 0
      vertex 28.53 64.52000000327826 0
    endloop
  endfacet
  facet normal 0 0 -1
    outer loop
      vertex 23.764349029814195 66.0710643118126 0
      vertex 23.85157282120466 66.13799348094035 0
      vertex 28.53 64.52000000327826 0
    endloop
  endfacet
  facet normal 0 0 -1
    outer loop
      vertex 23.935174273353603 66.20939586649747 0
      vertex 24.01492424049175 66.28507575950825 0
      vertex 28.53 64.52000000327826 0
    endloop
  endfacet
  facet normal 0 0 -1
    outer loop
      vertex 23.85157282120466 66.13799348094035 0
      vertex 23.935174273353603 66.20939586649747 0
      vertex 28.53 64.52000000327826 0
    endloop
  endfacet
  facet normal 0 0 -1
    outer loop
      vertex 24.09060413350253 66.36482572664639 0
      vertex 24.16200651905964 66.44842717879534 0
      vertex 28.53 64.52000000327826 0
    endloop
  endfacet
  facet normal 0 0 -1
    outer loop
      vertex 24.01492424049175 66.28507575950825 0
      vertex 24.09060413350253 66.36482572664639 0
      vertex 28.53 64.52000000327826 0
    endloop
  endfacet
  facet normal 0 0 -1
    outer loop
      vertex 24.22893568818739 66.5356509701858 0
      vertex 24.291208192685392 66.62625802646843 0
      vertex 28.53 64.52000000327826 0
    endloop
  endfacet
  facet normal 0 0 -1
    outer loop
      vertex 24.16200651905964 66.44842717879534 0
      vertex 24.22893568818739 66.5356509701858 0
      vertex 28.53 64.52000000327826 0
    endloop
  endfacet
  facet normal 0 0 -1
    outer loop
      vertex 24.291208192685392 66.62625802646843 0
      vertex 24.348653347947323 66.72 0
      vertex 28.53 64.52000000327826 0
    endloop
  endfacet
  facet normal 0 0 -1
    outer loop
      vertex 24.401113700795573 66.81661995054695 0
      vertex 24.448445461049463 66.91585304954081 0
      vertex 28.53 64.52000000327826 0
    endloop
  endfacet
  facet normal 0 0 -1
    outer loop
      vertex 24.348653347947323 66.72 0
      vertex 24.401113700795573 66.81661995054695 0
      vertex 28.53 64.52000000327826 0
    endloop
  endfacet
  facet normal 0 0 -1
    outer loop
      vertex 24.490518895644126 67.01742730595487 0
      vertex 24.527218684219825 67.1210643118126 0
      vertex 28.53 64.52000000327826 0
    endloop
  endfacet
  facet normal 0 0 -1
    outer loop
      vertex 24.448445461049463 66.91585304954081 0
      vertex 24.490518895644126 67.01742730595487 0
      vertex 28.53 64.52000000327826 0
    endloop
  endfacet
  facet normal 0 0 -1
    outer loop
      vertex 24.527218684219825 67.1210643118126 0
      vertex 24.558444235207045 67.2264800052847 0
      vertex 28.53 64.52000000327826 0
    endloop
  endfacet
  facet normal 0 0 -1
    outer loop
      vertex 24.558444235207045 67.2264800052847 0
      vertex 24.584109961540992 67.3333854492827 0
      vertex 28.53 64.52000000327826 0
    endloop
  endfacet
  facet normal 0 0 -1
    outer loop
      vertex 24.60414551524979 67.44148762341551 0
      vertex 24.618495980273376 67.55049022713793 0
      vertex 28.53 64.52000000327826 0
    endloop
  endfacet
  facet normal 0 0 -1
    outer loop
      vertex 24.584109961540992 67.3333854492827 0
      vertex 24.60414551524979 67.44148762341551 0
      vertex 28.53 64.52000000327826 0
    endloop
  endfacet
  facet normal 0 0 -1
    outer loop
      vertex 24.618495980273376 67.55049022713793 0
      vertex 24.627122022984608 67.66009449188981 0
      vertex 28.53 64.52000000327826 0
    endloop
  endfacet
  facet normal 0 0 -1
    outer loop
      vertex 24.627122022984608 67.66009449188981 0
      vertex 24.630000000000003 67.77 0
      vertex 28.53 64.52000000327826 0
    endloop
  endfacet
  facet normal 0 0 -1
    outer loop
      vertex 24.627122022984608 67.87990550811018 0
      vertex 24.618495980273376 67.98950977286206 0
      vertex 28.53 64.52000000327826 0
    endloop
  endfacet
  facet normal 0 0 -1
    outer loop
      vertex 24.630000000000003 67.77 0
      vertex 24.627122022984608 67.87990550811018 0
      vertex 28.53 64.52000000327826 0
    endloop
  endfacet
  facet normal 0 0 -1
    outer loop
      vertex 24.618495980273376 67.98950977286206 0
      vertex 24.60414551524979 68.09851237658448 0
      vertex 28.53 64.52000000327826 0
    endloop
  endfacet
  facet normal 0 0 -1
    outer loop
      vertex 1.4851883784680027 64.50354254796684 0
      vertex 28.53 64.52000000327826 0
      vertex 49.23000000000005 60.519999999999996 0
    endloop
  endfacet
  facet normal -0.9723699203976797 0.2334453638558925 0
    outer loop
      vertex 24.558444235207045 67.2264800052847 0
      vertex 24.558444235207045 67.2264800052847 5.99
      vertex 24.584109961540992 67.3333854492827 0
    endloop
  endfacet
  facet normal -0.9832549075639538 0.1822355254921519 0
    outer loop
      vertex 24.584109961540992 67.3333854492827 0
      vertex 24.584109961540992 67.3333854492827 5.99
      vertex 24.60414551524979 67.44148762341551 0
    endloop
  endfacet
  facet normal -0.9914448613738094 0.13052619222005954 0
    outer loop
      vertex 24.60414551524979 67.44148762341551 0
      vertex 24.60414551524979 67.44148762341551 5.99
      vertex 24.618495980273376 67.55049022713793 0
    endloop
  endfacet
  facet normal 0 0 -1
    outer loop
      vertex 23.764349029814195 69.46893568818739 0
      vertex 23.67374197353156 69.53120819268538 0
      vertex 28.519043787121774 70.22905692875385 0
    endloop
  endfacet
  facet normal 0 0 -1
    outer loop
      vertex 23.764349029814195 69.46893568818739 0
      vertex 28.519043787121774 70.22905692875385 0
      vertex 23.85157282120466 69.40200651905964 0
    endloop
  endfacet
  facet normal 0 0 -1
    outer loop
      vertex 23.935174273353603 69.33060413350252 0
      vertex 28.519043787121774 70.22905692875385 0
      vertex 24.01492424049175 69.25492424049175 0
    endloop
  endfacet
  facet normal 0 0 -1
    outer loop
      vertex 23.935174273353603 69.33060413350252 0
      vertex 23.85157282120466 69.40200651905964 0
      vertex 28.519043787121774 70.22905692875385 0
    endloop
  endfacet
  facet normal 0 0 -1
    outer loop
      vertex 24.09060413350253 69.1751742733536 0
      vertex 28.53 70.02 0
      vertex 24.16200651905964 69.09157282120465 0
    endloop
  endfacet
  facet normal 0 0 -1
    outer loop
      vertex 24.291208192685392 68.91374197353156 0
      vertex 24.22893568818739 69.0043490298142 0
      vertex 28.53 70.02 0
    endloop
  endfacet
  facet normal 0 0 -1
    outer loop
      vertex 24.16200651905964 69.09157282120465 0
      vertex 28.53 70.02 0
      vertex 24.22893568818739 69.0043490298142 0
    endloop
  endfacet
  facet normal 0 0 -1
    outer loop
      vertex 24.09060413350253 69.1751742733536 0
      vertex 24.01492424049175 69.25492424049175 0
      vertex 28.527259072959424 70.12467191040516 0
    endloop
  endfacet
  facet normal 0 0 -1
    outer loop
      vertex 24.558444235207045 68.31351999471529 0
      vertex 24.527218684219825 68.41893568818739 0
      vertex 28.53 70.02 0
    endloop
  endfacet
  facet normal 0 0 -1
    outer loop
      vertex 24.348653347947323 68.82 0
      vertex 28.53 70.02 0
      vertex 24.401113700795573 68.72338004945304 0
    endloop
  endfacet
  facet normal 0 0 -1
    outer loop
      vertex 24.448445461049463 68.62414695045918 0
      vertex 24.401113700795573 68.72338004945304 0
      vertex 28.53 70.02 0
    endloop
  endfacet
  facet normal 0 0 -1
    outer loop
      vertex 24.490518895644126 68.52257269404512 0
      vertex 24.448445461049463 68.62414695045918 0
      vertex 28.53 70.02 0
    endloop
  endfacet
  facet normal 0 0 -1
    outer loop
      vertex 24.527218684219825 68.41893568818739 0
      vertex 24.490518895644126 68.52257269404512 0
      vertex 28.53 70.02 0
    endloop
  endfacet
  facet normal 0 0 -1
    outer loop
      vertex 24.60414551524979 68.09851237658448 0
      vertex 24.584109961540992 68.20661455071729 0
      vertex 28.53 70.02 0
    endloop
  endfacet
  facet normal 0 0 -1
    outer loop
      vertex 24.558444235207045 68.31351999471529 0
      vertex 28.53 70.02 0
      vertex 24.584109961540992 68.20661455071729 0
    endloop
  endfacet
  facet normal 0 0 -1
    outer loop
      vertex 24.291208192685392 68.91374197353156 0
      vertex 28.53 70.02 0
      vertex 24.348653347947323 68.82 0
    endloop
  endfacet
  facet normal 0 0 -1
    outer loop
      vertex 22.53 69.86999999999999 0
      vertex 28.519043787121774 70.22905692875385 0
      vertex 22.639905508110182 69.8671220229846 0
    endloop
  endfacet
  facet normal 0 0 -1
    outer loop
      vertex 22.639905508110182 69.8671220229846 0
      vertex 28.519043787121774 70.22905692875385 0
      vertex 22.749509772862073 69.85849598027337 0
    endloop
  endfacet
  facet normal 0 0 -1
    outer loop
      vertex 22.749509772862073 69.85849598027337 0
      vertex 28.519043787121774 70.22905692875385 0
      vertex 22.858512376584486 69.84414551524978 0
    endloop
  endfacet
  facet normal 0 0 -1
    outer loop
      vertex 22.858512376584486 69.84414551524978 0
      vertex 28.519043787121774 70.22905692875385 0
      vertex 22.966614550717296 69.82410996154098 0
    endloop
  endfacet
  facet normal 0 0 -1
    outer loop
      vertex 23.17893568818739 69.76721868421981 0
      vertex 23.073519994715294 69.79844423520704 0
      vertex 28.519043787121774 70.22905692875385 0
    endloop
  endfacet
  facet normal 0 0 -1
    outer loop
      vertex 22.966614550717296 69.82410996154098 0
      vertex 28.519043787121774 70.22905692875385 0
      vertex 23.073519994715294 69.79844423520704 0
    endloop
  endfacet
  facet normal 0 0 -1
    outer loop
      vertex 23.17893568818739 69.76721868421981 0
      vertex 28.519043787121774 70.22905692875385 0
      vertex 23.282572694045133 69.73051889564412 0
    endloop
  endfacet
  facet normal 0 0 -1
    outer loop
      vertex 23.282572694045133 69.73051889564412 0
      vertex 28.519043787121774 70.22905692875385 0
      vertex 23.384146950459183 69.68844546104945 0
    endloop
  endfacet
  facet normal 0 0 -1
    outer loop
      vertex 23.384146950459183 69.68844546104945 0
      vertex 28.519043787121774 70.22905692875385 0
      vertex 23.48338004945305 69.64111370079557 0
    endloop
  endfacet
  facet normal 0 0 -1
    outer loop
      vertex 23.580000000000002 69.58865334794731 0
      vertex 23.48338004945305 69.64111370079557 0
      vertex 28.519043787121774 70.22905692875385 0
    endloop
  endfacet
  facet normal 0 0 -1
    outer loop
      vertex 23.580000000000002 69.58865334794731 0
      vertex 28.519043787121774 70.22905692875385 0
      vertex 23.67374197353156 69.53120819268538 0
    endloop
  endfacet
  facet normal 0 0 -1
    outer loop
      vertex 24.60414551524979 68.09851237658448 0
      vertex 28.53 70.02 0
      vertex 28.53 64.52000000327826 0
    endloop
  endfacet
  facet normal 0 0 -1
    outer loop
      vertex 24.01492424049175 69.25492424049175 0
      vertex 28.519043787121774 70.22905692875385 0
      vertex 28.527259072959424 70.12467191040516 0
    endloop
  endfacet
  facet normal 0 0 -1
    outer loop
      vertex 24.09060413350253 69.1751742733536 0
      vertex 28.527259072959424 70.12467191040516 0
      vertex 28.53 70.02 0
    endloop
  endfacet
  facet normal -0.9969173337331272 0.07845909572785524 0
    outer loop
      vertex 24.618495980273376 67.55049022713793 0
      vertex 24.618495980273376 67.55049022713793 5.99
      vertex 24.627122022984608 67.66009449188981 0
    endloop
  endfacet
  facet normal -0.9996573249755575 0.026176948307869367 0
    outer loop
      vertex 24.627122022984608 67.66009449188981 0
      vertex 24.627122022984608 67.66009449188981 5.99
      vertex 24.630000000000003 67.77 0
    endloop
  endfacet
  facet normal -0.9996573249755575 -0.026176948307869367 0
    outer loop
      vertex 24.630000000000003 67.77 0
      vertex 24.630000000000003 67.77 5.99
      vertex 24.627122022984608 67.87990550811018 0
    endloop
  endfacet
  facet normal -0.9969173337331272 -0.07845909572785524 0
    outer loop
      vertex 24.627122022984608 67.87990550811018 0
      vertex 24.627122022984608 67.87990550811018 5.99
      vertex 24.618495980273376 67.98950977286206 0
    endloop
  endfacet
  facet normal -0.9914448613738094 -0.13052619222005954 0
    outer loop
      vertex 24.618495980273376 67.98950977286206 0
      vertex 24.618495980273376 67.98950977286206 5.99
      vertex 24.60414551524979 68.09851237658448 0
    endloop
  endfacet
  facet normal -0.9832549075639538 -0.1822355254921519 0
    outer loop
      vertex 24.60414551524979 68.09851237658448 0
      vertex 24.60414551524979 68.09851237658448 5.99
      vertex 24.584109961540992 68.20661455071729 0
    endloop
  endfacet
  facet normal -0.9588197348681969 -0.2840153447039095 0
    outer loop
      vertex 24.558444235207045 68.31351999471529 0
      vertex 24.558444235207045 68.31351999471529 5.99
      vertex 24.527218684219825 68.41893568818739 0
    endloop
  endfacet
  facet normal -0.9723699203976797 -0.2334453638558925 1.1970622956936006e-19
    outer loop
      vertex 24.558444235207045 68.31351999471529 0
      vertex 24.584109961540992 68.20661455071729 0
      vertex 24.584109961540992 68.20661455071729 5.99
    endloop
  endfacet
  facet normal 0.026176915898989524 0.9996573258242132 0
    outer loop
      vertex 26.53 72.02 0
      vertex 26.63467191040516 72.01725907295942 8
      vertex 26.63467191040516 72.01725907295942 0
    endloop
  endfacet
  facet normal 0.07845915957486238 0.9969173287082567 0
    outer loop
      vertex 26.63467191040516 72.01725907295942 0
      vertex 26.739056928753854 72.00904378712177 8
      vertex 26.739056928753854 72.00904378712177 0
    endloop
  endfacet
  facet normal 0.130526167175912 0.9914448646709336 0
    outer loop
      vertex 26.739056928753854 72.00904378712177 0
      vertex 26.84286893039942 71.99537668049335 8
      vertex 26.84286893039942 71.99537668049335 0
    endloop
  endfacet
  facet normal 0.18223553003350748 0.9832549067222632 0
    outer loop
      vertex 26.84286893039942 71.99537668049335 0
      vertex 26.94582338511944 71.97629519969225 8
      vertex 26.94582338511944 71.97629519969225 0
    endloop
  endfacet
  facet normal 0.23344533765439804 0.9723699266881016 0
    outer loop
      vertex 26.94582338511944 71.97629519969225 0
      vertex 27.047638087272645 71.95185165524482 8
      vertex 27.047638087272645 71.95185165524482 0
    endloop
  endfacet
  facet normal 0.28401533257580097 0.9588197384607063 0
    outer loop
      vertex 27.047638087272645 71.95185165524482 0
      vertex 27.14803399026394 71.92211303532123 8
      vertex 27.14803399026394 71.92211303532123 0
    endloop
  endfacet
  facet normal 0.33380691746259405 0.9426414704722688 0
    outer loop
      vertex 27.14803399026394 71.92211303532123 0
      vertex 27.246735899448396 71.8871608492732 8
      vertex 27.246735899448396 71.8871608492732 0
    endloop
  endfacet
  facet normal 0.38268343998639204 0.92387952935444 0
    outer loop
      vertex 27.246735899448396 71.8871608492732 0
      vertex 27.34347328424454 71.84709091156721 8
      vertex 27.34347328424454 71.84709091156721 0
    endloop
  endfacet
  facet normal 0.43051103369319 0.9025853144542187 0
    outer loop
      vertex 27.34347328424454 71.84709091156721 0
      vertex 27.437981000840665 71.80201305121183 8
      vertex 27.437981000840665 71.80201305121183 0
    endloop
  endfacet
  facet normal 0.5224985645067338 0.8526401644822993 0
    outer loop
      vertex 27.61927807211876 71.69734113335609 0
      vertex 27.53 71.75205080628395 0
      vertex 27.61927807211876 71.69734113335609 8
    endloop
  endfacet
  facet normal 0.4771587961015434 0.8788170932013816 0
    outer loop
      vertex 27.437981000840665 71.80201305121183 0
      vertex 27.53 71.75205080628395 8
      vertex 27.53 71.75205080628395 0
    endloop
  endfacet
  facet normal 1 0 0
    outer loop
      vertex 28.53 64.52000000327826 0
      vertex 28.53 70.02 0
      vertex 28.53 64.52000000327826 8
    endloop
  endfacet
  facet normal 0.9025853144542187 0.43051103369319 0
    outer loop
      vertex 28.357090911567212 70.83347328424453 0
      vertex 28.312013051211835 70.92798100084066 0
      vertex 28.357090911567212 70.83347328424453 8
    endloop
  endfacet
  facet normal 0.92387952935444 0.38268343998639204 0
    outer loop
      vertex 28.397160849273206 70.73673589944839 0
      vertex 28.357090911567212 70.83347328424453 0
      vertex 28.397160849273206 70.73673589944839 8
    endloop
  endfacet
  facet normal 0.7253743722808802 0.6883545743569364 0
    outer loop
      vertex 27.944213560521604 71.4342135605216 0
      vertex 28.0162896502018 71.3582612094283 8
      vertex 28.0162896502018 71.3582612094283 0
    endloop
  endfacet
  facet normal 0.5664062275869525 0.824126195039763 0
    outer loop
      vertex 27.61927807211876 71.69734113335609 0
      vertex 27.705570502877237 71.63803399026393 8
      vertex 27.705570502877237 71.63803399026393 0
    endloop
  endfacet
  facet normal 0.6087614145974385 0.7933533513494008 0
    outer loop
      vertex 27.78864078104496 71.57429192632436 0
      vertex 27.705570502877237 71.63803399026393 0
      vertex 27.78864078104496 71.57429192632436 8
    endloop
  endfacet
  facet normal 0.6494480818611015 0.7604059369619204 0
    outer loop
      vertex 27.78864078104496 71.57429192632436 0
      vertex 27.86826120942831 71.5062896502018 8
      vertex 27.86826120942831 71.5062896502018 0
    endloop
  endfacet
  facet normal 0.6883545743569364 0.7253743722808802 0
    outer loop
      vertex 27.944213560521604 71.4342135605216 0
      vertex 27.86826120942831 71.5062896502018 0
      vertex 27.944213560521604 71.4342135605216 8
    endloop
  endfacet
  facet normal 0.824126195039763 0.5664062275869525 0
    outer loop
      vertex 28.207341133356095 71.10927807211876 0
      vertex 28.14803399026394 71.19557050287723 0
      vertex 28.207341133356095 71.10927807211876 8
    endloop
  endfacet
  facet normal 0.7604059369619204 0.6494480818611015 0
    outer loop
      vertex 28.0162896502018 71.3582612094283 0
      vertex 28.08429192632437 71.27864078104496 8
      vertex 28.08429192632437 71.27864078104496 0
    endloop
  endfacet
  facet normal 0.7933533513494008 0.6087614145974385 0
    outer loop
      vertex 28.08429192632437 71.27864078104496 0
      vertex 28.14803399026394 71.19557050287723 8
      vertex 28.14803399026394 71.19557050287723 0
    endloop
  endfacet
  facet normal 0.8788170932013816 0.4771587961015434 0
    outer loop
      vertex 28.262050806283952 71.02 0
      vertex 28.312013051211835 70.92798100084066 8
      vertex 28.312013051211835 70.92798100084066 0
    endloop
  endfacet
  facet normal 0.8526401644822993 0.5224985645067338 0
    outer loop
      vertex 28.207341133356095 71.10927807211876 0
      vertex 28.262050806283952 71.02 8
      vertex 28.262050806283952 71.02 0
    endloop
  endfacet
  facet normal 0.9996573258242132 0.026176915898989524 0
    outer loop
      vertex 28.53 70.02 0
      vertex 28.527259072959424 70.12467191040516 0
      vertex 28.53 70.02 8
    endloop
  endfacet
  facet normal 0.9969173287082567 0.07845915957486238 0
    outer loop
      vertex 28.527259072959424 70.12467191040516 0
      vertex 28.519043787121774 70.22905692875385 0
      vertex 28.527259072959424 70.12467191040516 8
    endloop
  endfacet
  facet normal 0.9914448646709336 0.130526167175912 0
    outer loop
      vertex 28.519043787121774 70.22905692875385 0
      vertex 28.505376680493356 70.33286893039941 0
      vertex 28.519043787121774 70.22905692875385 8
    endloop
  endfacet
  facet normal 0.9723699266881016 0.23344533765439804 0
    outer loop
      vertex 28.48629519969225 70.43582338511943 0
      vertex 28.46185165524483 70.53763808727264 0
      vertex 28.48629519969225 70.43582338511943 8
    endloop
  endfacet
  facet normal 0.9588197384607063 0.28401533257580097 0
    outer loop
      vertex 28.46185165524483 70.53763808727264 0
      vertex 28.432113035321237 70.63803399026393 0
      vertex 28.46185165524483 70.53763808727264 8
    endloop
  endfacet
  facet normal 0.9832549067222632 0.18223553003350748 0
    outer loop
      vertex 28.505376680493356 70.33286893039941 0
      vertex 28.48629519969225 70.43582338511943 0
      vertex 28.505376680493356 70.33286893039941 8
    endloop
  endfacet
  facet normal 0.9426414704722688 0.33380691746259405 0
    outer loop
      vertex 28.432113035321237 70.63803399026393 0
      vertex 28.397160849273206 70.73673589944839 0
      vertex 28.432113035321237 70.63803399026393 8
    endloop
  endfacet
  facet normal -0.9588197348681969 0.2840153447039095 0
    outer loop
      vertex 24.558444235207045 67.2264800052847 0
      vertex 24.527218684219825 67.1210643118126 5.99
      vertex 24.558444235207045 67.2264800052847 5.99
    endloop
  endfacet
  facet normal -0.9723699203976797 0.2334453638558925 0
    outer loop
      vertex 24.584109961540992 67.3333854492827 0
      vertex 24.558444235207045 67.2264800052847 5.99
      vertex 24.584109961540992 67.3333854492827 5.99
    endloop
  endfacet
  facet normal -0.9832549075639538 0.1822355254921519 0
    outer loop
      vertex 24.60414551524979 67.44148762341551 0
      vertex 24.584109961540992 67.3333854492827 5.99
      vertex 24.60414551524979 67.44148762341551 5.99
    endloop
  endfacet
  facet normal -0.9914448613738094 0.13052619222005954 0
    outer loop
      vertex 24.618495980273376 67.55049022713793 0
      vertex 24.60414551524979 67.44148762341551 5.99
      vertex 24.618495980273376 67.55049022713793 5.99
    endloop
  endfacet
  facet normal -0.9969173337331272 0.07845909572785524 0
    outer loop
      vertex 24.627122022984608 67.66009449188981 0
      vertex 24.618495980273376 67.55049022713793 5.99
      vertex 24.627122022984608 67.66009449188981 5.99
    endloop
  endfacet
  facet normal -0.9996573249755575 0.026176948307869367 0
    outer loop
      vertex 24.630000000000003 67.77 0
      vertex 24.627122022984608 67.66009449188981 5.99
      vertex 24.630000000000003 67.77 5.99
    endloop
  endfacet
  facet normal -0.9996573249755575 -0.026176948307869367 0
    outer loop
      vertex 24.627122022984608 67.87990550811018 0
      vertex 24.630000000000003 67.77 5.99
      vertex 24.627122022984608 67.87990550811018 5.99
    endloop
  endfacet
  facet normal -0.9969173337331272 -0.07845909572785524 0
    outer loop
      vertex 24.618495980273376 67.98950977286206 0
      vertex 24.627122022984608 67.87990550811018 5.99
      vertex 24.618495980273376 67.98950977286206 5.99
    endloop
  endfacet
  facet normal -0.9914448613738094 -0.13052619222005954 0
    outer loop
      vertex 24.60414551524979 68.09851237658448 0
      vertex 24.618495980273376 67.98950977286206 5.99
      vertex 24.60414551524979 68.09851237658448 5.99
    endloop
  endfacet
  facet normal -0.9832549075639538 -0.1822355254921519 0
    outer loop
      vertex 24.584109961540992 68.20661455071729 0
      vertex 24.60414551524979 68.09851237658448 5.99
      vertex 24.584109961540992 68.20661455071729 5.99
    endloop
  endfacet
  facet normal -0.9723699203976797 -0.2334453638558925 0
    outer loop
      vertex 24.558444235207045 68.31351999471529 0
      vertex 24.584109961540992 68.20661455071729 5.99
      vertex 24.558444235207045 68.31351999471529 5.99
    endloop
  endfacet
  facet normal 0 0 -1
    outer loop
      vertex 24.558444235207045 67.2264800052847 5.99
      vertex 24.558444235207045 68.31351999471529 5.99
      vertex 24.584109961540992 67.3333854492827 5.99
    endloop
  endfacet
  facet normal 0 0 -1
    outer loop
      vertex 24.584109961540992 67.3333854492827 5.99
      vertex 24.584109961540992 68.20661455071729 5.99
      vertex 24.60414551524979 67.44148762341551 5.99
    endloop
  endfacet
  facet normal 0 0 -1
    outer loop
      vertex 24.60414551524979 67.44148762341551 5.99
      vertex 24.60414551524979 68.09851237658448 5.99
      vertex 24.618495980273376 67.55049022713793 5.99
    endloop
  endfacet
  facet normal 0 0 -1
    outer loop
      vertex 24.618495980273376 67.55049022713793 5.99
      vertex 24.618495980273376 67.98950977286206 5.99
      vertex 24.627122022984608 67.66009449188981 5.99
    endloop
  endfacet
  facet normal 0 0 -1
    outer loop
      vertex 24.627122022984608 67.66009449188981 5.99
      vertex 24.627122022984608 67.87990550811018 5.99
      vertex 24.630000000000003 67.77 5.99
    endloop
  endfacet
  facet normal 0 0 -1
    outer loop
      vertex 24.60414551524979 67.44148762341551 5.99
      vertex 24.584109961540992 68.20661455071729 5.99
      vertex 24.60414551524979 68.09851237658448 5.99
    endloop
  endfacet
  facet normal 0 0 -1
    outer loop
      vertex 24.627122022984608 67.66009449188981 5.99
      vertex 24.618495980273376 67.98950977286206 5.99
      vertex 24.627122022984608 67.87990550811018 5.99
    endloop
  endfacet
  facet normal 0 0 -1
    outer loop
      vertex 24.618495980273376 67.55049022713793 5.99
      vertex 24.60414551524979 68.09851237658448 5.99
      vertex 24.618495980273376 67.98950977286206 5.99
    endloop
  endfacet
  facet normal 0 0 -1
    outer loop
      vertex 24.558444235207045 67.2264800052847 5.99
      vertex 24.527218684219825 68.41893568818739 5.99
      vertex 24.558444235207045 68.31351999471529 5.99
    endloop
  endfacet
  facet normal 0 0 -1
    outer loop
      vertex 24.584109961540992 67.3333854492827 5.99
      vertex 24.558444235207045 68.31351999471529 5.99
      vertex 24.584109961540992 68.20661455071729 5.99
    endloop
  endfacet
  facet normal 0.026176915898989524 0.9996573258242132 0
    outer loop
      vertex 26.53 72.02 0
      vertex 26.53 72.02 8
      vertex 26.63467191040516 72.01725907295942 8
    endloop
  endfacet
  facet normal 0.07845915957486238 0.9969173287082567 0
    outer loop
      vertex 26.63467191040516 72.01725907295942 0
      vertex 26.63467191040516 72.01725907295942 8
      vertex 26.739056928753854 72.00904378712177 8
    endloop
  endfacet
  facet normal 0.130526167175912 0.9914448646709336 0
    outer loop
      vertex 26.739056928753854 72.00904378712177 0
      vertex 26.739056928753854 72.00904378712177 8
      vertex 26.84286893039942 71.99537668049335 8
    endloop
  endfacet
  facet normal 0.18223553003350748 0.9832549067222632 0
    outer loop
      vertex 26.84286893039942 71.99537668049335 0
      vertex 26.84286893039942 71.99537668049335 8
      vertex 26.94582338511944 71.97629519969225 8
    endloop
  endfacet
  facet normal 0.23344533765439804 0.9723699266881016 0
    outer loop
      vertex 26.94582338511944 71.97629519969225 0
      vertex 26.94582338511944 71.97629519969225 8
      vertex 27.047638087272645 71.95185165524482 8
    endloop
  endfacet
  facet normal 0.28401533257580097 0.9588197384607063 0
    outer loop
      vertex 27.047638087272645 71.95185165524482 0
      vertex 27.047638087272645 71.95185165524482 8
      vertex 27.14803399026394 71.92211303532123 8
    endloop
  endfacet
  facet normal 0.33380691746259405 0.9426414704722688 0
    outer loop
      vertex 27.14803399026394 71.92211303532123 0
      vertex 27.14803399026394 71.92211303532123 8
      vertex 27.246735899448396 71.8871608492732 8
    endloop
  endfacet
  facet normal 0.38268343998639204 0.92387952935444 0
    outer loop
      vertex 27.246735899448396 71.8871608492732 0
      vertex 27.246735899448396 71.8871608492732 8
      vertex 27.34347328424454 71.84709091156721 8
    endloop
  endfacet
  facet normal 0.43051103369319 0.9025853144542187 0
    outer loop
      vertex 27.34347328424454 71.84709091156721 0
      vertex 27.34347328424454 71.84709091156721 8
      vertex 27.437981000840665 71.80201305121183 8
    endloop
  endfacet
  facet normal 0.5224985645067338 0.8526401644822993 0
    outer loop
      vertex 27.53 71.75205080628395 0
      vertex 27.53 71.75205080628395 8
      vertex 27.61927807211876 71.69734113335609 8
    endloop
  endfacet
  facet normal 0.4771587961015434 0.8788170932013816 0
    outer loop
      vertex 27.437981000840665 71.80201305121183 0
      vertex 27.437981000840665 71.80201305121183 8
      vertex 27.53 71.75205080628395 8
    endloop
  endfacet
  facet normal 1 0 0
    outer loop
      vertex 28.53 70.02 0
      vertex 28.53 70.02 8
      vertex 28.53 64.52000000327826 8
    endloop
  endfacet
  facet normal 0.92387952935444 0.38268343998639204 0
    outer loop
      vertex 28.357090911567212 70.83347328424453 0
      vertex 28.357090911567212 70.83347328424453 8
      vertex 28.397160849273206 70.73673589944839 8
    endloop
  endfacet
  facet normal 0.7253743722808802 0.6883545743569364 0
    outer loop
      vertex 27.944213560521604 71.4342135605216 0
      vertex 27.944213560521604 71.4342135605216 8
      vertex 28.0162896502018 71.3582612094283 8
    endloop
  endfacet
  facet normal 0.5664062275869525 0.824126195039763 0
    outer loop
      vertex 27.61927807211876 71.69734113335609 0
      vertex 27.61927807211876 71.69734113335609 8
      vertex 27.705570502877237 71.63803399026393 8
    endloop
  endfacet
  facet normal 0.6494480818611015 0.7604059369619204 0
    outer loop
      vertex 27.78864078104496 71.57429192632436 0
      vertex 27.78864078104496 71.57429192632436 8
      vertex 27.86826120942831 71.5062896502018 8
    endloop
  endfacet
  facet normal 0.6087614145974385 0.7933533513494008 0
    outer loop
      vertex 27.705570502877237 71.63803399026393 0
      vertex 27.705570502877237 71.63803399026393 8
      vertex 27.78864078104496 71.57429192632436 8
    endloop
  endfacet
  facet normal 0.6883545743569364 0.7253743722808802 0
    outer loop
      vertex 27.86826120942831 71.5062896502018 0
      vertex 27.86826120942831 71.5062896502018 8
      vertex 27.944213560521604 71.4342135605216 8
    endloop
  endfacet
  facet normal 0.824126195039763 0.5664062275869525 0
    outer loop
      vertex 28.14803399026394 71.19557050287723 0
      vertex 28.14803399026394 71.19557050287723 8
      vertex 28.207341133356095 71.10927807211876 8
    endloop
  endfacet
  facet normal 0.7933533513494008 0.6087614145974385 0
    outer loop
      vertex 28.08429192632437 71.27864078104496 0
      vertex 28.08429192632437 71.27864078104496 8
      vertex 28.14803399026394 71.19557050287723 8
    endloop
  endfacet
  facet normal 0.7604059369619204 0.6494480818611015 0
    outer loop
      vertex 28.0162896502018 71.3582612094283 0
      vertex 28.0162896502018 71.3582612094283 8
      vertex 28.08429192632437 71.27864078104496 8
    endloop
  endfacet
  facet normal 0.8788170932013816 0.4771587961015434 0
    outer loop
      vertex 28.262050806283952 71.02 0
      vertex 28.262050806283952 71.02 8
      vertex 28.312013051211835 70.92798100084066 8
    endloop
  endfacet
  facet normal 0.8526401644822993 0.5224985645067338 0
    outer loop
      vertex 28.207341133356095 71.10927807211876 0
      vertex 28.207341133356095 71.10927807211876 8
      vertex 28.262050806283952 71.02 8
    endloop
  endfacet
  facet normal 0.9025853144542187 0.43051103369319 0
    outer loop
      vertex 28.312013051211835 70.92798100084066 0
      vertex 28.312013051211835 70.92798100084066 8
      vertex 28.357090911567212 70.83347328424453 8
    endloop
  endfacet
  facet normal 0.9996573258242132 0.026176915898989524 0
    outer loop
      vertex 28.527259072959424 70.12467191040516 0
      vertex 28.527259072959424 70.12467191040516 8
      vertex 28.53 70.02 8
    endloop
  endfacet
  facet normal 0.9969173287082567 0.07845915957486238 0
    outer loop
      vertex 28.519043787121774 70.22905692875385 0
      vertex 28.519043787121774 70.22905692875385 8
      vertex 28.527259072959424 70.12467191040516 8
    endloop
  endfacet
  facet normal 0.9914448646709336 0.130526167175912 0
    outer loop
      vertex 28.505376680493356 70.33286893039941 0
      vertex 28.505376680493356 70.33286893039941 8
      vertex 28.519043787121774 70.22905692875385 8
    endloop
  endfacet
  facet normal 0.9832549067222632 0.18223553003350748 0
    outer loop
      vertex 28.48629519969225 70.43582338511943 0
      vertex 28.48629519969225 70.43582338511943 8
      vertex 28.505376680493356 70.33286893039941 8
    endloop
  endfacet
  facet normal 0.9723699266881016 0.23344533765439804 0
    outer loop
      vertex 28.46185165524483 70.53763808727264 0
      vertex 28.46185165524483 70.53763808727264 8
      vertex 28.48629519969225 70.43582338511943 8
    endloop
  endfacet
  facet normal 0.9588197384607063 0.28401533257580097 0
    outer loop
      vertex 28.432113035321237 70.63803399026393 0
      vertex 28.432113035321237 70.63803399026393 8
      vertex 28.46185165524483 70.53763808727264 8
    endloop
  endfacet
  facet normal 0.9426414704722688 0.33380691746259405 0
    outer loop
      vertex 28.397160849273206 70.73673589944839 0
      vertex 28.397160849273206 70.73673589944839 8
      vertex 28.432113035321237 70.63803399026393 8
    endloop
  endfacet
  facet normal 0 1 0
    outer loop
      vertex 28.53 64.52000000327826 0
      vertex 28.53 64.52000000327826 8
      vertex 49.23000000000005 64.52000000327826 0
    endloop
  endfacet
  facet normal 0 0 1
    outer loop
      vertex 28.53 64.52000000327826 8
      vertex 28.53 70.02 8
      vertex 28.527259072959424 70.12467191040516 8
    endloop
  endfacet
  facet normal 0 0 1
    outer loop
      vertex 28.53 64.52000000327826 8
      vertex 28.527259072959424 70.12467191040516 8
      vertex 28.519043787121774 70.22905692875385 8
    endloop
  endfacet
  facet normal 0 1 0
    outer loop
      vertex 0.5300000000000011 64.52000000327826 8
      vertex 39.53 64.52000000327826 18.4
      vertex 39.53 64.52000000327826 12.399999999999999
    endloop
  endfacet
  facet normal 0 0 -1
    outer loop
      vertex 28.53 64.52000000327826 0
      vertex 49.23000000000005 64.52000000327826 0
      vertex 49.23000000000005 60.519999999999996 0
    endloop
  endfacet
  facet normal 1 0 0
    outer loop
      vertex 49.23000000000005 60.519999999999996 16
      vertex 49.23000000000005 60.519999999999996 0
      vertex 49.23000000000005 64.52000000327826 0
    endloop
  endfacet
  facet normal 0 1 0
    outer loop
      vertex 28.53 64.52000000327826 8
      vertex 39.53 64.52000000327826 12.399999999999999
      vertex 49.23000000000005 64.52000000327826 0
    endloop
  endfacet
  facet normal 0 0 -1
    outer loop
      vertex 41.32094307124615 72.00904378712177 12.399999999999999
      vertex 41.42532808959484 72.01725907295942 12.399999999999999
      vertex 41.53 72.02 12.399999999999999
    endloop
  endfacet
  facet normal 0 0 -1
    outer loop
      vertex 39.53 64.52000000327826 12.399999999999999
      vertex 39.53 70.02 12.399999999999999
      vertex 49.23000000000005 72.02 12.399999999999999
    endloop
  endfacet
  facet normal 0 0 -1
    outer loop
      vertex 39.53 70.02 12.399999999999999
      vertex 39.53274092704058 70.12467191040516 12.399999999999999
      vertex 49.23000000000005 72.02 12.399999999999999
    endloop
  endfacet
  facet normal 0 0 -1
    outer loop
      vertex 39.53274092704058 70.12467191040516 12.399999999999999
      vertex 39.54095621287823 70.22905692875385 12.399999999999999
      vertex 49.23000000000005 72.02 12.399999999999999
    endloop
  endfacet
  facet normal 0 0 -1
    outer loop
      vertex 39.54095621287823 70.22905692875385 12.399999999999999
      vertex 39.554623319506646 70.33286893039941 12.399999999999999
      vertex 49.23000000000005 72.02 12.399999999999999
    endloop
  endfacet
  facet normal 0 0 -1
    outer loop
      vertex 39.554623319506646 70.33286893039941 12.399999999999999
      vertex 39.57370480030775 70.43582338511943 12.399999999999999
      vertex 49.23000000000005 72.02 12.399999999999999
    endloop
  endfacet
  facet normal 0 0 -1
    outer loop
      vertex 39.57370480030775 70.43582338511943 12.399999999999999
      vertex 39.598148344755174 70.53763808727264 12.399999999999999
      vertex 49.23000000000005 72.02 12.399999999999999
    endloop
  endfacet
  facet normal 0 0 -1
    outer loop
      vertex 39.598148344755174 70.53763808727264 12.399999999999999
      vertex 39.627886964678765 70.63803399026393 12.399999999999999
      vertex 49.23000000000005 72.02 12.399999999999999
    endloop
  endfacet
  facet normal 0 0 -1
    outer loop
      vertex 39.627886964678765 70.63803399026393 12.399999999999999
      vertex 39.662839150726796 70.73673589944839 12.399999999999999
      vertex 49.23000000000005 72.02 12.399999999999999
    endloop
  endfacet
  facet normal 0 0 -1
    outer loop
      vertex 39.662839150726796 70.73673589944839 12.399999999999999
      vertex 39.70290908843279 70.83347328424453 12.399999999999999
      vertex 49.23000000000005 72.02 12.399999999999999
    endloop
  endfacet
  facet normal 0 0 -1
    outer loop
      vertex 39.70290908843279 70.83347328424453 12.399999999999999
      vertex 39.74798694878817 70.92798100084066 12.399999999999999
      vertex 49.23000000000005 72.02 12.399999999999999
    endloop
  endfacet
  facet normal 0 0 -1
    outer loop
      vertex 39.74798694878817 70.92798100084066 12.399999999999999
      vertex 39.79794919371605 71.02 12.399999999999999
      vertex 49.23000000000005 72.02 12.399999999999999
    endloop
  endfacet
  facet normal 0 0 -1
    outer loop
      vertex 39.79794919371605 71.02 12.399999999999999
      vertex 39.85265886664391 71.10927807211876 12.399999999999999
      vertex 49.23000000000005 72.02 12.399999999999999
    endloop
  endfacet
  facet normal 0 0 -1
    outer loop
      vertex 39.85265886664391 71.10927807211876 12.399999999999999
      vertex 39.91196600973606 71.19557050287723 12.399999999999999
      vertex 49.23000000000005 72.02 12.399999999999999
    endloop
  endfacet
  facet normal 0 0 -1
    outer loop
      vertex 39.91196600973606 71.19557050287723 12.399999999999999
      vertex 39.975708073675634 71.27864078104496 12.399999999999999
      vertex 49.23000000000005 72.02 12.399999999999999
    endloop
  endfacet
  facet normal 0 1 0
    outer loop
      vertex 39.53 64.52000000327826 12.399999999999999
      vertex 49.23000000000005 64.52000000327826 12.399999999999999
      vertex 49.23000000000005 64.52000000327826 0
    endloop
  endfacet
  facet normal 1 0 0
    outer loop
      vertex 49.23000000000005 64.52000000327826 12.399999999999999
      vertex 49.23000000000005 60.519999999999996 16
      vertex 49.23000000000005 64.52000000327826 0
    endloop
  endfacet
  facet normal 0 0 -1
    outer loop
      vertex 39.53 64.52000000327826 12.399999999999999
      vertex 49.23000000000005 72.02 12.399999999999999
      vertex 49.23000000000005 64.52000000327826 12.399999999999999
    endloop
  endfacet
  facet normal 0 0 -1
    outer loop
      vertex 39.975708073675634 71.27864078104496 12.399999999999999
      vertex 40.043710349798204 71.3582612094283 12.399999999999999
      vertex 49.23000000000005 72.02 12.399999999999999
    endloop
  endfacet
  facet normal 0 0 -1
    outer loop
      vertex 40.043710349798204 71.3582612094283 12.399999999999999
      vertex 40.1157864394784 71.4342135605216 12.399999999999999
      vertex 49.23000000000005 72.02 12.399999999999999
    endloop
  endfacet
  facet normal 0 0 -1
    outer loop
      vertex 40.1157864394784 71.4342135605216 12.399999999999999
      vertex 40.19173879057169 71.5062896502018 12.399999999999999
      vertex 49.23000000000005 72.02 12.399999999999999
    endloop
  endfacet
  facet normal 0 0 -1
    outer loop
      vertex 40.19173879057169 71.5062896502018 12.399999999999999
      vertex 40.27135921895504 71.57429192632436 12.399999999999999
      vertex 49.23000000000005 72.02 12.399999999999999
    endloop
  endfacet
  facet normal 0 0 -1
    outer loop
      vertex 40.27135921895504 71.57429192632436 12.399999999999999
      vertex 40.354429497122766 71.63803399026393 12.399999999999999
      vertex 49.23000000000005 72.02 12.399999999999999
    endloop
  endfacet
  facet normal 0 0 -1
    outer loop
      vertex 40.354429497122766 71.63803399026393 12.399999999999999
      vertex 40.44072192788124 71.69734113335609 12.399999999999999
      vertex 49.23000000000005 72.02 12.399999999999999
    endloop
  endfacet
  facet normal 0 0 -1
    outer loop
      vertex 40.44072192788124 71.69734113335609 12.399999999999999
      vertex 40.53 71.75205080628395 12.399999999999999
      vertex 49.23000000000005 72.02 12.399999999999999
    endloop
  endfacet
  facet normal 0 0 -1
    outer loop
      vertex 40.53 71.75205080628395 12.399999999999999
      vertex 40.62201899915934 71.80201305121183 12.399999999999999
      vertex 49.23000000000005 72.02 12.399999999999999
    endloop
  endfacet
  facet normal 0 0 -1
    outer loop
      vertex 40.62201899915934 71.80201305121183 12.399999999999999
      vertex 40.716526715755464 71.84709091156721 12.399999999999999
      vertex 49.23000000000005 72.02 12.399999999999999
    endloop
  endfacet
  facet normal 0 0 -1
    outer loop
      vertex 40.716526715755464 71.84709091156721 12.399999999999999
      vertex 40.813264100551606 71.8871608492732 12.399999999999999
      vertex 49.23000000000005 72.02 12.399999999999999
    endloop
  endfacet
  facet normal 0 0 -1
    outer loop
      vertex 40.813264100551606 71.8871608492732 12.399999999999999
      vertex 40.91196600973606 71.92211303532123 12.399999999999999
      vertex 49.23000000000005 72.02 12.399999999999999
    endloop
  endfacet
  facet normal 0 0 -1
    outer loop
      vertex 40.91196600973606 71.92211303532123 12.399999999999999
      vertex 41.01236191272736 71.95185165524482 12.399999999999999
      vertex 49.23000000000005 72.02 12.399999999999999
    endloop
  endfacet
  facet normal 0 0 -1
    outer loop
      vertex 41.01236191272736 71.95185165524482 12.399999999999999
      vertex 41.11417661488056 71.97629519969225 12.399999999999999
      vertex 49.23000000000005 72.02 12.399999999999999
    endloop
  endfacet
  facet normal 0 0 -1
    outer loop
      vertex 41.11417661488056 71.97629519969225 12.399999999999999
      vertex 41.21713106960058 71.99537668049335 12.399999999999999
      vertex 49.23000000000005 72.02 12.399999999999999
    endloop
  endfacet
  facet normal 0 0 -1
    outer loop
      vertex 41.21713106960058 71.99537668049335 12.399999999999999
      vertex 41.32094307124615 72.00904378712177 12.399999999999999
      vertex 49.23000000000005 72.02 12.399999999999999
    endloop
  endfacet
  facet normal 0 0 -1
    outer loop
      vertex 41.32094307124615 72.00904378712177 12.399999999999999
      vertex 41.53 72.02 12.399999999999999
      vertex 49.23000000000005 72.02 12.399999999999999
    endloop
  endfacet
  facet normal 1 0 0
    outer loop
      vertex 49.23000000000005 46.46999999880791 18.4
      vertex 49.23000000000005 46.46999999880791 16
      vertex 49.23000000000005 60.524999998509884 18.4
    endloop
  endfacet
  facet normal -1 0 0
    outer loop
      vertex 39.53 64.52000000327826 12.399999999999999
      vertex 39.53 64.52000000327826 18.4
      vertex 39.53 70.02 12.399999999999999
    endloop
  endfacet
  facet normal -1 0 0
    outer loop
      vertex 39.53 70.02 12.399999999999999
      vertex 39.53 64.52000000327826 18.4
      vertex 39.53 66.56791847198286 19.197918471982867
    endloop
  endfacet
  facet normal -1 0 0
    outer loop
      vertex 39.53 70.02 12.399999999999999
      vertex 39.53 67.07854770677113 18.84697272200758
      vertex 39.53 67.16077448577299 18.812913274954756
    endloop
  endfacet
  facet normal -1 0 0
    outer loop
      vertex 39.53 70.02 12.399999999999999
      vertex 39.53 67.16077448577299 18.812913274954756
      vertex 39.53 67.24467110956259 18.783203922298238
    endloop
  endfacet
  facet normal -1 0 0
    outer loop
      vertex 39.53 70.02 12.399999999999999
      vertex 39.53 67.24467110956259 18.783203922298238
      vertex 39.53 67.33000762332571 18.757926095308584
    endloop
  endfacet
  facet normal -1 0 0
    outer loop
      vertex 39.53 70.02 12.399999999999999
      vertex 39.53 67.33000762332571 18.757926095308584
      vertex 39.53 67.4165501256098 18.73714907875253
    endloop
  endfacet
  facet normal -1 0 0
    outer loop
      vertex 39.53 70.02 12.399999999999999
      vertex 39.53 67.4165501256098 18.73714907875253
      vertex 39.53 67.5040614094316 18.720929820988264
    endloop
  endfacet
  facet normal -1 0 0
    outer loop
      vertex 39.53 70.02 12.399999999999999
      vertex 39.53 67.5040614094316 18.720929820988264
      vertex 39.53 67.59230161244498 18.709312777873933
    endloop
  endfacet
  facet normal -1 0 0
    outer loop
      vertex 39.53 70.02 12.399999999999999
      vertex 39.53 67.59230161244498 18.709312777873933
      vertex 39.53 67.681028874387 18.702329790917222
    endloop
  endfacet
  facet normal -1 0 0
    outer loop
      vertex 39.53 70.02 12.399999999999999
      vertex 39.53 67.681028874387 18.702329790917222
      vertex 39.53 67.77 18.7
    endloop
  endfacet
  facet normal -1 0 0
    outer loop
      vertex 39.53 70.02 12.399999999999999
      vertex 39.53 67.77 18.7
      vertex 39.53 67.858971125613 18.702329790917222
    endloop
  endfacet
  facet normal -1 0 0
    outer loop
      vertex 39.53 70.02 12.399999999999999
      vertex 39.53 67.858971125613 18.702329790917222
      vertex 39.53 67.94769838755501 18.709312777873933
    endloop
  endfacet
  facet normal -1 0 0
    outer loop
      vertex 39.53 70.02 12.399999999999999
      vertex 39.53 67.94769838755501 18.709312777873933
      vertex 39.53 68.03593859056839 18.720929820988264
    endloop
  endfacet
  facet normal -1 0 0
    outer loop
      vertex 39.53 70.02 12.399999999999999
      vertex 39.53 68.03593859056839 18.720929820988264
      vertex 39.53 68.12344987439019 18.73714907875253
    endloop
  endfacet
  facet normal -1 0 0
    outer loop
      vertex 39.53 70.02 12.399999999999999
      vertex 39.53 68.12344987439019 18.73714907875253
      vertex 39.53 68.20999237667428 18.757926095308584
    endloop
  endfacet
  facet normal -1 0 0
    outer loop
      vertex 39.53 70.02 12.399999999999999
      vertex 39.53 68.20999237667428 18.757926095308584
      vertex 39.53 68.2953288904374 18.783203922298238
    endloop
  endfacet
  facet normal -1 0 0
    outer loop
      vertex 39.53 70.02 12.399999999999999
      vertex 39.53 68.2953288904374 18.783203922298238
      vertex 39.53 68.379225514227 18.812913274954756
    endloop
  endfacet
  facet normal -1 0 0
    outer loop
      vertex 39.53 70.02 12.399999999999999
      vertex 39.53 68.379225514227 18.812913274954756
      vertex 39.53 68.46145229322886 18.84697272200758
    endloop
  endfacet
  facet normal -1 0 0
    outer loop
      vertex 39.53 64.52000000327826 18.4
      vertex 39.53 66.44885186552314 19.330155335215274
      vertex 39.53 66.50665379668843 19.26247796918994
    endloop
  endfacet
  facet normal -1 0 0
    outer loop
      vertex 39.53 64.52000000327826 18.4
      vertex 39.53 66.39467110956258 19.400765071102793
      vertex 39.53 66.44885186552314 19.330155335215274
    endloop
  endfacet
  facet normal -1 0 0
    outer loop
      vertex 39.53 64.52000000327826 18.4
      vertex 39.53 66.34426003449278 19.474113640474453
      vertex 39.53 66.39467110956258 19.400765071102793
    endloop
  endfacet
  facet normal -1 0 0
    outer loop
      vertex 39.53 64.52000000327826 18.4
      vertex 39.53 66.29775681356645 19.549999999999997
      vertex 39.53 66.34426003449278 19.474113640474453
    endloop
  endfacet
  facet normal -1 0 0
    outer loop
      vertex 39.53 64.52000000327826 18.4
      vertex 39.53 66.50665379668843 19.26247796918994
      vertex 39.53 66.56791847198286 19.197918471982867
    endloop
  endfacet
  facet normal -1 0 0
    outer loop
      vertex 39.53 64.52000000327826 18.4
      vertex 39.53 66.21697272200757 19.70854770677114
      vertex 39.53 66.25528890887978 19.628216150442768
    endloop
  endfacet
  facet normal -1 0 0
    outer loop
      vertex 39.53 64.52000000327826 18.4
      vertex 39.53 66.25528890887978 19.628216150442768
      vertex 39.53 66.29775681356645 19.549999999999997
    endloop
  endfacet
  facet normal -1 0 0
    outer loop
      vertex 39.53 64.52000000327826 18.4
      vertex 39.53 66.18291327495476 19.79077448577299
      vertex 39.53 66.21697272200757 19.70854770677114
    endloop
  endfacet
  facet normal -1 0 0
    outer loop
      vertex 39.53 64.52000000327826 18.4
      vertex 39.53 66.15320392229823 19.874671109562588
      vertex 39.53 66.18291327495476 19.79077448577299
    endloop
  endfacet
  facet normal -1 0 0
    outer loop
      vertex 39.53 64.52000000327826 18.4
      vertex 39.53 66.12792609530858 19.960007623325712
      vertex 39.53 66.15320392229823 19.874671109562588
    endloop
  endfacet
  facet normal -1 0 0
    outer loop
      vertex 39.53 64.52000000327826 18.4
      vertex 39.53 66.10714907875253 20.04655012560981
      vertex 39.53 66.12792609530858 19.960007623325712
    endloop
  endfacet
  facet normal -1 0 0
    outer loop
      vertex 39.53 64.52000000327826 18.4
      vertex 39.53 66.09092982098826 20.134061409431606
      vertex 39.53 66.10714907875253 20.04655012560981
    endloop
  endfacet
  facet normal -1 0 0
    outer loop
      vertex 39.53 64.52000000327826 18.4
      vertex 39.53 66.07931277787394 20.222301612444987
      vertex 39.53 66.09092982098826 20.134061409431606
    endloop
  endfacet
  facet normal -1 0 0
    outer loop
      vertex 39.53 64.52000000327826 18.4
      vertex 39.53 66.07232979091722 20.311028874386995
      vertex 39.53 66.07931277787394 20.222301612444987
    endloop
  endfacet
  facet normal -1 0 0
    outer loop
      vertex 39.53 64.52000000327826 18.4
      vertex 39.53 66.07 20.4
      vertex 39.53 66.07232979091722 20.311028874386995
    endloop
  endfacet
  facet normal -1 0 0
    outer loop
      vertex 39.53 64.52000000327826 18.4
      vertex 39.53 66.07232979091722 20.488971125613002
      vertex 39.53 66.07 20.4
    endloop
  endfacet
  facet normal -1 0 0
    outer loop
      vertex 39.53 64.52000000327826 18.4
      vertex 39.53 66.07931277787394 20.57769838755501
      vertex 39.53 66.07232979091722 20.488971125613002
    endloop
  endfacet
  facet normal -1 0 0
    outer loop
      vertex 39.53 64.52000000327826 18.4
      vertex 39.53 66.09092982098826 20.66593859056839
      vertex 39.53 66.07931277787394 20.57769838755501
    endloop
  endfacet
  facet normal -1 0 0
    outer loop
      vertex 39.53 64.52000000327826 18.4
      vertex 39.53 66.10714907875253 20.75344987439019
      vertex 39.53 66.09092982098826 20.66593859056839
    endloop
  endfacet
  facet normal -1 0 0
    outer loop
      vertex 39.53 64.52000000327826 18.4
      vertex 39.53 66.12792609530858 20.839992376674285
      vertex 39.53 66.10714907875253 20.75344987439019
    endloop
  endfacet
  facet normal -1 0 0
    outer loop
      vertex 39.53 70.02 12.399999999999999
      vertex 39.53 66.63247796918994 19.136653796688428
      vertex 39.53 66.70015533521527 19.07885186552315
    endloop
  endfacet
  facet normal -1 0 0
    outer loop
      vertex 39.53 70.02 12.399999999999999
      vertex 39.53 66.84411364047445 18.97426003449278
      vertex 39.53 66.92 18.927756813566454
    endloop
  endfacet
  facet normal -1 0 0
    outer loop
      vertex 39.53 70.02 12.399999999999999
      vertex 39.53 66.92 18.927756813566454
      vertex 39.53 66.99821615044277 18.885288908879772
    endloop
  endfacet
  facet normal -1 0 0
    outer loop
      vertex 39.53 70.02 12.399999999999999
      vertex 39.53 66.99821615044277 18.885288908879772
      vertex 39.53 67.07854770677113 18.84697272200758
    endloop
  endfacet
  facet normal -1 0 0
    outer loop
      vertex 39.53 70.02 12.399999999999999
      vertex 39.53 66.70015533521527 19.07885186552315
      vertex 39.53 66.77076507110279 19.02467110956259
    endloop
  endfacet
  facet normal -1 0 0
    outer loop
      vertex 39.53 70.02 12.399999999999999
      vertex 39.53 66.77076507110279 19.02467110956259
      vertex 39.53 66.84411364047445 18.97426003449278
    endloop
  endfacet
  facet normal -1 0 0
    outer loop
      vertex 39.53 70.02 12.399999999999999
      vertex 39.53 66.56791847198286 19.197918471982867
      vertex 39.53 66.63247796918994 19.136653796688428
    endloop
  endfacet
  facet normal -1 0 0
    outer loop
      vertex 39.53 70.02 12.399999999999999
      vertex 39.53 68.46145229322886 18.84697272200758
      vertex 39.53 68.54178384955722 18.885288908879772
    endloop
  endfacet
  facet normal -1 0 0
    outer loop
      vertex 39.53 70.02 12.399999999999999
      vertex 39.53 68.54178384955722 18.885288908879772
      vertex 39.53 68.61999999999999 18.927756813566454
    endloop
  endfacet
  facet normal -1 0 0
    outer loop
      vertex 39.53 70.02 12.399999999999999
      vertex 39.53 68.61999999999999 18.927756813566454
      vertex 39.53 68.69588635952555 18.97426003449278
    endloop
  endfacet
  facet normal -1 0 0
    outer loop
      vertex 39.53 70.02 12.399999999999999
      vertex 39.53 68.69588635952555 18.97426003449278
      vertex 39.53 68.7692349288972 19.02467110956259
    endloop
  endfacet
  facet normal -1 0 0
    outer loop
      vertex 39.53 70.02 12.399999999999999
      vertex 39.53 68.7692349288972 19.02467110956259
      vertex 39.53 68.83984466478472 19.07885186552315
    endloop
  endfacet
  facet normal -1 0 0
    outer loop
      vertex 39.53 70.02 12.399999999999999
      vertex 39.53 68.83984466478472 19.07885186552315
      vertex 39.53 68.90752203081006 19.136653796688428
    endloop
  endfacet
  facet normal -1 0 0
    outer loop
      vertex 39.53 70.02 12.399999999999999
      vertex 39.53 68.90752203081006 19.136653796688428
      vertex 39.53 68.97208152801713 19.197918471982867
    endloop
  endfacet
  facet normal -1 0 0
    outer loop
      vertex 39.53 70.02 12.399999999999999
      vertex 39.53 68.97208152801713 19.197918471982867
      vertex 39.53 69.03334620331157 19.26247796918994
    endloop
  endfacet
  facet normal -1 0 0
    outer loop
      vertex 39.53 70.02 12.399999999999999
      vertex 39.53 69.03334620331157 19.26247796918994
      vertex 39.53 69.09114813447685 19.330155335215274
    endloop
  endfacet
  facet normal -1 0 0
    outer loop
      vertex 39.53 70.02 12.399999999999999
      vertex 39.53 69.09114813447685 19.330155335215274
      vertex 39.53 69.14532889043741 19.400765071102793
    endloop
  endfacet
  facet normal -1 0 0
    outer loop
      vertex 39.53 70.02 12.399999999999999
      vertex 39.53 69.14532889043741 19.400765071102793
      vertex 39.53 69.19573996550722 19.474113640474453
    endloop
  endfacet
  facet normal -1 0 0
    outer loop
      vertex 39.53 70.02 12.399999999999999
      vertex 39.53 69.19573996550722 19.474113640474453
      vertex 39.53 69.24224318643354 19.549999999999997
    endloop
  endfacet
  facet normal -1 0 0
    outer loop
      vertex 39.53 70.02 12.399999999999999
      vertex 39.53 69.24224318643354 19.549999999999997
      vertex 39.53 69.28471109112022 19.628216150442768
    endloop
  endfacet
  facet normal -1 0 0
    outer loop
      vertex 39.53 70.02 12.399999999999999
      vertex 39.53 69.28471109112022 19.628216150442768
      vertex 39.53 69.32302727799242 19.70854770677114
    endloop
  endfacet
  facet normal -1 0 0
    outer loop
      vertex 39.53 70.02 12.399999999999999
      vertex 39.53 69.32302727799242 19.70854770677114
      vertex 39.53 69.35708672504524 19.79077448577299
    endloop
  endfacet
  facet normal -1 0 0
    outer loop
      vertex 39.53 70.02 12.399999999999999
      vertex 39.53 69.35708672504524 19.79077448577299
      vertex 39.53 69.38679607770176 19.874671109562588
    endloop
  endfacet
  facet normal -1 0 0
    outer loop
      vertex 39.53 70.02 12.399999999999999
      vertex 39.53 69.38679607770176 19.874671109562588
      vertex 39.53 69.41207390469141 19.960007623325712
    endloop
  endfacet
  facet normal -1 0 0
    outer loop
      vertex 39.53 70.02 12.399999999999999
      vertex 39.53 69.41207390469141 19.960007623325712
      vertex 39.53 69.43285092124746 20.04655012560981
    endloop
  endfacet
  facet normal -1 0 0
    outer loop
      vertex 39.53 70.02 12.399999999999999
      vertex 39.53 69.43285092124746 20.04655012560981
      vertex 39.53 69.44907017901173 20.134061409431606
    endloop
  endfacet
  facet normal -1 0 0
    outer loop
      vertex 39.53 70.02 12.399999999999999
      vertex 39.53 69.44907017901173 20.134061409431606
      vertex 39.53 69.46068722212605 20.222301612444987
    endloop
  endfacet
  facet normal -1 0 0
    outer loop
      vertex 39.53 70.02 12.399999999999999
      vertex 39.53 69.46068722212605 20.222301612444987
      vertex 39.53 69.46767020908277 20.311028874386995
    endloop
  endfacet
  facet normal -0.9996573258242132 0.026176915898989524 0
    outer loop
      vertex 39.53 70.02 12.399999999999999
      vertex 39.53274092704058 70.12467191040516 28.4
      vertex 39.53274092704058 70.12467191040516 12.399999999999999
    endloop
  endfacet
  facet normal -0.9969173287082567 0.07845915957486238 0
    outer loop
      vertex 39.53274092704058 70.12467191040516 12.399999999999999
      vertex 39.54095621287823 70.22905692875385 28.4
      vertex 39.54095621287823 70.22905692875385 12.399999999999999
    endloop
  endfacet
  facet normal -0.9914448646709336 0.130526167175912 0
    outer loop
      vertex 39.54095621287823 70.22905692875385 12.399999999999999
      vertex 39.554623319506646 70.33286893039941 28.4
      vertex 39.554623319506646 70.33286893039941 12.399999999999999
    endloop
  endfacet
  facet normal -0.9832549067222632 0.18223553003350748 0
    outer loop
      vertex 39.554623319506646 70.33286893039941 12.399999999999999
      vertex 39.57370480030775 70.43582338511943 28.4
      vertex 39.57370480030775 70.43582338511943 12.399999999999999
    endloop
  endfacet
  facet normal -0.9723699266881016 0.23344533765439804 0
    outer loop
      vertex 39.57370480030775 70.43582338511943 12.399999999999999
      vertex 39.598148344755174 70.53763808727264 28.4
      vertex 39.598148344755174 70.53763808727264 12.399999999999999
    endloop
  endfacet
  facet normal -0.9588197384607063 0.28401533257580097 0
    outer loop
      vertex 39.598148344755174 70.53763808727264 12.399999999999999
      vertex 39.627886964678765 70.63803399026393 28.4
      vertex 39.627886964678765 70.63803399026393 12.399999999999999
    endloop
  endfacet
  facet normal -0.9426414704722688 0.33380691746259405 0
    outer loop
      vertex 39.627886964678765 70.63803399026393 12.399999999999999
      vertex 39.662839150726796 70.73673589944839 28.4
      vertex 39.662839150726796 70.73673589944839 12.399999999999999
    endloop
  endfacet
  facet normal -0.92387952935444 0.38268343998639204 0
    outer loop
      vertex 39.662839150726796 70.73673589944839 12.399999999999999
      vertex 39.70290908843279 70.83347328424453 28.4
      vertex 39.70290908843279 70.83347328424453 12.399999999999999
    endloop
  endfacet
  facet normal -0.9025853144542187 0.43051103369319 0
    outer loop
      vertex 39.70290908843279 70.83347328424453 12.399999999999999
      vertex 39.74798694878817 70.92798100084066 28.4
      vertex 39.74798694878817 70.92798100084066 12.399999999999999
    endloop
  endfacet
  facet normal -0.8788170932013816 0.4771587961015434 0
    outer loop
      vertex 39.74798694878817 70.92798100084066 12.399999999999999
      vertex 39.79794919371605 71.02 28.4
      vertex 39.79794919371605 71.02 12.399999999999999
    endloop
  endfacet
  facet normal -0.8526401644822993 0.5224985645067338 0
    outer loop
      vertex 39.79794919371605 71.02 12.399999999999999
      vertex 39.85265886664391 71.10927807211876 28.4
      vertex 39.85265886664391 71.10927807211876 12.399999999999999
    endloop
  endfacet
  facet normal -0.824126195039763 0.5664062275869525 0
    outer loop
      vertex 39.85265886664391 71.10927807211876 12.399999999999999
      vertex 39.91196600973606 71.19557050287723 28.4
      vertex 39.91196600973606 71.19557050287723 12.399999999999999
    endloop
  endfacet
  facet normal -0.7933533513494008 0.6087614145974385 0
    outer loop
      vertex 39.91196600973606 71.19557050287723 12.399999999999999
      vertex 39.975708073675634 71.27864078104496 28.4
      vertex 39.975708073675634 71.27864078104496 12.399999999999999
    endloop
  endfacet
  facet normal 0 0.2840153447039206 0.9588197348681936
    outer loop
      vertex 39.53 67.33000762332571 18.757926095308584
      vertex 39.53 67.24467110956259 18.783203922298238
      vertex 49.23000000000005 67.33000762332571 18.757926095308584
    endloop
  endfacet
  facet normal 5.363990491149195e-20 0.23344536385591508 0.9723699203976742
    outer loop
      vertex 39.53 67.33000762332571 18.757926095308584
      vertex 49.23000000000005 67.4165501256098 18.73714907875253
      vertex 39.53 67.4165501256098 18.73714907875253
    endloop
  endfacet
  facet normal 0 0.18223552549216931 0.9832549075639505
    outer loop
      vertex 39.53 67.5040614094316 18.720929820988264
      vertex 39.53 67.4165501256098 18.73714907875253
      vertex 49.23000000000005 67.5040614094316 18.720929820988264
    endloop
  endfacet
  facet normal 0 0.5224985647159115 0.852640164354115
    outer loop
      vertex 39.53 66.92 18.927756813566454
      vertex 39.53 66.84411364047445 18.97426003449278
      vertex 49.23000000000005 66.92 18.927756813566454
    endloop
  endfacet
  facet normal 0 0.6883545756937531 0.7253743710122885
    outer loop
      vertex 39.53 66.63247796918994 19.136653796688428
      vertex 39.53 66.56791847198286 19.197918471982867
      vertex 49.23000000000005 66.63247796918994 19.136653796688428
    endloop
  endfacet
  facet normal 0 0.6087614290087314 0.7933533402912268
    outer loop
      vertex 39.53 66.77076507110279 19.02467110956259
      vertex 39.53 66.70015533521527 19.07885186552315
      vertex 49.23000000000005 66.77076507110279 19.02467110956259
    endloop
  endfacet
  facet normal 0 0.5664062369248235 0.824126188622022
    outer loop
      vertex 39.53 66.84411364047445 18.97426003449278
      vertex 39.53 66.77076507110279 19.02467110956259
      vertex 49.23000000000005 66.84411364047445 18.97426003449278
    endloop
  endfacet
  facet normal -2.0759888375477262e-19 0.6494480483301747 0.7604059656000386
    outer loop
      vertex 39.53 66.63247796918994 19.136653796688428
      vertex 49.23000000000005 66.70015533521527 19.07885186552315
      vertex 39.53 66.70015533521527 19.07885186552315
    endloop
  endfacet
  facet normal 0 0.43051109680831534 0.9025852843498509
    outer loop
      vertex 39.53 67.07854770677113 18.84697272200758
      vertex 39.53 66.99821615044277 18.885288908879772
      vertex 49.23000000000005 67.07854770677113 18.84697272200758
    endloop
  endfacet
  facet normal -5.500708671342818e-20 0.333806859233771 0.9426414910921783
    outer loop
      vertex 39.53 67.16077448577299 18.812913274954756
      vertex 49.23000000000005 67.24467110956259 18.783203922298238
      vertex 39.53 67.24467110956259 18.783203922298238
    endloop
  endfacet
  facet normal -2.3810255414767017e-19 0.3826834323650698 0.923879532511295
    outer loop
      vertex 39.53 67.07854770677113 18.84697272200758
      vertex 49.23000000000005 67.16077448577299 18.812913274954756
      vertex 39.53 67.16077448577299 18.812913274954756
    endloop
  endfacet
  facet normal -2.304052078641527e-20 0.47715876025962295 0.8788171126619575
    outer loop
      vertex 39.53 66.92 18.927756813566454
      vertex 49.23000000000005 66.99821615044277 18.885288908879772
      vertex 39.53 66.99821615044277 18.885288908879772
    endloop
  endfacet
  facet normal -2.0543028357904437e-19 0.8241261886220592 0.5664062369247693
    outer loop
      vertex 39.53 66.34426003449278 19.474113640474453
      vertex 49.23000000000005 66.39467110956258 19.400765071102793
      vertex 39.53 66.39467110956258 19.400765071102793
    endloop
  endfacet
  facet normal 0 0.8526401643540824 0.5224985647159649
    outer loop
      vertex 39.53 66.34426003449278 19.474113640474453
      vertex 39.53 66.29775681356645 19.549999999999997
      vertex 49.23000000000005 66.34426003449278 19.474113640474453
    endloop
  endfacet
  facet normal 0 0.8788171126619909 0.4771587602595613
    outer loop
      vertex 39.53 66.29775681356645 19.549999999999997
      vertex 39.53 66.25528890887978 19.628216150442768
      vertex 49.23000000000005 66.29775681356645 19.549999999999997
    endloop
  endfacet
  facet normal -3.9238821001579097e-20 0.9025852843498111 0.4305110968083989
    outer loop
      vertex 39.53 66.21697272200757 19.70854770677114
      vertex 49.23000000000005 66.25528890887978 19.628216150442768
      vertex 39.53 66.25528890887978 19.628216150442768
    endloop
  endfacet
  facet normal 0 0.9238795325113257 0.3826834323649958
    outer loop
      vertex 39.53 66.21697272200757 19.70854770677114
      vertex 39.53 66.18291327495476 19.79077448577299
      vertex 49.23000000000005 66.21697272200757 19.70854770677114
    endloop
  endfacet
  facet normal 0 0.9426414910921532 0.333806859233842
    outer loop
      vertex 39.53 66.18291327495476 19.79077448577299
      vertex 39.53 66.15320392229823 19.874671109562588
      vertex 49.23000000000005 66.18291327495476 19.79077448577299
    endloop
  endfacet
  facet normal 0 0.9588197348682045 0.28401534470388384
    outer loop
      vertex 39.53 66.15320392229823 19.874671109562588
      vertex 39.53 66.12792609530858 19.960007623325712
      vertex 49.23000000000005 66.15320392229823 19.874671109562588
    endloop
  endfacet
  facet normal 0 0.9723699203976786 0.23344536385589695
    outer loop
      vertex 39.53 66.12792609530858 19.960007623325712
      vertex 39.53 66.10714907875253 20.04655012560981
      vertex 49.23000000000005 66.12792609530858 19.960007623325712
    endloop
  endfacet
  facet normal 0 0.7604059655999824 0.6494480483302406
    outer loop
      vertex 39.53 66.50665379668843 19.26247796918994
      vertex 39.53 66.44885186552314 19.330155335215274
      vertex 49.23000000000005 66.50665379668843 19.26247796918994
    endloop
  endfacet
  facet normal -3.1507722513073924e-19 0.7253743710123075 0.6883545756937333
    outer loop
      vertex 39.53 66.50665379668843 19.26247796918994
      vertex 49.23000000000005 66.56791847198286 19.197918471982867
      vertex 39.53 66.56791847198286 19.197918471982867
    endloop
  endfacet
  facet normal 0 0.7933533402912416 0.6087614290087122
    outer loop
      vertex 39.53 66.44885186552314 19.330155335215274
      vertex 39.53 66.39467110956258 19.400765071102793
      vertex 49.23000000000005 66.44885186552314 19.330155335215274
    endloop
  endfacet
  facet normal -0.7604059369619204 0.6494480818611015 0
    outer loop
      vertex 39.975708073675634 71.27864078104496 12.399999999999999
      vertex 40.043710349798204 71.3582612094283 28.4
      vertex 40.043710349798204 71.3582612094283 12.399999999999999
    endloop
  endfacet
  facet normal -0.7253743722808802 0.6883545743569364 0
    outer loop
      vertex 40.043710349798204 71.3582612094283 12.399999999999999
      vertex 40.1157864394784 71.4342135605216 28.4
      vertex 40.1157864394784 71.4342135605216 12.399999999999999
    endloop
  endfacet
  facet normal -0.6883545743569364 0.7253743722808802 0
    outer loop
      vertex 40.1157864394784 71.4342135605216 12.399999999999999
      vertex 40.19173879057169 71.5062896502018 28.4
      vertex 40.19173879057169 71.5062896502018 12.399999999999999
    endloop
  endfacet
  facet normal -0.6494480818611015 0.7604059369619204 0
    outer loop
      vertex 40.19173879057169 71.5062896502018 12.399999999999999
      vertex 40.27135921895504 71.57429192632436 28.4
      vertex 40.27135921895504 71.57429192632436 12.399999999999999
    endloop
  endfacet
  facet normal -0.6087614145974385 0.7933533513494008 0
    outer loop
      vertex 40.27135921895504 71.57429192632436 12.399999999999999
      vertex 40.354429497122766 71.63803399026393 28.4
      vertex 40.354429497122766 71.63803399026393 12.399999999999999
    endloop
  endfacet
  facet normal -0.5664062275869525 0.824126195039763 0
    outer loop
      vertex 40.354429497122766 71.63803399026393 12.399999999999999
      vertex 40.44072192788124 71.69734113335609 28.4
      vertex 40.44072192788124 71.69734113335609 12.399999999999999
    endloop
  endfacet
  facet normal -0.5224985645067338 0.8526401644822993 0
    outer loop
      vertex 40.44072192788124 71.69734113335609 12.399999999999999
      vertex 40.53 71.75205080628395 28.4
      vertex 40.53 71.75205080628395 12.399999999999999
    endloop
  endfacet
  facet normal -0.4771587961015434 0.8788170932013816 0
    outer loop
      vertex 40.53 71.75205080628395 12.399999999999999
      vertex 40.62201899915934 71.80201305121183 28.4
      vertex 40.62201899915934 71.80201305121183 12.399999999999999
    endloop
  endfacet
  facet normal -0.43051103369319 0.9025853144542187 0
    outer loop
      vertex 40.62201899915934 71.80201305121183 12.399999999999999
      vertex 40.716526715755464 71.84709091156721 28.4
      vertex 40.716526715755464 71.84709091156721 12.399999999999999
    endloop
  endfacet
  facet normal -0.38268343998639204 0.92387952935444 0
    outer loop
      vertex 40.716526715755464 71.84709091156721 12.399999999999999
      vertex 40.813264100551606 71.8871608492732 28.4
      vertex 40.813264100551606 71.8871608492732 12.399999999999999
    endloop
  endfacet
  facet normal -0.33380691746259405 0.9426414704722688 0
    outer loop
      vertex 40.813264100551606 71.8871608492732 12.399999999999999
      vertex 40.91196600973606 71.92211303532123 28.4
      vertex 40.91196600973606 71.92211303532123 12.399999999999999
    endloop
  endfacet
  facet normal -0.28401533257580097 0.9588197384607063 0
    outer loop
      vertex 40.91196600973606 71.92211303532123 12.399999999999999
      vertex 41.01236191272736 71.95185165524482 28.4
      vertex 41.01236191272736 71.95185165524482 12.399999999999999
    endloop
  endfacet
  facet normal -0.23344533765439804 0.9723699266881016 0
    outer loop
      vertex 41.01236191272736 71.95185165524482 12.399999999999999
      vertex 41.11417661488056 71.97629519969225 28.4
      vertex 41.11417661488056 71.97629519969225 12.399999999999999
    endloop
  endfacet
  facet normal -0.18223553003350748 0.9832549067222632 0
    outer loop
      vertex 41.11417661488056 71.97629519969225 12.399999999999999
      vertex 41.21713106960058 71.99537668049335 28.4
      vertex 41.21713106960058 71.99537668049335 12.399999999999999
    endloop
  endfacet
  facet normal -0.130526167175912 0.9914448646709336 0
    outer loop
      vertex 41.21713106960058 71.99537668049335 12.399999999999999
      vertex 41.32094307124615 72.00904378712177 28.4
      vertex 41.32094307124615 72.00904378712177 12.399999999999999
    endloop
  endfacet
  facet normal -0.07845915957486238 0.9969173287082567 0
    outer loop
      vertex 41.32094307124615 72.00904378712177 12.399999999999999
      vertex 41.42532808959484 72.01725907295942 28.4
      vertex 41.42532808959484 72.01725907295942 12.399999999999999
    endloop
  endfacet
  facet normal -0.026176915898989524 0.9996573258242132 0
    outer loop
      vertex 41.42532808959484 72.01725907295942 12.399999999999999
      vertex 41.53 72.02 28.4
      vertex 41.53 72.02 12.399999999999999
    endloop
  endfacet
  facet normal 3.8095702149559315e-20 0.13052619222005205 0.9914448613738104
    outer loop
      vertex 39.53 67.5040614094316 18.720929820988264
      vertex 49.23000000000005 67.59230161244498 18.709312777873933
      vertex 39.53 67.59230161244498 18.709312777873933
    endloop
  endfacet
  facet normal 1.8629137276363824e-20 0.07845909572783959 0.9969173337331284
    outer loop
      vertex 39.53 67.59230161244498 18.709312777873933
      vertex 49.23000000000005 67.681028874387 18.702329790917222
      vertex 39.53 67.681028874387 18.702329790917222
    endloop
  endfacet
  facet normal -1.352858160770787e-20 0.026176948307856954 0.9996573249755577
    outer loop
      vertex 39.53 67.681028874387 18.702329790917222
      vertex 49.23000000000005 67.77 18.7
      vertex 39.53 67.77 18.7
    endloop
  endfacet
  facet normal 1.352858160770787e-20 -0.026176948307856954 0.9996573249755577
    outer loop
      vertex 39.53 67.77 18.7
      vertex 49.23000000000005 67.858971125613 18.702329790917222
      vertex 39.53 67.858971125613 18.702329790917222
    endloop
  endfacet
  facet normal -1.8629137276363824e-20 -0.07845909572783959 0.9969173337331284
    outer loop
      vertex 39.53 67.858971125613 18.702329790917222
      vertex 49.23000000000005 67.94769838755501 18.709312777873933
      vertex 39.53 67.94769838755501 18.709312777873933
    endloop
  endfacet
  facet normal -3.8095702149559315e-20 -0.13052619222005205 0.9914448613738104
    outer loop
      vertex 39.53 67.94769838755501 18.709312777873933
      vertex 49.23000000000005 68.03593859056839 18.720929820988264
      vertex 39.53 68.03593859056839 18.720929820988264
    endloop
  endfacet
  facet normal 1.1832577255845037e-19 -0.18223552549216931 0.9832549075639505
    outer loop
      vertex 39.53 68.03593859056839 18.720929820988264
      vertex 49.23000000000005 68.12344987439019 18.73714907875253
      vertex 39.53 68.12344987439019 18.73714907875253
    endloop
  endfacet
  facet normal -5.363990491149195e-20 -0.23344536385591508 0.9723699203976742
    outer loop
      vertex 39.53 68.12344987439019 18.73714907875253
      vertex 49.23000000000005 68.20999237667428 18.757926095308584
      vertex 39.53 68.20999237667428 18.757926095308584
    endloop
  endfacet
  facet normal -1.9796858253340406e-19 -0.2840153447039206 0.9588197348681936
    outer loop
      vertex 39.53 68.20999237667428 18.757926095308584
      vertex 49.23000000000005 68.2953288904374 18.783203922298238
      vertex 39.53 68.2953288904374 18.783203922298238
    endloop
  endfacet
  facet normal 5.500708671342818e-20 -0.333806859233771 0.9426414910921783
    outer loop
      vertex 39.53 68.2953288904374 18.783203922298238
      vertex 49.23000000000005 68.379225514227 18.812913274954756
      vertex 39.53 68.379225514227 18.812913274954756
    endloop
  endfacet
  facet normal 2.3810255414767017e-19 -0.3826834323650698 0.923879532511295
    outer loop
      vertex 39.53 68.379225514227 18.812913274954756
      vertex 49.23000000000005 68.46145229322886 18.84697272200758
      vertex 39.53 68.46145229322886 18.84697272200758
    endloop
  endfacet
  facet normal 5.780224425882304e-20 -0.43051109680831534 0.9025852843498509
    outer loop
      vertex 39.53 68.46145229322886 18.84697272200758
      vertex 49.23000000000005 68.54178384955722 18.885288908879772
      vertex 39.53 68.54178384955722 18.885288908879772
    endloop
  endfacet
  facet normal 2.304052078641527e-20 -0.47715876025962295 0.8788171126619575
    outer loop
      vertex 39.53 68.54178384955722 18.885288908879772
      vertex 49.23000000000005 68.61999999999999 18.927756813566454
      vertex 39.53 68.61999999999999 18.927756813566454
    endloop
  endfacet
  facet normal -1.537912691800171e-19 -0.5224985647159115 0.852640164354115
    outer loop
      vertex 39.53 68.61999999999999 18.927756813566454
      vertex 49.23000000000005 68.69588635952555 18.97426003449278
      vertex 39.53 68.69588635952555 18.97426003449278
    endloop
  endfacet
  facet normal 7.630826064551486e-20 -0.5664062369248235 0.824126188622022
    outer loop
      vertex 39.53 68.69588635952555 18.97426003449278
      vertex 49.23000000000005 68.7692349288972 19.02467110956259
      vertex 39.53 68.7692349288972 19.02467110956259
    endloop
  endfacet
  facet normal 5.312393443260128e-20 -0.6087614290087314 0.7933533402912268
    outer loop
      vertex 39.53 68.7692349288972 19.02467110956259
      vertex 49.23000000000005 68.83984466478472 19.07885186552315
      vertex 39.53 68.83984466478472 19.07885186552315
    endloop
  endfacet
  facet normal 2.0759888375477262e-19 -0.6494480483301747 0.7604059656000386
    outer loop
      vertex 39.53 68.83984466478472 19.07885186552315
      vertex 49.23000000000005 68.90752203081006 19.136653796688428
      vertex 39.53 68.90752203081006 19.136653796688428
    endloop
  endfacet
  facet normal 3.7524789727909227e-19 -0.6883545756937531 0.7253743710122885
    outer loop
      vertex 39.53 68.90752203081006 19.136653796688428
      vertex 49.23000000000005 68.97208152801713 19.197918471982867
      vertex 39.53 68.97208152801713 19.197918471982867
    endloop
  endfacet
  facet normal 3.1507722513073924e-19 -0.7253743710123075 0.6883545756937333
    outer loop
      vertex 39.53 68.97208152801713 19.197918471982867
      vertex 49.23000000000005 69.03334620331157 19.26247796918994
      vertex 39.53 69.03334620331157 19.26247796918994
    endloop
  endfacet
  facet normal -1.3773959028373825e-19 -0.7604059655999824 0.6494480483302406
    outer loop
      vertex 39.53 69.03334620331157 19.26247796918994
      vertex 49.23000000000005 69.09114813447685 19.330155335215274
      vertex 39.53 69.09114813447685 19.330155335215274
    endloop
  endfacet
  facet normal -2.2854065739725054e-20 -0.7933533402912416 0.6087614290087122
    outer loop
      vertex 39.53 69.09114813447685 19.330155335215274
      vertex 49.23000000000005 69.14532889043741 19.400765071102793
      vertex 39.53 69.14532889043741 19.400765071102793
    endloop
  endfacet
  facet normal 2.0543028357904437e-19 -0.8241261886220592 0.5664062369247693
    outer loop
      vertex 39.53 69.14532889043741 19.400765071102793
      vertex 49.23000000000005 69.19573996550722 19.474113640474453
      vertex 39.53 69.19573996550722 19.474113640474453
    endloop
  endfacet
  facet normal -8.504935140637194e-20 -0.8526401643540824 0.5224985647159649
    outer loop
      vertex 39.53 69.19573996550722 19.474113640474453
      vertex 49.23000000000005 69.24224318643354 19.549999999999997
      vertex 39.53 69.24224318643354 19.549999999999997
    endloop
  endfacet
  facet normal -2.2482010197836665e-19 -0.8788171126619909 0.4771587602595613
    outer loop
      vertex 39.53 69.24224318643354 19.549999999999997
      vertex 49.23000000000005 69.28471109112022 19.628216150442768
      vertex 39.53 69.28471109112022 19.628216150442768
    endloop
  endfacet
  facet normal 3.9238821001579097e-20 -0.9025852843498111 0.4305110968083989
    outer loop
      vertex 39.53 69.28471109112022 19.628216150442768
      vertex 49.23000000000005 69.32302727799242 19.70854770677114
      vertex 39.53 69.32302727799242 19.70854770677114
    endloop
  endfacet
  facet normal -1.8150542287678578e-19 -0.9238795325113257 0.3826834323649958
    outer loop
      vertex 39.53 69.32302727799242 19.70854770677114
      vertex 49.23000000000005 69.35708672504524 19.79077448577299
      vertex 39.53 69.35708672504524 19.79077448577299
    endloop
  endfacet
  facet normal -1.648765200791509e-19 -0.9426414910921532 0.333806859233842
    outer loop
      vertex 39.53 69.35708672504524 19.79077448577299
      vertex 49.23000000000005 69.38679607770176 19.874671109562588
      vertex 39.53 69.38679607770176 19.874671109562588
    endloop
  endfacet
  facet normal -2.365087345598982e-19 -0.9588197348682045 0.28401534470388384
    outer loop
      vertex 39.53 69.38679607770176 19.874671109562588
      vertex 49.23000000000005 69.41207390469141 19.960007623325712
      vertex 39.53 69.41207390469141 19.960007623325712
    endloop
  endfacet
  facet normal -9.852967505979823e-20 -0.9723699203976786 0.23344536385589695
    outer loop
      vertex 39.53 69.41207390469141 19.960007623325712
      vertex 49.23000000000005 69.43285092124746 20.04655012560981
      vertex 39.53 69.43285092124746 20.04655012560981
    endloop
  endfacet
  facet normal 1 0 0
    outer loop
      vertex 49.23000000000005 60.519999999999996 16
      vertex 49.23000000000005 60.524999998509884 18.4
      vertex 49.23000000000005 46.46999999880791 16
    endloop
  endfacet
  facet normal 1 0 0
    outer loop
      vertex 49.23000000000005 60.519999999999996 16
      vertex 49.23000000000005 66.50665379668843 19.26247796918994
      vertex 49.23000000000005 60.524999998509884 18.4
    endloop
  endfacet
  facet normal 1 0 0
    outer loop
      vertex 49.23000000000005 64.52000000327826 12.399999999999999
      vertex 49.23000000000005 66.50665379668843 19.26247796918994
      vertex 49.23000000000005 60.519999999999996 16
    endloop
  endfacet
  facet normal 1 0 0
    outer loop
      vertex 49.23000000000005 64.52000000327826 12.399999999999999
      vertex 49.23000000000005 67.33000762332571 18.757926095308584
      vertex 49.23000000000005 67.24467110956259 18.783203922298238
    endloop
  endfacet
  facet normal 1 0 0
    outer loop
      vertex 49.23000000000005 64.52000000327826 12.399999999999999
      vertex 49.23000000000005 67.24467110956259 18.783203922298238
      vertex 49.23000000000005 67.16077448577299 18.812913274954756
    endloop
  endfacet
  facet normal 1 0 0
    outer loop
      vertex 49.23000000000005 64.52000000327826 12.399999999999999
      vertex 49.23000000000005 67.16077448577299 18.812913274954756
      vertex 49.23000000000005 67.07854770677113 18.84697272200758
    endloop
  endfacet
  facet normal 1 0 0
    outer loop
      vertex 49.23000000000005 64.52000000327826 12.399999999999999
      vertex 49.23000000000005 67.5040614094316 18.720929820988264
      vertex 49.23000000000005 67.4165501256098 18.73714907875253
    endloop
  endfacet
  facet normal 1 0 0
    outer loop
      vertex 49.23000000000005 64.52000000327826 12.399999999999999
      vertex 49.23000000000005 67.4165501256098 18.73714907875253
      vertex 49.23000000000005 67.33000762332571 18.757926095308584
    endloop
  endfacet
  facet normal 1 0 0
    outer loop
      vertex 49.23000000000005 64.52000000327826 12.399999999999999
      vertex 49.23000000000005 67.59230161244498 18.709312777873933
      vertex 49.23000000000005 67.5040614094316 18.720929820988264
    endloop
  endfacet
  facet normal 1 0 0
    outer loop
      vertex 49.23000000000005 67.59230161244498 18.709312777873933
      vertex 49.23000000000005 64.52000000327826 12.399999999999999
      vertex 49.23000000000005 72.02 12.399999999999999
    endloop
  endfacet
  facet normal 1 0 0
    outer loop
      vertex 49.23000000000005 67.681028874387 18.702329790917222
      vertex 49.23000000000005 72.02 12.399999999999999
      vertex 49.23000000000005 67.77 18.7
    endloop
  endfacet
  facet normal 1 0 0
    outer loop
      vertex 49.23000000000005 67.59230161244498 18.709312777873933
      vertex 49.23000000000005 72.02 12.399999999999999
      vertex 49.23000000000005 67.681028874387 18.702329790917222
    endloop
  endfacet
  facet normal 1 0 0
    outer loop
      vertex 49.23000000000005 67.94769838755501 18.709312777873933
      vertex 49.23000000000005 72.02 12.399999999999999
      vertex 49.23000000000005 68.03593859056839 18.720929820988264
    endloop
  endfacet
  facet normal 1 0 0
    outer loop
      vertex 49.23000000000005 67.858971125613 18.702329790917222
      vertex 49.23000000000005 72.02 12.399999999999999
      vertex 49.23000000000005 67.94769838755501 18.709312777873933
    endloop
  endfacet
  facet normal 1 0 0
    outer loop
      vertex 49.23000000000005 67.77 18.7
      vertex 49.23000000000005 72.02 12.399999999999999
      vertex 49.23000000000005 67.858971125613 18.702329790917222
    endloop
  endfacet
  facet normal 1 0 0
    outer loop
      vertex 49.23000000000005 68.12344987439019 18.73714907875253
      vertex 49.23000000000005 72.02 12.399999999999999
      vertex 49.23000000000005 68.20999237667428 18.757926095308584
    endloop
  endfacet
  facet normal 1 0 0
    outer loop
      vertex 49.23000000000005 68.03593859056839 18.720929820988264
      vertex 49.23000000000005 72.02 12.399999999999999
      vertex 49.23000000000005 68.12344987439019 18.73714907875253
    endloop
  endfacet
  facet normal 1 0 0
    outer loop
      vertex 49.23000000000005 72.02 12.399999999999999
      vertex 49.23000000000005 68.46145229322886 18.84697272200758
      vertex 49.23000000000005 68.379225514227 18.812913274954756
    endloop
  endfacet
  facet normal 1 0 0
    outer loop
      vertex 49.23000000000005 72.02 12.399999999999999
      vertex 49.23000000000005 68.379225514227 18.812913274954756
      vertex 49.23000000000005 68.2953288904374 18.783203922298238
    endloop
  endfacet
  facet normal 1 0 0
    outer loop
      vertex 49.23000000000005 72.02 12.399999999999999
      vertex 49.23000000000005 68.2953288904374 18.783203922298238
      vertex 49.23000000000005 68.20999237667428 18.757926095308584
    endloop
  endfacet
  facet normal 0 0.23344536385591508 0.9723699203976742
    outer loop
      vertex 39.53 67.33000762332571 18.757926095308584
      vertex 49.23000000000005 67.33000762332571 18.757926095308584
      vertex 49.23000000000005 67.4165501256098 18.73714907875253
    endloop
  endfacet
  facet normal 0 0.18223552549216931 0.9832549075639505
    outer loop
      vertex 39.53 67.4165501256098 18.73714907875253
      vertex 49.23000000000005 67.4165501256098 18.73714907875253
      vertex 49.23000000000005 67.5040614094316 18.720929820988264
    endloop
  endfacet
  facet normal 0 0.47715876025962295 0.8788171126619575
    outer loop
      vertex 39.53 66.92 18.927756813566454
      vertex 49.23000000000005 66.92 18.927756813566454
      vertex 49.23000000000005 66.99821615044277 18.885288908879772
    endloop
  endfacet
  facet normal 0 0.5224985647159115 0.852640164354115
    outer loop
      vertex 39.53 66.84411364047445 18.97426003449278
      vertex 49.23000000000005 66.84411364047445 18.97426003449278
      vertex 49.23000000000005 66.92 18.927756813566454
    endloop
  endfacet
  facet normal 0 0.6494480483301747 0.7604059656000386
    outer loop
      vertex 39.53 66.63247796918994 19.136653796688428
      vertex 49.23000000000005 66.63247796918994 19.136653796688428
      vertex 49.23000000000005 66.70015533521527 19.07885186552315
    endloop
  endfacet
  facet normal 0 0.6883545756937531 0.7253743710122885
    outer loop
      vertex 39.53 66.56791847198286 19.197918471982867
      vertex 49.23000000000005 66.56791847198286 19.197918471982867
      vertex 49.23000000000005 66.63247796918994 19.136653796688428
    endloop
  endfacet
  facet normal 0 0.5664062369248235 0.824126188622022
    outer loop
      vertex 39.53 66.77076507110279 19.02467110956259
      vertex 49.23000000000005 66.77076507110279 19.02467110956259
      vertex 49.23000000000005 66.84411364047445 18.97426003449278
    endloop
  endfacet
  facet normal 0 0.6087614290087314 0.7933533402912268
    outer loop
      vertex 39.53 66.70015533521527 19.07885186552315
      vertex 49.23000000000005 66.70015533521527 19.07885186552315
      vertex 49.23000000000005 66.77076507110279 19.02467110956259
    endloop
  endfacet
  facet normal 0 0.43051109680831534 0.9025852843498509
    outer loop
      vertex 39.53 66.99821615044277 18.885288908879772
      vertex 49.23000000000005 66.99821615044277 18.885288908879772
      vertex 49.23000000000005 67.07854770677113 18.84697272200758
    endloop
  endfacet
  facet normal 0 0.333806859233771 0.9426414910921783
    outer loop
      vertex 39.53 67.16077448577299 18.812913274954756
      vertex 49.23000000000005 67.16077448577299 18.812913274954756
      vertex 49.23000000000005 67.24467110956259 18.783203922298238
    endloop
  endfacet
  facet normal 0 0.3826834323650698 0.923879532511295
    outer loop
      vertex 39.53 67.07854770677113 18.84697272200758
      vertex 49.23000000000005 67.07854770677113 18.84697272200758
      vertex 49.23000000000005 67.16077448577299 18.812913274954756
    endloop
  endfacet
  facet normal 0 0.2840153447039206 0.9588197348681936
    outer loop
      vertex 39.53 67.24467110956259 18.783203922298238
      vertex 49.23000000000005 67.24467110956259 18.783203922298238
      vertex 49.23000000000005 67.33000762332571 18.757926095308584
    endloop
  endfacet
  facet normal 0 0.8241261886220592 0.5664062369247693
    outer loop
      vertex 39.53 66.34426003449278 19.474113640474453
      vertex 49.23000000000005 66.34426003449278 19.474113640474453
      vertex 49.23000000000005 66.39467110956258 19.400765071102793
    endloop
  endfacet
  facet normal 0 0.8526401643540824 0.5224985647159649
    outer loop
      vertex 39.53 66.29775681356645 19.549999999999997
      vertex 49.23000000000005 66.29775681356645 19.549999999999997
      vertex 49.23000000000005 66.34426003449278 19.474113640474453
    endloop
  endfacet
  facet normal 0 0.8788171126619909 0.4771587602595613
    outer loop
      vertex 39.53 66.25528890887978 19.628216150442768
      vertex 49.23000000000005 66.25528890887978 19.628216150442768
      vertex 49.23000000000005 66.29775681356645 19.549999999999997
    endloop
  endfacet
  facet normal 0 0.9025852843498111 0.4305110968083989
    outer loop
      vertex 39.53 66.21697272200757 19.70854770677114
      vertex 49.23000000000005 66.21697272200757 19.70854770677114
      vertex 49.23000000000005 66.25528890887978 19.628216150442768
    endloop
  endfacet
  facet normal 0 0.9238795325113257 0.3826834323649958
    outer loop
      vertex 39.53 66.18291327495476 19.79077448577299
      vertex 49.23000000000005 66.18291327495476 19.79077448577299
      vertex 49.23000000000005 66.21697272200757 19.70854770677114
    endloop
  endfacet
  facet normal 0 0.9426414910921532 0.333806859233842
    outer loop
      vertex 39.53 66.15320392229823 19.874671109562588
      vertex 49.23000000000005 66.15320392229823 19.874671109562588
      vertex 49.23000000000005 66.18291327495476 19.79077448577299
    endloop
  endfacet
  facet normal 0 0.9588197348682045 0.28401534470388384
    outer loop
      vertex 39.53 66.12792609530858 19.960007623325712
      vertex 49.23000000000005 66.12792609530858 19.960007623325712
      vertex 49.23000000000005 66.15320392229823 19.874671109562588
    endloop
  endfacet
  facet normal 0 0.9723699203976786 0.23344536385589695
    outer loop
      vertex 39.53 66.10714907875253 20.04655012560981
      vertex 49.23000000000005 66.10714907875253 20.04655012560981
      vertex 49.23000000000005 66.12792609530858 19.960007623325712
    endloop
  endfacet
  facet normal 0 0.7253743710123075 0.6883545756937333
    outer loop
      vertex 39.53 66.50665379668843 19.26247796918994
      vertex 49.23000000000005 66.50665379668843 19.26247796918994
      vertex 49.23000000000005 66.56791847198286 19.197918471982867
    endloop
  endfacet
  facet normal 0 0.7604059655999824 0.6494480483302406
    outer loop
      vertex 39.53 66.44885186552314 19.330155335215274
      vertex 49.23000000000005 66.44885186552314 19.330155335215274
      vertex 49.23000000000005 66.50665379668843 19.26247796918994
    endloop
  endfacet
  facet normal 0 0.7933533402912416 0.6087614290087122
    outer loop
      vertex 39.53 66.39467110956258 19.400765071102793
      vertex 49.23000000000005 66.39467110956258 19.400765071102793
      vertex 49.23000000000005 66.44885186552314 19.330155335215274
    endloop
  endfacet
  facet normal 0 1 0
    outer loop
      vertex 41.53 72.02 12.399999999999999
      vertex 41.53 72.02 28.4
      vertex 49.23000000000005 72.02 12.399999999999999
    endloop
  endfacet
  facet normal 0 0.13052619222005205 0.9914448613738104
    outer loop
      vertex 39.53 67.5040614094316 18.720929820988264
      vertex 49.23000000000005 67.5040614094316 18.720929820988264
      vertex 49.23000000000005 67.59230161244498 18.709312777873933
    endloop
  endfacet
  facet normal 0 0.07845909572783959 0.9969173337331284
    outer loop
      vertex 39.53 67.59230161244498 18.709312777873933
      vertex 49.23000000000005 67.59230161244498 18.709312777873933
      vertex 49.23000000000005 67.681028874387 18.702329790917222
    endloop
  endfacet
  facet normal 0 0.026176948307856954 0.9996573249755577
    outer loop
      vertex 39.53 67.681028874387 18.702329790917222
      vertex 49.23000000000005 67.681028874387 18.702329790917222
      vertex 49.23000000000005 67.77 18.7
    endloop
  endfacet
  facet normal 0 -0.026176948307856954 0.9996573249755577
    outer loop
      vertex 39.53 67.77 18.7
      vertex 49.23000000000005 67.77 18.7
      vertex 49.23000000000005 67.858971125613 18.702329790917222
    endloop
  endfacet
  facet normal 0 -0.07845909572783959 0.9969173337331284
    outer loop
      vertex 39.53 67.858971125613 18.702329790917222
      vertex 49.23000000000005 67.858971125613 18.702329790917222
      vertex 49.23000000000005 67.94769838755501 18.709312777873933
    endloop
  endfacet
  facet normal 0 -0.13052619222005205 0.9914448613738104
    outer loop
      vertex 39.53 67.94769838755501 18.709312777873933
      vertex 49.23000000000005 67.94769838755501 18.709312777873933
      vertex 49.23000000000005 68.03593859056839 18.720929820988264
    endloop
  endfacet
  facet normal 0 -0.18223552549216931 0.9832549075639505
    outer loop
      vertex 39.53 68.03593859056839 18.720929820988264
      vertex 49.23000000000005 68.03593859056839 18.720929820988264
      vertex 49.23000000000005 68.12344987439019 18.73714907875253
    endloop
  endfacet
  facet normal 0 -0.23344536385591508 0.9723699203976742
    outer loop
      vertex 39.53 68.12344987439019 18.73714907875253
      vertex 49.23000000000005 68.12344987439019 18.73714907875253
      vertex 49.23000000000005 68.20999237667428 18.757926095308584
    endloop
  endfacet
  facet normal 0 -0.2840153447039206 0.9588197348681936
    outer loop
      vertex 39.53 68.20999237667428 18.757926095308584
      vertex 49.23000000000005 68.20999237667428 18.757926095308584
      vertex 49.23000000000005 68.2953288904374 18.783203922298238
    endloop
  endfacet
  facet normal 0 -0.333806859233771 0.9426414910921783
    outer loop
      vertex 39.53 68.2953288904374 18.783203922298238
      vertex 49.23000000000005 68.2953288904374 18.783203922298238
      vertex 49.23000000000005 68.379225514227 18.812913274954756
    endloop
  endfacet
  facet normal 0 -0.3826834323650698 0.923879532511295
    outer loop
      vertex 39.53 68.379225514227 18.812913274954756
      vertex 49.23000000000005 68.379225514227 18.812913274954756
      vertex 49.23000000000005 68.46145229322886 18.84697272200758
    endloop
  endfacet
  facet normal 0 -0.43051109680831534 0.9025852843498509
    outer loop
      vertex 39.53 68.46145229322886 18.84697272200758
      vertex 49.23000000000005 68.46145229322886 18.84697272200758
      vertex 49.23000000000005 68.54178384955722 18.885288908879772
    endloop
  endfacet
  facet normal 0 -0.47715876025962295 0.8788171126619575
    outer loop
      vertex 39.53 68.54178384955722 18.885288908879772
      vertex 49.23000000000005 68.54178384955722 18.885288908879772
      vertex 49.23000000000005 68.61999999999999 18.927756813566454
    endloop
  endfacet
  facet normal 0 -0.5224985647159115 0.852640164354115
    outer loop
      vertex 39.53 68.61999999999999 18.927756813566454
      vertex 49.23000000000005 68.61999999999999 18.927756813566454
      vertex 49.23000000000005 68.69588635952555 18.97426003449278
    endloop
  endfacet
  facet normal 0 -0.5664062369248235 0.824126188622022
    outer loop
      vertex 39.53 68.69588635952555 18.97426003449278
      vertex 49.23000000000005 68.69588635952555 18.97426003449278
      vertex 49.23000000000005 68.7692349288972 19.02467110956259
    endloop
  endfacet
  facet normal 0 -0.6087614290087314 0.7933533402912268
    outer loop
      vertex 39.53 68.7692349288972 19.02467110956259
      vertex 49.23000000000005 68.7692349288972 19.02467110956259
      vertex 49.23000000000005 68.83984466478472 19.07885186552315
    endloop
  endfacet
  facet normal 0 -0.6494480483301747 0.7604059656000386
    outer loop
      vertex 39.53 68.83984466478472 19.07885186552315
      vertex 49.23000000000005 68.83984466478472 19.07885186552315
      vertex 49.23000000000005 68.90752203081006 19.136653796688428
    endloop
  endfacet
  facet normal 0 -0.6883545756937531 0.7253743710122885
    outer loop
      vertex 39.53 68.90752203081006 19.136653796688428
      vertex 49.23000000000005 68.90752203081006 19.136653796688428
      vertex 49.23000000000005 68.97208152801713 19.197918471982867
    endloop
  endfacet
  facet normal 0 -0.7253743710123075 0.6883545756937333
    outer loop
      vertex 39.53 68.97208152801713 19.197918471982867
      vertex 49.23000000000005 68.97208152801713 19.197918471982867
      vertex 49.23000000000005 69.03334620331157 19.26247796918994
    endloop
  endfacet
  facet normal 0 -0.7604059655999824 0.6494480483302406
    outer loop
      vertex 39.53 69.03334620331157 19.26247796918994
      vertex 49.23000000000005 69.03334620331157 19.26247796918994
      vertex 49.23000000000005 69.09114813447685 19.330155335215274
    endloop
  endfacet
  facet normal 0 -0.7933533402912416 0.6087614290087122
    outer loop
      vertex 39.53 69.09114813447685 19.330155335215274
      vertex 49.23000000000005 69.09114813447685 19.330155335215274
      vertex 49.23000000000005 69.14532889043741 19.400765071102793
    endloop
  endfacet
  facet normal 0 -0.8241261886220592 0.5664062369247693
    outer loop
      vertex 39.53 69.14532889043741 19.400765071102793
      vertex 49.23000000000005 69.14532889043741 19.400765071102793
      vertex 49.23000000000005 69.19573996550722 19.474113640474453
    endloop
  endfacet
  facet normal 0 -0.8526401643540824 0.5224985647159649
    outer loop
      vertex 39.53 69.19573996550722 19.474113640474453
      vertex 49.23000000000005 69.19573996550722 19.474113640474453
      vertex 49.23000000000005 69.24224318643354 19.549999999999997
    endloop
  endfacet
  facet normal 0 -0.8788171126619909 0.4771587602595613
    outer loop
      vertex 39.53 69.24224318643354 19.549999999999997
      vertex 49.23000000000005 69.24224318643354 19.549999999999997
      vertex 49.23000000000005 69.28471109112022 19.628216150442768
    endloop
  endfacet
  facet normal 0 -0.9025852843498111 0.4305110968083989
    outer loop
      vertex 39.53 69.28471109112022 19.628216150442768
      vertex 49.23000000000005 69.28471109112022 19.628216150442768
      vertex 49.23000000000005 69.32302727799242 19.70854770677114
    endloop
  endfacet
  facet normal 0 -0.9238795325113257 0.3826834323649958
    outer loop
      vertex 39.53 69.32302727799242 19.70854770677114
      vertex 49.23000000000005 69.32302727799242 19.70854770677114
      vertex 49.23000000000005 69.35708672504524 19.79077448577299
    endloop
  endfacet
  facet normal 0 -0.9426414910921532 0.333806859233842
    outer loop
      vertex 39.53 69.35708672504524 19.79077448577299
      vertex 49.23000000000005 69.35708672504524 19.79077448577299
      vertex 49.23000000000005 69.38679607770176 19.874671109562588
    endloop
  endfacet
  facet normal 0 -0.9588197348682045 0.28401534470388384
    outer loop
      vertex 39.53 69.38679607770176 19.874671109562588
      vertex 49.23000000000005 69.38679607770176 19.874671109562588
      vertex 49.23000000000005 69.41207390469141 19.960007623325712
    endloop
  endfacet
  facet normal 0 -0.9723699203976786 0.23344536385589695
    outer loop
      vertex 39.53 69.41207390469141 19.960007623325712
      vertex 49.23000000000005 69.41207390469141 19.960007623325712
      vertex 49.23000000000005 69.43285092124746 20.04655012560981
    endloop
  endfacet
  facet normal 1 0 0
    outer loop
      vertex 49.23000000000005 64.52000000327826 12.399999999999999
      vertex 49.23000000000005 66.92 18.927756813566454
      vertex 49.23000000000005 66.84411364047445 18.97426003449278
    endloop
  endfacet
  facet normal 1 0 0
    outer loop
      vertex 49.23000000000005 64.52000000327826 12.399999999999999
      vertex 49.23000000000005 66.70015533521527 19.07885186552315
      vertex 49.23000000000005 66.63247796918994 19.136653796688428
    endloop
  endfacet
  facet normal 1 0 0
    outer loop
      vertex 49.23000000000005 64.52000000327826 12.399999999999999
      vertex 49.23000000000005 66.84411364047445 18.97426003449278
      vertex 49.23000000000005 66.77076507110279 19.02467110956259
    endloop
  endfacet
  facet normal 1 0 0
    outer loop
      vertex 49.23000000000005 64.52000000327826 12.399999999999999
      vertex 49.23000000000005 66.77076507110279 19.02467110956259
      vertex 49.23000000000005 66.70015533521527 19.07885186552315
    endloop
  endfacet
  facet normal 1 0 0
    outer loop
      vertex 49.23000000000005 64.52000000327826 12.399999999999999
      vertex 49.23000000000005 67.07854770677113 18.84697272200758
      vertex 49.23000000000005 66.99821615044277 18.885288908879772
    endloop
  endfacet
  facet normal 1 0 0
    outer loop
      vertex 49.23000000000005 64.52000000327826 12.399999999999999
      vertex 49.23000000000005 66.99821615044277 18.885288908879772
      vertex 49.23000000000005 66.92 18.927756813566454
    endloop
  endfacet
  facet normal 1 0 0
    outer loop
      vertex 49.23000000000005 64.52000000327826 12.399999999999999
      vertex 49.23000000000005 66.63247796918994 19.136653796688428
      vertex 49.23000000000005 66.56791847198286 19.197918471982867
    endloop
  endfacet
  facet normal 1 0 0
    outer loop
      vertex 49.23000000000005 64.52000000327826 12.399999999999999
      vertex 49.23000000000005 66.56791847198286 19.197918471982867
      vertex 49.23000000000005 66.50665379668843 19.26247796918994
    endloop
  endfacet
  facet normal 1 0 0
    outer loop
      vertex 49.23000000000005 66.34426003449278 19.474113640474453
      vertex 49.23000000000005 60.524999998509884 18.4
      vertex 49.23000000000005 66.39467110956258 19.400765071102793
    endloop
  endfacet
  facet normal 1 0 0
    outer loop
      vertex 49.23000000000005 66.29775681356645 19.549999999999997
      vertex 49.23000000000005 60.524999998509884 18.4
      vertex 49.23000000000005 66.34426003449278 19.474113640474453
    endloop
  endfacet
  facet normal 1 0 0
    outer loop
      vertex 49.23000000000005 66.44885186552314 19.330155335215274
      vertex 49.23000000000005 60.524999998509884 18.4
      vertex 49.23000000000005 66.50665379668843 19.26247796918994
    endloop
  endfacet
  facet normal 1 0 0
    outer loop
      vertex 49.23000000000005 66.39467110956258 19.400765071102793
      vertex 49.23000000000005 60.524999998509884 18.4
      vertex 49.23000000000005 66.44885186552314 19.330155335215274
    endloop
  endfacet
  facet normal 1 0 0
    outer loop
      vertex 49.23000000000005 66.25528890887978 19.628216150442768
      vertex 49.23000000000005 60.524999998509884 18.4
      vertex 49.23000000000005 66.29775681356645 19.549999999999997
    endloop
  endfacet
  facet normal 1 0 0
    outer loop
      vertex 49.23000000000005 66.21697272200757 19.70854770677114
      vertex 49.23000000000005 60.524999998509884 18.4
      vertex 49.23000000000005 66.25528890887978 19.628216150442768
    endloop
  endfacet
  facet normal 1 0 0
    outer loop
      vertex 49.23000000000005 66.18291327495476 19.79077448577299
      vertex 49.23000000000005 60.524999998509884 18.4
      vertex 49.23000000000005 66.21697272200757 19.70854770677114
    endloop
  endfacet
  facet normal 1 0 0
    outer loop
      vertex 49.23000000000005 66.15320392229823 19.874671109562588
      vertex 49.23000000000005 60.524999998509884 18.4
      vertex 49.23000000000005 66.18291327495476 19.79077448577299
    endloop
  endfacet
  facet normal 1 0 0
    outer loop
      vertex 49.23000000000005 66.12792609530858 19.960007623325712
      vertex 49.23000000000005 60.524999998509884 18.4
      vertex 49.23000000000005 66.15320392229823 19.874671109562588
    endloop
  endfacet
  facet normal 1 0 0
    outer loop
      vertex 49.23000000000005 66.10714907875253 20.04655012560981
      vertex 49.23000000000005 60.524999998509884 18.4
      vertex 49.23000000000005 66.12792609530858 19.960007623325712
    endloop
  endfacet
  facet normal 1 0 0
    outer loop
      vertex 49.23000000000005 66.09092982098826 20.134061409431606
      vertex 49.23000000000005 60.524999998509884 18.4
      vertex 49.23000000000005 66.10714907875253 20.04655012560981
    endloop
  endfacet
  facet normal 1 0 0
    outer loop
      vertex 49.23000000000005 66.07931277787394 20.222301612444987
      vertex 49.23000000000005 60.524999998509884 18.4
      vertex 49.23000000000005 66.09092982098826 20.134061409431606
    endloop
  endfacet
  facet normal 1 0 0
    outer loop
      vertex 49.23000000000005 66.07232979091722 20.311028874386995
      vertex 49.23000000000005 60.524999998509884 18.4
      vertex 49.23000000000005 66.07931277787394 20.222301612444987
    endloop
  endfacet
  facet normal 1 0 0
    outer loop
      vertex 49.23000000000005 66.07 20.4
      vertex 49.23000000000005 60.524999998509884 18.4
      vertex 49.23000000000005 66.07232979091722 20.311028874386995
    endloop
  endfacet
  facet normal 1 0 0
    outer loop
      vertex 49.23000000000005 66.07232979091722 20.488971125613002
      vertex 49.23000000000005 60.524999998509884 18.4
      vertex 49.23000000000005 66.07 20.4
    endloop
  endfacet
  facet normal 1 0 0
    outer loop
      vertex 49.23000000000005 66.07931277787394 20.57769838755501
      vertex 49.23000000000005 60.524999998509884 18.4
      vertex 49.23000000000005 66.07232979091722 20.488971125613002
    endloop
  endfacet
  facet normal 1 0 0
    outer loop
      vertex 49.23000000000005 66.09092982098826 20.66593859056839
      vertex 49.23000000000005 60.524999998509884 18.4
      vertex 49.23000000000005 66.07931277787394 20.57769838755501
    endloop
  endfacet
  facet normal 1 0 0
    outer loop
      vertex 49.23000000000005 66.10714907875253 20.75344987439019
      vertex 49.23000000000005 60.524999998509884 18.4
      vertex 49.23000000000005 66.09092982098826 20.66593859056839
    endloop
  endfacet
  facet normal 1 0 0
    outer loop
      vertex 49.23000000000005 72.02 12.399999999999999
      vertex 49.23000000000005 68.61999999999999 18.927756813566454
      vertex 49.23000000000005 68.54178384955722 18.885288908879772
    endloop
  endfacet
  facet normal 1 0 0
    outer loop
      vertex 49.23000000000005 72.02 12.399999999999999
      vertex 49.23000000000005 68.54178384955722 18.885288908879772
      vertex 49.23000000000005 68.46145229322886 18.84697272200758
    endloop
  endfacet
  facet normal 1 0 0
    outer loop
      vertex 49.23000000000005 72.02 12.399999999999999
      vertex 49.23000000000005 68.69588635952555 18.97426003449278
      vertex 49.23000000000005 68.61999999999999 18.927756813566454
    endloop
  endfacet
  facet normal 1 0 0
    outer loop
      vertex 49.23000000000005 72.02 12.399999999999999
      vertex 49.23000000000005 68.83984466478472 19.07885186552315
      vertex 49.23000000000005 68.7692349288972 19.02467110956259
    endloop
  endfacet
  facet normal 1 0 0
    outer loop
      vertex 49.23000000000005 72.02 12.399999999999999
      vertex 49.23000000000005 68.7692349288972 19.02467110956259
      vertex 49.23000000000005 68.69588635952555 18.97426003449278
    endloop
  endfacet
  facet normal 1 0 0
    outer loop
      vertex 49.23000000000005 72.02 12.399999999999999
      vertex 49.23000000000005 68.90752203081006 19.136653796688428
      vertex 49.23000000000005 68.83984466478472 19.07885186552315
    endloop
  endfacet
  facet normal 1 0 0
    outer loop
      vertex 49.23000000000005 72.02 12.399999999999999
      vertex 49.23000000000005 68.97208152801713 19.197918471982867
      vertex 49.23000000000005 68.90752203081006 19.136653796688428
    endloop
  endfacet
  facet normal 1 0 0
    outer loop
      vertex 49.23000000000005 72.02 12.399999999999999
      vertex 49.23000000000005 69.09114813447685 19.330155335215274
      vertex 49.23000000000005 69.03334620331157 19.26247796918994
    endloop
  endfacet
  facet normal 1 0 0
    outer loop
      vertex 49.23000000000005 72.02 12.399999999999999
      vertex 49.23000000000005 69.03334620331157 19.26247796918994
      vertex 49.23000000000005 68.97208152801713 19.197918471982867
    endloop
  endfacet
  facet normal 1 0 0
    outer loop
      vertex 49.23000000000005 72.02 12.399999999999999
      vertex 49.23000000000005 69.14532889043741 19.400765071102793
      vertex 49.23000000000005 69.09114813447685 19.330155335215274
    endloop
  endfacet
  facet normal 1 0 0
    outer loop
      vertex 49.23000000000005 72.02 12.399999999999999
      vertex 49.23000000000005 69.19573996550722 19.474113640474453
      vertex 49.23000000000005 69.14532889043741 19.400765071102793
    endloop
  endfacet
  facet normal 1 0 0
    outer loop
      vertex 49.23000000000005 72.02 12.399999999999999
      vertex 49.23000000000005 69.24224318643354 19.549999999999997
      vertex 49.23000000000005 69.19573996550722 19.474113640474453
    endloop
  endfacet
  facet normal 1 0 0
    outer loop
      vertex 49.23000000000005 72.02 12.399999999999999
      vertex 49.23000000000005 69.28471109112022 19.628216150442768
      vertex 49.23000000000005 69.24224318643354 19.549999999999997
    endloop
  endfacet
  facet normal 1 0 0
    outer loop
      vertex 49.23000000000005 72.02 12.399999999999999
      vertex 49.23000000000005 69.32302727799242 19.70854770677114
      vertex 49.23000000000005 69.28471109112022 19.628216150442768
    endloop
  endfacet
  facet normal 1 0 0
    outer loop
      vertex 49.23000000000005 72.02 12.399999999999999
      vertex 49.23000000000005 69.35708672504524 19.79077448577299
      vertex 49.23000000000005 69.32302727799242 19.70854770677114
    endloop
  endfacet
  facet normal 1 0 0
    outer loop
      vertex 49.23000000000005 72.02 12.399999999999999
      vertex 49.23000000000005 69.38679607770176 19.874671109562588
      vertex 49.23000000000005 69.35708672504524 19.79077448577299
    endloop
  endfacet
  facet normal 1 0 0
    outer loop
      vertex 49.23000000000005 69.38679607770176 19.874671109562588
      vertex 49.23000000000005 72.02 12.399999999999999
      vertex 49.23000000000005 69.41207390469141 19.960007623325712
    endloop
  endfacet
  facet normal 1 0 0
    outer loop
      vertex 49.23000000000005 69.41207390469141 19.960007623325712
      vertex 49.23000000000005 72.02 12.399999999999999
      vertex 49.23000000000005 69.43285092124746 20.04655012560981
    endloop
  endfacet
  facet normal 1 0 0
    outer loop
      vertex 49.23000000000005 69.43285092124746 20.04655012560981
      vertex 49.23000000000005 72.02 12.399999999999999
      vertex 49.23000000000005 69.44907017901173 20.134061409431606
    endloop
  endfacet
  facet normal 1 0 0
    outer loop
      vertex 49.23000000000005 69.44907017901173 20.134061409431606
      vertex 49.23000000000005 72.02 12.399999999999999
      vertex 49.23000000000005 69.46068722212605 20.222301612444987
    endloop
  endfacet
  facet normal 1 0 0
    outer loop
      vertex 49.23000000000005 69.46068722212605 20.222301612444987
      vertex 49.23000000000005 72.02 12.399999999999999
      vertex 49.23000000000005 69.46767020908277 20.311028874386995
    endloop
  endfacet
  facet normal 1 0 0
    outer loop
      vertex 49.23000000000005 69.46767020908277 20.311028874386995
      vertex 49.23000000000005 72.02 12.399999999999999
      vertex 49.23000000000005 69.47 20.4
    endloop
  endfacet
  facet normal 1 0 0
    outer loop
      vertex 49.23000000000005 69.47 20.4
      vertex 49.23000000000005 72.02 12.399999999999999
      vertex 49.23000000000005 69.46767020908277 20.488971125613002
    endloop
  endfacet
  facet normal 1 0 0
    outer loop
      vertex 49.23000000000005 69.46767020908277 20.488971125613002
      vertex 49.23000000000005 72.02 12.399999999999999
      vertex 49.23000000000005 69.46068722212605 20.57769838755501
    endloop
  endfacet
  facet normal 1 0 0
    outer loop
      vertex 49.23000000000005 69.46068722212605 20.57769838755501
      vertex 49.23000000000005 72.02 12.399999999999999
      vertex 49.23000000000005 69.44907017901173 20.66593859056839
    endloop
  endfacet
  facet normal 1 0 0
    outer loop
      vertex 49.23000000000005 69.44907017901173 20.66593859056839
      vertex 49.23000000000005 72.02 12.399999999999999
      vertex 49.23000000000005 69.43285092124746 20.75344987439019
    endloop
  endfacet
  facet normal -1 0 0
    outer loop
      vertex 39.53 64.52000000327826 18.4
      vertex 39.53 66.15320392229823 20.92532889043741
      vertex 39.53 66.12792609530858 20.839992376674285
    endloop
  endfacet
  facet normal -1 0 0
    outer loop
      vertex 39.53 64.52000000327826 18.4
      vertex 39.53 66.18291327495476 21.00922551422701
      vertex 39.53 66.15320392229823 20.92532889043741
    endloop
  endfacet
  facet normal -1 0 0
    outer loop
      vertex 39.53 64.52000000327826 18.4
      vertex 39.53 66.21697272200757 21.09145229322886
      vertex 39.53 66.18291327495476 21.00922551422701
    endloop
  endfacet
  facet normal -1 0 0
    outer loop
      vertex 39.53 64.52000000327826 18.4
      vertex 39.53 66.25528890887978 21.17178384955723
      vertex 39.53 66.21697272200757 21.09145229322886
    endloop
  endfacet
  facet normal -1 0 0
    outer loop
      vertex 39.53 64.52000000327826 18.4
      vertex 39.53 66.29775681356645 21.25
      vertex 39.53 66.25528890887978 21.17178384955723
    endloop
  endfacet
  facet normal -1 0 0
    outer loop
      vertex 39.53 64.52000000327826 18.4
      vertex 39.53 66.34426003449278 21.325886359525544
      vertex 39.53 66.29775681356645 21.25
    endloop
  endfacet
  facet normal -1 0 0
    outer loop
      vertex 39.53 64.52000000327826 18.4
      vertex 39.53 70.02 28.4
      vertex 39.53 66.34426003449278 21.325886359525544
    endloop
  endfacet
  facet normal -1 0 0
    outer loop
      vertex 39.53 70.02 12.399999999999999
      vertex 39.53 69.46767020908277 20.311028874386995
      vertex 39.53 70.02 28.4
    endloop
  endfacet
  facet normal -1 0 0
    outer loop
      vertex 39.53 69.46767020908277 20.311028874386995
      vertex 39.53 69.47 20.4
      vertex 39.53 70.02 28.4
    endloop
  endfacet
  facet normal -1 0 0
    outer loop
      vertex 39.53 69.47 20.4
      vertex 39.53 69.46767020908277 20.488971125613002
      vertex 39.53 70.02 28.4
    endloop
  endfacet
  facet normal -1 0 0
    outer loop
      vertex 39.53 69.46767020908277 20.488971125613002
      vertex 39.53 69.46068722212605 20.57769838755501
      vertex 39.53 70.02 28.4
    endloop
  endfacet
  facet normal -1 0 0
    outer loop
      vertex 39.53 69.46068722212605 20.57769838755501
      vertex 39.53 69.44907017901173 20.66593859056839
      vertex 39.53 70.02 28.4
    endloop
  endfacet
  facet normal -1 0 0
    outer loop
      vertex 39.53 69.43285092124746 20.75344987439019
      vertex 39.53 69.41207390469141 20.839992376674285
      vertex 39.53 70.02 28.4
    endloop
  endfacet
  facet normal -1 0 0
    outer loop
      vertex 39.53 69.44907017901173 20.66593859056839
      vertex 39.53 69.43285092124746 20.75344987439019
      vertex 39.53 70.02 28.4
    endloop
  endfacet
  facet normal -0.9996573258242132 0.026176915898989524 0
    outer loop
      vertex 39.53 70.02 12.399999999999999
      vertex 39.53 70.02 28.4
      vertex 39.53274092704058 70.12467191040516 28.4
    endloop
  endfacet
  facet normal -0.9969173287082567 0.07845915957486238 0
    outer loop
      vertex 39.53274092704058 70.12467191040516 12.399999999999999
      vertex 39.53274092704058 70.12467191040516 28.4
      vertex 39.54095621287823 70.22905692875385 28.4
    endloop
  endfacet
  facet normal -0.9914448646709336 0.130526167175912 0
    outer loop
      vertex 39.54095621287823 70.22905692875385 12.399999999999999
      vertex 39.54095621287823 70.22905692875385 28.4
      vertex 39.554623319506646 70.33286893039941 28.4
    endloop
  endfacet
  facet normal -0.9832549067222632 0.18223553003350748 0
    outer loop
      vertex 39.554623319506646 70.33286893039941 12.399999999999999
      vertex 39.554623319506646 70.33286893039941 28.4
      vertex 39.57370480030775 70.43582338511943 28.4
    endloop
  endfacet
  facet normal -0.9723699266881016 0.23344533765439804 0
    outer loop
      vertex 39.57370480030775 70.43582338511943 12.399999999999999
      vertex 39.57370480030775 70.43582338511943 28.4
      vertex 39.598148344755174 70.53763808727264 28.4
    endloop
  endfacet
  facet normal -0.9588197384607063 0.28401533257580097 0
    outer loop
      vertex 39.598148344755174 70.53763808727264 12.399999999999999
      vertex 39.598148344755174 70.53763808727264 28.4
      vertex 39.627886964678765 70.63803399026393 28.4
    endloop
  endfacet
  facet normal -0.9426414704722688 0.33380691746259405 0
    outer loop
      vertex 39.627886964678765 70.63803399026393 12.399999999999999
      vertex 39.627886964678765 70.63803399026393 28.4
      vertex 39.662839150726796 70.73673589944839 28.4
    endloop
  endfacet
  facet normal -0.92387952935444 0.38268343998639204 0
    outer loop
      vertex 39.662839150726796 70.73673589944839 12.399999999999999
      vertex 39.662839150726796 70.73673589944839 28.4
      vertex 39.70290908843279 70.83347328424453 28.4
    endloop
  endfacet
  facet normal -0.9025853144542187 0.43051103369319 0
    outer loop
      vertex 39.70290908843279 70.83347328424453 12.399999999999999
      vertex 39.70290908843279 70.83347328424453 28.4
      vertex 39.74798694878817 70.92798100084066 28.4
    endloop
  endfacet
  facet normal -0.8788170932013816 0.4771587961015434 0
    outer loop
      vertex 39.74798694878817 70.92798100084066 12.399999999999999
      vertex 39.74798694878817 70.92798100084066 28.4
      vertex 39.79794919371605 71.02 28.4
    endloop
  endfacet
  facet normal -0.8526401644822993 0.5224985645067338 0
    outer loop
      vertex 39.79794919371605 71.02 12.399999999999999
      vertex 39.79794919371605 71.02 28.4
      vertex 39.85265886664391 71.10927807211876 28.4
    endloop
  endfacet
  facet normal -0.824126195039763 0.5664062275869525 0
    outer loop
      vertex 39.85265886664391 71.10927807211876 12.399999999999999
      vertex 39.85265886664391 71.10927807211876 28.4
      vertex 39.91196600973606 71.19557050287723 28.4
    endloop
  endfacet
  facet normal -0.7933533513494008 0.6087614145974385 0
    outer loop
      vertex 39.91196600973606 71.19557050287723 12.399999999999999
      vertex 39.91196600973606 71.19557050287723 28.4
      vertex 39.975708073675634 71.27864078104496 28.4
    endloop
  endfacet
  facet normal 0 0.9832549075639576 0.18223552549213073
    outer loop
      vertex 39.53 66.10714907875253 20.04655012560981
      vertex 39.53 66.09092982098826 20.134061409431606
      vertex 49.23000000000005 66.10714907875253 20.04655012560981
    endloop
  endfacet
  facet normal 0 0.9914448613738148 0.13052619222001796
    outer loop
      vertex 39.53 66.09092982098826 20.134061409431606
      vertex 39.53 66.07931277787394 20.222301612444987
      vertex 49.23000000000005 66.09092982098826 20.134061409431606
    endloop
  endfacet
  facet normal 0 0.9969173337331251 0.07845909572788239
    outer loop
      vertex 39.53 66.07931277787394 20.222301612444987
      vertex 39.53 66.07232979091722 20.311028874386995
      vertex 49.23000000000005 66.07931277787394 20.222301612444987
    endloop
  endfacet
  facet normal 0 0.9996573249755556 0.02617694830793569
    outer loop
      vertex 39.53 66.07232979091722 20.311028874386995
      vertex 39.53 66.07 20.4
      vertex 49.23000000000005 66.07232979091722 20.311028874386995
    endloop
  endfacet
  facet normal 0 0.9996573249755556 -0.02617694830793569
    outer loop
      vertex 39.53 66.07 20.4
      vertex 39.53 66.07232979091722 20.488971125613002
      vertex 49.23000000000005 66.07 20.4
    endloop
  endfacet
  facet normal 0 0.9969173337331251 -0.07845909572788239
    outer loop
      vertex 39.53 66.07232979091722 20.488971125613002
      vertex 39.53 66.07931277787394 20.57769838755501
      vertex 49.23000000000005 66.07232979091722 20.488971125613002
    endloop
  endfacet
  facet normal 0 0.9914448613738148 -0.13052619222001796
    outer loop
      vertex 39.53 66.07931277787394 20.57769838755501
      vertex 39.53 66.09092982098826 20.66593859056839
      vertex 49.23000000000005 66.07931277787394 20.57769838755501
    endloop
  endfacet
  facet normal 0 0.9832549075639576 -0.18223552549213073
    outer loop
      vertex 39.53 66.09092982098826 20.66593859056839
      vertex 39.53 66.10714907875253 20.75344987439019
      vertex 49.23000000000005 66.09092982098826 20.66593859056839
    endloop
  endfacet
  facet normal 0 0.9723699203976786 -0.23344536385589695
    outer loop
      vertex 39.53 66.10714907875253 20.75344987439019
      vertex 39.53 66.12792609530858 20.839992376674285
      vertex 49.23000000000005 66.10714907875253 20.75344987439019
    endloop
  endfacet
  facet normal 0 0.9588197348682045 -0.28401534470388384
    outer loop
      vertex 39.53 66.12792609530858 20.839992376674285
      vertex 39.53 66.15320392229823 20.92532889043741
      vertex 49.23000000000005 66.12792609530858 20.839992376674285
    endloop
  endfacet
  facet normal 0 0.9426414910921532 -0.333806859233842
    outer loop
      vertex 39.53 66.15320392229823 20.92532889043741
      vertex 39.53 66.18291327495476 21.00922551422701
      vertex 49.23000000000005 66.15320392229823 20.92532889043741
    endloop
  endfacet
  facet normal 0 0.9238795325113257 -0.3826834323649958
    outer loop
      vertex 39.53 66.18291327495476 21.00922551422701
      vertex 39.53 66.21697272200757 21.09145229322886
      vertex 49.23000000000005 66.18291327495476 21.00922551422701
    endloop
  endfacet
  facet normal 0 0.9025852843498111 -0.4305110968083989
    outer loop
      vertex 39.53 66.21697272200757 21.09145229322886
      vertex 39.53 66.25528890887978 21.17178384955723
      vertex 49.23000000000005 66.21697272200757 21.09145229322886
    endloop
  endfacet
  facet normal 0 0.8788171126619909 -0.4771587602595613
    outer loop
      vertex 39.53 66.25528890887978 21.17178384955723
      vertex 39.53 66.29775681356645 21.25
      vertex 49.23000000000005 66.25528890887978 21.17178384955723
    endloop
  endfacet
  facet normal 0 0.8526401643540824 -0.5224985647159649
    outer loop
      vertex 39.53 66.29775681356645 21.25
      vertex 39.53 66.34426003449278 21.325886359525544
      vertex 49.23000000000005 66.29775681356645 21.25
    endloop
  endfacet
  facet normal 0 0.8241261886220592 -0.5664062369247693
    outer loop
      vertex 39.53 66.34426003449278 21.325886359525544
      vertex 39.53 66.39467110956258 21.399234928897204
      vertex 49.23000000000005 66.34426003449278 21.325886359525544
    endloop
  endfacet
  facet normal 0 0.7933533402912416 -0.6087614290087122
    outer loop
      vertex 39.53 66.39467110956258 21.399234928897204
      vertex 39.53 66.44885186552314 21.469844664784723
      vertex 49.23000000000005 66.39467110956258 21.399234928897204
    endloop
  endfacet
  facet normal 0 0.7604059655999824 -0.6494480483302406
    outer loop
      vertex 39.53 66.44885186552314 21.469844664784723
      vertex 39.53 66.50665379668843 21.537522030810056
      vertex 49.23000000000005 66.44885186552314 21.469844664784723
    endloop
  endfacet
  facet normal 0 0.7253743710123075 -0.6883545756937333
    outer loop
      vertex 39.53 66.50665379668843 21.537522030810056
      vertex 39.53 66.56791847198286 21.60208152801713
      vertex 49.23000000000005 66.50665379668843 21.537522030810056
    endloop
  endfacet
  facet normal 0 0.6883545756937531 -0.7253743710122885
    outer loop
      vertex 39.53 66.56791847198286 21.60208152801713
      vertex 39.53 66.63247796918994 21.66334620331157
      vertex 49.23000000000005 66.56791847198286 21.60208152801713
    endloop
  endfacet
  facet normal 0 0.6494480483301747 -0.7604059656000386
    outer loop
      vertex 39.53 66.63247796918994 21.66334620331157
      vertex 39.53 66.70015533521527 21.72114813447685
      vertex 49.23000000000005 66.63247796918994 21.66334620331157
    endloop
  endfacet
  facet normal 0 0.6087614290087314 -0.7933533402912268
    outer loop
      vertex 39.53 66.70015533521527 21.72114813447685
      vertex 39.53 66.77076507110279 21.775328890437407
      vertex 49.23000000000005 66.70015533521527 21.72114813447685
    endloop
  endfacet
  facet normal 0 0.5664062369248235 -0.824126188622022
    outer loop
      vertex 39.53 66.77076507110279 21.775328890437407
      vertex 39.53 66.84411364047445 21.825739965507218
      vertex 49.23000000000005 66.77076507110279 21.775328890437407
    endloop
  endfacet
  facet normal 0 0.5224985647159115 -0.852640164354115
    outer loop
      vertex 39.53 66.84411364047445 21.825739965507218
      vertex 39.53 66.92 21.872243186433543
      vertex 49.23000000000005 66.84411364047445 21.825739965507218
    endloop
  endfacet
  facet normal 0 0.47715876025962295 -0.8788171126619575
    outer loop
      vertex 39.53 66.92 21.872243186433543
      vertex 39.53 66.99821615044277 21.914711091120225
      vertex 49.23000000000005 66.92 21.872243186433543
    endloop
  endfacet
  facet normal 0 0.43051109680831534 -0.9025852843498509
    outer loop
      vertex 39.53 66.99821615044277 21.914711091120225
      vertex 39.53 67.07854770677113 21.95302727799242
      vertex 49.23000000000005 66.99821615044277 21.914711091120225
    endloop
  endfacet
  facet normal 0 0.3826834323650698 -0.923879532511295
    outer loop
      vertex 39.53 67.07854770677113 21.95302727799242
      vertex 39.53 67.16077448577299 21.98708672504524
      vertex 49.23000000000005 67.07854770677113 21.95302727799242
    endloop
  endfacet
  facet normal 0 0.333806859233771 -0.9426414910921783
    outer loop
      vertex 39.53 67.16077448577299 21.98708672504524
      vertex 39.53 67.24467110956259 22.01679607770176
      vertex 49.23000000000005 67.16077448577299 21.98708672504524
    endloop
  endfacet
  facet normal 0 0.2840153447039206 -0.9588197348681936
    outer loop
      vertex 39.53 67.24467110956259 22.01679607770176
      vertex 39.53 67.33000762332571 22.042073904691414
      vertex 49.23000000000005 67.24467110956259 22.01679607770176
    endloop
  endfacet
  facet normal 0 0.23344536385591508 -0.9723699203976742
    outer loop
      vertex 39.53 67.33000762332571 22.042073904691414
      vertex 39.53 67.4165501256098 22.062850921247467
      vertex 49.23000000000005 67.33000762332571 22.042073904691414
    endloop
  endfacet
  facet normal 0 0.18223552549216931 -0.9832549075639505
    outer loop
      vertex 39.53 67.4165501256098 22.062850921247467
      vertex 39.53 67.5040614094316 22.079070179011733
      vertex 49.23000000000005 67.4165501256098 22.062850921247467
    endloop
  endfacet
  facet normal -7.881235184479492e-20 -0.9832549075639576 0.18223552549213073
    outer loop
      vertex 39.53 69.43285092124746 20.04655012560981
      vertex 49.23000000000005 69.44907017901173 20.134061409431606
      vertex 39.53 69.44907017901173 20.134061409431606
    endloop
  endfacet
  facet normal -5.3447452577206015e-20 -0.9914448613738148 0.13052619222001796
    outer loop
      vertex 39.53 69.44907017901173 20.134061409431606
      vertex 49.23000000000005 69.46068722212605 20.222301612444987
      vertex 39.53 69.46068722212605 20.222301612444987
    endloop
  endfacet
  facet normal 5.627058728909495e-20 -0.9969173337331251 0.07845909572788239
    outer loop
      vertex 39.53 69.46068722212605 20.222301612444987
      vertex 49.23000000000005 69.46767020908277 20.311028874386995
      vertex 39.53 69.46767020908277 20.311028874386995
    endloop
  endfacet
  facet normal 1.5071237756794327e-21 -0.9996573249755556 0.02617694830793569
    outer loop
      vertex 39.53 69.46767020908277 20.311028874386995
      vertex 49.23000000000005 69.47 20.4
      vertex 39.53 69.47 20.4
    endloop
  endfacet
  facet normal -1.5071237756794327e-21 -0.9996573249755556 -0.02617694830793569
    outer loop
      vertex 39.53 69.47 20.4
      vertex 49.23000000000005 69.46767020908277 20.488971125613002
      vertex 39.53 69.46767020908277 20.488971125613002
    endloop
  endfacet
  facet normal -5.627058728909495e-20 -0.9969173337331251 -0.07845909572788239
    outer loop
      vertex 39.53 69.46767020908277 20.488971125613002
      vertex 49.23000000000005 69.46068722212605 20.57769838755501
      vertex 39.53 69.46068722212605 20.57769838755501
    endloop
  endfacet
  facet normal 5.3447452577206015e-20 -0.9914448613738148 -0.13052619222001796
    outer loop
      vertex 39.53 69.46068722212605 20.57769838755501
      vertex 49.23000000000005 69.44907017901173 20.66593859056839
      vertex 39.53 69.44907017901173 20.66593859056839
    endloop
  endfacet
  facet normal 7.881235184479492e-20 -0.9832549075639576 -0.18223552549213073
    outer loop
      vertex 39.53 69.44907017901173 20.66593859056839
      vertex 49.23000000000005 69.43285092124746 20.75344987439019
      vertex 39.53 69.43285092124746 20.75344987439019
    endloop
  endfacet
  facet normal 9.852967505979823e-20 -0.9723699203976786 -0.23344536385589695
    outer loop
      vertex 39.53 69.43285092124746 20.75344987439019
      vertex 49.23000000000005 69.41207390469141 20.839992376674285
      vertex 39.53 69.41207390469141 20.839992376674285
    endloop
  endfacet
  facet normal 2.365087345598982e-19 -0.9588197348682045 -0.28401534470388384
    outer loop
      vertex 39.53 69.41207390469141 20.839992376674285
      vertex 49.23000000000005 69.38679607770176 20.92532889043741
      vertex 39.53 69.38679607770176 20.92532889043741
    endloop
  endfacet
  facet normal 1.8150542287678578e-19 -0.9238795325113257 -0.3826834323649958
    outer loop
      vertex 39.53 69.35708672504524 21.00922551422701
      vertex 49.23000000000005 69.32302727799242 21.09145229322886
      vertex 39.53 69.32302727799242 21.09145229322886
    endloop
  endfacet
  facet normal 1.648765200791509e-19 -0.9426414910921532 -0.333806859233842
    outer loop
      vertex 39.53 69.38679607770176 20.92532889043741
      vertex 49.23000000000005 69.35708672504524 21.00922551422701
      vertex 39.53 69.35708672504524 21.00922551422701
    endloop
  endfacet
  facet normal -3.9238821001579097e-20 -0.9025852843498111 -0.4305110968083989
    outer loop
      vertex 39.53 69.32302727799242 21.09145229322886
      vertex 49.23000000000005 69.28471109112022 21.17178384955723
      vertex 39.53 69.28471109112022 21.17178384955723
    endloop
  endfacet
  facet normal 2.2482010197836665e-19 -0.8788171126619909 -0.4771587602595613
    outer loop
      vertex 39.53 69.28471109112022 21.17178384955723
      vertex 49.23000000000005 69.24224318643354 21.25
      vertex 39.53 69.24224318643354 21.25
    endloop
  endfacet
  facet normal -2.0543028357904437e-19 -0.8241261886220592 -0.5664062369247693
    outer loop
      vertex 39.53 69.19573996550722 21.325886359525544
      vertex 49.23000000000005 69.14532889043741 21.399234928897204
      vertex 39.53 69.14532889043741 21.399234928897204
    endloop
  endfacet
  facet normal 2.2854065739725054e-20 -0.7933533402912416 -0.6087614290087122
    outer loop
      vertex 39.53 69.14532889043741 21.399234928897204
      vertex 49.23000000000005 69.09114813447685 21.469844664784723
      vertex 39.53 69.09114813447685 21.469844664784723
    endloop
  endfacet
  facet normal 1.3773959028373825e-19 -0.7604059655999824 -0.6494480483302406
    outer loop
      vertex 39.53 69.09114813447685 21.469844664784723
      vertex 49.23000000000005 69.03334620331157 21.537522030810056
      vertex 39.53 69.03334620331157 21.537522030810056
    endloop
  endfacet
  facet normal -3.1507722513073924e-19 -0.7253743710123075 -0.6883545756937333
    outer loop
      vertex 39.53 69.03334620331157 21.537522030810056
      vertex 49.23000000000005 68.97208152801713 21.60208152801713
      vertex 39.53 68.97208152801713 21.60208152801713
    endloop
  endfacet
  facet normal 0 -0.6883545756937531 -0.7253743710122885
    outer loop
      vertex 39.53 68.90752203081006 21.66334620331157
      vertex 39.53 68.97208152801713 21.60208152801713
      vertex 49.23000000000005 68.90752203081006 21.66334620331157
    endloop
  endfacet
  facet normal 8.504935140637194e-20 -0.8526401643540824 -0.5224985647159649
    outer loop
      vertex 39.53 69.24224318643354 21.25
      vertex 49.23000000000005 69.19573996550722 21.325886359525544
      vertex 39.53 69.19573996550722 21.325886359525544
    endloop
  endfacet
  facet normal -0.7604059369619204 0.6494480818611015 0
    outer loop
      vertex 39.975708073675634 71.27864078104496 12.399999999999999
      vertex 39.975708073675634 71.27864078104496 28.4
      vertex 40.043710349798204 71.3582612094283 28.4
    endloop
  endfacet
  facet normal -0.7253743722808802 0.6883545743569364 0
    outer loop
      vertex 40.043710349798204 71.3582612094283 12.399999999999999
      vertex 40.043710349798204 71.3582612094283 28.4
      vertex 40.1157864394784 71.4342135605216 28.4
    endloop
  endfacet
  facet normal -0.6883545743569364 0.7253743722808802 0
    outer loop
      vertex 40.1157864394784 71.4342135605216 12.399999999999999
      vertex 40.1157864394784 71.4342135605216 28.4
      vertex 40.19173879057169 71.5062896502018 28.4
    endloop
  endfacet
  facet normal -0.6494480818611015 0.7604059369619204 0
    outer loop
      vertex 40.19173879057169 71.5062896502018 12.399999999999999
      vertex 40.19173879057169 71.5062896502018 28.4
      vertex 40.27135921895504 71.57429192632436 28.4
    endloop
  endfacet
  facet normal -0.6087614145974385 0.7933533513494008 0
    outer loop
      vertex 40.27135921895504 71.57429192632436 12.399999999999999
      vertex 40.27135921895504 71.57429192632436 28.4
      vertex 40.354429497122766 71.63803399026393 28.4
    endloop
  endfacet
  facet normal -0.5664062275869525 0.824126195039763 0
    outer loop
      vertex 40.354429497122766 71.63803399026393 12.399999999999999
      vertex 40.354429497122766 71.63803399026393 28.4
      vertex 40.44072192788124 71.69734113335609 28.4
    endloop
  endfacet
  facet normal -0.5224985645067338 0.8526401644822993 0
    outer loop
      vertex 40.44072192788124 71.69734113335609 12.399999999999999
      vertex 40.44072192788124 71.69734113335609 28.4
      vertex 40.53 71.75205080628395 28.4
    endloop
  endfacet
  facet normal -0.4771587961015434 0.8788170932013816 0
    outer loop
      vertex 40.53 71.75205080628395 12.399999999999999
      vertex 40.53 71.75205080628395 28.4
      vertex 40.62201899915934 71.80201305121183 28.4
    endloop
  endfacet
  facet normal -0.43051103369319 0.9025853144542187 0
    outer loop
      vertex 40.62201899915934 71.80201305121183 12.399999999999999
      vertex 40.62201899915934 71.80201305121183 28.4
      vertex 40.716526715755464 71.84709091156721 28.4
    endloop
  endfacet
  facet normal -0.38268343998639204 0.92387952935444 0
    outer loop
      vertex 40.716526715755464 71.84709091156721 12.399999999999999
      vertex 40.716526715755464 71.84709091156721 28.4
      vertex 40.813264100551606 71.8871608492732 28.4
    endloop
  endfacet
  facet normal -0.33380691746259405 0.9426414704722688 0
    outer loop
      vertex 40.813264100551606 71.8871608492732 12.399999999999999
      vertex 40.813264100551606 71.8871608492732 28.4
      vertex 40.91196600973606 71.92211303532123 28.4
    endloop
  endfacet
  facet normal -0.28401533257580097 0.9588197384607063 0
    outer loop
      vertex 40.91196600973606 71.92211303532123 12.399999999999999
      vertex 40.91196600973606 71.92211303532123 28.4
      vertex 41.01236191272736 71.95185165524482 28.4
    endloop
  endfacet
  facet normal -0.23344533765439804 0.9723699266881016 0
    outer loop
      vertex 41.01236191272736 71.95185165524482 12.399999999999999
      vertex 41.01236191272736 71.95185165524482 28.4
      vertex 41.11417661488056 71.97629519969225 28.4
    endloop
  endfacet
  facet normal -0.18223553003350748 0.9832549067222632 0
    outer loop
      vertex 41.11417661488056 71.97629519969225 12.399999999999999
      vertex 41.11417661488056 71.97629519969225 28.4
      vertex 41.21713106960058 71.99537668049335 28.4
    endloop
  endfacet
  facet normal -0.130526167175912 0.9914448646709336 0
    outer loop
      vertex 41.21713106960058 71.99537668049335 12.399999999999999
      vertex 41.21713106960058 71.99537668049335 28.4
      vertex 41.32094307124615 72.00904378712177 28.4
    endloop
  endfacet
  facet normal -0.07845915957486238 0.9969173287082567 0
    outer loop
      vertex 41.32094307124615 72.00904378712177 12.399999999999999
      vertex 41.32094307124615 72.00904378712177 28.4
      vertex 41.42532808959484 72.01725907295942 28.4
    endloop
  endfacet
  facet normal -0.026176915898989524 0.9996573258242132 0
    outer loop
      vertex 41.42532808959484 72.01725907295942 12.399999999999999
      vertex 41.42532808959484 72.01725907295942 28.4
      vertex 41.53 72.02 28.4
    endloop
  endfacet
  facet normal 0 0.13052619222005205 -0.9914448613738104
    outer loop
      vertex 39.53 67.5040614094316 22.079070179011733
      vertex 39.53 67.59230161244498 22.090687222126064
      vertex 49.23000000000005 67.5040614094316 22.079070179011733
    endloop
  endfacet
  facet normal 0 0.07845909572783959 -0.9969173337331284
    outer loop
      vertex 39.53 67.59230161244498 22.090687222126064
      vertex 39.53 67.681028874387 22.097670209082775
      vertex 49.23000000000005 67.59230161244498 22.090687222126064
    endloop
  endfacet
  facet normal 0 0.026176948307856954 -0.9996573249755577
    outer loop
      vertex 39.53 67.681028874387 22.097670209082775
      vertex 39.53 67.77 22.099999999999998
      vertex 49.23000000000005 67.681028874387 22.097670209082775
    endloop
  endfacet
  facet normal 0 -0.026176948307856954 -0.9996573249755577
    outer loop
      vertex 39.53 67.77 22.099999999999998
      vertex 39.53 67.858971125613 22.097670209082775
      vertex 49.23000000000005 67.77 22.099999999999998
    endloop
  endfacet
  facet normal 0 -0.07845909572783959 -0.9969173337331284
    outer loop
      vertex 39.53 67.858971125613 22.097670209082775
      vertex 39.53 67.94769838755501 22.090687222126064
      vertex 49.23000000000005 67.858971125613 22.097670209082775
    endloop
  endfacet
  facet normal 3.8095702149559315e-20 -0.13052619222005205 -0.9914448613738104
    outer loop
      vertex 39.53 68.03593859056839 22.079070179011733
      vertex 49.23000000000005 67.94769838755501 22.090687222126064
      vertex 39.53 67.94769838755501 22.090687222126064
    endloop
  endfacet
  facet normal 0 -0.18223552549216931 -0.9832549075639505
    outer loop
      vertex 39.53 68.03593859056839 22.079070179011733
      vertex 39.53 68.12344987439019 22.062850921247467
      vertex 49.23000000000005 68.03593859056839 22.079070179011733
    endloop
  endfacet
  facet normal -2.304052078641527e-20 -0.47715876025962295 -0.8788171126619575
    outer loop
      vertex 39.53 68.61999999999999 21.872243186433543
      vertex 49.23000000000005 68.54178384955722 21.914711091120225
      vertex 39.53 68.54178384955722 21.914711091120225
    endloop
  endfacet
  facet normal 5.363990491149195e-20 -0.23344536385591508 -0.9723699203976742
    outer loop
      vertex 39.53 68.20999237667428 22.042073904691414
      vertex 49.23000000000005 68.12344987439019 22.062850921247467
      vertex 39.53 68.12344987439019 22.062850921247467
    endloop
  endfacet
  facet normal 0 -0.333806859233771 -0.9426414910921783
    outer loop
      vertex 39.53 68.2953288904374 22.01679607770176
      vertex 39.53 68.379225514227 21.98708672504524
      vertex 49.23000000000005 68.2953288904374 22.01679607770176
    endloop
  endfacet
  facet normal 0 -0.2840153447039206 -0.9588197348681936
    outer loop
      vertex 39.53 68.20999237667428 22.042073904691414
      vertex 39.53 68.2953288904374 22.01679607770176
      vertex 49.23000000000005 68.20999237667428 22.042073904691414
    endloop
  endfacet
  facet normal 0 -0.43051109680831534 -0.9025852843498509
    outer loop
      vertex 39.53 68.46145229322886 21.95302727799242
      vertex 39.53 68.54178384955722 21.914711091120225
      vertex 49.23000000000005 68.46145229322886 21.95302727799242
    endloop
  endfacet
  facet normal -2.3810255414767017e-19 -0.3826834323650698 -0.923879532511295
    outer loop
      vertex 39.53 68.46145229322886 21.95302727799242
      vertex 49.23000000000005 68.379225514227 21.98708672504524
      vertex 39.53 68.379225514227 21.98708672504524
    endloop
  endfacet
  facet normal -2.0759888375477262e-19 -0.6494480483301747 -0.7604059656000386
    outer loop
      vertex 39.53 68.90752203081006 21.66334620331157
      vertex 49.23000000000005 68.83984466478472 21.72114813447685
      vertex 39.53 68.83984466478472 21.72114813447685
    endloop
  endfacet
  facet normal 0 -0.6087614290087314 -0.7933533402912268
    outer loop
      vertex 39.53 68.7692349288972 21.775328890437407
      vertex 39.53 68.83984466478472 21.72114813447685
      vertex 49.23000000000005 68.7692349288972 21.775328890437407
    endloop
  endfacet
  facet normal -7.630826064551486e-20 -0.5664062369248235 -0.824126188622022
    outer loop
      vertex 39.53 68.7692349288972 21.775328890437407
      vertex 49.23000000000005 68.69588635952555 21.825739965507218
      vertex 39.53 68.69588635952555 21.825739965507218
    endloop
  endfacet
  facet normal 0 -0.5224985647159115 -0.852640164354115
    outer loop
      vertex 39.53 68.61999999999999 21.872243186433543
      vertex 39.53 68.69588635952555 21.825739965507218
      vertex 49.23000000000005 68.61999999999999 21.872243186433543
    endloop
  endfacet
  facet normal -1 0 0
    outer loop
      vertex 39.53 64.52000000327826 18.4
      vertex 39.53 64.52000000327826 28.4
      vertex 39.53 70.02 28.4
    endloop
  endfacet
  facet normal -1 0 0
    outer loop
      vertex 39.53 66.34426003449278 21.325886359525544
      vertex 39.53 70.02 28.4
      vertex 39.53 66.39467110956258 21.399234928897204
    endloop
  endfacet
  facet normal -1 0 0
    outer loop
      vertex 39.53 66.39467110956258 21.399234928897204
      vertex 39.53 70.02 28.4
      vertex 39.53 66.44885186552314 21.469844664784723
    endloop
  endfacet
  facet normal -1 0 0
    outer loop
      vertex 39.53 66.44885186552314 21.469844664784723
      vertex 39.53 70.02 28.4
      vertex 39.53 66.50665379668843 21.537522030810056
    endloop
  endfacet
  facet normal -1 0 0
    outer loop
      vertex 39.53 66.50665379668843 21.537522030810056
      vertex 39.53 70.02 28.4
      vertex 39.53 66.56791847198286 21.60208152801713
    endloop
  endfacet
  facet normal -1 0 0
    outer loop
      vertex 39.53 66.63247796918994 21.66334620331157
      vertex 39.53 70.02 28.4
      vertex 39.53 66.70015533521527 21.72114813447685
    endloop
  endfacet
  facet normal -1 0 0
    outer loop
      vertex 39.53 66.56791847198286 21.60208152801713
      vertex 39.53 70.02 28.4
      vertex 39.53 66.63247796918994 21.66334620331157
    endloop
  endfacet
  facet normal -1 0 0
    outer loop
      vertex 39.53 66.70015533521527 21.72114813447685
      vertex 39.53 70.02 28.4
      vertex 39.53 66.77076507110279 21.775328890437407
    endloop
  endfacet
  facet normal -1 0 0
    outer loop
      vertex 39.53 66.84411364047445 21.825739965507218
      vertex 39.53 70.02 28.4
      vertex 39.53 66.92 21.872243186433543
    endloop
  endfacet
  facet normal -1 0 0
    outer loop
      vertex 39.53 66.77076507110279 21.775328890437407
      vertex 39.53 70.02 28.4
      vertex 39.53 66.84411364047445 21.825739965507218
    endloop
  endfacet
  facet normal -1 0 0
    outer loop
      vertex 39.53 66.99821615044277 21.914711091120225
      vertex 39.53 70.02 28.4
      vertex 39.53 67.07854770677113 21.95302727799242
    endloop
  endfacet
  facet normal -1 0 0
    outer loop
      vertex 39.53 66.92 21.872243186433543
      vertex 39.53 70.02 28.4
      vertex 39.53 66.99821615044277 21.914711091120225
    endloop
  endfacet
  facet normal -1 0 0
    outer loop
      vertex 39.53 67.16077448577299 21.98708672504524
      vertex 39.53 70.02 28.4
      vertex 39.53 67.24467110956259 22.01679607770176
    endloop
  endfacet
  facet normal -1 0 0
    outer loop
      vertex 39.53 67.07854770677113 21.95302727799242
      vertex 39.53 70.02 28.4
      vertex 39.53 67.16077448577299 21.98708672504524
    endloop
  endfacet
  facet normal -1 0 0
    outer loop
      vertex 39.53 67.24467110956259 22.01679607770176
      vertex 39.53 70.02 28.4
      vertex 39.53 67.33000762332571 22.042073904691414
    endloop
  endfacet
  facet normal -1 0 0
    outer loop
      vertex 39.53 67.4165501256098 22.062850921247467
      vertex 39.53 70.02 28.4
      vertex 39.53 67.5040614094316 22.079070179011733
    endloop
  endfacet
  facet normal -1 0 0
    outer loop
      vertex 39.53 67.33000762332571 22.042073904691414
      vertex 39.53 70.02 28.4
      vertex 39.53 67.4165501256098 22.062850921247467
    endloop
  endfacet
  facet normal -1 0 0
    outer loop
      vertex 39.53 67.59230161244498 22.090687222126064
      vertex 39.53 70.02 28.4
      vertex 39.53 67.681028874387 22.097670209082775
    endloop
  endfacet
  facet normal -1 0 0
    outer loop
      vertex 39.53 67.5040614094316 22.079070179011733
      vertex 39.53 70.02 28.4
      vertex 39.53 67.59230161244498 22.090687222126064
    endloop
  endfacet
  facet normal -1 0 0
    outer loop
      vertex 39.53 67.858971125613 22.097670209082775
      vertex 39.53 70.02 28.4
      vertex 39.53 67.94769838755501 22.090687222126064
    endloop
  endfacet
  facet normal -1 0 0
    outer loop
      vertex 39.53 69.41207390469141 20.839992376674285
      vertex 39.53 69.38679607770176 20.92532889043741
      vertex 39.53 70.02 28.4
    endloop
  endfacet
  facet normal -1 0 0
    outer loop
      vertex 39.53 69.38679607770176 20.92532889043741
      vertex 39.53 69.35708672504524 21.00922551422701
      vertex 39.53 70.02 28.4
    endloop
  endfacet
  facet normal -1 0 0
    outer loop
      vertex 39.53 69.35708672504524 21.00922551422701
      vertex 39.53 69.32302727799242 21.09145229322886
      vertex 39.53 70.02 28.4
    endloop
  endfacet
  facet normal -1 0 0
    outer loop
      vertex 39.53 69.32302727799242 21.09145229322886
      vertex 39.53 69.28471109112022 21.17178384955723
      vertex 39.53 70.02 28.4
    endloop
  endfacet
  facet normal -1 0 0
    outer loop
      vertex 39.53 69.24224318643354 21.25
      vertex 39.53 69.19573996550722 21.325886359525544
      vertex 39.53 70.02 28.4
    endloop
  endfacet
  facet normal -1 0 0
    outer loop
      vertex 39.53 69.19573996550722 21.325886359525544
      vertex 39.53 69.14532889043741 21.399234928897204
      vertex 39.53 70.02 28.4
    endloop
  endfacet
  facet normal -1 0 0
    outer loop
      vertex 39.53 69.14532889043741 21.399234928897204
      vertex 39.53 69.09114813447685 21.469844664784723
      vertex 39.53 70.02 28.4
    endloop
  endfacet
  facet normal -1 0 0
    outer loop
      vertex 39.53 69.28471109112022 21.17178384955723
      vertex 39.53 69.24224318643354 21.25
      vertex 39.53 70.02 28.4
    endloop
  endfacet
  facet normal -1 0 0
    outer loop
      vertex 39.53 68.20999237667428 22.042073904691414
      vertex 39.53 68.12344987439019 22.062850921247467
      vertex 39.53 70.02 28.4
    endloop
  endfacet
  facet normal -1 0 0
    outer loop
      vertex 39.53 68.03593859056839 22.079070179011733
      vertex 39.53 70.02 28.4
      vertex 39.53 68.12344987439019 22.062850921247467
    endloop
  endfacet
  facet normal -1 0 0
    outer loop
      vertex 39.53 68.03593859056839 22.079070179011733
      vertex 39.53 67.94769838755501 22.090687222126064
      vertex 39.53 70.02 28.4
    endloop
  endfacet
  facet normal -1 0 0
    outer loop
      vertex 39.53 68.2953288904374 22.01679607770176
      vertex 39.53 70.02 28.4
      vertex 39.53 68.379225514227 21.98708672504524
    endloop
  endfacet
  facet normal -1 0 0
    outer loop
      vertex 39.53 68.20999237667428 22.042073904691414
      vertex 39.53 70.02 28.4
      vertex 39.53 68.2953288904374 22.01679607770176
    endloop
  endfacet
  facet normal -1 0 0
    outer loop
      vertex 39.53 68.61999999999999 21.872243186433543
      vertex 39.53 68.54178384955722 21.914711091120225
      vertex 39.53 70.02 28.4
    endloop
  endfacet
  facet normal -1 0 0
    outer loop
      vertex 39.53 68.46145229322886 21.95302727799242
      vertex 39.53 70.02 28.4
      vertex 39.53 68.54178384955722 21.914711091120225
    endloop
  endfacet
  facet normal -1 0 0
    outer loop
      vertex 39.53 68.7692349288972 21.775328890437407
      vertex 39.53 68.69588635952555 21.825739965507218
      vertex 39.53 70.02 28.4
    endloop
  endfacet
  facet normal -1 0 0
    outer loop
      vertex 39.53 68.61999999999999 21.872243186433543
      vertex 39.53 70.02 28.4
      vertex 39.53 68.69588635952555 21.825739965507218
    endloop
  endfacet
  facet normal -1 0 0
    outer loop
      vertex 39.53 68.46145229322886 21.95302727799242
      vertex 39.53 68.379225514227 21.98708672504524
      vertex 39.53 70.02 28.4
    endloop
  endfacet
  facet normal -1 0 0
    outer loop
      vertex 39.53 69.03334620331157 21.537522030810056
      vertex 39.53 68.97208152801713 21.60208152801713
      vertex 39.53 70.02 28.4
    endloop
  endfacet
  facet normal -1 0 0
    outer loop
      vertex 39.53 69.09114813447685 21.469844664784723
      vertex 39.53 69.03334620331157 21.537522030810056
      vertex 39.53 70.02 28.4
    endloop
  endfacet
  facet normal -1 0 0
    outer loop
      vertex 39.53 68.90752203081006 21.66334620331157
      vertex 39.53 70.02 28.4
      vertex 39.53 68.97208152801713 21.60208152801713
    endloop
  endfacet
  facet normal -1 0 0
    outer loop
      vertex 39.53 68.90752203081006 21.66334620331157
      vertex 39.53 68.83984466478472 21.72114813447685
      vertex 39.53 70.02 28.4
    endloop
  endfacet
  facet normal -1 0 0
    outer loop
      vertex 39.53 68.7692349288972 21.775328890437407
      vertex 39.53 70.02 28.4
      vertex 39.53 68.83984466478472 21.72114813447685
    endloop
  endfacet
  facet normal -1 0 0
    outer loop
      vertex 39.53 67.681028874387 22.097670209082775
      vertex 39.53 70.02 28.4
      vertex 39.53 67.77 22.099999999999998
    endloop
  endfacet
  facet normal -1 0 0
    outer loop
      vertex 39.53 67.77 22.099999999999998
      vertex 39.53 70.02 28.4
      vertex 39.53 67.858971125613 22.097670209082775
    endloop
  endfacet
  facet normal 0 0.9832549075639576 0.18223552549213073
    outer loop
      vertex 39.53 66.09092982098826 20.134061409431606
      vertex 49.23000000000005 66.09092982098826 20.134061409431606
      vertex 49.23000000000005 66.10714907875253 20.04655012560981
    endloop
  endfacet
  facet normal 0 0.9914448613738148 0.13052619222001796
    outer loop
      vertex 39.53 66.07931277787394 20.222301612444987
      vertex 49.23000000000005 66.07931277787394 20.222301612444987
      vertex 49.23000000000005 66.09092982098826 20.134061409431606
    endloop
  endfacet
  facet normal 0 0.9969173337331251 0.07845909572788239
    outer loop
      vertex 39.53 66.07232979091722 20.311028874386995
      vertex 49.23000000000005 66.07232979091722 20.311028874386995
      vertex 49.23000000000005 66.07931277787394 20.222301612444987
    endloop
  endfacet
  facet normal 0 0.9996573249755556 0.02617694830793569
    outer loop
      vertex 39.53 66.07 20.4
      vertex 49.23000000000005 66.07 20.4
      vertex 49.23000000000005 66.07232979091722 20.311028874386995
    endloop
  endfacet
  facet normal 0 0.9996573249755556 -0.02617694830793569
    outer loop
      vertex 39.53 66.07232979091722 20.488971125613002
      vertex 49.23000000000005 66.07232979091722 20.488971125613002
      vertex 49.23000000000005 66.07 20.4
    endloop
  endfacet
  facet normal 0 0.9969173337331251 -0.07845909572788239
    outer loop
      vertex 39.53 66.07931277787394 20.57769838755501
      vertex 49.23000000000005 66.07931277787394 20.57769838755501
      vertex 49.23000000000005 66.07232979091722 20.488971125613002
    endloop
  endfacet
  facet normal 0 0.9914448613738148 -0.13052619222001796
    outer loop
      vertex 39.53 66.09092982098826 20.66593859056839
      vertex 49.23000000000005 66.09092982098826 20.66593859056839
      vertex 49.23000000000005 66.07931277787394 20.57769838755501
    endloop
  endfacet
  facet normal 0 0.9832549075639576 -0.18223552549213073
    outer loop
      vertex 39.53 66.10714907875253 20.75344987439019
      vertex 49.23000000000005 66.10714907875253 20.75344987439019
      vertex 49.23000000000005 66.09092982098826 20.66593859056839
    endloop
  endfacet
  facet normal 0 0.9723699203976786 -0.23344536385589695
    outer loop
      vertex 39.53 66.12792609530858 20.839992376674285
      vertex 49.23000000000005 66.12792609530858 20.839992376674285
      vertex 49.23000000000005 66.10714907875253 20.75344987439019
    endloop
  endfacet
  facet normal 0 0.9588197348682045 -0.28401534470388384
    outer loop
      vertex 39.53 66.15320392229823 20.92532889043741
      vertex 49.23000000000005 66.15320392229823 20.92532889043741
      vertex 49.23000000000005 66.12792609530858 20.839992376674285
    endloop
  endfacet
  facet normal 0 0.9426414910921532 -0.333806859233842
    outer loop
      vertex 39.53 66.18291327495476 21.00922551422701
      vertex 49.23000000000005 66.18291327495476 21.00922551422701
      vertex 49.23000000000005 66.15320392229823 20.92532889043741
    endloop
  endfacet
  facet normal 0 0.9238795325113257 -0.3826834323649958
    outer loop
      vertex 39.53 66.21697272200757 21.09145229322886
      vertex 49.23000000000005 66.21697272200757 21.09145229322886
      vertex 49.23000000000005 66.18291327495476 21.00922551422701
    endloop
  endfacet
  facet normal 0 0.9025852843498111 -0.4305110968083989
    outer loop
      vertex 39.53 66.25528890887978 21.17178384955723
      vertex 49.23000000000005 66.25528890887978 21.17178384955723
      vertex 49.23000000000005 66.21697272200757 21.09145229322886
    endloop
  endfacet
  facet normal 0 0.8788171126619909 -0.4771587602595613
    outer loop
      vertex 39.53 66.29775681356645 21.25
      vertex 49.23000000000005 66.29775681356645 21.25
      vertex 49.23000000000005 66.25528890887978 21.17178384955723
    endloop
  endfacet
  facet normal 0 0.8526401643540824 -0.5224985647159649
    outer loop
      vertex 39.53 66.34426003449278 21.325886359525544
      vertex 49.23000000000005 66.34426003449278 21.325886359525544
      vertex 49.23000000000005 66.29775681356645 21.25
    endloop
  endfacet
  facet normal 0 0.8241261886220592 -0.5664062369247693
    outer loop
      vertex 39.53 66.39467110956258 21.399234928897204
      vertex 49.23000000000005 66.39467110956258 21.399234928897204
      vertex 49.23000000000005 66.34426003449278 21.325886359525544
    endloop
  endfacet
  facet normal 0 0.7933533402912416 -0.6087614290087122
    outer loop
      vertex 39.53 66.44885186552314 21.469844664784723
      vertex 49.23000000000005 66.44885186552314 21.469844664784723
      vertex 49.23000000000005 66.39467110956258 21.399234928897204
    endloop
  endfacet
  facet normal 0 0.7604059655999824 -0.6494480483302406
    outer loop
      vertex 39.53 66.50665379668843 21.537522030810056
      vertex 49.23000000000005 66.50665379668843 21.537522030810056
      vertex 49.23000000000005 66.44885186552314 21.469844664784723
    endloop
  endfacet
  facet normal 0 0.7253743710123075 -0.6883545756937333
    outer loop
      vertex 39.53 66.56791847198286 21.60208152801713
      vertex 49.23000000000005 66.56791847198286 21.60208152801713
      vertex 49.23000000000005 66.50665379668843 21.537522030810056
    endloop
  endfacet
  facet normal 0 0.6883545756937531 -0.7253743710122885
    outer loop
      vertex 39.53 66.63247796918994 21.66334620331157
      vertex 49.23000000000005 66.63247796918994 21.66334620331157
      vertex 49.23000000000005 66.56791847198286 21.60208152801713
    endloop
  endfacet
  facet normal 0 0.6494480483301747 -0.7604059656000386
    outer loop
      vertex 39.53 66.70015533521527 21.72114813447685
      vertex 49.23000000000005 66.70015533521527 21.72114813447685
      vertex 49.23000000000005 66.63247796918994 21.66334620331157
    endloop
  endfacet
  facet normal 0 0.6087614290087314 -0.7933533402912268
    outer loop
      vertex 39.53 66.77076507110279 21.775328890437407
      vertex 49.23000000000005 66.77076507110279 21.775328890437407
      vertex 49.23000000000005 66.70015533521527 21.72114813447685
    endloop
  endfacet
  facet normal 0 0.5664062369248235 -0.824126188622022
    outer loop
      vertex 39.53 66.84411364047445 21.825739965507218
      vertex 49.23000000000005 66.84411364047445 21.825739965507218
      vertex 49.23000000000005 66.77076507110279 21.775328890437407
    endloop
  endfacet
  facet normal 0 0.5224985647159115 -0.852640164354115
    outer loop
      vertex 39.53 66.92 21.872243186433543
      vertex 49.23000000000005 66.92 21.872243186433543
      vertex 49.23000000000005 66.84411364047445 21.825739965507218
    endloop
  endfacet
  facet normal 0 0.47715876025962295 -0.8788171126619575
    outer loop
      vertex 39.53 66.99821615044277 21.914711091120225
      vertex 49.23000000000005 66.99821615044277 21.914711091120225
      vertex 49.23000000000005 66.92 21.872243186433543
    endloop
  endfacet
  facet normal 0 0.43051109680831534 -0.9025852843498509
    outer loop
      vertex 39.53 67.07854770677113 21.95302727799242
      vertex 49.23000000000005 67.07854770677113 21.95302727799242
      vertex 49.23000000000005 66.99821615044277 21.914711091120225
    endloop
  endfacet
  facet normal 0 0.3826834323650698 -0.923879532511295
    outer loop
      vertex 39.53 67.16077448577299 21.98708672504524
      vertex 49.23000000000005 67.16077448577299 21.98708672504524
      vertex 49.23000000000005 67.07854770677113 21.95302727799242
    endloop
  endfacet
  facet normal 0 0.333806859233771 -0.9426414910921783
    outer loop
      vertex 39.53 67.24467110956259 22.01679607770176
      vertex 49.23000000000005 67.24467110956259 22.01679607770176
      vertex 49.23000000000005 67.16077448577299 21.98708672504524
    endloop
  endfacet
  facet normal 0 0.2840153447039206 -0.9588197348681936
    outer loop
      vertex 39.53 67.33000762332571 22.042073904691414
      vertex 49.23000000000005 67.33000762332571 22.042073904691414
      vertex 49.23000000000005 67.24467110956259 22.01679607770176
    endloop
  endfacet
  facet normal 0 0.23344536385591508 -0.9723699203976742
    outer loop
      vertex 39.53 67.4165501256098 22.062850921247467
      vertex 49.23000000000005 67.4165501256098 22.062850921247467
      vertex 49.23000000000005 67.33000762332571 22.042073904691414
    endloop
  endfacet
  facet normal 0 0.18223552549216931 -0.9832549075639505
    outer loop
      vertex 39.53 67.5040614094316 22.079070179011733
      vertex 49.23000000000005 67.5040614094316 22.079070179011733
      vertex 49.23000000000005 67.4165501256098 22.062850921247467
    endloop
  endfacet
  facet normal 0 -0.9832549075639576 0.18223552549213073
    outer loop
      vertex 39.53 69.43285092124746 20.04655012560981
      vertex 49.23000000000005 69.43285092124746 20.04655012560981
      vertex 49.23000000000005 69.44907017901173 20.134061409431606
    endloop
  endfacet
  facet normal 0 -0.9914448613738148 0.13052619222001796
    outer loop
      vertex 39.53 69.44907017901173 20.134061409431606
      vertex 49.23000000000005 69.44907017901173 20.134061409431606
      vertex 49.23000000000005 69.46068722212605 20.222301612444987
    endloop
  endfacet
  facet normal 0 -0.9969173337331251 0.07845909572788239
    outer loop
      vertex 39.53 69.46068722212605 20.222301612444987
      vertex 49.23000000000005 69.46068722212605 20.222301612444987
      vertex 49.23000000000005 69.46767020908277 20.311028874386995
    endloop
  endfacet
  facet normal 0 -0.9996573249755556 0.02617694830793569
    outer loop
      vertex 39.53 69.46767020908277 20.311028874386995
      vertex 49.23000000000005 69.46767020908277 20.311028874386995
      vertex 49.23000000000005 69.47 20.4
    endloop
  endfacet
  facet normal 0 -0.9996573249755556 -0.02617694830793569
    outer loop
      vertex 39.53 69.47 20.4
      vertex 49.23000000000005 69.47 20.4
      vertex 49.23000000000005 69.46767020908277 20.488971125613002
    endloop
  endfacet
  facet normal 0 -0.9969173337331251 -0.07845909572788239
    outer loop
      vertex 39.53 69.46767020908277 20.488971125613002
      vertex 49.23000000000005 69.46767020908277 20.488971125613002
      vertex 49.23000000000005 69.46068722212605 20.57769838755501
    endloop
  endfacet
  facet normal 0 -0.9914448613738148 -0.13052619222001796
    outer loop
      vertex 39.53 69.46068722212605 20.57769838755501
      vertex 49.23000000000005 69.46068722212605 20.57769838755501
      vertex 49.23000000000005 69.44907017901173 20.66593859056839
    endloop
  endfacet
  facet normal 0 -0.9832549075639576 -0.18223552549213073
    outer loop
      vertex 39.53 69.44907017901173 20.66593859056839
      vertex 49.23000000000005 69.44907017901173 20.66593859056839
      vertex 49.23000000000005 69.43285092124746 20.75344987439019
    endloop
  endfacet
  facet normal 0 -0.9723699203976786 -0.23344536385589695
    outer loop
      vertex 39.53 69.43285092124746 20.75344987439019
      vertex 49.23000000000005 69.43285092124746 20.75344987439019
      vertex 49.23000000000005 69.41207390469141 20.839992376674285
    endloop
  endfacet
  facet normal 0 -0.9588197348682045 -0.28401534470388384
    outer loop
      vertex 39.53 69.41207390469141 20.839992376674285
      vertex 49.23000000000005 69.41207390469141 20.839992376674285
      vertex 49.23000000000005 69.38679607770176 20.92532889043741
    endloop
  endfacet
  facet normal 0 -0.9426414910921532 -0.333806859233842
    outer loop
      vertex 39.53 69.38679607770176 20.92532889043741
      vertex 49.23000000000005 69.38679607770176 20.92532889043741
      vertex 49.23000000000005 69.35708672504524 21.00922551422701
    endloop
  endfacet
  facet normal 0 -0.9238795325113257 -0.3826834323649958
    outer loop
      vertex 39.53 69.35708672504524 21.00922551422701
      vertex 49.23000000000005 69.35708672504524 21.00922551422701
      vertex 49.23000000000005 69.32302727799242 21.09145229322886
    endloop
  endfacet
  facet normal 0 -0.9025852843498111 -0.4305110968083989
    outer loop
      vertex 39.53 69.32302727799242 21.09145229322886
      vertex 49.23000000000005 69.32302727799242 21.09145229322886
      vertex 49.23000000000005 69.28471109112022 21.17178384955723
    endloop
  endfacet
  facet normal 0 -0.8788171126619909 -0.4771587602595613
    outer loop
      vertex 39.53 69.28471109112022 21.17178384955723
      vertex 49.23000000000005 69.28471109112022 21.17178384955723
      vertex 49.23000000000005 69.24224318643354 21.25
    endloop
  endfacet
  facet normal 0 -0.8526401643540824 -0.5224985647159649
    outer loop
      vertex 39.53 69.24224318643354 21.25
      vertex 49.23000000000005 69.24224318643354 21.25
      vertex 49.23000000000005 69.19573996550722 21.325886359525544
    endloop
  endfacet
  facet normal 0 -0.8241261886220592 -0.5664062369247693
    outer loop
      vertex 39.53 69.19573996550722 21.325886359525544
      vertex 49.23000000000005 69.19573996550722 21.325886359525544
      vertex 49.23000000000005 69.14532889043741 21.399234928897204
    endloop
  endfacet
  facet normal 0 -0.7933533402912416 -0.6087614290087122
    outer loop
      vertex 39.53 69.14532889043741 21.399234928897204
      vertex 49.23000000000005 69.14532889043741 21.399234928897204
      vertex 49.23000000000005 69.09114813447685 21.469844664784723
    endloop
  endfacet
  facet normal 0 -0.6494480483301747 -0.7604059656000386
    outer loop
      vertex 39.53 68.90752203081006 21.66334620331157
      vertex 49.23000000000005 68.90752203081006 21.66334620331157
      vertex 49.23000000000005 68.83984466478472 21.72114813447685
    endloop
  endfacet
  facet normal 0 -0.7253743710123075 -0.6883545756937333
    outer loop
      vertex 39.53 69.03334620331157 21.537522030810056
      vertex 49.23000000000005 69.03334620331157 21.537522030810056
      vertex 49.23000000000005 68.97208152801713 21.60208152801713
    endloop
  endfacet
  facet normal 0 -0.7604059655999824 -0.6494480483302406
    outer loop
      vertex 39.53 69.09114813447685 21.469844664784723
      vertex 49.23000000000005 69.09114813447685 21.469844664784723
      vertex 49.23000000000005 69.03334620331157 21.537522030810056
    endloop
  endfacet
  facet normal 0 -0.6883545756937531 -0.7253743710122885
    outer loop
      vertex 39.53 68.97208152801713 21.60208152801713
      vertex 49.23000000000005 68.97208152801713 21.60208152801713
      vertex 49.23000000000005 68.90752203081006 21.66334620331157
    endloop
  endfacet
  facet normal 0 0.13052619222005205 -0.9914448613738104
    outer loop
      vertex 39.53 67.59230161244498 22.090687222126064
      vertex 49.23000000000005 67.59230161244498 22.090687222126064
      vertex 49.23000000000005 67.5040614094316 22.079070179011733
    endloop
  endfacet
  facet normal 0 0.07845909572783959 -0.9969173337331284
    outer loop
      vertex 39.53 67.681028874387 22.097670209082775
      vertex 49.23000000000005 67.681028874387 22.097670209082775
      vertex 49.23000000000005 67.59230161244498 22.090687222126064
    endloop
  endfacet
  facet normal 0 0.026176948307856954 -0.9996573249755577
    outer loop
      vertex 39.53 67.77 22.099999999999998
      vertex 49.23000000000005 67.77 22.099999999999998
      vertex 49.23000000000005 67.681028874387 22.097670209082775
    endloop
  endfacet
  facet normal 0 -0.026176948307856954 -0.9996573249755577
    outer loop
      vertex 39.53 67.858971125613 22.097670209082775
      vertex 49.23000000000005 67.858971125613 22.097670209082775
      vertex 49.23000000000005 67.77 22.099999999999998
    endloop
  endfacet
  facet normal 0 -0.07845909572783959 -0.9969173337331284
    outer loop
      vertex 39.53 67.94769838755501 22.090687222126064
      vertex 49.23000000000005 67.94769838755501 22.090687222126064
      vertex 49.23000000000005 67.858971125613 22.097670209082775
    endloop
  endfacet
  facet normal 0 -0.13052619222005205 -0.9914448613738104
    outer loop
      vertex 39.53 68.03593859056839 22.079070179011733
      vertex 49.23000000000005 68.03593859056839 22.079070179011733
      vertex 49.23000000000005 67.94769838755501 22.090687222126064
    endloop
  endfacet
  facet normal 0 -0.47715876025962295 -0.8788171126619575
    outer loop
      vertex 39.53 68.61999999999999 21.872243186433543
      vertex 49.23000000000005 68.61999999999999 21.872243186433543
      vertex 49.23000000000005 68.54178384955722 21.914711091120225
    endloop
  endfacet
  facet normal 0 -0.333806859233771 -0.9426414910921783
    outer loop
      vertex 39.53 68.379225514227 21.98708672504524
      vertex 49.23000000000005 68.379225514227 21.98708672504524
      vertex 49.23000000000005 68.2953288904374 22.01679607770176
    endloop
  endfacet
  facet normal 0 -0.23344536385591508 -0.9723699203976742
    outer loop
      vertex 39.53 68.20999237667428 22.042073904691414
      vertex 49.23000000000005 68.20999237667428 22.042073904691414
      vertex 49.23000000000005 68.12344987439019 22.062850921247467
    endloop
  endfacet
  facet normal 0 -0.18223552549216931 -0.9832549075639505
    outer loop
      vertex 39.53 68.12344987439019 22.062850921247467
      vertex 49.23000000000005 68.12344987439019 22.062850921247467
      vertex 49.23000000000005 68.03593859056839 22.079070179011733
    endloop
  endfacet
  facet normal 0 -0.2840153447039206 -0.9588197348681936
    outer loop
      vertex 39.53 68.2953288904374 22.01679607770176
      vertex 49.23000000000005 68.2953288904374 22.01679607770176
      vertex 49.23000000000005 68.20999237667428 22.042073904691414
    endloop
  endfacet
  facet normal 0 -0.3826834323650698 -0.923879532511295
    outer loop
      vertex 39.53 68.46145229322886 21.95302727799242
      vertex 49.23000000000005 68.46145229322886 21.95302727799242
      vertex 49.23000000000005 68.379225514227 21.98708672504524
    endloop
  endfacet
  facet normal 0 -0.43051109680831534 -0.9025852843498509
    outer loop
      vertex 39.53 68.54178384955722 21.914711091120225
      vertex 49.23000000000005 68.54178384955722 21.914711091120225
      vertex 49.23000000000005 68.46145229322886 21.95302727799242
    endloop
  endfacet
  facet normal 0 -0.5664062369248235 -0.824126188622022
    outer loop
      vertex 39.53 68.7692349288972 21.775328890437407
      vertex 49.23000000000005 68.7692349288972 21.775328890437407
      vertex 49.23000000000005 68.69588635952555 21.825739965507218
    endloop
  endfacet
  facet normal 0 -0.6087614290087314 -0.7933533402912268
    outer loop
      vertex 39.53 68.83984466478472 21.72114813447685
      vertex 49.23000000000005 68.83984466478472 21.72114813447685
      vertex 49.23000000000005 68.7692349288972 21.775328890437407
    endloop
  endfacet
  facet normal 0 -0.5224985647159115 -0.852640164354115
    outer loop
      vertex 39.53 68.69588635952555 21.825739965507218
      vertex 49.23000000000005 68.69588635952555 21.825739965507218
      vertex 49.23000000000005 68.61999999999999 21.872243186433543
    endloop
  endfacet
  facet normal 1 0 0
    outer loop
      vertex 49.23000000000005 66.10714907875253 20.75344987439019
      vertex 49.23000000000005 64.52000000327826 28.4
      vertex 49.23000000000005 60.524999998509884 18.4
    endloop
  endfacet
  facet normal 1 0 0
    outer loop
      vertex 49.23000000000005 66.12792609530858 20.839992376674285
      vertex 49.23000000000005 64.52000000327826 28.4
      vertex 49.23000000000005 66.10714907875253 20.75344987439019
    endloop
  endfacet
  facet normal 1 0 0
    outer loop
      vertex 49.23000000000005 69.43285092124746 20.75344987439019
      vertex 49.23000000000005 72.02 12.399999999999999
      vertex 49.23000000000005 72.02 28.4
    endloop
  endfacet
  facet normal 0 1 0
    outer loop
      vertex 41.53 72.02 28.4
      vertex 49.23000000000005 72.02 28.4
      vertex 49.23000000000005 72.02 12.399999999999999
    endloop
  endfacet
  facet normal 1 0 0
    outer loop
      vertex 49.23000000000005 69.43285092124746 20.75344987439019
      vertex 49.23000000000005 72.02 28.4
      vertex 49.23000000000005 69.41207390469141 20.839992376674285
    endloop
  endfacet
  facet normal 1 0 0
    outer loop
      vertex 49.23000000000005 66.15320392229823 20.92532889043741
      vertex 49.23000000000005 64.52000000327826 28.4
      vertex 49.23000000000005 66.12792609530858 20.839992376674285
    endloop
  endfacet
  facet normal 1 0 0
    outer loop
      vertex 49.23000000000005 66.18291327495476 21.00922551422701
      vertex 49.23000000000005 64.52000000327826 28.4
      vertex 49.23000000000005 66.15320392229823 20.92532889043741
    endloop
  endfacet
  facet normal 1 0 0
    outer loop
      vertex 49.23000000000005 66.21697272200757 21.09145229322886
      vertex 49.23000000000005 64.52000000327826 28.4
      vertex 49.23000000000005 66.18291327495476 21.00922551422701
    endloop
  endfacet
  facet normal 1 0 0
    outer loop
      vertex 49.23000000000005 66.25528890887978 21.17178384955723
      vertex 49.23000000000005 64.52000000327826 28.4
      vertex 49.23000000000005 66.21697272200757 21.09145229322886
    endloop
  endfacet
  facet normal 1 0 0
    outer loop
      vertex 49.23000000000005 66.29775681356645 21.25
      vertex 49.23000000000005 64.52000000327826 28.4
      vertex 49.23000000000005 66.25528890887978 21.17178384955723
    endloop
  endfacet
  facet normal 1 0 0
    outer loop
      vertex 49.23000000000005 66.34426003449278 21.325886359525544
      vertex 49.23000000000005 64.52000000327826 28.4
      vertex 49.23000000000005 66.29775681356645 21.25
    endloop
  endfacet
  facet normal 1 0 0
    outer loop
      vertex 49.23000000000005 66.39467110956258 21.399234928897204
      vertex 49.23000000000005 64.52000000327826 28.4
      vertex 49.23000000000005 66.34426003449278 21.325886359525544
    endloop
  endfacet
  facet normal 1 0 0
    outer loop
      vertex 49.23000000000005 66.44885186552314 21.469844664784723
      vertex 49.23000000000005 64.52000000327826 28.4
      vertex 49.23000000000005 66.39467110956258 21.399234928897204
    endloop
  endfacet
  facet normal 1 0 0
    outer loop
      vertex 49.23000000000005 66.50665379668843 21.537522030810056
      vertex 49.23000000000005 64.52000000327826 28.4
      vertex 49.23000000000005 66.44885186552314 21.469844664784723
    endloop
  endfacet
  facet normal 1 0 0
    outer loop
      vertex 49.23000000000005 66.56791847198286 21.60208152801713
      vertex 49.23000000000005 64.52000000327826 28.4
      vertex 49.23000000000005 66.50665379668843 21.537522030810056
    endloop
  endfacet
  facet normal 1 0 0
    outer loop
      vertex 49.23000000000005 66.70015533521527 21.72114813447685
      vertex 49.23000000000005 64.52000000327826 28.4
      vertex 49.23000000000005 66.63247796918994 21.66334620331157
    endloop
  endfacet
  facet normal 1 0 0
    outer loop
      vertex 49.23000000000005 66.63247796918994 21.66334620331157
      vertex 49.23000000000005 64.52000000327826 28.4
      vertex 49.23000000000005 66.56791847198286 21.60208152801713
    endloop
  endfacet
  facet normal 1 0 0
    outer loop
      vertex 49.23000000000005 66.77076507110279 21.775328890437407
      vertex 49.23000000000005 64.52000000327826 28.4
      vertex 49.23000000000005 66.70015533521527 21.72114813447685
    endloop
  endfacet
  facet normal 1 0 0
    outer loop
      vertex 49.23000000000005 66.92 21.872243186433543
      vertex 49.23000000000005 64.52000000327826 28.4
      vertex 49.23000000000005 66.84411364047445 21.825739965507218
    endloop
  endfacet
  facet normal 1 0 0
    outer loop
      vertex 49.23000000000005 66.84411364047445 21.825739965507218
      vertex 49.23000000000005 64.52000000327826 28.4
      vertex 49.23000000000005 66.77076507110279 21.775328890437407
    endloop
  endfacet
  facet normal 1 0 0
    outer loop
      vertex 49.23000000000005 67.07854770677113 21.95302727799242
      vertex 49.23000000000005 64.52000000327826 28.4
      vertex 49.23000000000005 66.99821615044277 21.914711091120225
    endloop
  endfacet
  facet normal 1 0 0
    outer loop
      vertex 49.23000000000005 66.99821615044277 21.914711091120225
      vertex 49.23000000000005 64.52000000327826 28.4
      vertex 49.23000000000005 66.92 21.872243186433543
    endloop
  endfacet
  facet normal 1 0 0
    outer loop
      vertex 49.23000000000005 67.24467110956259 22.01679607770176
      vertex 49.23000000000005 64.52000000327826 28.4
      vertex 49.23000000000005 67.16077448577299 21.98708672504524
    endloop
  endfacet
  facet normal 1 0 0
    outer loop
      vertex 49.23000000000005 67.16077448577299 21.98708672504524
      vertex 49.23000000000005 64.52000000327826 28.4
      vertex 49.23000000000005 67.07854770677113 21.95302727799242
    endloop
  endfacet
  facet normal 1 0 0
    outer loop
      vertex 49.23000000000005 67.33000762332571 22.042073904691414
      vertex 49.23000000000005 64.52000000327826 28.4
      vertex 49.23000000000005 67.24467110956259 22.01679607770176
    endloop
  endfacet
  facet normal 1 0 0
    outer loop
      vertex 49.23000000000005 67.5040614094316 22.079070179011733
      vertex 49.23000000000005 64.52000000327826 28.4
      vertex 49.23000000000005 67.4165501256098 22.062850921247467
    endloop
  endfacet
  facet normal 1 0 0
    outer loop
      vertex 49.23000000000005 67.4165501256098 22.062850921247467
      vertex 49.23000000000005 64.52000000327826 28.4
      vertex 49.23000000000005 67.33000762332571 22.042073904691414
    endloop
  endfacet
  facet normal 1 0 0
    outer loop
      vertex 49.23000000000005 67.59230161244498 22.090687222126064
      vertex 49.23000000000005 64.52000000327826 28.4
      vertex 49.23000000000005 67.5040614094316 22.079070179011733
    endloop
  endfacet
  facet normal 1 0 0
    outer loop
      vertex 49.23000000000005 67.681028874387 22.097670209082775
      vertex 49.23000000000005 72.02 28.4
      vertex 49.23000000000005 67.59230161244498 22.090687222126064
    endloop
  endfacet
  facet normal 1 0 0
    outer loop
      vertex 49.23000000000005 68.03593859056839 22.079070179011733
      vertex 49.23000000000005 72.02 28.4
      vertex 49.23000000000005 67.94769838755501 22.090687222126064
    endloop
  endfacet
  facet normal 1 0 0
    outer loop
      vertex 49.23000000000005 67.94769838755501 22.090687222126064
      vertex 49.23000000000005 72.02 28.4
      vertex 49.23000000000005 67.858971125613 22.097670209082775
    endloop
  endfacet
  facet normal 1 0 0
    outer loop
      vertex 49.23000000000005 68.20999237667428 22.042073904691414
      vertex 49.23000000000005 72.02 28.4
      vertex 49.23000000000005 68.12344987439019 22.062850921247467
    endloop
  endfacet
  facet normal 1 0 0
    outer loop
      vertex 49.23000000000005 68.12344987439019 22.062850921247467
      vertex 49.23000000000005 72.02 28.4
      vertex 49.23000000000005 68.03593859056839 22.079070179011733
    endloop
  endfacet
  facet normal 1 0 0
    outer loop
      vertex 49.23000000000005 68.61999999999999 21.872243186433543
      vertex 49.23000000000005 72.02 28.4
      vertex 49.23000000000005 68.54178384955722 21.914711091120225
    endloop
  endfacet
  facet normal 1 0 0
    outer loop
      vertex 49.23000000000005 68.54178384955722 21.914711091120225
      vertex 49.23000000000005 72.02 28.4
      vertex 49.23000000000005 68.46145229322886 21.95302727799242
    endloop
  endfacet
  facet normal 1 0 0
    outer loop
      vertex 49.23000000000005 68.46145229322886 21.95302727799242
      vertex 49.23000000000005 72.02 28.4
      vertex 49.23000000000005 68.379225514227 21.98708672504524
    endloop
  endfacet
  facet normal 1 0 0
    outer loop
      vertex 49.23000000000005 68.379225514227 21.98708672504524
      vertex 49.23000000000005 72.02 28.4
      vertex 49.23000000000005 68.2953288904374 22.01679607770176
    endloop
  endfacet
  facet normal 1 0 0
    outer loop
      vertex 49.23000000000005 68.2953288904374 22.01679607770176
      vertex 49.23000000000005 72.02 28.4
      vertex 49.23000000000005 68.20999237667428 22.042073904691414
    endloop
  endfacet
  facet normal 1 0 0
    outer loop
      vertex 49.23000000000005 67.77 22.099999999999998
      vertex 49.23000000000005 72.02 28.4
      vertex 49.23000000000005 67.681028874387 22.097670209082775
    endloop
  endfacet
  facet normal 1 0 0
    outer loop
      vertex 49.23000000000005 67.858971125613 22.097670209082775
      vertex 49.23000000000005 72.02 28.4
      vertex 49.23000000000005 67.77 22.099999999999998
    endloop
  endfacet
  facet normal 1 0 0
    outer loop
      vertex 49.23000000000005 69.41207390469141 20.839992376674285
      vertex 49.23000000000005 72.02 28.4
      vertex 49.23000000000005 69.38679607770176 20.92532889043741
    endloop
  endfacet
  facet normal 1 0 0
    outer loop
      vertex 49.23000000000005 69.38679607770176 20.92532889043741
      vertex 49.23000000000005 72.02 28.4
      vertex 49.23000000000005 69.35708672504524 21.00922551422701
    endloop
  endfacet
  facet normal 1 0 0
    outer loop
      vertex 49.23000000000005 69.35708672504524 21.00922551422701
      vertex 49.23000000000005 72.02 28.4
      vertex 49.23000000000005 69.32302727799242 21.09145229322886
    endloop
  endfacet
  facet normal 1 0 0
    outer loop
      vertex 49.23000000000005 69.32302727799242 21.09145229322886
      vertex 49.23000000000005 72.02 28.4
      vertex 49.23000000000005 69.28471109112022 21.17178384955723
    endloop
  endfacet
  facet normal 1 0 0
    outer loop
      vertex 49.23000000000005 69.28471109112022 21.17178384955723
      vertex 49.23000000000005 72.02 28.4
      vertex 49.23000000000005 69.24224318643354 21.25
    endloop
  endfacet
  facet normal 1 0 0
    outer loop
      vertex 49.23000000000005 69.24224318643354 21.25
      vertex 49.23000000000005 72.02 28.4
      vertex 49.23000000000005 69.19573996550722 21.325886359525544
    endloop
  endfacet
  facet normal 1 0 0
    outer loop
      vertex 49.23000000000005 69.19573996550722 21.325886359525544
      vertex 49.23000000000005 72.02 28.4
      vertex 49.23000000000005 69.14532889043741 21.399234928897204
    endloop
  endfacet
  facet normal 1 0 0
    outer loop
      vertex 49.23000000000005 69.14532889043741 21.399234928897204
      vertex 49.23000000000005 72.02 28.4
      vertex 49.23000000000005 69.09114813447685 21.469844664784723
    endloop
  endfacet
  facet normal 1 0 0
    outer loop
      vertex 49.23000000000005 69.09114813447685 21.469844664784723
      vertex 49.23000000000005 72.02 28.4
      vertex 49.23000000000005 69.03334620331157 21.537522030810056
    endloop
  endfacet
  facet normal 1 0 0
    outer loop
      vertex 49.23000000000005 69.03334620331157 21.537522030810056
      vertex 49.23000000000005 72.02 28.4
      vertex 49.23000000000005 68.97208152801713 21.60208152801713
    endloop
  endfacet
  facet normal 1 0 0
    outer loop
      vertex 49.23000000000005 68.83984466478472 21.72114813447685
      vertex 49.23000000000005 72.02 28.4
      vertex 49.23000000000005 68.7692349288972 21.775328890437407
    endloop
  endfacet
  facet normal 1 0 0
    outer loop
      vertex 49.23000000000005 68.97208152801713 21.60208152801713
      vertex 49.23000000000005 72.02 28.4
      vertex 49.23000000000005 68.90752203081006 21.66334620331157
    endloop
  endfacet
  facet normal 1 0 0
    outer loop
      vertex 49.23000000000005 68.90752203081006 21.66334620331157
      vertex 49.23000000000005 72.02 28.4
      vertex 49.23000000000005 68.83984466478472 21.72114813447685
    endloop
  endfacet
  facet normal 1 0 0
    outer loop
      vertex 49.23000000000005 68.7692349288972 21.775328890437407
      vertex 49.23000000000005 72.02 28.4
      vertex 49.23000000000005 68.69588635952555 21.825739965507218
    endloop
  endfacet
  facet normal 1 0 0
    outer loop
      vertex 49.23000000000005 68.69588635952555 21.825739965507218
      vertex 49.23000000000005 72.02 28.4
      vertex 49.23000000000005 68.61999999999999 21.872243186433543
    endloop
  endfacet
  facet normal 1 0 0
    outer loop
      vertex 49.23000000000005 67.59230161244498 22.090687222126064
      vertex 49.23000000000005 72.02 28.4
      vertex 49.23000000000005 64.52000000327826 28.4
    endloop
  endfacet
  facet normal 0 -1 0
    outer loop
      vertex -45.530000002384185 60.524999998509884 18.4
      vertex 49.23000000000005 60.524999998509884 18.4
      vertex 49.23000000000005 60.524999998509884 53.4
    endloop
  endfacet
  facet normal 0 1 0
    outer loop
      vertex -45.530000002384185 64.52000000327826 18.4
      vertex 49.23000000000005 64.52000000327826 53.4
      vertex 39.53 64.52000000327826 28.4
    endloop
  endfacet
  facet normal 0 0 1
    outer loop
      vertex -45.530000002384185 60.524999998509884 53.4
      vertex 49.23000000000005 60.524999998509884 53.4
      vertex 49.23000000000005 64.52000000327826 53.4
    endloop
  endfacet
  facet normal 0 0 1
    outer loop
      vertex 41.32094307124615 72.00904378712177 28.4
      vertex 41.53 72.02 28.4
      vertex 41.42532808959484 72.01725907295942 28.4
    endloop
  endfacet
  facet normal 0 0 1
    outer loop
      vertex 39.53 64.52000000327826 28.4
      vertex 49.23000000000005 72.02 28.4
      vertex 39.53 70.02 28.4
    endloop
  endfacet
  facet normal 0 0 1
    outer loop
      vertex 39.53 70.02 28.4
      vertex 49.23000000000005 72.02 28.4
      vertex 39.53274092704058 70.12467191040516 28.4
    endloop
  endfacet
  facet normal 0 0 1
    outer loop
      vertex 39.53274092704058 70.12467191040516 28.4
      vertex 49.23000000000005 72.02 28.4
      vertex 39.54095621287823 70.22905692875385 28.4
    endloop
  endfacet
  facet normal 0 0 1
    outer loop
      vertex 39.54095621287823 70.22905692875385 28.4
      vertex 49.23000000000005 72.02 28.4
      vertex 39.554623319506646 70.33286893039941 28.4
    endloop
  endfacet
  facet normal 0 0 1
    outer loop
      vertex 39.554623319506646 70.33286893039941 28.4
      vertex 49.23000000000005 72.02 28.4
      vertex 39.57370480030775 70.43582338511943 28.4
    endloop
  endfacet
  facet normal 0 0 1
    outer loop
      vertex 39.57370480030775 70.43582338511943 28.4
      vertex 49.23000000000005 72.02 28.4
      vertex 39.598148344755174 70.53763808727264 28.4
    endloop
  endfacet
  facet normal 0 0 1
    outer loop
      vertex 39.598148344755174 70.53763808727264 28.4
      vertex 49.23000000000005 72.02 28.4
      vertex 39.627886964678765 70.63803399026393 28.4
    endloop
  endfacet
  facet normal 0 0 1
    outer loop
      vertex 39.627886964678765 70.63803399026393 28.4
      vertex 49.23000000000005 72.02 28.4
      vertex 39.662839150726796 70.73673589944839 28.4
    endloop
  endfacet
  facet normal 0 0 1
    outer loop
      vertex 39.662839150726796 70.73673589944839 28.4
      vertex 49.23000000000005 72.02 28.4
      vertex 39.70290908843279 70.83347328424453 28.4
    endloop
  endfacet
  facet normal 0 0 1
    outer loop
      vertex 39.70290908843279 70.83347328424453 28.4
      vertex 49.23000000000005 72.02 28.4
      vertex 39.74798694878817 70.92798100084066 28.4
    endloop
  endfacet
  facet normal 0 0 1
    outer loop
      vertex 39.74798694878817 70.92798100084066 28.4
      vertex 49.23000000000005 72.02 28.4
      vertex 39.79794919371605 71.02 28.4
    endloop
  endfacet
  facet normal 0 0 1
    outer loop
      vertex 39.79794919371605 71.02 28.4
      vertex 49.23000000000005 72.02 28.4
      vertex 39.85265886664391 71.10927807211876 28.4
    endloop
  endfacet
  facet normal 0 0 1
    outer loop
      vertex 39.85265886664391 71.10927807211876 28.4
      vertex 49.23000000000005 72.02 28.4
      vertex 39.91196600973606 71.19557050287723 28.4
    endloop
  endfacet
  facet normal 0 0 1
    outer loop
      vertex 39.91196600973606 71.19557050287723 28.4
      vertex 49.23000000000005 72.02 28.4
      vertex 39.975708073675634 71.27864078104496 28.4
    endloop
  endfacet
  facet normal 0 0 1
    outer loop
      vertex 39.53 64.52000000327826 28.4
      vertex 49.23000000000005 64.52000000327826 28.4
      vertex 49.23000000000005 72.02 28.4
    endloop
  endfacet
  facet normal 0 0 1
    outer loop
      vertex 39.975708073675634 71.27864078104496 28.4
      vertex 49.23000000000005 72.02 28.4
      vertex 40.043710349798204 71.3582612094283 28.4
    endloop
  endfacet
  facet normal 0 0 1
    outer loop
      vertex 40.043710349798204 71.3582612094283 28.4
      vertex 49.23000000000005 72.02 28.4
      vertex 40.1157864394784 71.4342135605216 28.4
    endloop
  endfacet
  facet normal 0 0 1
    outer loop
      vertex 40.1157864394784 71.4342135605216 28.4
      vertex 49.23000000000005 72.02 28.4
      vertex 40.19173879057169 71.5062896502018 28.4
    endloop
  endfacet
  facet normal 0 0 1
    outer loop
      vertex 40.19173879057169 71.5062896502018 28.4
      vertex 49.23000000000005 72.02 28.4
      vertex 40.27135921895504 71.57429192632436 28.4
    endloop
  endfacet
  facet normal 0 0 1
    outer loop
      vertex 40.27135921895504 71.57429192632436 28.4
      vertex 49.23000000000005 72.02 28.4
      vertex 40.354429497122766 71.63803399026393 28.4
    endloop
  endfacet
  facet normal 0 0 1
    outer loop
      vertex 40.354429497122766 71.63803399026393 28.4
      vertex 49.23000000000005 72.02 28.4
      vertex 40.44072192788124 71.69734113335609 28.4
    endloop
  endfacet
  facet normal 0 0 1
    outer loop
      vertex 40.44072192788124 71.69734113335609 28.4
      vertex 49.23000000000005 72.02 28.4
      vertex 40.53 71.75205080628395 28.4
    endloop
  endfacet
  facet normal 0 0 1
    outer loop
      vertex 40.53 71.75205080628395 28.4
      vertex 49.23000000000005 72.02 28.4
      vertex 40.62201899915934 71.80201305121183 28.4
    endloop
  endfacet
  facet normal 0 0 1
    outer loop
      vertex 40.62201899915934 71.80201305121183 28.4
      vertex 49.23000000000005 72.02 28.4
      vertex 40.716526715755464 71.84709091156721 28.4
    endloop
  endfacet
  facet normal 0 0 1
    outer loop
      vertex 40.716526715755464 71.84709091156721 28.4
      vertex 49.23000000000005 72.02 28.4
      vertex 40.813264100551606 71.8871608492732 28.4
    endloop
  endfacet
  facet normal 0 0 1
    outer loop
      vertex 40.813264100551606 71.8871608492732 28.4
      vertex 49.23000000000005 72.02 28.4
      vertex 40.91196600973606 71.92211303532123 28.4
    endloop
  endfacet
  facet normal 0 0 1
    outer loop
      vertex 40.91196600973606 71.92211303532123 28.4
      vertex 49.23000000000005 72.02 28.4
      vertex 41.01236191272736 71.95185165524482 28.4
    endloop
  endfacet
  facet normal 0 0 1
    outer loop
      vertex 41.01236191272736 71.95185165524482 28.4
      vertex 49.23000000000005 72.02 28.4
      vertex 41.11417661488056 71.97629519969225 28.4
    endloop
  endfacet
  facet normal 0 0 1
    outer loop
      vertex 41.11417661488056 71.97629519969225 28.4
      vertex 49.23000000000005 72.02 28.4
      vertex 41.21713106960058 71.99537668049335 28.4
    endloop
  endfacet
  facet normal 0 0 1
    outer loop
      vertex 41.21713106960058 71.99537668049335 28.4
      vertex 49.23000000000005 72.02 28.4
      vertex 41.32094307124615 72.00904378712177 28.4
    endloop
  endfacet
  facet normal 0 0 1
    outer loop
      vertex 41.32094307124615 72.00904378712177 28.4
      vertex 49.23000000000005 72.02 28.4
      vertex 41.53 72.02 28.4
    endloop
  endfacet
  facet normal 1 0 0
    outer loop
      vertex 49.23000000000005 60.524999998509884 18.4
      vertex 49.23000000000005 64.52000000327826 28.4
      vertex 49.23000000000005 64.52000000327826 53.4
    endloop
  endfacet
  facet normal 0 1 0
    outer loop
      vertex 39.53 64.52000000327826 28.4
      vertex 49.23000000000005 64.52000000327826 53.4
      vertex 49.23000000000005 64.52000000327826 28.4
    endloop
  endfacet
  facet normal 1 0 0
    outer loop
      vertex 49.23000000000005 60.524999998509884 18.4
      vertex 49.23000000000005 64.52000000327826 53.4
      vertex 49.23000000000005 60.524999998509884 53.4
    endloop
  endfacet
endsolid OpenSCAD_Model
