solid OpenSCAD_Model
  facet normal 0 0 -1
    outer loop
      vertex -18 -32 0
      vertex -6.419067988708341 -7.926888806861102 0
      vertex -5.995409573383226 -8.251973342624463 0
    endloop
  endfacet
  facet normal 0 0 -1
    outer loop
      vertex -18 -32 0
      vertex -5.995409573383226 -8.251973342624463 0
      vertex -5.555318157153276 -8.554439793043326 0
    endloop
  endfacet
  facet normal 0 0 -1
    outer loop
      vertex -18 -32 0
      vertex -5.555318157153276 -8.554439793043326 0
      vertex -5.1 -8.833459118601272 0
    endloop
  endfacet
  facet normal 0 0 -1
    outer loop
      vertex -18 -32 0
      vertex -5.1 -8.833459118601272 0
      vertex -4.630703097343377 -9.088266546721352 0
    endloop
  endfacet
  facet normal 0 -1 0
    outer loop
      vertex -18 -32 0
      vertex -9.522520350271456 -32 40.344646914637934
      vertex -9.700776466210565 -32 40.848026657375534
    endloop
  endfacet
  facet normal 0 -1 0
    outer loop
      vertex -18 -32 0
      vertex -8.833459118601272 -32 38.9
      vertex -9.088266546721352 -32 39.36929690265662
    endloop
  endfacet
  facet normal 0 -1 0
    outer loop
      vertex -18 -32 0
      vertex -9.088266546721352 -32 39.36929690265662
      vertex -9.318163667954527 -32 39.85128624062684
    endloop
  endfacet
  facet normal 0 -1 0
    outer loop
      vertex -18 -32 0
      vertex -9.318163667954527 -32 39.85128624062684
      vertex -9.522520350271456 -32 40.344646914637934
    endloop
  endfacet
  facet normal 0 -1 0
    outer loop
      vertex -18 -32 0
      vertex -8.251973342624463 -32 38.00459042661677
      vertex -8.554439793043326 -32 38.44468184284673
    endloop
  endfacet
  facet normal 0 -1 0
    outer loop
      vertex -18 -32 0
      vertex -8.554439793043326 -32 38.44468184284673
      vertex -8.833459118601272 -32 38.9
    endloop
  endfacet
  facet normal 0 -1 0
    outer loop
      vertex -18 -32 0
      vertex -7.926888806861102 -32 37.58093201129166
      vertex -8.251973342624463 -32 38.00459042661677
    endloop
  endfacet
  facet normal 0 -1 0
    outer loop
      vertex -18 -32 0
      vertex -9.700776466210565 -32 40.848026657375534
      vertex -9.852443428148495 -32 41.36004573995429
    endloop
  endfacet
  facet normal 0 -1 0
    outer loop
      vertex -18 -32 0
      vertex -9.852443428148495 -32 41.36004573995429
      vertex -9.977105527484817 -32 41.87930075365885
    endloop
  endfacet
  facet normal 0 -1 0
    outer loop
      vertex -18 -32 0
      vertex -9.977105527484817 -32 41.87930075365885
      vertex -10.074421074070404 -32 42.404368456589644
    endloop
  endfacet
  facet normal 0 -1 0
    outer loop
      vertex -18 -32 0
      vertex -10.074421074070404 -32 42.404368456589644
      vertex -10.144123332756386 -32 42.93380967466994
    endloop
  endfacet
  facet normal 0 -1 0
    outer loop
      vertex -18 -32 0
      vertex -10.144123332756386 -32 42.93380967466994
      vertex -10.186021254496652 -32 43.46617324632197
    endloop
  endfacet
  facet normal 0 -1 0
    outer loop
      vertex -18 -32 0
      vertex -10.186021254496652 -32 43.46617324632197
      vertex -10.2 -32 44
    endloop
  endfacet
  facet normal 0 -1 0
    outer loop
      vertex -18 -32 0
      vertex -10.2 -32 44
      vertex -10.186021254496652 -32 44.53382675367803
    endloop
  endfacet
  facet normal 0 -1 0
    outer loop
      vertex -18 -32 0
      vertex -10.186021254496652 -32 44.53382675367803
      vertex -10.144123332756386 -32 45.06619032533006
    endloop
  endfacet
  facet normal 0 -1 0
    outer loop
      vertex -18 -32 0
      vertex -10.144123332756386 -32 45.06619032533006
      vertex -10.074421074070404 -32 45.595631543410356
    endloop
  endfacet
  facet normal 0 -1 0
    outer loop
      vertex -18 -32 0
      vertex -7.580077219869421 -32 37.17486781513965
      vertex -7.926888806861102 -32 37.58093201129166
    endloop
  endfacet
  facet normal 0 -1 0
    outer loop
      vertex -18 -32 0
      vertex -7.212489168102785 -32 36.787510831897215
      vertex -7.580077219869421 -32 37.17486781513965
    endloop
  endfacet
  facet normal 0 -1 0
    outer loop
      vertex -18 -32 0
      vertex -6.419067988708341 -32 36.0731111931389
      vertex -6.825132184860354 -32 36.41992278013058
    endloop
  endfacet
  facet normal 0 -1 0
    outer loop
      vertex -18 -32 0
      vertex -5.995409573383226 -32 35.74802665737553
      vertex -6.419067988708341 -32 36.0731111931389
    endloop
  endfacet
  facet normal 0 -1 0
    outer loop
      vertex -18 -32 0
      vertex -6.825132184860354 -32 36.41992278013058
      vertex -7.212489168102785 -32 36.787510831897215
    endloop
  endfacet
  facet normal 0 -1 0
    outer loop
      vertex -18 -32 0
      vertex -5.555318157153276 -32 35.44556020695667
      vertex -5.995409573383226 -32 35.74802665737553
    endloop
  endfacet
  facet normal 0 -1 0
    outer loop
      vertex -18 -32 0
      vertex -5.1 -32 35.16654088139873
      vertex -5.555318157153276 -32 35.44556020695667
    endloop
  endfacet
  facet normal 0 -1 0
    outer loop
      vertex -18 -32 0
      vertex -4.630703097343377 -32 34.91173345327865
      vertex -5.1 -32 35.16654088139873
    endloop
  endfacet
  facet normal 0 0 -1
    outer loop
      vertex -18 -32 0
      vertex -18 32 0
      vertex -9.977105527484817 -2.120699246341145 0
    endloop
  endfacet
  facet normal 0 0 -1
    outer loop
      vertex -18 -32 0
      vertex -9.852443428148495 -2.6399542600457115 0
      vertex -9.700776466210565 -3.1519733426244634 0
    endloop
  endfacet
  facet normal 0 0 -1
    outer loop
      vertex -18 -32 0
      vertex -9.700776466210565 -3.1519733426244634 0
      vertex -9.522520350271456 -3.6553530853620626 0
    endloop
  endfacet
  facet normal 0 0 -1
    outer loop
      vertex -18 -32 0
      vertex -9.977105527484817 -2.120699246341145 0
      vertex -9.852443428148495 -2.6399542600457115 0
    endloop
  endfacet
  facet normal 0 0 -1
    outer loop
      vertex -18 -32 0
      vertex -8.554439793043326 -5.555318157153276 0
      vertex -8.251973342624463 -5.995409573383226 0
    endloop
  endfacet
  facet normal 0 0 -1
    outer loop
      vertex -18 -32 0
      vertex -8.833459118601272 -5.1 0
      vertex -8.554439793043326 -5.555318157153276 0
    endloop
  endfacet
  facet normal 0 0 -1
    outer loop
      vertex -18 -32 0
      vertex -8.251973342624463 -5.995409573383226 0
      vertex -7.926888806861102 -6.419067988708341 0
    endloop
  endfacet
  facet normal 0 0 -1
    outer loop
      vertex -18 -32 0
      vertex -9.318163667954527 -4.148713759373162 0
      vertex -9.088266546721352 -4.630703097343377 0
    endloop
  endfacet
  facet normal 0 0 -1
    outer loop
      vertex -18 -32 0
      vertex -9.522520350271456 -3.6553530853620626 0
      vertex -9.318163667954527 -4.148713759373162 0
    endloop
  endfacet
  facet normal 0 0 -1
    outer loop
      vertex -18 -32 0
      vertex -9.088266546721352 -4.630703097343377 0
      vertex -8.833459118601272 -5.1 0
    endloop
  endfacet
  facet normal 0 0 -1
    outer loop
      vertex -18 -32 0
      vertex -7.926888806861102 -6.419067988708341 0
      vertex -7.580077219869421 -6.825132184860354 0
    endloop
  endfacet
  facet normal 0 0 -1
    outer loop
      vertex -18 -32 0
      vertex -7.580077219869421 -6.825132184860354 0
      vertex -7.212489168102785 -7.212489168102785 0
    endloop
  endfacet
  facet normal 0 0 -1
    outer loop
      vertex -18 -32 0
      vertex -7.212489168102785 -7.212489168102785 0
      vertex -6.825132184860354 -7.580077219869421 0
    endloop
  endfacet
  facet normal 0 0 -1
    outer loop
      vertex -18 -32 0
      vertex -6.825132184860354 -7.580077219869421 0
      vertex -6.419067988708341 -7.926888806861102 0
    endloop
  endfacet
  facet normal 0.878817112661964 0.4771587602596108 0
    outer loop
      vertex -9.088266546721352 -4.630703097343377 30
      vertex -8.833459118601272 -5.1 0
      vertex -9.088266546721352 -4.630703097343377 0
    endloop
  endfacet
  facet normal 0.9025852843498616 0.43051109680829275 0
    outer loop
      vertex -9.318163667954527 -4.148713759373162 30
      vertex -9.088266546721352 -4.630703097343377 0
      vertex -9.318163667954527 -4.148713759373162 0
    endloop
  endfacet
  facet normal 0.996917333733128 0.07845909572784421 0
    outer loop
      vertex -10.186021254496652 -0.5338267536780271 30
      vertex -10.144123332756386 -1.0661903253300653 0
      vertex -10.186021254496652 -0.5338267536780271 0
    endloop
  endfacet
  facet normal 0.9996573249755571 0.026176948307875546 0
    outer loop
      vertex -10.2 0 30
      vertex -10.186021254496652 -0.5338267536780271 0
      vertex -10.2 0 0
    endloop
  endfacet
  facet normal 0.9426414910921787 0.33380685923377035 0
    outer loop
      vertex -9.700776466210565 -3.1519733426244634 30
      vertex -9.522520350271456 -3.6553530853620626 0
      vertex -9.700776466210565 -3.1519733426244634 0
    endloop
  endfacet
  facet normal 0.9723699203976764 0.23344536385590578 0
    outer loop
      vertex -9.977105527484817 -2.120699246341145 30
      vertex -9.852443428148495 -2.6399542600457115 0
      vertex -9.977105527484817 -2.120699246341145 0
    endloop
  endfacet
  facet normal 0.9588197348681926 0.2840153447039237 0
    outer loop
      vertex -9.852443428148495 -2.6399542600457115 30
      vertex -9.700776466210565 -3.1519733426244634 0
      vertex -9.852443428148495 -2.6399542600457115 0
    endloop
  endfacet
  facet normal 0.9238795325112864 0.38268343236509034 0
    outer loop
      vertex -9.522520350271456 -3.6553530853620626 30
      vertex -9.318163667954527 -4.148713759373162 0
      vertex -9.522520350271456 -3.6553530853620626 0
    endloop
  endfacet
  facet normal 0.9832549075639544 0.18223552549214786 0
    outer loop
      vertex -10.074421074070404 -1.5956315434103547 30
      vertex -9.977105527484817 -2.120699246341145 0
      vertex -10.074421074070404 -1.5956315434103547 0
    endloop
  endfacet
  facet normal 0.9914448613738105 0.13052619222004996 0
    outer loop
      vertex -10.144123332756386 -1.0661903253300653 30
      vertex -10.074421074070404 -1.5956315434103547 0
      vertex -10.144123332756386 -1.0661903253300653 0
    endloop
  endfacet
  facet normal 0.9025852843498616 0.43051109680829275 -1.9681971736088081e-19
    outer loop
      vertex -9.318163667954527 -4.148713759373162 30
      vertex -9.088266546721352 -4.630703097343377 30
      vertex -9.088266546721352 -4.630703097343377 0
    endloop
  endfacet
  facet normal 0.996917333733128 0.07845909572784421 0
    outer loop
      vertex -10.144123332756386 -1.0661903253300653 30
      vertex -10.144123332756386 -1.0661903253300653 0
      vertex -10.186021254496652 -0.5338267536780271 30
    endloop
  endfacet
  facet normal 0.9996573249755571 0.026176948307875546 0
    outer loop
      vertex -10.186021254496652 -0.5338267536780271 30
      vertex -10.186021254496652 -0.5338267536780271 0
      vertex -10.2 0 30
    endloop
  endfacet
  facet normal 0.9426414910921787 0.33380685923377035 0
    outer loop
      vertex -9.522520350271456 -3.6553530853620626 30
      vertex -9.522520350271456 -3.6553530853620626 0
      vertex -9.700776466210565 -3.1519733426244634 30
    endloop
  endfacet
  facet normal 0.9723699203976764 0.23344536385590578 0
    outer loop
      vertex -9.852443428148495 -2.6399542600457115 30
      vertex -9.852443428148495 -2.6399542600457115 0
      vertex -9.977105527484817 -2.120699246341145 30
    endloop
  endfacet
  facet normal 0.9588197348681926 0.2840153447039237 0
    outer loop
      vertex -9.700776466210565 -3.1519733426244634 30
      vertex -9.700776466210565 -3.1519733426244634 0
      vertex -9.852443428148495 -2.6399542600457115 30
    endloop
  endfacet
  facet normal 0.9238795325112864 0.38268343236509034 0
    outer loop
      vertex -9.318163667954527 -4.148713759373162 30
      vertex -9.318163667954527 -4.148713759373162 0
      vertex -9.522520350271456 -3.6553530853620626 30
    endloop
  endfacet
  facet normal 0.9832549075639544 0.18223552549214786 0
    outer loop
      vertex -9.977105527484817 -2.120699246341145 30
      vertex -9.977105527484817 -2.120699246341145 0
      vertex -10.074421074070404 -1.5956315434103547 30
    endloop
  endfacet
  facet normal 0.9914448613738105 0.13052619222004996 0
    outer loop
      vertex -10.074421074070404 -1.5956315434103547 30
      vertex -10.074421074070404 -1.5956315434103547 0
      vertex -10.144123332756386 -1.0661903253300653 30
    endloop
  endfacet
  facet normal 0 0 -1
    outer loop
      vertex -10.144123332756386 -1.0661903253300653 30
      vertex -10.186021254496652 -0.5338267536780271 30
      vertex -10.186021254496652 0.5338267536780271 30
    endloop
  endfacet
  facet normal 0 0 -1
    outer loop
      vertex -9.700776466210565 -3.1519733426244634 30
      vertex -9.852443428148495 -2.6399542600457115 30
      vertex -9.852443428148495 2.6399542600457115 30
    endloop
  endfacet
  facet normal 0 0 -1
    outer loop
      vertex -9.522520350271456 -3.6553530853620626 30
      vertex -9.700776466210565 -3.1519733426244634 30
      vertex -9.700776466210565 3.1519733426244634 30
    endloop
  endfacet
  facet normal 0 0 -1
    outer loop
      vertex -10.074421074070404 -1.5956315434103547 30
      vertex -10.144123332756386 -1.0661903253300653 30
      vertex -10.144123332756386 1.0661903253300653 30
    endloop
  endfacet
  facet normal 0 0 -1
    outer loop
      vertex -9.977105527484817 -2.120699246341145 30
      vertex -10.074421074070404 -1.5956315434103547 30
      vertex -10.074421074070404 1.5956315434103547 30
    endloop
  endfacet
  facet normal 0 0 -1
    outer loop
      vertex -9.852443428148495 -2.6399542600457115 30
      vertex -9.977105527484817 -2.120699246341145 30
      vertex -9.977105527484817 2.120699246341145 30
    endloop
  endfacet
  facet normal 0 0 -1
    outer loop
      vertex -9.318163667954527 -4.148713759373162 30
      vertex -9.522520350271456 -3.6553530853620626 30
      vertex -9.522520350271456 3.6553530853620626 30
    endloop
  endfacet
  facet normal 0 0 -1
    outer loop
      vertex -9.318163667954527 -4.148713759373162 30
      vertex -9.318163667954527 4.148713759373162 30
      vertex -9.088266546721352 -4.630703097343377 30
    endloop
  endfacet
  facet normal 0 0 -1
    outer loop
      vertex -8.833459118601272 -5.1 30
      vertex -9.088266546721352 -4.630703097343377 30
      vertex -9.088266546721352 4.630703097343377 30
    endloop
  endfacet
  facet normal 0 0 -1
    outer loop
      vertex -18 -32 0
      vertex -4.630703097343377 -9.088266546721352 0
      vertex -4.148713759373162 -9.318163667954527 0
    endloop
  endfacet
  facet normal 0 0 -1
    outer loop
      vertex -18 -32 0
      vertex -4.148713759373162 -9.318163667954527 0
      vertex -3.6553530853620626 -9.522520350271456 0
    endloop
  endfacet
  facet normal 0 0 -1
    outer loop
      vertex -18 -32 0
      vertex -3.6553530853620626 -9.522520350271456 0
      vertex -3.1519733426244634 -9.700776466210565 0
    endloop
  endfacet
  facet normal 0 0 -1
    outer loop
      vertex -18 -32 0
      vertex -3.1519733426244634 -9.700776466210565 0
      vertex -2.6399542600457115 -9.852443428148495 0
    endloop
  endfacet
  facet normal 0 0 -1
    outer loop
      vertex -18 -32 0
      vertex -2.6399542600457115 -9.852443428148495 0
      vertex 18 -32 0
    endloop
  endfacet
  facet normal 0 -1 0
    outer loop
      vertex -18 -32 0
      vertex -4.148713759373162 -32 34.68183633204547
      vertex -4.630703097343377 -32 34.91173345327865
    endloop
  endfacet
  facet normal 0 -1 0
    outer loop
      vertex -18 -32 0
      vertex -3.6553530853620626 -32 34.477479649728544
      vertex -4.148713759373162 -32 34.68183633204547
    endloop
  endfacet
  facet normal 0 -1 0
    outer loop
      vertex -18 -32 0
      vertex -3.1519733426244634 -32 34.29922353378944
      vertex -3.6553530853620626 -32 34.477479649728544
    endloop
  endfacet
  facet normal 0 -1 0
    outer loop
      vertex -18 -32 0
      vertex -2.6399542600457115 -32 34.1475565718515
      vertex -3.1519733426244634 -32 34.29922353378944
    endloop
  endfacet
  facet normal 0 -1 0
    outer loop
      vertex -18 -32 0
      vertex -2.120699246341145 -32 34.02289447251518
      vertex -2.6399542600457115 -32 34.1475565718515
    endloop
  endfacet
  facet normal 0 -1 0
    outer loop
      vertex -18 -32 0
      vertex -1.5956315434103547 -32 33.9255789259296
      vertex -2.120699246341145 -32 34.02289447251518
    endloop
  endfacet
  facet normal 0 -1 0
    outer loop
      vertex -18 -32 0
      vertex -1.0661903253300653 -32 33.855876667243614
      vertex -1.5956315434103547 -32 33.9255789259296
    endloop
  endfacet
  facet normal 0 -1 0
    outer loop
      vertex -18 -32 0
      vertex -0.5338267536780271 -32 33.81397874550335
      vertex -1.0661903253300653 -32 33.855876667243614
    endloop
  endfacet
  facet normal 0 -1 0
    outer loop
      vertex -18 -32 0
      vertex 0 -32 33.8
      vertex -0.5338267536780271 -32 33.81397874550335
    endloop
  endfacet
  facet normal 0 -1 0
    outer loop
      vertex -18 -32 0
      vertex 0.5338267536780271 -32 33.81397874550335
      vertex 0 -32 33.8
    endloop
  endfacet
  facet normal 0 -1 0
    outer loop
      vertex -18 -32 0
      vertex 1.0661903253300653 -32 33.855876667243614
      vertex 0.5338267536780271 -32 33.81397874550335
    endloop
  endfacet
  facet normal 0 -1 0
    outer loop
      vertex -18 -32 0
      vertex 1.5956315434103547 -32 33.9255789259296
      vertex 1.0661903253300653 -32 33.855876667243614
    endloop
  endfacet
  facet normal 0.6087614290087219 0.7933533402912343 0
    outer loop
      vertex -6.419067988708341 -7.926888806861102 30
      vertex -5.995409573383226 -8.251973342624463 0
      vertex -6.419067988708341 -7.926888806861102 0
    endloop
  endfacet
  facet normal 0.5664062369248335 0.824126188622015 0
    outer loop
      vertex -5.995409573383226 -8.251973342624463 30
      vertex -5.555318157153276 -8.554439793043326 0
      vertex -5.995409573383226 -8.251973342624463 0
    endloop
  endfacet
  facet normal 0.5224985647159456 0.8526401643540942 0
    outer loop
      vertex -5.555318157153276 -8.554439793043326 30
      vertex -5.1 -8.833459118601272 0
      vertex -5.555318157153276 -8.554439793043326 0
    endloop
  endfacet
  facet normal 0.4771587602596108 0.878817112661964 0
    outer loop
      vertex -5.1 -8.833459118601272 30
      vertex -4.630703097343377 -9.088266546721352 0
      vertex -5.1 -8.833459118601272 0
    endloop
  endfacet
  facet normal 0.7933533402912343 0.6087614290087219 0
    outer loop
      vertex -8.251973342624463 -5.995409573383226 30
      vertex -7.926888806861102 -6.419067988708341 0
      vertex -8.251973342624463 -5.995409573383226 0
    endloop
  endfacet
  facet normal 0.8526401643540942 0.5224985647159456 0
    outer loop
      vertex -8.833459118601272 -5.1 30
      vertex -8.554439793043326 -5.555318157153276 0
      vertex -8.833459118601272 -5.1 0
    endloop
  endfacet
  facet normal 0.824126188622015 0.5664062369248335 0
    outer loop
      vertex -8.554439793043326 -5.555318157153276 30
      vertex -8.251973342624463 -5.995409573383226 0
      vertex -8.554439793043326 -5.555318157153276 0
    endloop
  endfacet
  facet normal 0.7604059656000316 0.6494480483301828 0
    outer loop
      vertex -7.926888806861102 -6.419067988708341 30
      vertex -7.580077219869421 -6.825132184860354 0
      vertex -7.926888806861102 -6.419067988708341 0
    endloop
  endfacet
  facet normal 0.7253743710122883 0.6883545756937534 0
    outer loop
      vertex -7.580077219869421 -6.825132184860354 30
      vertex -7.212489168102785 -7.212489168102785 0
      vertex -7.580077219869421 -6.825132184860354 0
    endloop
  endfacet
  facet normal 0.6883545756937534 0.7253743710122883 0
    outer loop
      vertex -7.212489168102785 -7.212489168102785 30
      vertex -6.825132184860354 -7.580077219869421 0
      vertex -7.212489168102785 -7.212489168102785 0
    endloop
  endfacet
  facet normal 0.6494480483301828 0.7604059656000316 0
    outer loop
      vertex -6.825132184860354 -7.580077219869421 30
      vertex -6.419067988708341 -7.926888806861102 0
      vertex -6.825132184860354 -7.580077219869421 0
    endloop
  endfacet
  facet normal 0.43051109680829275 0.9025852843498616 0
    outer loop
      vertex -4.630703097343377 -9.088266546721352 30
      vertex -4.148713759373162 -9.318163667954527 0
      vertex -4.630703097343377 -9.088266546721352 0
    endloop
  endfacet
  facet normal 0.38268343236509034 0.9238795325112864 0
    outer loop
      vertex -4.148713759373162 -9.318163667954527 30
      vertex -3.6553530853620626 -9.522520350271456 0
      vertex -4.148713759373162 -9.318163667954527 0
    endloop
  endfacet
  facet normal 0.33380685923377035 0.9426414910921787 0
    outer loop
      vertex -3.6553530853620626 -9.522520350271456 30
      vertex -3.1519733426244634 -9.700776466210565 0
      vertex -3.6553530853620626 -9.522520350271456 0
    endloop
  endfacet
  facet normal 0.2840153447039237 0.9588197348681926 0
    outer loop
      vertex -3.1519733426244634 -9.700776466210565 30
      vertex -2.6399542600457115 -9.852443428148495 0
      vertex -3.1519733426244634 -9.700776466210565 0
    endloop
  endfacet
  facet normal 0.23344536385590578 0.9723699203976764 0
    outer loop
      vertex -2.6399542600457115 -9.852443428148495 30
      vertex -2.120699246341145 -9.977105527484817 0
      vertex -2.6399542600457115 -9.852443428148495 0
    endloop
  endfacet
  facet normal 0.18223552549214786 0.9832549075639544 0
    outer loop
      vertex -2.120699246341145 -9.977105527484817 30
      vertex -1.5956315434103547 -10.074421074070404 0
      vertex -2.120699246341145 -9.977105527484817 0
    endloop
  endfacet
  facet normal 0.13052619222004996 0.9914448613738105 0
    outer loop
      vertex -1.5956315434103547 -10.074421074070404 30
      vertex -1.0661903253300653 -10.144123332756386 0
      vertex -1.5956315434103547 -10.074421074070404 0
    endloop
  endfacet
  facet normal 0.07845909572784421 0.996917333733128 0
    outer loop
      vertex -1.0661903253300653 -10.144123332756386 30
      vertex -0.5338267536780271 -10.186021254496652 0
      vertex -1.0661903253300653 -10.144123332756386 0
    endloop
  endfacet
  facet normal 0.026176948307875546 0.9996573249755571 0
    outer loop
      vertex -0.5338267536780271 -10.186021254496652 30
      vertex 0 -10.2 0
      vertex -0.5338267536780271 -10.186021254496652 0
    endloop
  endfacet
  facet normal 0.6087614290087219 0.7933533402912343 0
    outer loop
      vertex -5.995409573383226 -8.251973342624463 30
      vertex -5.995409573383226 -8.251973342624463 0
      vertex -6.419067988708341 -7.926888806861102 30
    endloop
  endfacet
  facet normal 0.5664062369248335 0.824126188622015 3.085577645810242e-19
    outer loop
      vertex -5.995409573383226 -8.251973342624463 30
      vertex -5.555318157153276 -8.554439793043326 30
      vertex -5.555318157153276 -8.554439793043326 0
    endloop
  endfacet
  facet normal 0.5224985647159456 0.8526401643540942 -3.9476821591393765e-19
    outer loop
      vertex -5.555318157153276 -8.554439793043326 30
      vertex -5.1 -8.833459118601272 30
      vertex -5.1 -8.833459118601272 0
    endloop
  endfacet
  facet normal 0.4771587602596108 0.878817112661964 9.190510012604326e-20
    outer loop
      vertex -5.1 -8.833459118601272 30
      vertex -4.630703097343377 -9.088266546721352 30
      vertex -4.630703097343377 -9.088266546721352 0
    endloop
  endfacet
  facet normal 0.7933533402912343 0.6087614290087219 0
    outer loop
      vertex -7.926888806861102 -6.419067988708341 30
      vertex -7.926888806861102 -6.419067988708341 0
      vertex -8.251973342624463 -5.995409573383226 30
    endloop
  endfacet
  facet normal 0.8526401643540942 0.5224985647159456 -3.9476821591393765e-19
    outer loop
      vertex -8.833459118601272 -5.1 30
      vertex -8.554439793043326 -5.555318157153276 30
      vertex -8.554439793043326 -5.555318157153276 0
    endloop
  endfacet
  facet normal 0.878817112661964 0.4771587602596108 0
    outer loop
      vertex -8.833459118601272 -5.1 30
      vertex -8.833459118601272 -5.1 0
      vertex -9.088266546721352 -4.630703097343377 30
    endloop
  endfacet
  facet normal 0.824126188622015 0.5664062369248335 3.085577645810242e-19
    outer loop
      vertex -8.554439793043326 -5.555318157153276 30
      vertex -8.251973342624463 -5.995409573383226 30
      vertex -8.251973342624463 -5.995409573383226 0
    endloop
  endfacet
  facet normal 0.7253743710122883 0.6883545756937534 5.000239169794749e-19
    outer loop
      vertex -7.580077219869421 -6.825132184860354 30
      vertex -7.212489168102785 -7.212489168102785 30
      vertex -7.212489168102785 -7.212489168102785 0
    endloop
  endfacet
  facet normal 0.7604059656000316 0.6494480483301828 1.1114578287901286e-19
    outer loop
      vertex -7.926888806861102 -6.419067988708341 30
      vertex -7.580077219869421 -6.825132184860354 30
      vertex -7.580077219869421 -6.825132184860354 0
    endloop
  endfacet
  facet normal 0.6883545756937534 0.7253743710122883 0
    outer loop
      vertex -6.825132184860354 -7.580077219869421 30
      vertex -6.825132184860354 -7.580077219869421 0
      vertex -7.212489168102785 -7.212489168102785 30
    endloop
  endfacet
  facet normal 0.6494480483301828 0.7604059656000316 1.1114578287901286e-19
    outer loop
      vertex -6.825132184860354 -7.580077219869421 30
      vertex -6.419067988708341 -7.926888806861102 30
      vertex -6.419067988708341 -7.926888806861102 0
    endloop
  endfacet
  facet normal 0 0 -1
    outer loop
      vertex -7.926888806861102 -6.419067988708341 30
      vertex -8.251973342624463 -5.995409573383226 30
      vertex -8.251973342624463 5.995409573383226 30
    endloop
  endfacet
  facet normal 0 0 -1
    outer loop
      vertex -8.833459118601272 -5.1 30
      vertex -8.833459118601272 5.1 30
      vertex -8.554439793043326 -5.555318157153276 30
    endloop
  endfacet
  facet normal 0 0 -1
    outer loop
      vertex -8.554439793043326 -5.555318157153276 30
      vertex -8.554439793043326 5.555318157153276 30
      vertex -8.251973342624463 -5.995409573383226 30
    endloop
  endfacet
  facet normal 0 0 -1
    outer loop
      vertex -7.926888806861102 -6.419067988708341 30
      vertex -7.926888806861102 6.419067988708341 30
      vertex -7.580077219869421 -6.825132184860354 30
    endloop
  endfacet
  facet normal 0 0 -1
    outer loop
      vertex -7.580077219869421 -6.825132184860354 30
      vertex -7.580077219869421 6.825132184860354 30
      vertex -7.212489168102785 -7.212489168102785 30
    endloop
  endfacet
  facet normal 0 0 -1
    outer loop
      vertex -6.825132184860354 -7.580077219869421 30
      vertex -7.212489168102785 -7.212489168102785 30
      vertex -7.212489168102785 7.212489168102785 30
    endloop
  endfacet
  facet normal 0 0 -1
    outer loop
      vertex -6.825132184860354 -7.580077219869421 30
      vertex -6.825132184860354 7.580077219869421 30
      vertex -6.419067988708341 -7.926888806861102 30
    endloop
  endfacet
  facet normal 0 0 -1
    outer loop
      vertex -5.995409573383226 -8.251973342624463 30
      vertex -6.419067988708341 -7.926888806861102 30
      vertex -6.419067988708341 7.926888806861102 30
    endloop
  endfacet
  facet normal 0 0 -1
    outer loop
      vertex -5.995409573383226 -8.251973342624463 30
      vertex -5.995409573383226 8.251973342624463 30
      vertex -5.555318157153276 -8.554439793043326 30
    endloop
  endfacet
  facet normal 0 0 -1
    outer loop
      vertex -5.555318157153276 -8.554439793043326 30
      vertex -5.555318157153276 8.554439793043326 30
      vertex -5.1 -8.833459118601272 30
    endloop
  endfacet
  facet normal 0 0 -1
    outer loop
      vertex -5.1 -8.833459118601272 30
      vertex -5.1 8.833459118601272 30
      vertex -4.630703097343377 -9.088266546721352 30
    endloop
  endfacet
  facet normal 0.43051109680829275 0.9025852843498616 -1.9681971736088081e-19
    outer loop
      vertex -4.630703097343377 -9.088266546721352 30
      vertex -4.148713759373162 -9.318163667954527 30
      vertex -4.148713759373162 -9.318163667954527 0
    endloop
  endfacet
  facet normal 0.38268343236509034 0.9238795325112864 5.997717707290404e-20
    outer loop
      vertex -4.148713759373162 -9.318163667954527 30
      vertex -3.6553530853620626 -9.522520350271456 30
      vertex -3.6553530853620626 -9.522520350271456 0
    endloop
  endfacet
  facet normal 0.33380685923377035 0.9426414910921787 7.403463258589877e-20
    outer loop
      vertex -3.6553530853620626 -9.522520350271456 30
      vertex -3.1519733426244634 -9.700776466210565 30
      vertex -3.1519733426244634 -9.700776466210565 0
    endloop
  endfacet
  facet normal 0.2840153447039237 0.9588197348681926 -1.9663287463660233e-19
    outer loop
      vertex -3.1519733426244634 -9.700776466210565 30
      vertex -2.6399542600457115 -9.852443428148495 30
      vertex -2.6399542600457115 -9.852443428148495 0
    endloop
  endfacet
  facet normal 0.23344536385590578 0.9723699203976764 1.0319900516086269e-19
    outer loop
      vertex -2.6399542600457115 -9.852443428148495 30
      vertex -2.120699246341145 -9.977105527484817 30
      vertex -2.120699246341145 -9.977105527484817 0
    endloop
  endfacet
  facet normal 0.18223552549214786 0.9832549075639544 1.2568710133686557e-19
    outer loop
      vertex -2.120699246341145 -9.977105527484817 30
      vertex -1.5956315434103547 -10.074421074070404 30
      vertex -1.5956315434103547 -10.074421074070404 0
    endloop
  endfacet
  facet normal 0.13052619222004996 0.9914448613738105 -5.46899108844494e-20
    outer loop
      vertex -1.5956315434103547 -10.074421074070404 30
      vertex -1.0661903253300653 -10.144123332756386 30
      vertex -1.0661903253300653 -10.144123332756386 0
    endloop
  endfacet
  facet normal 0.07845909572784421 0.996917333733128 3.26854947575671e-20
    outer loop
      vertex -1.0661903253300653 -10.144123332756386 30
      vertex -0.5338267536780271 -10.186021254496652 30
      vertex -0.5338267536780271 -10.186021254496652 0
    endloop
  endfacet
  facet normal 0.026176948307875546 0.9996573249755571 -2.8956452357736267e-21
    outer loop
      vertex -0.5338267536780271 -10.186021254496652 30
      vertex 0 -10.2 30
      vertex 0 -10.2 0
    endloop
  endfacet
  facet normal 0 0 -1
    outer loop
      vertex -4.630703097343377 -9.088266546721352 30
      vertex -4.630703097343377 9.088266546721352 30
      vertex -4.148713759373162 -9.318163667954527 30
    endloop
  endfacet
  facet normal 0 0 -1
    outer loop
      vertex -4.148713759373162 -9.318163667954527 30
      vertex -4.148713759373162 9.318163667954527 30
      vertex -3.6553530853620626 -9.522520350271456 30
    endloop
  endfacet
  facet normal 0 0 -1
    outer loop
      vertex -3.6553530853620626 -9.522520350271456 30
      vertex -3.6553530853620626 9.522520350271456 30
      vertex -3.1519733426244634 -9.700776466210565 30
    endloop
  endfacet
  facet normal 0 0 -1
    outer loop
      vertex -3.1519733426244634 -9.700776466210565 30
      vertex -3.1519733426244634 9.700776466210565 30
      vertex -2.6399542600457115 -9.852443428148495 30
    endloop
  endfacet
  facet normal 0 0 -1
    outer loop
      vertex -2.6399542600457115 -9.852443428148495 30
      vertex -2.6399542600457115 9.852443428148495 30
      vertex -2.120699246341145 -9.977105527484817 30
    endloop
  endfacet
  facet normal 0 0 -1
    outer loop
      vertex -2.120699246341145 -9.977105527484817 30
      vertex -2.120699246341145 9.977105527484817 30
      vertex -1.5956315434103547 -10.074421074070404 30
    endloop
  endfacet
  facet normal 0 0 -1
    outer loop
      vertex -1.5956315434103547 -10.074421074070404 30
      vertex -1.5956315434103547 10.074421074070404 30
      vertex -1.0661903253300653 -10.144123332756386 30
    endloop
  endfacet
  facet normal 0 0 -1
    outer loop
      vertex -1.0661903253300653 -10.144123332756386 30
      vertex -1.0661903253300653 10.144123332756386 30
      vertex -0.5338267536780271 -10.186021254496652 30
    endloop
  endfacet
  facet normal 0 0 -1
    outer loop
      vertex -0.5338267536780271 -10.186021254496652 30
      vertex -0.5338267536780271 10.186021254496652 30
      vertex 0 -10.2 30
    endloop
  endfacet
  facet normal 0 -1 0
    outer loop
      vertex -18 -32 0
      vertex -10.074421074070404 -32 45.595631543410356
      vertex -18 -32 62
    endloop
  endfacet
  facet normal 0 -1 0
    outer loop
      vertex -18 -32 62
      vertex -10.074421074070404 -32 45.595631543410356
      vertex -9.977105527484817 -32 46.12069924634115
    endloop
  endfacet
  facet normal 0 -1 0
    outer loop
      vertex -18 -32 62
      vertex -9.977105527484817 -32 46.12069924634115
      vertex -9.852443428148495 -32 46.63995426004571
    endloop
  endfacet
  facet normal 0 -1 0
    outer loop
      vertex -18 -32 62
      vertex -9.852443428148495 -32 46.63995426004571
      vertex -9.700776466210565 -32 47.151973342624466
    endloop
  endfacet
  facet normal 0 -1 0
    outer loop
      vertex -18 -32 62
      vertex -9.700776466210565 -32 47.151973342624466
      vertex -9.522520350271456 -32 47.655353085362066
    endloop
  endfacet
  facet normal 0 -1 0
    outer loop
      vertex -18 -32 62
      vertex -9.522520350271456 -32 47.655353085362066
      vertex -9.318163667954527 -32 48.14871375937316
    endloop
  endfacet
  facet normal 0 -1 0
    outer loop
      vertex -18 -32 62
      vertex -9.318163667954527 -32 48.14871375937316
      vertex -9.088266546721352 -32 48.63070309734338
    endloop
  endfacet
  facet normal 0 -1 0
    outer loop
      vertex -18 -32 62
      vertex -9.088266546721352 -32 48.63070309734338
      vertex -8.833459118601272 -32 49.1
    endloop
  endfacet
  facet normal 0 -1 0
    outer loop
      vertex -18 -32 62
      vertex -8.833459118601272 -32 49.1
      vertex -8.554439793043326 -32 49.55531815715327
    endloop
  endfacet
  facet normal 0 -1 0
    outer loop
      vertex -18 -32 62
      vertex -8.554439793043326 -32 49.55531815715327
      vertex -8.251973342624463 -32 49.99540957338323
    endloop
  endfacet
  facet normal 0 -1 0
    outer loop
      vertex -18 -32 62
      vertex -8.251973342624463 -32 49.99540957338323
      vertex -7.926888806861102 -32 50.41906798870834
    endloop
  endfacet
  facet normal 0 -1 0
    outer loop
      vertex -18 -32 62
      vertex -7.926888806861102 -32 50.41906798870834
      vertex -7.580077219869421 -32 50.82513218486035
    endloop
  endfacet
  facet normal 0 -1 0
    outer loop
      vertex -18 -32 62
      vertex -7.580077219869421 -32 50.82513218486035
      vertex -7.212489168102785 -32 51.212489168102785
    endloop
  endfacet
  facet normal -1 0 0
    outer loop
      vertex -18 -32 0
      vertex -18 -32 62
      vertex -18 32 62
    endloop
  endfacet
  facet normal 0.9426414910921788 -1.3112802041329916e-19 0.3338068592337698
    outer loop
      vertex -9.700776466210565 -32 40.848026657375534
      vertex -9.522520350271456 -32 40.344646914637934
      vertex -9.522520350271456 32 40.344646914637934
    endloop
  endfacet
  facet normal 0.9025852843498628 -3.2837534965683976e-20 0.4305110968082902
    outer loop
      vertex -9.318163667954527 -32 39.85128624062684
      vertex -9.088266546721352 -32 39.36929690265662
      vertex -9.088266546721352 32 39.36929690265662
    endloop
  endfacet
  facet normal 0.9238795325112851 3.31412712802024e-20 0.3826834323650943
    outer loop
      vertex -9.522520350271456 -32 40.344646914637934
      vertex -9.318163667954527 -32 39.85128624062684
      vertex -9.318163667954527 32 39.85128624062684
    endloop
  endfacet
  facet normal 0.9723699203976766 3.9593207578497844e-20 0.2334453638559062
    outer loop
      vertex -9.977105527484817 -32 41.87930075365885
      vertex -9.852443428148495 -32 41.36004573995429
      vertex -9.852443428148495 32 41.36004573995429
    endloop
  endfacet
  facet normal 0.9588197348681929 8.648359006938498e-20 0.2840153447039231
    outer loop
      vertex -9.852443428148495 -32 41.36004573995429
      vertex -9.700776466210565 -32 40.848026657375534
      vertex -9.700776466210565 32 40.848026657375534
    endloop
  endfacet
  facet normal 0.9832549075639545 -1.0579952016998507e-20 0.18223552549214764
    outer loop
      vertex -10.074421074070404 -32 42.404368456589644
      vertex -9.977105527484817 -32 41.87930075365885
      vertex -9.977105527484817 32 41.87930075365885
    endloop
  endfacet
  facet normal 0.9914448613738108 1.0045141326417237e-19 0.13052619222004896
    outer loop
      vertex -10.144123332756386 -32 42.93380967466994
      vertex -10.074421074070404 -32 42.404368456589644
      vertex -10.074421074070404 32 42.404368456589644
    endloop
  endfacet
  facet normal 0.996917333733128 7.775938971307575e-21 0.07845909572784479
    outer loop
      vertex -10.186021254496652 -32 43.46617324632197
      vertex -10.144123332756386 -32 42.93380967466994
      vertex -10.144123332756386 32 42.93380967466994
    endloop
  endfacet
  facet normal 0.9996573249755571 1.069871425710675e-20 0.026176948307875505
    outer loop
      vertex -10.2 -32 44
      vertex -10.186021254496652 -32 43.46617324632197
      vertex -10.186021254496652 32 43.46617324632197
    endloop
  endfacet
  facet normal 0.9996573249755571 -1.069871425710675e-20 -0.026176948307875505
    outer loop
      vertex -10.186021254496652 -32 44.53382675367803
      vertex -10.2 -32 44
      vertex -10.2 32 44
    endloop
  endfacet
  facet normal 0.996917333733128 -7.775938971307575e-21 -0.07845909572784479
    outer loop
      vertex -10.144123332756386 -32 45.06619032533006
      vertex -10.186021254496652 -32 44.53382675367803
      vertex -10.186021254496652 32 44.53382675367803
    endloop
  endfacet
  facet normal 0.9914448613738108 -1.0045141326417237e-19 -0.13052619222004896
    outer loop
      vertex -10.074421074070404 -32 45.595631543410356
      vertex -10.144123332756386 -32 45.06619032533006
      vertex -10.144123332756386 32 45.06619032533006
    endloop
  endfacet
  facet normal 0.9832549075639545 1.0579952016998507e-20 -0.18223552549214764
    outer loop
      vertex -9.977105527484817 -32 46.12069924634115
      vertex -10.074421074070404 -32 45.595631543410356
      vertex -10.074421074070404 32 45.595631543410356
    endloop
  endfacet
  facet normal 0.9723699203976766 -3.9593207578497844e-20 -0.2334453638559062
    outer loop
      vertex -9.852443428148495 -32 46.63995426004571
      vertex -9.977105527484817 -32 46.12069924634115
      vertex -9.977105527484817 32 46.12069924634115
    endloop
  endfacet
  facet normal 0.9588197348681929 -8.648359006938498e-20 -0.2840153447039231
    outer loop
      vertex -9.700776466210565 -32 47.151973342624466
      vertex -9.852443428148495 -32 46.63995426004571
      vertex -9.852443428148495 32 46.63995426004571
    endloop
  endfacet
  facet normal 0.9426414910921788 1.3112802041329916e-19 -0.3338068592337698
    outer loop
      vertex -9.522520350271456 -32 47.655353085362066
      vertex -9.700776466210565 -32 47.151973342624466
      vertex -9.700776466210565 32 47.151973342624466
    endloop
  endfacet
  facet normal 0.9238795325112851 -3.31412712802024e-20 -0.3826834323650943
    outer loop
      vertex -9.318163667954527 -32 48.14871375937316
      vertex -9.522520350271456 -32 47.655353085362066
      vertex -9.522520350271456 32 47.655353085362066
    endloop
  endfacet
  facet normal 0.9025852843498628 3.2837534965683976e-20 -0.4305110968082902
    outer loop
      vertex -9.088266546721352 -32 48.63070309734338
      vertex -9.318163667954527 -32 48.14871375937316
      vertex -9.318163667954527 32 48.14871375937316
    endloop
  endfacet
  facet normal 0.8788171126619646 8.185440903669516e-20 -0.4771587602596101
    outer loop
      vertex -8.833459118601272 -32 49.1
      vertex -9.088266546721352 -32 48.63070309734338
      vertex -9.088266546721352 32 48.63070309734338
    endloop
  endfacet
  facet normal 0 0 1
    outer loop
      vertex -18 -32 62
      vertex -1.5692432518870032 -20.509878040718664 62
      vertex -18 32 62
    endloop
  endfacet
  facet normal 0 -1 0
    outer loop
      vertex -18 -32 62
      vertex -7.212489168102785 -32 51.212489168102785
      vertex 0 -32 58.42484000325203
    endloop
  endfacet
  facet normal 0 0 1
    outer loop
      vertex -18 -32 62
      vertex -1.5404077037203827 -20.591307116749746 62
      vertex -1.5692432518870032 -20.509878040718664 62
    endloop
  endfacet
  facet normal 0 0 1
    outer loop
      vertex -18 -32 62
      vertex -1.4289419162443235 -20.825 62
      vertex -1.470160764910807 -20.74908432457025 62
    endloop
  endfacet
  facet normal 0 0 1
    outer loop
      vertex -18 -32 62
      vertex -1.3838064371099497 -20.898654407774796 62
      vertex -1.4289419162443235 -20.825 62
    endloop
  endfacet
  facet normal 0 0 1
    outer loop
      vertex -18 -32 62
      vertex -1.3348780407186631 -20.96984566628258 62
      vertex -1.3838064371099497 -20.898654407774796 62
    endloop
  endfacet
  facet normal 0 0 1
    outer loop
      vertex -18 -32 62
      vertex -1.1667261889578033 -21.166726188957803 62
      vertex -1.2261889620377004 -21.104065500492116 62
    endloop
  endfacet
  facet normal 0 0 1
    outer loop
      vertex -18 -32 62
      vertex -1.104065500492116 -21.2261889620377 62
      vertex -1.1667261889578033 -21.166726188957803 62
    endloop
  endfacet
  facet normal 0 0 1
    outer loop
      vertex -18 -32 62
      vertex -1.282290836404002 -21.038378645232232 62
      vertex -1.3348780407186631 -20.96984566628258 62
    endloop
  endfacet
  facet normal 0 0 1
    outer loop
      vertex -18 -32 62
      vertex -1.2261889620377004 -21.104065500492116 62
      vertex -1.282290836404002 -21.038378645232232 62
    endloop
  endfacet
  facet normal 0 0 1
    outer loop
      vertex -18 -32 62
      vertex -1.5073500051102913 -20.671115461075072 62
      vertex -1.5404077037203827 -20.591307116749746 62
    endloop
  endfacet
  facet normal 0 0 1
    outer loop
      vertex -18 -32 62
      vertex -1.470160764910807 -20.74908432457025 62
      vertex -1.5073500051102913 -20.671115461075072 62
    endloop
  endfacet
  facet normal 0 0 1
    outer loop
      vertex -18 -32 62
      vertex -0.5913071167497455 -21.540407703720383 62
      vertex -0.6711154610750703 -21.50735000511029 62
    endloop
  endfacet
  facet normal 0 0 1
    outer loop
      vertex -18 -32 62
      vertex -0.5098780407186632 -21.569243251887002 62
      vertex -0.5913071167497455 -21.540407703720383 62
    endloop
  endfacet
  facet normal 0 0 1
    outer loop
      vertex -18 -32 62
      vertex -0.4270514244191592 -21.59377761337696 62
      vertex -0.5098780407186632 -21.569243251887002 62
    endloop
  endfacet
  facet normal 0 0 1
    outer loop
      vertex -18 -32 62
      vertex -0.3430542898493029 -21.61394354121078 62
      vertex -0.4270514244191592 -21.59377761337696 62
    endloop
  endfacet
  facet normal 0 0 1
    outer loop
      vertex -18 -32 62
      vertex -0.2581168673163809 -21.62968576198198 62
      vertex -0.3430542898493029 -21.61394354121078 62
    endloop
  endfacet
  facet normal 0 0 1
    outer loop
      vertex -18 -32 62
      vertex -1.0383786452322317 -21.282290836404 62
      vertex -1.104065500492116 -21.2261889620377 62
    endloop
  endfacet
  facet normal 0 0 1
    outer loop
      vertex -18 -32 62
      vertex -0.8986544077747947 -21.38380643710995 62
      vertex -0.9698456662825806 -21.334878040718664 62
    endloop
  endfacet
  facet normal 0 0 1
    outer loop
      vertex -18 -32 62
      vertex -0.9698456662825806 -21.334878040718664 62
      vertex -1.0383786452322317 -21.282290836404 62
    endloop
  endfacet
  facet normal 0 0 1
    outer loop
      vertex -18 -32 62
      vertex -0.825 -21.428941916244323 62
      vertex -0.8986544077747947 -21.38380643710995 62
    endloop
  endfacet
  facet normal 0 0 1
    outer loop
      vertex -18 -32 62
      vertex -0.7490843245702522 -21.47016076491081 62
      vertex -0.825 -21.428941916244323 62
    endloop
  endfacet
  facet normal 0 0 1
    outer loop
      vertex -18 -32 62
      vertex -0.6711154610750703 -21.50735000511029 62
      vertex -0.7490843245702522 -21.47016076491081 62
    endloop
  endfacet
  facet normal 0 0 1
    outer loop
      vertex -18 -32 62
      vertex -0.1724719643916282 -21.640961127357652 62
      vertex -0.2581168673163809 -21.62968576198198 62
    endloop
  endfacet
  facet normal 0 0 1
    outer loop
      vertex -18 -32 62
      vertex -0.08635432780085732 -21.647738732345047 62
      vertex -0.1724719643916282 -21.640961127357652 62
    endloop
  endfacet
  facet normal 0 0 1
    outer loop
      vertex -18 -32 62
      vertex 0 -21.65 62
      vertex -0.08635432780085732 -21.647738732345047 62
    endloop
  endfacet
  facet normal 0 0 1
    outer loop
      vertex -18 -32 62
      vertex 0.08635432780085732 -21.647738732345047 62
      vertex 0 -21.65 62
    endloop
  endfacet
  facet normal 0 0 1
    outer loop
      vertex -18 -32 62
      vertex 0.1724719643916282 -21.640961127357652 62
      vertex 0.08635432780085732 -21.647738732345047 62
    endloop
  endfacet
  facet normal 0 0 1
    outer loop
      vertex -18 -32 62
      vertex 0.2581168673163809 -21.62968576198198 62
      vertex 0.1724719643916282 -21.640961127357652 62
    endloop
  endfacet
  facet normal 0 0 1
    outer loop
      vertex -18 -32 62
      vertex 0.3430542898493029 -21.61394354121078 62
      vertex 0.2581168673163809 -21.62968576198198 62
    endloop
  endfacet
  facet normal 0 0 1
    outer loop
      vertex -18 -32 62
      vertex 0.4270514244191592 -21.59377761337696 62
      vertex 0.3430542898493029 -21.61394354121078 62
    endloop
  endfacet
  facet normal 0 0 1
    outer loop
      vertex -18 -32 62
      vertex 0.5098780407186632 -21.569243251887002 62
      vertex 0.4270514244191592 -21.59377761337696 62
    endloop
  endfacet
  facet normal 0 0 1
    outer loop
      vertex -18 -32 62
      vertex 0.5913071167497455 -21.540407703720383 62
      vertex 0.5098780407186632 -21.569243251887002 62
    endloop
  endfacet
  facet normal 0 0 1
    outer loop
      vertex -18 -32 62
      vertex 0.6711154610750703 -21.50735000511029 62
      vertex 0.5913071167497455 -21.540407703720383 62
    endloop
  endfacet
  facet normal 0 0 1
    outer loop
      vertex -18 -32 62
      vertex 0.7490843245702522 -21.47016076491081 62
      vertex 0.6711154610750703 -21.50735000511029 62
    endloop
  endfacet
  facet normal 0 0 1
    outer loop
      vertex -18 -32 62
      vertex 0.825 -21.428941916244323 62
      vertex 0.7490843245702522 -21.47016076491081 62
    endloop
  endfacet
  facet normal 0.707100000061869 -8.136035766280403e-17 -0.707113562246196
    outer loop
      vertex -1.6296857619819773 -20.25811686731638 56.79518549805804
      vertex 0 -32 58.42484000325203
      vertex -7.212489168102785 -32 51.212489168102785
    endloop
  endfacet
  facet normal 0.7071000000618682 5.917906849637299e-16 -0.7071135622461967
    outer loop
      vertex -1.6296857619819773 -20.25811686731638 56.79518549805804
      vertex -7.212489168102785 -32 51.212489168102785
      vertex -1.6409611273576508 -20.17247196439163 56.78391034893983
    endloop
  endfacet
  facet normal 0.7071000000618848 -1.4954310083255082e-14 -0.7071135622461802
    outer loop
      vertex -1.6409611273576508 -20.17247196439163 56.78391034893983
      vertex -7.212489168102785 -32 51.212489168102785
      vertex -1.6477387323450468 -20.08635432780086 56.77713287394446
    endloop
  endfacet
  facet normal 0.7071000000618172 4.825789220720365e-14 -0.7071135622462478
    outer loop
      vertex -1.6477387323450468 -20.08635432780086 56.77713287394446
      vertex -7.212489168102785 -32 51.212489168102785
      vertex -1.65 -20 56.774871649659815
    endloop
  endfacet
  facet normal 0.7071000000619326 1.6441176409484178e-14 -0.7071135622461323
    outer loop
      vertex -1.470160764910807 -20.74908432457025 56.95470743549702
      vertex -1.4289419162443235 -20.825 56.99592549360079
      vertex 0 -32 58.42484000325203
    endloop
  endfacet
  facet normal 0.7071000000618751 1.7178635937249422e-15 -0.7071135622461898
    outer loop
      vertex -1.3838064371099497 -20.898654407774796 57.04106010705287
      vertex 0 -32 58.42484000325203
      vertex -1.4289419162443235 -20.825 56.99592549360079
    endloop
  endfacet
  facet normal 0.7071000000618801 2.5830842640731407e-15 -0.7071135622461849
    outer loop
      vertex -1.3348780407186631 -20.96984566628258 57.08998756501507
      vertex -1.282290836404002 -21.038378645232232 57.14257376072603
      vertex 0 -32 58.42484000325203
    endloop
  endfacet
  facet normal 0.7071000000618288 -9.816145880524571e-15 -0.7071135622462362
    outer loop
      vertex -1.3838064371099497 -20.898654407774796 57.04106010705287
      vertex -1.3348780407186631 -20.96984566628258 57.08998756501507
      vertex 0 -32 58.42484000325203
    endloop
  endfacet
  facet normal 0.7071000000616343 -6.478550330996043e-14 -0.7071135622464307
    outer loop
      vertex -1.5937776133769626 -20.427051424419158 56.83109295795765
      vertex 0 -32 58.42484000325203
      vertex -1.6139435412107792 -20.343054289849302 56.8109274168991
    endloop
  endfacet
  facet normal 0.7071000000618272 -1.1243684485415715e-14 -0.7071135622462379
    outer loop
      vertex -1.5404077037203827 -20.591307116749746 56.88446184399852
      vertex 0 -32 58.42484000325203
      vertex -1.5692432518870032 -20.509878040718664 56.85562684888737
    endloop
  endfacet
  facet normal 0.7071000000620201 4.1496610889903566e-14 -0.7071135622460448
    outer loop
      vertex -1.5692432518870032 -20.509878040718664 56.85562684888737
      vertex 0 -32 58.42484000325203
      vertex -1.5937776133769626 -20.427051424419158 56.83109295795765
    endloop
  endfacet
  facet normal 0.7071000000618328 -9.640087413332742e-15 -0.7071135622462321
    outer loop
      vertex -1.5073500051102913 -20.671115461075072 56.91751890857382
      vertex -1.470160764910807 -20.74908432457025 56.95470743549702
      vertex 0 -32 58.42484000325203
    endloop
  endfacet
  facet normal 0.7071000000618454 -6.297317395634735e-15 -0.7071135622462195
    outer loop
      vertex -1.5404077037203827 -20.591307116749746 56.88446184399852
      vertex -1.5073500051102913 -20.671115461075072 56.91751890857382
      vertex 0 -32 58.42484000325203
    endloop
  endfacet
  facet normal 0.7071000000622832 1.1493788867611886e-13 -0.7071135622457817
    outer loop
      vertex -1.6296857619819773 -20.25811686731638 56.79518549805804
      vertex -1.6139435412107792 -20.343054289849302 56.8109274168991
      vertex 0 -32 58.42484000325203
    endloop
  endfacet
  facet normal 0.7071000000618491 -4.376130385023729e-15 -0.7071135622462158
    outer loop
      vertex -1.2261889620377004 -21.104065500492116 57.19867455907852
      vertex -1.1667261889578033 -21.166726188957803 57.25813619168377
      vertex 0 -32 58.42484000325203
    endloop
  endfacet
  facet normal 0.7071000000618803 2.6701551200532573e-15 -0.7071135622461846
    outer loop
      vertex -1.282290836404002 -21.038378645232232 57.14257376072603
      vertex -1.2261889620377004 -21.104065500492116 57.19867455907852
      vertex 0 -32 58.42484000325203
    endloop
  endfacet
  facet normal 0.7071000000618719 5.564099789572126e-16 -0.7071135622461929
    outer loop
      vertex -1.1667261889578033 -21.166726188957803 57.25813619168377
      vertex -1.104065500492116 -21.2261889620377 57.32079567833994
      vertex 0 -32 58.42484000325203
    endloop
  endfacet
  facet normal 0.7071000000618647 -9.328302937143527e-16 -0.7071135622462003
    outer loop
      vertex -1.104065500492116 -21.2261889620377 57.32079567833994
      vertex -1.0383786452322317 -21.282290836404 57.38648127374952
      vertex 0 -32 58.42484000325203
    endloop
  endfacet
  facet normal 0.7071000000618928 4.4785500010375e-15 -0.7071135622461723
    outer loop
      vertex -1.0383786452322317 -21.282290836404 57.38648127374952
      vertex -0.9698456662825806 -21.334878040718664 57.455012938261234
      vertex 0 -32 58.42484000325203
    endloop
  endfacet
  facet normal 0.7071000000618617 -1.1451655667967238e-15 -0.7071135622462031
    outer loop
      vertex -0.9698456662825806 -21.334878040718664 57.455012938261234
      vertex -0.8986544077747947 -21.38380643710995 57.52620283134623
      vertex 0 -32 58.42484000325203
    endloop
  endfacet
  facet normal 0.7071000000618701 2.6975601326934034e-16 -0.7071135622461948
    outer loop
      vertex -0.825 -21.428941916244323 57.59985582645592
      vertex 0 -32 58.42484000325203
      vertex -0.8986544077747947 -21.38380643710995 57.52620283134623
    endloop
  endfacet
  facet normal 0.7071000000618541 -1.6708269004977984e-15 -0.7071135622462108
    outer loop
      vertex -0.6711154610750703 -21.50735000511029 57.75373741393063
      vertex -0.5913071167497455 -21.540407703720383 57.83354422756055
      vertex 0 -32 58.42484000325203
    endloop
  endfacet
  facet normal 0.7071000000618558 -1.4787037162444717e-15 -0.707113562246209
    outer loop
      vertex -0.5913071167497455 -21.540407703720383 57.83354422756055
      vertex -0.5098780407186632 -21.569243251887002 57.91497174181118
      vertex 0 -32 58.42484000325203
    endloop
  endfacet
  facet normal 0.7071000000618771 6.106712153175561e-16 -0.7071135622461876
    outer loop
      vertex -0.5098780407186632 -21.569243251887002 57.91497174181118
      vertex -0.4270514244191592 -21.59377761337696 57.99779676952591
      vertex 0 -32 58.42484000325203
    endloop
  endfacet
  facet normal 0.7071000000618749 1.0184337800347008e-15 -0.70711356224619
    outer loop
      vertex -0.825 -21.428941916244323 57.59985582645592
      vertex -0.7490843245702522 -21.47016076491081 57.675770045850264
      vertex 0 -32 58.42484000325203
    endloop
  endfacet
  facet normal 0.7071000000618725 6.789701689448599e-16 -0.7071135622461924
    outer loop
      vertex -0.7490843245702522 -21.47016076491081 57.675770045850264
      vertex -0.6711154610750703 -21.50735000511029 57.75373741393063
      vertex 0 -32 58.42484000325203
    endloop
  endfacet
  facet normal 0.7071000000618811 9.24631616980858e-16 -0.7071135622461839
    outer loop
      vertex -0.4270514244191592 -21.59377761337696 57.99779676952591
      vertex -0.3430542898493029 -21.61394354121078 58.08179229306088
      vertex 0 -32 58.42484000325203
    endloop
  endfacet
  facet normal 0.7071000000618667 -2.4882161747314206e-17 -0.7071135622461983
    outer loop
      vertex -0.3430542898493029 -21.61394354121078 58.08179229306088
      vertex -0.2581168673163809 -21.62968576198198 58.16672808652452
      vertex 0 -32 58.42484000325203
    endloop
  endfacet
  facet normal 0.7071000000618682 4.7212567762272617e-17 -0.7071135622461968
    outer loop
      vertex -0.2581168673163809 -21.62968576198198 58.16672808652452
      vertex -0.1724719643916282 -21.640961127357652 58.252371346810776
      vertex 0 -32 58.42484000325203
    endloop
  endfacet
  facet normal 0.7071000000618677 3.0391443738814924e-17 -0.7071135622461974
    outer loop
      vertex -0.1724719643916282 -21.640961127357652 58.252371346810776
      vertex -0.08635432780085732 -21.647738732345047 58.338487331696186
      vertex 0 -32 58.42484000325203
    endloop
  endfacet
  facet normal 0.7071000000618658 -5.499353808085372e-20 -0.707113562246199
    outer loop
      vertex -0.08635432780085732 -21.647738732345047 58.338487331696186
      vertex 0 -21.65 58.42484000325203
      vertex 0 -32 58.42484000325203
    endloop
  endfacet
  facet normal 0.7071000000619275 -5.4038077516420984e-14 -0.7071135622461374
    outer loop
      vertex -1.65 -20 56.774871649659815
      vertex -7.212489168102785 -32 51.212489168102785
      vertex -1.6477387323450468 -19.91364567219914 56.77713287394446
    endloop
  endfacet
  facet normal 0.707100000061846 2.1063919768963036e-14 -0.7071135622462191
    outer loop
      vertex -1.6477387323450468 -19.91364567219914 56.77713287394446
      vertex -7.212489168102785 -32 51.212489168102785
      vertex -1.6409611273576508 -19.82752803560837 56.78391034893983
    endloop
  endfacet
  facet normal 0.7071000000618701 -1.0725424539379357e-15 -0.7071135622461948
    outer loop
      vertex -1.6409611273576508 -19.82752803560837 56.78391034893983
      vertex -7.212489168102785 -32 51.212489168102785
      vertex -1.6296857619819773 -19.74188313268362 56.79518549805804
    endloop
  endfacet
  facet normal 0.7071000000617973 6.520424336879104e-14 -0.7071135622462676
    outer loop
      vertex -1.6296857619819773 -19.74188313268362 56.79518549805804
      vertex -7.212489168102785 -32 51.212489168102785
      vertex -1.6139435412107792 -19.656945710150698 56.8109274168991
    endloop
  endfacet
  facet normal 0.7071000000619817 -1.0196104884382245e-13 -0.7071135622460833
    outer loop
      vertex -1.6139435412107792 -19.656945710150698 56.8109274168991
      vertex -7.212489168102785 -32 51.212489168102785
      vertex -1.5937776133769626 -19.572948575580842 56.83109295795765
    endloop
  endfacet
  facet normal 0.7071000000617146 1.3958416064499255e-13 -0.7071135622463505
    outer loop
      vertex -1.5937776133769626 -19.572948575580842 56.83109295795765
      vertex -7.212489168102785 -32 51.212489168102785
      vertex -1.5692432518870032 -19.490121959281336 56.85562684888737
    endloop
  endfacet
  facet normal 0.7071000000619649 -8.625163190594456e-14 -0.7071135622461001
    outer loop
      vertex -1.5692432518870032 -19.490121959281336 56.85562684888737
      vertex -7.212489168102785 -32 51.212489168102785
      vertex -1.5404077037203827 -19.408692883250254 56.88446184399852
    endloop
  endfacet
  facet normal 0.7071000000620524 -1.646783134717429e-13 -0.7071135622460125
    outer loop
      vertex -1.5404077037203827 -19.408692883250254 56.88446184399852
      vertex -7.212489168102785 -32 51.212489168102785
      vertex -1.5073500051102913 -19.328884538924928 56.91751890857382
    endloop
  endfacet
  facet normal 0.7604059656000278 0.6494480483301872 0
    outer loop
      vertex -1.282290836404002 -21.038378645232232 57.14257376072603
      vertex -1.282290836404002 -21.038378645232232 62
      vertex -1.2261889620377004 -21.104065500492116 57.19867455907852
    endloop
  endfacet
  facet normal 0.7253743710122871 0.6883545756937546 0
    outer loop
      vertex -1.2261889620377004 -21.104065500492116 57.19867455907852
      vertex -1.2261889620377004 -21.104065500492116 62
      vertex -1.1667261889578033 -21.166726188957803 57.25813619168377
    endloop
  endfacet
  facet normal 0.6883545756937534 0.7253743710122883 0
    outer loop
      vertex -1.1667261889578033 -21.166726188957803 57.25813619168377
      vertex -1.1667261889578033 -21.166726188957803 62
      vertex -1.104065500492116 -21.2261889620377 57.32079567833994
    endloop
  endfacet
  facet normal 0.9426414910921781 0.333806859233772 1.5100685096946919e-19
    outer loop
      vertex -1.5404077037203827 -20.591307116749746 56.88446184399852
      vertex -1.5692432518870032 -20.509878040718664 56.85562684888737
      vertex -1.5692432518870032 -20.509878040718664 62
    endloop
  endfacet
  facet normal 0.9238795325112875 0.3826834323650878 0
    outer loop
      vertex -1.5404077037203827 -20.591307116749746 56.88446184399852
      vertex -1.5404077037203827 -20.591307116749746 62
      vertex -1.5073500051102913 -20.671115461075072 56.91751890857382
    endloop
  endfacet
  facet normal 0.878817112661964 0.4771587602596108 0
    outer loop
      vertex -1.470160764910807 -20.74908432457025 56.95470743549702
      vertex -1.470160764910807 -20.74908432457025 62
      vertex -1.4289419162443235 -20.825 56.99592549360079
    endloop
  endfacet
  facet normal 0.8526401643540992 0.5224985647159376 2.0960049151124044e-20
    outer loop
      vertex -1.3838064371099497 -20.898654407774796 57.04106010705287
      vertex -1.4289419162443235 -20.825 56.99592549360079
      vertex -1.4289419162443235 -20.825 62
    endloop
  endfacet
  facet normal 0.9025852843498571 0.4305110968083026 0
    outer loop
      vertex -1.5073500051102913 -20.671115461075072 56.91751890857382
      vertex -1.5073500051102913 -20.671115461075072 62
      vertex -1.470160764910807 -20.74908432457025 56.95470743549702
    endloop
  endfacet
  facet normal 0.9832549075639536 0.18223552549215222 0
    outer loop
      vertex -1.6296857619819773 -20.25811686731638 56.79518549805804
      vertex -1.6296857619819773 -20.25811686731638 62
      vertex -1.6139435412107792 -20.343054289849302 56.8109274168991
    endloop
  endfacet
  facet normal 0.958819734868195 0.28401534470391593 9.906755312842364e-20
    outer loop
      vertex -1.5692432518870032 -20.509878040718664 56.85562684888737
      vertex -1.5937776133769626 -20.427051424419158 56.83109295795765
      vertex -1.5937776133769626 -20.427051424419158 62
    endloop
  endfacet
  facet normal 0.9723699203976762 0.23344536385590714 -9.379331851763368e-20
    outer loop
      vertex -1.5937776133769626 -20.427051424419158 56.83109295795765
      vertex -1.6139435412107792 -20.343054289849302 56.8109274168991
      vertex -1.6139435412107792 -20.343054289849302 62
    endloop
  endfacet
  facet normal 0.9914448613738108 0.1305261922200486 -1.059747091706402e-19
    outer loop
      vertex -1.6296857619819773 -20.25811686731638 56.79518549805804
      vertex -1.6409611273576508 -20.17247196439163 56.78391034893983
      vertex -1.6409611273576508 -20.17247196439163 62
    endloop
  endfacet
  facet normal 0.9969173337331279 0.07845909572784608 -4.428960336732161e-20
    outer loop
      vertex -1.6409611273576508 -20.17247196439163 56.78391034893983
      vertex -1.6477387323450468 -20.08635432780086 56.77713287394446
      vertex -1.6477387323450468 -20.08635432780086 62
    endloop
  endfacet
  facet normal 0.9996573249755574 0.026176948307873378 6.764105409491114e-21
    outer loop
      vertex -1.6477387323450468 -20.08635432780086 56.77713287394446
      vertex -1.65 -20 56.774871649659815
      vertex -1.65 -20 62
    endloop
  endfacet
  facet normal 0.8241261886220103 0.5664062369248406 0
    outer loop
      vertex -1.3838064371099497 -20.898654407774796 57.04106010705287
      vertex -1.3838064371099497 -20.898654407774796 62
      vertex -1.3348780407186631 -20.96984566628258 57.08998756501507
    endloop
  endfacet
  facet normal 0.7933533402912372 0.608761429008718 0
    outer loop
      vertex -1.3348780407186631 -20.96984566628258 57.08998756501507
      vertex -1.3348780407186631 -20.96984566628258 62
      vertex -1.282290836404002 -21.038378645232232 57.14257376072603
    endloop
  endfacet
  facet normal 0.7933533402912372 0.608761429008718 0
    outer loop
      vertex -1.282290836404002 -21.038378645232232 57.14257376072603
      vertex -1.3348780407186631 -20.96984566628258 62
      vertex -1.282290836404002 -21.038378645232232 62
    endloop
  endfacet
  facet normal 0.7604059656000277 0.6494480483301872 0
    outer loop
      vertex -1.2261889620377004 -21.104065500492116 57.19867455907852
      vertex -1.282290836404002 -21.038378645232232 62
      vertex -1.2261889620377004 -21.104065500492116 62
    endloop
  endfacet
  facet normal 0.725374371012287 0.6883545756937547 0
    outer loop
      vertex -1.1667261889578033 -21.166726188957803 57.25813619168377
      vertex -1.2261889620377004 -21.104065500492116 62
      vertex -1.1667261889578033 -21.166726188957803 62
    endloop
  endfacet
  facet normal 0.9426414910921781 0.33380685923377196 0
    outer loop
      vertex -1.5404077037203827 -20.591307116749746 56.88446184399852
      vertex -1.5692432518870032 -20.509878040718664 62
      vertex -1.5404077037203827 -20.591307116749746 62
    endloop
  endfacet
  facet normal 0.8788171126619642 0.4771587602596108 0
    outer loop
      vertex -1.4289419162443235 -20.825 56.99592549360079
      vertex -1.470160764910807 -20.74908432457025 62
      vertex -1.4289419162443235 -20.825 62
    endloop
  endfacet
  facet normal 0.9238795325112877 0.38268343236508784 0
    outer loop
      vertex -1.5073500051102913 -20.671115461075072 56.91751890857382
      vertex -1.5404077037203827 -20.591307116749746 62
      vertex -1.5073500051102913 -20.671115461075072 62
    endloop
  endfacet
  facet normal 0.9025852843498571 0.4305110968083026 0
    outer loop
      vertex -1.470160764910807 -20.74908432457025 56.95470743549702
      vertex -1.5073500051102913 -20.671115461075072 62
      vertex -1.470160764910807 -20.74908432457025 62
    endloop
  endfacet
  facet normal 0.9832549075639536 0.18223552549215224 0
    outer loop
      vertex -1.6139435412107792 -20.343054289849302 56.8109274168991
      vertex -1.6296857619819773 -20.25811686731638 62
      vertex -1.6139435412107792 -20.343054289849302 62
    endloop
  endfacet
  facet normal 0.9723699203976762 0.23344536385590717 0
    outer loop
      vertex -1.5937776133769626 -20.427051424419158 56.83109295795765
      vertex -1.6139435412107792 -20.343054289849302 62
      vertex -1.5937776133769626 -20.427051424419158 62
    endloop
  endfacet
  facet normal 0.958819734868195 0.2840153447039159 0
    outer loop
      vertex -1.5692432518870032 -20.509878040718664 56.85562684888737
      vertex -1.5937776133769626 -20.427051424419158 62
      vertex -1.5692432518870032 -20.509878040718664 62
    endloop
  endfacet
  facet normal 0.9914448613738108 0.1305261922200486 0
    outer loop
      vertex -1.6296857619819773 -20.25811686731638 56.79518549805804
      vertex -1.6409611273576508 -20.17247196439163 62
      vertex -1.6296857619819773 -20.25811686731638 62
    endloop
  endfacet
  facet normal 0.9969173337331279 0.07845909572784608 0
    outer loop
      vertex -1.6409611273576508 -20.17247196439163 56.78391034893983
      vertex -1.6477387323450468 -20.08635432780086 62
      vertex -1.6409611273576508 -20.17247196439163 62
    endloop
  endfacet
  facet normal 0.9996573249755573 0.026176948307873378 0
    outer loop
      vertex -1.6477387323450468 -20.08635432780086 56.77713287394446
      vertex -1.65 -20 62
      vertex -1.6477387323450468 -20.08635432780086 62
    endloop
  endfacet
  facet normal 0.8241261886220103 0.5664062369248406 0
    outer loop
      vertex -1.3348780407186631 -20.96984566628258 57.08998756501507
      vertex -1.3838064371099497 -20.898654407774796 62
      vertex -1.3348780407186631 -20.96984566628258 62
    endloop
  endfacet
  facet normal 0.8526401643540992 0.5224985647159376 0
    outer loop
      vertex -1.3838064371099497 -20.898654407774796 57.04106010705287
      vertex -1.4289419162443235 -20.825 62
      vertex -1.3838064371099497 -20.898654407774796 62
    endloop
  endfacet
  facet normal 0.6087614290087264 0.7933533402912308 0
    outer loop
      vertex -1.0383786452322317 -21.282290836404 57.38648127374952
      vertex -1.0383786452322317 -21.282290836404 62
      vertex -0.9698456662825806 -21.334878040718664 57.455012938261234
    endloop
  endfacet
  facet normal 0.6494480483301864 0.7604059656000286 0
    outer loop
      vertex -1.104065500492116 -21.2261889620377 57.32079567833994
      vertex -1.104065500492116 -21.2261889620377 62
      vertex -1.0383786452322317 -21.282290836404 57.38648127374952
    endloop
  endfacet
  facet normal 0.5664062369248305 0.8241261886220171 0
    outer loop
      vertex -0.9698456662825806 -21.334878040718664 57.455012938261234
      vertex -0.9698456662825806 -21.334878040718664 62
      vertex -0.8986544077747947 -21.38380643710995 57.52620283134623
    endloop
  endfacet
  facet normal 0.5224985647159411 0.8526401643540968 3.252606780327745e-20
    outer loop
      vertex -0.825 -21.428941916244323 57.59985582645592
      vertex -0.8986544077747947 -21.38380643710995 57.52620283134623
      vertex -0.8986544077747947 -21.38380643710995 62
    endloop
  endfacet
  facet normal 0.47715876025962717 0.8788171126619552 0
    outer loop
      vertex -0.825 -21.428941916244323 57.59985582645592
      vertex -0.825 -21.428941916244323 62
      vertex -0.7490843245702522 -21.47016076491081 57.675770045850264
    endloop
  endfacet
  facet normal 0.3826834323651125 0.9238795325112774 0
    outer loop
      vertex -0.6711154610750703 -21.50735000511029 57.75373741393063
      vertex -0.6711154610750703 -21.50735000511029 62
      vertex -0.5913071167497455 -21.540407703720383 57.83354422756055
    endloop
  endfacet
  facet normal 0.3338068592337521 0.9426414910921851 0
    outer loop
      vertex -0.5913071167497455 -21.540407703720383 57.83354422756055
      vertex -0.5913071167497455 -21.540407703720383 62
      vertex -0.5098780407186632 -21.569243251887002 57.91497174181118
    endloop
  endfacet
  facet normal 0.4305110968082648 0.9025852843498751 0
    outer loop
      vertex -0.7490843245702522 -21.47016076491081 57.675770045850264
      vertex -0.7490843245702522 -21.47016076491081 62
      vertex -0.6711154610750703 -21.50735000511029 57.75373741393063
    endloop
  endfacet
  facet normal 0.2840153447039188 0.9588197348681942 0
    outer loop
      vertex -0.5098780407186632 -21.569243251887002 57.91497174181118
      vertex -0.5098780407186632 -21.569243251887002 62
      vertex -0.4270514244191592 -21.59377761337696 57.99779676952591
    endloop
  endfacet
  facet normal 0.23344536385593256 0.9723699203976702 0
    outer loop
      vertex -0.4270514244191592 -21.59377761337696 57.99779676952591
      vertex -0.4270514244191592 -21.59377761337696 62
      vertex -0.3430542898493029 -21.61394354121078 58.08179229306088
    endloop
  endfacet
  facet normal 0.18223552549214944 0.9832549075639542 0
    outer loop
      vertex -0.3430542898493029 -21.61394354121078 58.08179229306088
      vertex -0.3430542898493029 -21.61394354121078 62
      vertex -0.2581168673163809 -21.62968576198198 58.16672808652452
    endloop
  endfacet
  facet normal 0.13052619222005535 0.9914448613738099 0
    outer loop
      vertex -0.2581168673163809 -21.62968576198198 58.16672808652452
      vertex -0.2581168673163809 -21.62968576198198 62
      vertex -0.1724719643916282 -21.640961127357652 58.252371346810776
    endloop
  endfacet
  facet normal 0.0784590957278334 0.996917333733129 0
    outer loop
      vertex -0.1724719643916282 -21.640961127357652 58.252371346810776
      vertex -0.1724719643916282 -21.640961127357652 62
      vertex -0.08635432780085732 -21.647738732345047 58.338487331696186
    endloop
  endfacet
  facet normal 0.026176948307853186 0.9996573249755579 0
    outer loop
      vertex -0.08635432780085732 -21.647738732345047 58.338487331696186
      vertex -0.08635432780085732 -21.647738732345047 62
      vertex 0 -21.65 58.42484000325203
    endloop
  endfacet
  facet normal 0.6494480483301864 0.7604059656000286 0
    outer loop
      vertex -1.0383786452322317 -21.282290836404 57.38648127374952
      vertex -1.104065500492116 -21.2261889620377 62
      vertex -1.0383786452322317 -21.282290836404 62
    endloop
  endfacet
  facet normal 0.6087614290087264 0.7933533402912308 0
    outer loop
      vertex -0.9698456662825806 -21.334878040718664 57.455012938261234
      vertex -1.0383786452322317 -21.282290836404 62
      vertex -0.9698456662825806 -21.334878040718664 62
    endloop
  endfacet
  facet normal 0.6883545756937534 0.7253743710122882 0
    outer loop
      vertex -1.104065500492116 -21.2261889620377 57.32079567833994
      vertex -1.1667261889578033 -21.166726188957803 62
      vertex -1.104065500492116 -21.2261889620377 62
    endloop
  endfacet
  facet normal 0.5664062369248305 0.8241261886220171 0
    outer loop
      vertex -0.8986544077747947 -21.38380643710995 57.52620283134623
      vertex -0.9698456662825806 -21.334878040718664 62
      vertex -0.8986544077747947 -21.38380643710995 62
    endloop
  endfacet
  facet normal 0.5224985647159411 0.852640164354097 0
    outer loop
      vertex -0.825 -21.428941916244323 57.59985582645592
      vertex -0.8986544077747947 -21.38380643710995 62
      vertex -0.825 -21.428941916244323 62
    endloop
  endfacet
  facet normal 0.38268343236511243 0.9238795325112773 0
    outer loop
      vertex -0.5913071167497455 -21.540407703720383 57.83354422756055
      vertex -0.6711154610750703 -21.50735000511029 62
      vertex -0.5913071167497455 -21.540407703720383 62
    endloop
  endfacet
  facet normal 0.4771587602596272 0.8788171126619552 0
    outer loop
      vertex -0.7490843245702522 -21.47016076491081 57.675770045850264
      vertex -0.825 -21.428941916244323 62
      vertex -0.7490843245702522 -21.47016076491081 62
    endloop
  endfacet
  facet normal 0.4305110968082648 0.9025852843498751 0
    outer loop
      vertex -0.6711154610750703 -21.50735000511029 57.75373741393063
      vertex -0.7490843245702522 -21.47016076491081 62
      vertex -0.6711154610750703 -21.50735000511029 62
    endloop
  endfacet
  facet normal 0.33380685923375214 0.9426414910921851 0
    outer loop
      vertex -0.5098780407186632 -21.569243251887002 57.91497174181118
      vertex -0.5913071167497455 -21.540407703720383 62
      vertex -0.5098780407186632 -21.569243251887002 62
    endloop
  endfacet
  facet normal 0.28401534470391887 0.9588197348681943 0
    outer loop
      vertex -0.4270514244191592 -21.59377761337696 57.99779676952591
      vertex -0.5098780407186632 -21.569243251887002 62
      vertex -0.4270514244191592 -21.59377761337696 62
    endloop
  endfacet
  facet normal 0.23344536385593254 0.9723699203976701 0
    outer loop
      vertex -0.3430542898493029 -21.61394354121078 58.08179229306088
      vertex -0.4270514244191592 -21.59377761337696 62
      vertex -0.3430542898493029 -21.61394354121078 62
    endloop
  endfacet
  facet normal 0.18223552549214947 0.9832549075639543 0
    outer loop
      vertex -0.2581168673163809 -21.62968576198198 58.16672808652452
      vertex -0.3430542898493029 -21.61394354121078 62
      vertex -0.2581168673163809 -21.62968576198198 62
    endloop
  endfacet
  facet normal 0.13052619222005535 0.99144486137381 0
    outer loop
      vertex -0.1724719643916282 -21.640961127357652 58.252371346810776
      vertex -0.2581168673163809 -21.62968576198198 62
      vertex -0.1724719643916282 -21.640961127357652 62
    endloop
  endfacet
  facet normal 0.0784590957278334 0.9969173337331289 0
    outer loop
      vertex -0.08635432780085732 -21.647738732345047 58.338487331696186
      vertex -0.1724719643916282 -21.640961127357652 62
      vertex -0.08635432780085732 -21.647738732345047 62
    endloop
  endfacet
  facet normal 0.02617694830785319 0.9996573249755579 0
    outer loop
      vertex 0 -21.65 58.42484000325203
      vertex -0.08635432780085732 -21.647738732345047 62
      vertex 0 -21.65 62
    endloop
  endfacet
  facet normal 0.9996573249755573 -0.02617694830787338 -6.767033908157973e-21
    outer loop
      vertex -1.65 -20 56.774871649659815
      vertex -1.6477387323450468 -19.91364567219914 56.77713287394446
      vertex -1.6477387323450468 -19.91364567219914 62
    endloop
  endfacet
  facet normal 0.9969173337331279 -0.07845909572784608 4.4347150629630597e-20
    outer loop
      vertex -1.6477387323450468 -19.91364567219914 56.77713287394446
      vertex -1.6409611273576508 -19.82752803560837 56.78391034893983
      vertex -1.6409611273576508 -19.82752803560837 62
    endloop
  endfacet
  facet normal 0.9914448613738108 -0.1305261922200486 1.0620428135773973e-19
    outer loop
      vertex -1.6409611273576508 -19.82752803560837 56.78391034893983
      vertex -1.6296857619819773 -19.74188313268362 56.79518549805804
      vertex -1.6296857619819773 -19.74188313268362 62
    endloop
  endfacet
  facet normal 0.9832549075639536 -0.18223552549215224 -5.611079864406312e-20
    outer loop
      vertex -1.6296857619819773 -19.74188313268362 56.79518549805804
      vertex -1.6139435412107792 -19.656945710150698 56.8109274168991
      vertex -1.6139435412107792 -19.656945710150698 62
    endloop
  endfacet
  facet normal 0.9723699203976762 -0.23344536385590717 9.415923591568345e-20
    outer loop
      vertex -1.6139435412107792 -19.656945710150698 56.8109274168991
      vertex -1.5937776133769626 -19.572948575580842 56.83109295795765
      vertex -1.5937776133769626 -19.572948575580842 62
    endloop
  endfacet
  facet normal 0.958819734868195 -0.2840153447039159 -9.954001351800502e-20
    outer loop
      vertex -1.5937776133769626 -19.572948575580842 56.83109295795765
      vertex -1.5692432518870032 -19.490121959281336 56.85562684888737
      vertex -1.5692432518870032 -19.490121959281336 62
    endloop
  endfacet
  facet normal 0.9426414910921781 -0.33380685923377196 -1.518580384059947e-19
    outer loop
      vertex -1.5692432518870032 -19.490121959281336 56.85562684888737
      vertex -1.5404077037203827 -19.408692883250254 56.88446184399852
      vertex -1.5404077037203827 -19.408692883250254 62
    endloop
  endfacet
  facet normal 0.9238795325112877 -0.38268343236508784 4.694664054808009e-19
    outer loop
      vertex -1.5404077037203827 -19.408692883250254 56.88446184399852
      vertex -1.5073500051102913 -19.328884538924928 56.91751890857382
      vertex -1.5073500051102913 -19.328884538924928 62
    endloop
  endfacet
  facet normal 0.9025852843498571 -0.4305110968083026 -2.1219855527599135e-19
    outer loop
      vertex -1.5073500051102913 -19.328884538924928 56.91751890857382
      vertex -1.470160764910807 -19.25091567542975 56.95470743549702
      vertex -1.470160764910807 -19.25091567542975 62
    endloop
  endfacet
  facet normal 0.8788171126619642 -0.47715876025961074 -4.3253704717441764e-19
    outer loop
      vertex -1.470160764910807 -19.25091567542975 56.95470743549702
      vertex -1.4289419162443235 -19.175 56.99592549360079
      vertex -1.4289419162443235 -19.175 62
    endloop
  endfacet
  facet normal 0.8526401643540992 -0.5224985647159376 -2.1150820512906057e-20
    outer loop
      vertex -1.4289419162443235 -19.175 56.99592549360079
      vertex -1.3838064371099497 -19.101345592225204 57.04106010705287
      vertex -1.3838064371099497 -19.101345592225204 62
    endloop
  endfacet
  facet normal 0.8241261886220103 -0.5664062369248406 -9.042919599163394e-20
    outer loop
      vertex -1.3838064371099497 -19.101345592225204 57.04106010705287
      vertex -1.3348780407186631 -19.03015433371742 57.08998756501507
      vertex -1.3348780407186631 -19.03015433371742 62
    endloop
  endfacet
  facet normal 0.7933533402912372 -0.608761429008718 5.862100941364058e-20
    outer loop
      vertex -1.3348780407186631 -19.03015433371742 57.08998756501507
      vertex -1.282290836404002 -18.961621354767768 57.14257376072603
      vertex -1.282290836404002 -18.961621354767768 62
    endloop
  endfacet
  facet normal 0.7604059656000278 -0.6494480483301872 3.5805177538257714e-19
    outer loop
      vertex -1.282290836404002 -18.961621354767768 57.14257376072603
      vertex -1.2261889620377004 -18.895934499507884 57.19867455907852
      vertex -1.2261889620377004 -18.895934499507884 62
    endloop
  endfacet
  facet normal 0.725374371012287 -0.6883545756937547 -2.991157432958941e-19
    outer loop
      vertex -1.2261889620377004 -18.895934499507884 57.19867455907852
      vertex -1.1667261889578033 -18.833273811042197 57.25813619168377
      vertex -1.1667261889578033 -18.833273811042197 62
    endloop
  endfacet
  facet normal 0.6883545756937534 -0.7253743710122883 0
    outer loop
      vertex -1.1667261889578033 -18.833273811042197 57.25813619168377
      vertex -1.104065500492116 -18.7738110379623 57.32079567833994
      vertex -1.1667261889578033 -18.833273811042197 62
    endloop
  endfacet
  facet normal 0.9996573249755574 -0.02617694830787338 0
    outer loop
      vertex -1.65 -20 56.774871649659815
      vertex -1.6477387323450468 -19.91364567219914 62
      vertex -1.65 -20 62
    endloop
  endfacet
  facet normal 0.9969173337331279 -0.07845909572784608 0
    outer loop
      vertex -1.6477387323450468 -19.91364567219914 56.77713287394446
      vertex -1.6409611273576508 -19.82752803560837 62
      vertex -1.6477387323450468 -19.91364567219914 62
    endloop
  endfacet
  facet normal 0.9914448613738108 -0.1305261922200486 0
    outer loop
      vertex -1.6409611273576508 -19.82752803560837 56.78391034893983
      vertex -1.6296857619819773 -19.74188313268362 62
      vertex -1.6409611273576508 -19.82752803560837 62
    endloop
  endfacet
  facet normal 0.9832549075639536 -0.18223552549215222 0
    outer loop
      vertex -1.6296857619819773 -19.74188313268362 56.79518549805804
      vertex -1.6139435412107792 -19.656945710150698 62
      vertex -1.6296857619819773 -19.74188313268362 62
    endloop
  endfacet
  facet normal 0.9723699203976762 -0.23344536385590714 0
    outer loop
      vertex -1.6139435412107792 -19.656945710150698 56.8109274168991
      vertex -1.5937776133769626 -19.572948575580842 62
      vertex -1.6139435412107792 -19.656945710150698 62
    endloop
  endfacet
  facet normal 0.958819734868195 -0.28401534470391593 0
    outer loop
      vertex -1.5937776133769626 -19.572948575580842 56.83109295795765
      vertex -1.5692432518870032 -19.490121959281336 62
      vertex -1.5937776133769626 -19.572948575580842 62
    endloop
  endfacet
  facet normal 0.9426414910921781 -0.333806859233772 0
    outer loop
      vertex -1.5692432518870032 -19.490121959281336 56.85562684888737
      vertex -1.5404077037203827 -19.408692883250254 62
      vertex -1.5692432518870032 -19.490121959281336 62
    endloop
  endfacet
  facet normal 0.9238795325112875 -0.3826834323650878 0
    outer loop
      vertex -1.5404077037203827 -19.408692883250254 56.88446184399852
      vertex -1.5073500051102913 -19.328884538924928 62
      vertex -1.5404077037203827 -19.408692883250254 62
    endloop
  endfacet
  facet normal 0.9025852843498571 -0.4305110968083026 0
    outer loop
      vertex -1.5073500051102913 -19.328884538924928 56.91751890857382
      vertex -1.470160764910807 -19.25091567542975 62
      vertex -1.5073500051102913 -19.328884538924928 62
    endloop
  endfacet
  facet normal 0.878817112661964 -0.4771587602596108 0
    outer loop
      vertex -1.470160764910807 -19.25091567542975 56.95470743549702
      vertex -1.4289419162443235 -19.175 62
      vertex -1.470160764910807 -19.25091567542975 62
    endloop
  endfacet
  facet normal 0.8526401643540992 -0.5224985647159376 0
    outer loop
      vertex -1.4289419162443235 -19.175 56.99592549360079
      vertex -1.3838064371099497 -19.101345592225204 62
      vertex -1.4289419162443235 -19.175 62
    endloop
  endfacet
  facet normal 0.8241261886220103 -0.5664062369248406 0
    outer loop
      vertex -1.3838064371099497 -19.101345592225204 57.04106010705287
      vertex -1.3348780407186631 -19.03015433371742 62
      vertex -1.3838064371099497 -19.101345592225204 62
    endloop
  endfacet
  facet normal 0.7933533402912372 -0.608761429008718 0
    outer loop
      vertex -1.3348780407186631 -19.03015433371742 57.08998756501507
      vertex -1.282290836404002 -18.961621354767768 62
      vertex -1.3348780407186631 -19.03015433371742 62
    endloop
  endfacet
  facet normal 0.7604059656000278 -0.6494480483301872 0
    outer loop
      vertex -1.282290836404002 -18.961621354767768 57.14257376072603
      vertex -1.2261889620377004 -18.895934499507884 62
      vertex -1.282290836404002 -18.961621354767768 62
    endloop
  endfacet
  facet normal 0.7253743710122871 -0.6883545756937546 0
    outer loop
      vertex -1.2261889620377004 -18.895934499507884 57.19867455907852
      vertex -1.1667261889578033 -18.833273811042197 62
      vertex -1.2261889620377004 -18.895934499507884 62
    endloop
  endfacet
  facet normal 0.6494480483301864 -0.7604059656000286 0
    outer loop
      vertex -1.104065500492116 -18.7738110379623 57.32079567833994
      vertex -1.0383786452322317 -18.717709163596 57.38648127374952
      vertex -1.104065500492116 -18.7738110379623 62
    endloop
  endfacet
  facet normal 0.6087614290087264 -0.7933533402912308 0
    outer loop
      vertex -1.0383786452322317 -18.717709163596 57.38648127374952
      vertex -0.9698456662825806 -18.665121959281336 57.455012938261234
      vertex -1.0383786452322317 -18.717709163596 62
    endloop
  endfacet
  facet normal 0.5664062369248305 -0.8241261886220171 0
    outer loop
      vertex -0.9698456662825806 -18.665121959281336 57.455012938261234
      vertex -0.8986544077747947 -18.61619356289005 57.52620283134623
      vertex -0.9698456662825806 -18.665121959281336 62
    endloop
  endfacet
  facet normal 0.5224985647159411 -0.8526401643540968 0
    outer loop
      vertex -0.8986544077747947 -18.61619356289005 57.52620283134623
      vertex -0.825 -18.571058083755677 57.59985582645592
      vertex -0.8986544077747947 -18.61619356289005 62
    endloop
  endfacet
  facet normal 0.47715876025962717 -0.8788171126619552 0
    outer loop
      vertex -0.825 -18.571058083755677 57.59985582645592
      vertex -0.7490843245702522 -18.52983923508919 57.675770045850264
      vertex -0.825 -18.571058083755677 62
    endloop
  endfacet
  facet normal 0.4305110968082648 -0.9025852843498751 0
    outer loop
      vertex -0.7490843245702522 -18.52983923508919 57.675770045850264
      vertex -0.6711154610750703 -18.49264999488971 57.75373741393063
      vertex -0.7490843245702522 -18.52983923508919 62
    endloop
  endfacet
  facet normal 0.3826834323651125 -0.9238795325112774 0
    outer loop
      vertex -0.6711154610750703 -18.49264999488971 57.75373741393063
      vertex -0.5913071167497455 -18.459592296279617 57.83354422756055
      vertex -0.6711154610750703 -18.49264999488971 62
    endloop
  endfacet
  facet normal 0.3338068592337521 -0.9426414910921851 0
    outer loop
      vertex -0.5913071167497455 -18.459592296279617 57.83354422756055
      vertex -0.5098780407186632 -18.430756748112998 57.91497174181118
      vertex -0.5913071167497455 -18.459592296279617 62
    endloop
  endfacet
  facet normal 0.2840153447039188 -0.9588197348681942 0
    outer loop
      vertex -0.5098780407186632 -18.430756748112998 57.91497174181118
      vertex -0.4270514244191592 -18.40622238662304 57.99779676952591
      vertex -0.5098780407186632 -18.430756748112998 62
    endloop
  endfacet
  facet normal 0.23344536385593256 -0.9723699203976702 0
    outer loop
      vertex -0.4270514244191592 -18.40622238662304 57.99779676952591
      vertex -0.3430542898493029 -18.38605645878922 58.08179229306088
      vertex -0.4270514244191592 -18.40622238662304 62
    endloop
  endfacet
  facet normal 0.18223552549214944 -0.9832549075639542 0
    outer loop
      vertex -0.3430542898493029 -18.38605645878922 58.08179229306088
      vertex -0.2581168673163809 -18.37031423801802 58.16672808652452
      vertex -0.3430542898493029 -18.38605645878922 62
    endloop
  endfacet
  facet normal 0.13052619222005535 -0.9914448613738099 0
    outer loop
      vertex -0.2581168673163809 -18.37031423801802 58.16672808652452
      vertex -0.1724719643916282 -18.359038872642348 58.252371346810776
      vertex -0.2581168673163809 -18.37031423801802 62
    endloop
  endfacet
  facet normal 0.0784590957278334 -0.996917333733129 0
    outer loop
      vertex -0.1724719643916282 -18.359038872642348 58.252371346810776
      vertex -0.08635432780085732 -18.352261267654953 58.338487331696186
      vertex -0.1724719643916282 -18.359038872642348 62
    endloop
  endfacet
  facet normal 0.026176948307853186 -0.9996573249755579 0
    outer loop
      vertex -0.08635432780085732 -18.352261267654953 58.338487331696186
      vertex 0 -18.35 58.42484000325203
      vertex -0.08635432780085732 -18.352261267654953 62
    endloop
  endfacet
  facet normal 0.6883545756937534 -0.7253743710122882 0
    outer loop
      vertex -1.104065500492116 -18.7738110379623 57.32079567833994
      vertex -1.104065500492116 -18.7738110379623 62
      vertex -1.1667261889578033 -18.833273811042197 62
    endloop
  endfacet
  facet normal 0.6494480483301864 -0.7604059656000286 0
    outer loop
      vertex -1.0383786452322317 -18.717709163596 57.38648127374952
      vertex -1.0383786452322317 -18.717709163596 62
      vertex -1.104065500492116 -18.7738110379623 62
    endloop
  endfacet
  facet normal 0.6087614290087264 -0.7933533402912308 0
    outer loop
      vertex -0.9698456662825806 -18.665121959281336 57.455012938261234
      vertex -0.9698456662825806 -18.665121959281336 62
      vertex -1.0383786452322317 -18.717709163596 62
    endloop
  endfacet
  facet normal 0.5664062369248305 -0.8241261886220171 0
    outer loop
      vertex -0.8986544077747947 -18.61619356289005 57.52620283134623
      vertex -0.8986544077747947 -18.61619356289005 62
      vertex -0.9698456662825806 -18.665121959281336 62
    endloop
  endfacet
  facet normal 0.5224985647159411 -0.852640164354097 0
    outer loop
      vertex -0.825 -18.571058083755677 57.59985582645592
      vertex -0.825 -18.571058083755677 62
      vertex -0.8986544077747947 -18.61619356289005 62
    endloop
  endfacet
  facet normal 0.4771587602596272 -0.8788171126619552 0
    outer loop
      vertex -0.7490843245702522 -18.52983923508919 57.675770045850264
      vertex -0.7490843245702522 -18.52983923508919 62
      vertex -0.825 -18.571058083755677 62
    endloop
  endfacet
  facet normal 0.4305110968082648 -0.9025852843498751 0
    outer loop
      vertex -0.6711154610750703 -18.49264999488971 57.75373741393063
      vertex -0.6711154610750703 -18.49264999488971 62
      vertex -0.7490843245702522 -18.52983923508919 62
    endloop
  endfacet
  facet normal 0.38268343236511243 -0.9238795325112773 0
    outer loop
      vertex -0.5913071167497455 -18.459592296279617 57.83354422756055
      vertex -0.5913071167497455 -18.459592296279617 62
      vertex -0.6711154610750703 -18.49264999488971 62
    endloop
  endfacet
  facet normal 0.33380685923375214 -0.9426414910921851 0
    outer loop
      vertex -0.5098780407186632 -18.430756748112998 57.91497174181118
      vertex -0.5098780407186632 -18.430756748112998 62
      vertex -0.5913071167497455 -18.459592296279617 62
    endloop
  endfacet
  facet normal 0.28401534470391887 -0.9588197348681943 0
    outer loop
      vertex -0.4270514244191592 -18.40622238662304 57.99779676952591
      vertex -0.4270514244191592 -18.40622238662304 62
      vertex -0.5098780407186632 -18.430756748112998 62
    endloop
  endfacet
  facet normal 0.23344536385593254 -0.9723699203976701 0
    outer loop
      vertex -0.3430542898493029 -18.38605645878922 58.08179229306088
      vertex -0.3430542898493029 -18.38605645878922 62
      vertex -0.4270514244191592 -18.40622238662304 62
    endloop
  endfacet
  facet normal 0.18223552549214947 -0.9832549075639543 0
    outer loop
      vertex -0.2581168673163809 -18.37031423801802 58.16672808652452
      vertex -0.2581168673163809 -18.37031423801802 62
      vertex -0.3430542898493029 -18.38605645878922 62
    endloop
  endfacet
  facet normal 0.13052619222005535 -0.99144486137381 0
    outer loop
      vertex -0.1724719643916282 -18.359038872642348 58.252371346810776
      vertex -0.1724719643916282 -18.359038872642348 62
      vertex -0.2581168673163809 -18.37031423801802 62
    endloop
  endfacet
  facet normal 0.0784590957278334 -0.9969173337331289 0
    outer loop
      vertex -0.08635432780085732 -18.352261267654953 58.338487331696186
      vertex -0.08635432780085732 -18.352261267654953 62
      vertex -0.1724719643916282 -18.359038872642348 62
    endloop
  endfacet
  facet normal 0.02617694830785319 -0.9996573249755579 0
    outer loop
      vertex 0 -18.35 58.42484000325203
      vertex 0 -18.35 62
      vertex -0.08635432780085732 -18.352261267654953 62
    endloop
  endfacet
  facet normal 0.852640164354092 3.372213994572561e-19 0.5224985647159494
    outer loop
      vertex -8.833459118601272 -32 38.9
      vertex -8.554439793043326 -32 38.44468184284673
      vertex -8.554439793043326 32 38.44468184284673
    endloop
  endfacet
  facet normal 0.7933533402912336 3.694324978392585e-19 0.6087614290087227
    outer loop
      vertex -8.251973342624463 -32 38.00459042661677
      vertex -7.926888806861102 -32 37.58093201129166
      vertex -7.926888806861102 32 37.58093201129166
    endloop
  endfacet
  facet normal 0.8241261886220178 -1.7585278836881808e-19 0.5664062369248297
    outer loop
      vertex -8.554439793043326 -32 38.44468184284673
      vertex -8.251973342624463 -32 38.00459042661677
      vertex -8.251973342624463 32 38.00459042661677
    endloop
  endfacet
  facet normal 0.6883545756937559 8.311199588675212e-20 0.7253743710122857
    outer loop
      vertex -7.212489168102785 -32 36.787510831897215
      vertex -6.825132184860354 -32 36.41992278013058
      vertex -6.825132184860354 32 36.41992278013058
    endloop
  endfacet
  facet normal 0.7604059656000289 3.703563590160743e-19 0.6494480483301861
    outer loop
      vertex -7.926888806861102 -32 37.58093201129166
      vertex -7.580077219869421 -32 37.17486781513965
      vertex -7.580077219869421 32 37.17486781513965
    endloop
  endfacet
  facet normal 0.7253743710122905 1.2731304432396559e-22 0.6883545756937508
    outer loop
      vertex -7.580077219869421 -32 37.17486781513965
      vertex -7.212489168102785 -32 36.787510831897215
      vertex -7.212489168102785 32 36.787510831897215
    endloop
  endfacet
  facet normal 0.649448048330178 2.795633367654665e-20 0.7604059656000358
    outer loop
      vertex -6.825132184860354 -32 36.41992278013058
      vertex -6.419067988708341 -32 36.0731111931389
      vertex -6.419067988708341 32 36.0731111931389
    endloop
  endfacet
  facet normal 0.5664062369248336 1.4463645214735511e-19 0.8241261886220151
    outer loop
      vertex -5.995409573383226 -32 35.74802665737553
      vertex -5.555318157153276 -32 35.44556020695667
      vertex -5.555318157153276 32 35.44556020695667
    endloop
  endfacet
  facet normal 0.6087614290087281 -2.3569629699925414e-19 0.7933533402912294
    outer loop
      vertex -6.419067988708341 -32 36.0731111931389
      vertex -5.995409573383226 -32 35.74802665737553
      vertex -5.995409573383226 32 35.74802665737553
    endloop
  endfacet
  facet normal 0.5224985647159359 2.7091665577169823e-19 0.8526401643541001
    outer loop
      vertex -5.555318157153276 -32 35.44556020695667
      vertex -5.1 -32 35.16654088139873
      vertex -5.1 32 35.16654088139873
    endloop
  endfacet
  facet normal 0.47715876025961335 1.46548208934267e-20 0.8788171126619627
    outer loop
      vertex -5.1 -32 35.16654088139873
      vertex -4.630703097343377 -32 34.91173345327865
      vertex -4.630703097343377 32 34.91173345327865
    endloop
  endfacet
  facet normal 0.8788171126619646 -8.185440903669516e-20 0.4771587602596101
    outer loop
      vertex -9.088266546721352 -32 39.36929690265662
      vertex -8.833459118601272 -32 38.9
      vertex -8.833459118601272 32 38.9
    endloop
  endfacet
  facet normal 0.4305110968082983 1.557340700488842e-19 0.9025852843498592
    outer loop
      vertex -4.630703097343377 -32 34.91173345327865
      vertex -4.148713759373162 -32 34.68183633204547
      vertex -4.148713759373162 32 34.68183633204547
    endloop
  endfacet
  facet normal 0.3826834323650875 8.909094169428223e-20 0.9238795325112876
    outer loop
      vertex -4.148713759373162 -32 34.68183633204547
      vertex -3.6553530853620626 -32 34.477479649728544
      vertex -3.6553530853620626 32 34.477479649728544
    endloop
  endfacet
  facet normal 0.33380685923376735 -1.9569230354497758e-19 0.9426414910921797
    outer loop
      vertex -3.6553530853620626 -32 34.477479649728544
      vertex -3.1519733426244634 -32 34.29922353378944
      vertex -3.1519733426244634 32 34.29922353378944
    endloop
  endfacet
  facet normal 0.28401534470392986 -1.2339170295302978e-19 0.9588197348681908
    outer loop
      vertex -3.1519733426244634 -32 34.29922353378944
      vertex -2.6399542600457115 -32 34.1475565718515
      vertex -2.6399542600457115 32 34.1475565718515
    endloop
  endfacet
  facet normal 0.23344536385590262 -1.6901347397807244e-19 0.9723699203976771
    outer loop
      vertex -2.6399542600457115 -32 34.1475565718515
      vertex -2.120699246341145 -32 34.02289447251518
      vertex -2.120699246341145 32 34.02289447251518
    endloop
  endfacet
  facet normal 0.18223552549214145 2.5347572794673118e-20 0.9832549075639557
    outer loop
      vertex -2.120699246341145 -32 34.02289447251518
      vertex -1.5956315434103547 -32 33.9255789259296
      vertex -1.5956315434103547 32 33.9255789259296
    endloop
  endfacet
  facet normal 0.13052619222005651 -4.0640585485923016e-20 0.9914448613738097
    outer loop
      vertex -1.5956315434103547 -32 33.9255789259296
      vertex -1.0661903253300653 -32 33.855876667243614
      vertex -1.0661903253300653 32 33.855876667243614
    endloop
  endfacet
  facet normal 0.07845909572784421 1.5321325667609578e-20 0.996917333733128
    outer loop
      vertex -1.0661903253300653 -32 33.855876667243614
      vertex -0.5338267536780271 -32 33.81397874550335
      vertex -0.5338267536780271 32 33.81397874550335
    endloop
  endfacet
  facet normal 0.026176948307882197 9.951889884259669e-21 0.9996573249755571
    outer loop
      vertex -0.5338267536780271 -32 33.81397874550335
      vertex 0 -32 33.8
      vertex 0 32 33.8
    endloop
  endfacet
  facet normal 0.852640164354092 -3.372213994572561e-19 -0.5224985647159494
    outer loop
      vertex -8.554439793043326 -32 49.55531815715327
      vertex -8.833459118601272 -32 49.1
      vertex -8.833459118601272 32 49.1
    endloop
  endfacet
  facet normal 0.8241261886220178 1.7585278836881808e-19 -0.5664062369248297
    outer loop
      vertex -8.251973342624463 -32 49.99540957338323
      vertex -8.554439793043326 -32 49.55531815715327
      vertex -8.554439793043326 32 49.55531815715327
    endloop
  endfacet
  facet normal 0.7933533402912336 -3.694324978392585e-19 -0.6087614290087227
    outer loop
      vertex -7.926888806861102 -32 50.41906798870834
      vertex -8.251973342624463 -32 49.99540957338323
      vertex -8.251973342624463 32 49.99540957338323
    endloop
  endfacet
  facet normal 0.7604059656000289 -3.703563590160743e-19 -0.6494480483301861
    outer loop
      vertex -7.580077219869421 -32 50.82513218486035
      vertex -7.926888806861102 -32 50.41906798870834
      vertex -7.926888806861102 32 50.41906798870834
    endloop
  endfacet
  facet normal 0.7253743710122905 -1.2731304432396559e-22 -0.6883545756937508
    outer loop
      vertex -7.212489168102785 -32 51.212489168102785
      vertex -7.580077219869421 -32 50.82513218486035
      vertex -7.580077219869421 32 50.82513218486035
    endloop
  endfacet
  facet normal 0.707100000061869 2.8072625873456214e-18 -0.707113562246196
    outer loop
      vertex -1.5073500051102913 -19.328884538924928 56.91751890857382
      vertex -7.212489168102785 -32 51.212489168102785
      vertex -7.212489168102785 32 51.212489168102785
    endloop
  endfacet
  facet normal 0 0 1
    outer loop
      vertex -18 32 62
      vertex -1.5937776133769626 -20.427051424419158 62
      vertex -1.6139435412107792 -20.343054289849302 62
    endloop
  endfacet
  facet normal 0 0 1
    outer loop
      vertex -18 32 62
      vertex -1.5692432518870032 -20.509878040718664 62
      vertex -1.5937776133769626 -20.427051424419158 62
    endloop
  endfacet
  facet normal 0 0 1
    outer loop
      vertex -18 32 62
      vertex -1.6139435412107792 -20.343054289849302 62
      vertex -1.6296857619819773 -20.25811686731638 62
    endloop
  endfacet
  facet normal 0 0 1
    outer loop
      vertex -18 32 62
      vertex -1.6296857619819773 -20.25811686731638 62
      vertex -1.6409611273576508 -20.17247196439163 62
    endloop
  endfacet
  facet normal 0 0 1
    outer loop
      vertex -18 32 62
      vertex -1.6409611273576508 -20.17247196439163 62
      vertex -1.6477387323450468 -20.08635432780086 62
    endloop
  endfacet
  facet normal 0 0 1
    outer loop
      vertex -18 32 62
      vertex -1.6477387323450468 -20.08635432780086 62
      vertex -1.65 -20 62
    endloop
  endfacet
  facet normal 0 0 1
    outer loop
      vertex -18 32 62
      vertex -1.65 -20 62
      vertex -1.6477387323450468 -19.91364567219914 62
    endloop
  endfacet
  facet normal 0 0 1
    outer loop
      vertex -18 32 62
      vertex -1.6477387323450468 -19.91364567219914 62
      vertex -1.6409611273576508 -19.82752803560837 62
    endloop
  endfacet
  facet normal 0 0 1
    outer loop
      vertex -18 32 62
      vertex -1.6409611273576508 -19.82752803560837 62
      vertex -1.6296857619819773 -19.74188313268362 62
    endloop
  endfacet
  facet normal 0 0 1
    outer loop
      vertex -18 32 62
      vertex -1.6296857619819773 -19.74188313268362 62
      vertex -1.6139435412107792 -19.656945710150698 62
    endloop
  endfacet
  facet normal 0 0 1
    outer loop
      vertex -18 32 62
      vertex -1.6139435412107792 -19.656945710150698 62
      vertex -1.5937776133769626 -19.572948575580842 62
    endloop
  endfacet
  facet normal 0 0 1
    outer loop
      vertex -18 32 62
      vertex -1.5937776133769626 -19.572948575580842 62
      vertex -1.5692432518870032 -19.490121959281336 62
    endloop
  endfacet
  facet normal 0 0 1
    outer loop
      vertex -18 32 62
      vertex -1.5692432518870032 -19.490121959281336 62
      vertex -1.5404077037203827 -19.408692883250254 62
    endloop
  endfacet
  facet normal 0 0 1
    outer loop
      vertex -18 32 62
      vertex -1.5404077037203827 -19.408692883250254 62
      vertex -1.5073500051102913 -19.328884538924928 62
    endloop
  endfacet
  facet normal 0 0 1
    outer loop
      vertex -18 32 62
      vertex -1.5073500051102913 -19.328884538924928 62
      vertex -1.470160764910807 -19.25091567542975 62
    endloop
  endfacet
  facet normal 0 0 1
    outer loop
      vertex -18 32 62
      vertex -1.470160764910807 -19.25091567542975 62
      vertex -1.4289419162443235 -19.175 62
    endloop
  endfacet
  facet normal 0 0 1
    outer loop
      vertex -18 32 62
      vertex -1.4289419162443235 -19.175 62
      vertex -1.3838064371099497 -19.101345592225204 62
    endloop
  endfacet
  facet normal 0 0 1
    outer loop
      vertex -18 32 62
      vertex -1.3838064371099497 -19.101345592225204 62
      vertex -1.3348780407186631 -19.03015433371742 62
    endloop
  endfacet
  facet normal 0 0 1
    outer loop
      vertex -18 32 62
      vertex -1.3348780407186631 -19.03015433371742 62
      vertex -1.282290836404002 -18.961621354767768 62
    endloop
  endfacet
  facet normal 0 0 1
    outer loop
      vertex -18 32 62
      vertex -1.282290836404002 -18.961621354767768 62
      vertex -1.2261889620377004 -18.895934499507884 62
    endloop
  endfacet
  facet normal 0 0 1
    outer loop
      vertex -18 32 62
      vertex -1.2261889620377004 -18.895934499507884 62
      vertex -1.1667261889578033 -18.833273811042197 62
    endloop
  endfacet
  facet normal 0 0 1
    outer loop
      vertex -18 32 62
      vertex -1.1667261889578033 -18.833273811042197 62
      vertex -1.104065500492116 -18.7738110379623 62
    endloop
  endfacet
  facet normal 0 0 1
    outer loop
      vertex -18 32 62
      vertex -1.104065500492116 -18.7738110379623 62
      vertex -1.0383786452322317 -18.717709163596 62
    endloop
  endfacet
  facet normal 0 0 1
    outer loop
      vertex -18 32 62
      vertex -1.0383786452322317 -18.717709163596 62
      vertex -0.9698456662825806 -18.665121959281336 62
    endloop
  endfacet
  facet normal 0 0 1
    outer loop
      vertex -18 32 62
      vertex -0.9698456662825806 -18.665121959281336 62
      vertex -0.8986544077747947 -18.61619356289005 62
    endloop
  endfacet
  facet normal 0 0 1
    outer loop
      vertex -18 32 62
      vertex -0.8986544077747947 -18.61619356289005 62
      vertex -0.825 -18.571058083755677 62
    endloop
  endfacet
  facet normal 0 0 1
    outer loop
      vertex -18 32 62
      vertex -0.825 -18.571058083755677 62
      vertex -0.7490843245702522 -18.52983923508919 62
    endloop
  endfacet
  facet normal 0 0 1
    outer loop
      vertex -18 32 62
      vertex -0.7490843245702522 -18.52983923508919 62
      vertex -0.6711154610750703 -18.49264999488971 62
    endloop
  endfacet
  facet normal 0 0 1
    outer loop
      vertex -18 32 62
      vertex -0.6711154610750703 -18.49264999488971 62
      vertex -0.5913071167497455 -18.459592296279617 62
    endloop
  endfacet
  facet normal 0 0 1
    outer loop
      vertex -18 32 62
      vertex -0.5913071167497455 -18.459592296279617 62
      vertex -0.5098780407186632 -18.430756748112998 62
    endloop
  endfacet
  facet normal 0 0 1
    outer loop
      vertex -18 32 62
      vertex -0.5098780407186632 -18.430756748112998 62
      vertex -0.4270514244191592 -18.40622238662304 62
    endloop
  endfacet
  facet normal 0 0 1
    outer loop
      vertex -18 32 62
      vertex -0.4270514244191592 -18.40622238662304 62
      vertex -0.3430542898493029 -18.38605645878922 62
    endloop
  endfacet
  facet normal 0 0 1
    outer loop
      vertex -18 32 62
      vertex -0.3430542898493029 -18.38605645878922 62
      vertex -0.2581168673163809 -18.37031423801802 62
    endloop
  endfacet
  facet normal 0 0 1
    outer loop
      vertex -18 32 62
      vertex -0.2581168673163809 -18.37031423801802 62
      vertex -0.1724719643916282 -18.359038872642348 62
    endloop
  endfacet
  facet normal 0 0 1
    outer loop
      vertex -18 32 62
      vertex -0.1724719643916282 -18.359038872642348 62
      vertex -0.08635432780085732 -18.352261267654953 62
    endloop
  endfacet
  facet normal 0 0 1
    outer loop
      vertex -18 32 62
      vertex -0.08635432780085732 -18.352261267654953 62
      vertex 0 -18.35 62
    endloop
  endfacet
  facet normal 0 0 1
    outer loop
      vertex -18 32 62
      vertex 0 -18.35 62
      vertex 0.08635432780085732 -18.352261267654953 62
    endloop
  endfacet
  facet normal 0 0 1
    outer loop
      vertex -18 32 62
      vertex 0.08635432780085732 -18.352261267654953 62
      vertex 0.1724719643916282 -18.359038872642348 62
    endloop
  endfacet
  facet normal 0 0 1
    outer loop
      vertex -18 32 62
      vertex 0.1724719643916282 -18.359038872642348 62
      vertex 0.2581168673163809 -18.37031423801802 62
    endloop
  endfacet
  facet normal 0 0 1
    outer loop
      vertex -18 32 62
      vertex 0.2581168673163809 -18.37031423801802 62
      vertex 0.3430542898493029 -18.38605645878922 62
    endloop
  endfacet
  facet normal 0 0 1
    outer loop
      vertex -18 32 62
      vertex 0.3430542898493029 -18.38605645878922 62
      vertex 0.4270514244191592 -18.40622238662304 62
    endloop
  endfacet
  facet normal 0 0 1
    outer loop
      vertex -18 32 62
      vertex 0.5098780407186632 -18.430756748112998 62
      vertex 0.5913071167497455 -18.459592296279617 62
    endloop
  endfacet
  facet normal 0 0 1
    outer loop
      vertex -18 32 62
      vertex 0.4270514244191592 -18.40622238662304 62
      vertex 0.5098780407186632 -18.430756748112998 62
    endloop
  endfacet
  facet normal 0 0 1
    outer loop
      vertex -18 32 62
      vertex 1.3348780407186631 -19.03015433371742 62
      vertex 1.3838064371099497 -19.101345592225204 62
    endloop
  endfacet
  facet normal 0 0 1
    outer loop
      vertex -18 32 62
      vertex 1.4289419162443235 -19.175 62
      vertex 1.470160764910807 -19.25091567542975 62
    endloop
  endfacet
  facet normal 0 0 1
    outer loop
      vertex -18 32 62
      vertex 1.470160764910807 -19.25091567542975 62
      vertex 1.5073500051102913 -19.328884538924928 62
    endloop
  endfacet
  facet normal 0 0 1
    outer loop
      vertex -18 32 62
      vertex 1.3838064371099497 -19.101345592225204 62
      vertex 1.4289419162443235 -19.175 62
    endloop
  endfacet
  facet normal 0 0 1
    outer loop
      vertex -18 32 62
      vertex 1.5073500051102913 -19.328884538924928 62
      vertex 1.5404077037203827 -19.408692883250254 62
    endloop
  endfacet
  facet normal 0 0 1
    outer loop
      vertex -18 32 62
      vertex 0.5913071167497455 -18.459592296279617 62
      vertex 0.6711154610750703 -18.49264999488971 62
    endloop
  endfacet
  facet normal 0 0 1
    outer loop
      vertex -18 32 62
      vertex 0.6711154610750703 -18.49264999488971 62
      vertex 0.7490843245702522 -18.52983923508919 62
    endloop
  endfacet
  facet normal 0 0 1
    outer loop
      vertex -18 32 62
      vertex 0.8986544077747947 -18.61619356289005 62
      vertex 0.9698456662825806 -18.665121959281336 62
    endloop
  endfacet
  facet normal 0 0 1
    outer loop
      vertex -18 32 62
      vertex 0.7490843245702522 -18.52983923508919 62
      vertex 0.825 -18.571058083755677 62
    endloop
  endfacet
  facet normal 0 0 1
    outer loop
      vertex -18 32 62
      vertex 0.825 -18.571058083755677 62
      vertex 0.8986544077747947 -18.61619356289005 62
    endloop
  endfacet
  facet normal 0 0 1
    outer loop
      vertex -18 32 62
      vertex 0.9698456662825806 -18.665121959281336 62
      vertex 1.0383786452322317 -18.717709163596 62
    endloop
  endfacet
  facet normal 0 0 1
    outer loop
      vertex -18 32 62
      vertex 1.0383786452322317 -18.717709163596 62
      vertex 1.104065500492116 -18.7738110379623 62
    endloop
  endfacet
  facet normal 0 0 1
    outer loop
      vertex -18 32 62
      vertex 1.104065500492116 -18.7738110379623 62
      vertex 1.1667261889578033 -18.833273811042197 62
    endloop
  endfacet
  facet normal 0 0 1
    outer loop
      vertex -18 32 62
      vertex 1.1667261889578033 -18.833273811042197 62
      vertex 1.2261889620377004 -18.895934499507884 62
    endloop
  endfacet
  facet normal 0 0 1
    outer loop
      vertex -18 32 62
      vertex 1.2261889620377004 -18.895934499507884 62
      vertex 1.282290836404002 -18.961621354767768 62
    endloop
  endfacet
  facet normal 0 0 1
    outer loop
      vertex -18 32 62
      vertex 1.282290836404002 -18.961621354767768 62
      vertex 1.3348780407186631 -19.03015433371742 62
    endloop
  endfacet
  facet normal 0.7071000000618478 -4.6916582450188756e-15 -0.707113562246217
    outer loop
      vertex -1.5073500051102913 -19.328884538924928 56.91751890857382
      vertex -7.212489168102785 32 51.212489168102785
      vertex -1.470160764910807 -19.25091567542975 56.95470743549702
    endloop
  endfacet
  facet normal 0.7071000000619093 9.053088604809003e-15 -0.7071135622461557
    outer loop
      vertex -1.470160764910807 -19.25091567542975 56.95470743549702
      vertex -7.212489168102785 32 51.212489168102785
      vertex -1.4289419162443235 -19.175 56.99592549360079
    endloop
  endfacet
  facet normal 0.707100000061873 8.729534667089047e-16 -0.7071135622461919
    outer loop
      vertex -1.4289419162443235 -19.175 56.99592549360079
      vertex -7.212489168102785 32 51.212489168102785
      vertex -1.3838064371099497 -19.101345592225204 57.04106010705287
    endloop
  endfacet
  facet normal 0.7071000000618407 -6.499781762391678e-15 -0.7071135622462242
    outer loop
      vertex -1.3838064371099497 -19.101345592225204 57.04106010705287
      vertex -7.212489168102785 32 51.212489168102785
      vertex -1.3348780407186631 -19.03015433371742 57.08998756501507
    endloop
  endfacet
  facet normal 0.7071000000618771 1.9039498951788637e-15 -0.7071135622461878
    outer loop
      vertex -1.3348780407186631 -19.03015433371742 57.08998756501507
      vertex -7.212489168102785 32 51.212489168102785
      vertex -1.282290836404002 -18.961621354767768 57.14257376072603
    endloop
  endfacet
  facet normal 0.7071000000618789 6.469416832286213e-20 -0.7071135622461862
    outer loop
      vertex -1.282290836404002 -18.961621354767768 57.14257376072603
      vertex -1.2261889620377004 18.895934499507884 57.19867455907852
      vertex -1.2261889620377004 -18.895934499507884 57.19867455907852
    endloop
  endfacet
  facet normal 0.7071000000618515 1.0377578878968851e-20 -0.7071135622462136
    outer loop
      vertex -1.2261889620377004 -18.895934499507884 57.19867455907852
      vertex -1.1667261889578033 18.833273811042197 57.25813619168377
      vertex -1.1667261889578033 -18.833273811042197 57.25813619168377
    endloop
  endfacet
  facet normal 0.7071000000618718 7.283251357234059e-20 -0.7071135622461933
    outer loop
      vertex -1.1667261889578033 -18.833273811042197 57.25813619168377
      vertex -1.104065500492116 18.7738110379623 57.32079567833994
      vertex -1.104065500492116 -18.7738110379623 57.32079567833994
    endloop
  endfacet
  facet normal 0.7071000000618651 1.1958036564218734e-19 -0.7071135622461998
    outer loop
      vertex -1.104065500492116 -18.7738110379623 57.32079567833994
      vertex -1.0383786452322317 18.717709163596 57.38648127374952
      vertex -1.0383786452322317 -18.717709163596 57.38648127374952
    endloop
  endfacet
  facet normal 0.7071000000618909 -3.5359960743862706e-20 -0.707113562246174
    outer loop
      vertex -1.0383786452322317 -18.717709163596 57.38648127374952
      vertex -0.9698456662825806 18.665121959281336 57.455012938261234
      vertex -0.9698456662825806 -18.665121959281336 57.455012938261234
    endloop
  endfacet
  facet normal 0.7071000000618622 7.032553851994456e-20 -0.7071135622462028
    outer loop
      vertex -0.9698456662825806 -18.665121959281336 57.455012938261234
      vertex -0.8986544077747947 18.61619356289005 57.52620283134623
      vertex -0.8986544077747947 -18.61619356289005 57.52620283134623
    endloop
  endfacet
  facet normal 0.70710000006187 8.582664344327607e-20 -0.7071135622461949
    outer loop
      vertex -0.8986544077747947 -18.61619356289005 57.52620283134623
      vertex -0.825 18.571058083755677 57.59985582645592
      vertex -0.825 -18.571058083755677 57.59985582645592
    endloop
  endfacet
  facet normal 0.7071000000618747 5.1762201239419164e-20 -0.7071135622461904
    outer loop
      vertex -0.825 -18.571058083755677 57.59985582645592
      vertex -0.7490843245702522 18.52983923508919 57.675770045850264
      vertex -0.7490843245702522 -18.52983923508919 57.675770045850264
    endloop
  endfacet
  facet normal 0.7071000000618723 2.9484528371831866e-20 -0.7071135622461926
    outer loop
      vertex -0.7490843245702522 -18.52983923508919 57.675770045850264
      vertex -0.6711154610750703 18.49264999488971 57.75373741393063
      vertex -0.6711154610750703 -18.49264999488971 57.75373741393063
    endloop
  endfacet
  facet normal 0.7071000000618546 9.173435565162254e-20 -0.7071135622462106
    outer loop
      vertex -0.6711154610750703 -18.49264999488971 57.75373741393063
      vertex -0.5913071167497455 18.459592296279617 57.83354422756055
      vertex -0.5913071167497455 -18.459592296279617 57.83354422756055
    endloop
  endfacet
  facet normal 0.7071000000618562 7.905157459437189e-20 -0.7071135622462088
    outer loop
      vertex -0.5913071167497455 -18.459592296279617 57.83354422756055
      vertex -0.5098780407186632 18.430756748112998 57.91497174181118
      vertex -0.5098780407186632 -18.430756748112998 57.91497174181118
    endloop
  endfacet
  facet normal 0.7071000000618771 8.669360948400308e-20 -0.7071135622461878
    outer loop
      vertex -0.5098780407186632 -18.430756748112998 57.91497174181118
      vertex -0.4270514244191592 18.40622238662304 57.99779676952591
      vertex -0.4270514244191592 -18.40622238662304 57.99779676952591
    endloop
  endfacet
  facet normal 0.7071000000618809 3.973251183843703e-20 -0.7071135622461839
    outer loop
      vertex -0.4270514244191592 -18.40622238662304 57.99779676952591
      vertex -0.3430542898493029 18.38605645878922 58.08179229306088
      vertex -0.3430542898493029 -18.38605645878922 58.08179229306088
    endloop
  endfacet
  facet normal 0.7071000000618668 -8.157202769244418e-22 -0.7071135622461984
    outer loop
      vertex -0.3430542898493029 -18.38605645878922 58.08179229306088
      vertex -0.2581168673163809 18.37031423801802 58.16672808652452
      vertex -0.2581168673163809 -18.37031423801802 58.16672808652452
    endloop
  endfacet
  facet normal 0.7071000000618682 -1.795335170413638e-21 -0.7071135622461969
    outer loop
      vertex -0.2581168673163809 -18.37031423801802 58.16672808652452
      vertex -0.1724719643916282 18.359038872642348 58.252371346810776
      vertex -0.1724719643916282 -18.359038872642348 58.252371346810776
    endloop
  endfacet
  facet normal 0.7071000000618677 -4.830567099369879e-20 -0.7071135622461973
    outer loop
      vertex -0.1724719643916282 -18.359038872642348 58.252371346810776
      vertex -0.08635432780085732 18.352261267654953 58.338487331696186
      vertex -0.08635432780085732 -18.352261267654953 58.338487331696186
    endloop
  endfacet
  facet normal 0.7071000000618658 -1.5509076815717604e-20 -0.707113562246199
    outer loop
      vertex -0.08635432780085732 -18.352261267654953 58.338487331696186
      vertex 0 18.35 58.42484000325203
      vertex 0 -18.35 58.42484000325203
    endloop
  endfacet
  facet normal 0.9996573249755571 -0.026176948307875546 0
    outer loop
      vertex -10.186021254496652 0.5338267536780271 30
      vertex -10.2 0 0
      vertex -10.186021254496652 0.5338267536780271 0
    endloop
  endfacet
  facet normal 0.996917333733128 -0.07845909572784421 0
    outer loop
      vertex -10.144123332756386 1.0661903253300653 30
      vertex -10.186021254496652 0.5338267536780271 0
      vertex -10.144123332756386 1.0661903253300653 0
    endloop
  endfacet
  facet normal 0.9914448613738105 -0.13052619222004996 0
    outer loop
      vertex -10.074421074070404 1.5956315434103547 30
      vertex -10.144123332756386 1.0661903253300653 0
      vertex -10.074421074070404 1.5956315434103547 0
    endloop
  endfacet
  facet normal 0.9832549075639544 -0.18223552549214786 0
    outer loop
      vertex -9.977105527484817 2.120699246341145 30
      vertex -10.074421074070404 1.5956315434103547 0
      vertex -9.977105527484817 2.120699246341145 0
    endloop
  endfacet
  facet normal 0.9723699203976764 -0.23344536385590578 0
    outer loop
      vertex -9.852443428148495 2.6399542600457115 30
      vertex -9.977105527484817 2.120699246341145 0
      vertex -9.852443428148495 2.6399542600457115 0
    endloop
  endfacet
  facet normal 0.9588197348681926 -0.2840153447039237 0
    outer loop
      vertex -9.700776466210565 3.1519733426244634 30
      vertex -9.852443428148495 2.6399542600457115 0
      vertex -9.700776466210565 3.1519733426244634 0
    endloop
  endfacet
  facet normal 0.9426414910921787 -0.33380685923377035 0
    outer loop
      vertex -9.522520350271456 3.6553530853620626 30
      vertex -9.700776466210565 3.1519733426244634 0
      vertex -9.522520350271456 3.6553530853620626 0
    endloop
  endfacet
  facet normal 0.9238795325112864 -0.38268343236509034 0
    outer loop
      vertex -9.318163667954527 4.148713759373162 30
      vertex -9.522520350271456 3.6553530853620626 0
      vertex -9.318163667954527 4.148713759373162 0
    endloop
  endfacet
  facet normal 0.9025852843498616 -0.43051109680829275 0
    outer loop
      vertex -9.088266546721352 4.630703097343377 30
      vertex -9.318163667954527 4.148713759373162 0
      vertex -9.088266546721352 4.630703097343377 0
    endloop
  endfacet
  facet normal 0 0 -1
    outer loop
      vertex -18 32 0
      vertex -10.074421074070404 -1.5956315434103547 0
      vertex -9.977105527484817 -2.120699246341145 0
    endloop
  endfacet
  facet normal 0 0 -1
    outer loop
      vertex -18 32 0
      vertex -10.144123332756386 -1.0661903253300653 0
      vertex -10.074421074070404 -1.5956315434103547 0
    endloop
  endfacet
  facet normal 0 0 -1
    outer loop
      vertex -18 32 0
      vertex -10.186021254496652 -0.5338267536780271 0
      vertex -10.144123332756386 -1.0661903253300653 0
    endloop
  endfacet
  facet normal 0 0 -1
    outer loop
      vertex -18 32 0
      vertex -10.2 0 0
      vertex -10.186021254496652 -0.5338267536780271 0
    endloop
  endfacet
  facet normal 0 0 -1
    outer loop
      vertex -18 32 0
      vertex -10.186021254496652 0.5338267536780271 0
      vertex -10.2 0 0
    endloop
  endfacet
  facet normal 0 0 -1
    outer loop
      vertex -18 32 0
      vertex -10.144123332756386 1.0661903253300653 0
      vertex -10.186021254496652 0.5338267536780271 0
    endloop
  endfacet
  facet normal 0 0 -1
    outer loop
      vertex -18 32 0
      vertex -10.074421074070404 1.5956315434103547 0
      vertex -10.144123332756386 1.0661903253300653 0
    endloop
  endfacet
  facet normal 0 0 -1
    outer loop
      vertex -18 32 0
      vertex -9.977105527484817 2.120699246341145 0
      vertex -10.074421074070404 1.5956315434103547 0
    endloop
  endfacet
  facet normal 0 0 -1
    outer loop
      vertex -18 32 0
      vertex -9.852443428148495 2.6399542600457115 0
      vertex -9.977105527484817 2.120699246341145 0
    endloop
  endfacet
  facet normal 0 0 -1
    outer loop
      vertex -18 32 0
      vertex -9.700776466210565 3.1519733426244634 0
      vertex -9.852443428148495 2.6399542600457115 0
    endloop
  endfacet
  facet normal 0 0 -1
    outer loop
      vertex -18 32 0
      vertex -9.522520350271456 3.6553530853620626 0
      vertex -9.700776466210565 3.1519733426244634 0
    endloop
  endfacet
  facet normal 0 0 -1
    outer loop
      vertex -18 32 0
      vertex -9.318163667954527 4.148713759373162 0
      vertex -9.522520350271456 3.6553530853620626 0
    endloop
  endfacet
  facet normal 0 0 -1
    outer loop
      vertex -18 32 0
      vertex -9.088266546721352 4.630703097343377 0
      vertex -9.318163667954527 4.148713759373162 0
    endloop
  endfacet
  facet normal 0 0 -1
    outer loop
      vertex -18 32 0
      vertex -8.833459118601272 5.1 0
      vertex -9.088266546721352 4.630703097343377 0
    endloop
  endfacet
  facet normal 0 0 -1
    outer loop
      vertex -18 32 0
      vertex -8.554439793043326 5.555318157153276 0
      vertex -8.833459118601272 5.1 0
    endloop
  endfacet
  facet normal 0 0 -1
    outer loop
      vertex -18 32 0
      vertex -8.251973342624463 5.995409573383226 0
      vertex -8.554439793043326 5.555318157153276 0
    endloop
  endfacet
  facet normal 0 0 -1
    outer loop
      vertex -18 32 0
      vertex -7.926888806861102 6.419067988708341 0
      vertex -8.251973342624463 5.995409573383226 0
    endloop
  endfacet
  facet normal 0 0 -1
    outer loop
      vertex -18 32 0
      vertex -7.580077219869421 6.825132184860354 0
      vertex -7.926888806861102 6.419067988708341 0
    endloop
  endfacet
  facet normal 0 0 -1
    outer loop
      vertex -18 32 0
      vertex -7.212489168102785 7.212489168102785 0
      vertex -7.580077219869421 6.825132184860354 0
    endloop
  endfacet
  facet normal 0 0 -1
    outer loop
      vertex -18 32 0
      vertex -6.825132184860354 7.580077219869421 0
      vertex -7.212489168102785 7.212489168102785 0
    endloop
  endfacet
  facet normal 0 0 -1
    outer loop
      vertex -18 32 0
      vertex -6.419067988708341 7.926888806861102 0
      vertex -6.825132184860354 7.580077219869421 0
    endloop
  endfacet
  facet normal -1 0 0
    outer loop
      vertex -18 -32 0
      vertex -18 32 62
      vertex -18 32 0
    endloop
  endfacet
  facet normal 0.9996573249755571 -0.026176948307875546 0
    outer loop
      vertex -10.2 0 30
      vertex -10.2 0 0
      vertex -10.186021254496652 0.5338267536780271 30
    endloop
  endfacet
  facet normal 0.996917333733128 -0.07845909572784421 0
    outer loop
      vertex -10.186021254496652 0.5338267536780271 30
      vertex -10.186021254496652 0.5338267536780271 0
      vertex -10.144123332756386 1.0661903253300653 30
    endloop
  endfacet
  facet normal 0.9914448613738105 -0.13052619222004996 0
    outer loop
      vertex -10.144123332756386 1.0661903253300653 30
      vertex -10.144123332756386 1.0661903253300653 0
      vertex -10.074421074070404 1.5956315434103547 30
    endloop
  endfacet
  facet normal 0.9832549075639544 -0.18223552549214786 0
    outer loop
      vertex -10.074421074070404 1.5956315434103547 30
      vertex -10.074421074070404 1.5956315434103547 0
      vertex -9.977105527484817 2.120699246341145 30
    endloop
  endfacet
  facet normal 0.9723699203976764 -0.23344536385590578 0
    outer loop
      vertex -9.977105527484817 2.120699246341145 30
      vertex -9.977105527484817 2.120699246341145 0
      vertex -9.852443428148495 2.6399542600457115 30
    endloop
  endfacet
  facet normal 0.9588197348681926 -0.2840153447039237 0
    outer loop
      vertex -9.852443428148495 2.6399542600457115 30
      vertex -9.852443428148495 2.6399542600457115 0
      vertex -9.700776466210565 3.1519733426244634 30
    endloop
  endfacet
  facet normal 0.9426414910921787 -0.33380685923377035 0
    outer loop
      vertex -9.700776466210565 3.1519733426244634 30
      vertex -9.700776466210565 3.1519733426244634 0
      vertex -9.522520350271456 3.6553530853620626 30
    endloop
  endfacet
  facet normal 0.9238795325112864 -0.38268343236509034 0
    outer loop
      vertex -9.522520350271456 3.6553530853620626 30
      vertex -9.522520350271456 3.6553530853620626 0
      vertex -9.318163667954527 4.148713759373162 30
    endloop
  endfacet
  facet normal 0.9025852843498616 -0.43051109680829275 0
    outer loop
      vertex -9.318163667954527 4.148713759373162 30
      vertex -9.318163667954527 4.148713759373162 0
      vertex -9.088266546721352 4.630703097343377 30
    endloop
  endfacet
  facet normal 0.878817112661964 -0.4771587602596108 0
    outer loop
      vertex -9.088266546721352 4.630703097343377 30
      vertex -9.088266546721352 4.630703097343377 0
      vertex -8.833459118601272 5.1 30
    endloop
  endfacet
  facet normal 0 0 -1
    outer loop
      vertex -10.186021254496652 -0.5338267536780271 30
      vertex -10.2 0 30
      vertex -10.186021254496652 0.5338267536780271 30
    endloop
  endfacet
  facet normal 0 0 -1
    outer loop
      vertex -10.144123332756386 -1.0661903253300653 30
      vertex -10.186021254496652 0.5338267536780271 30
      vertex -10.144123332756386 1.0661903253300653 30
    endloop
  endfacet
  facet normal 0 0 -1
    outer loop
      vertex -10.074421074070404 -1.5956315434103547 30
      vertex -10.144123332756386 1.0661903253300653 30
      vertex -10.074421074070404 1.5956315434103547 30
    endloop
  endfacet
  facet normal 0 0 -1
    outer loop
      vertex -9.977105527484817 -2.120699246341145 30
      vertex -10.074421074070404 1.5956315434103547 30
      vertex -9.977105527484817 2.120699246341145 30
    endloop
  endfacet
  facet normal 0 0 -1
    outer loop
      vertex -9.852443428148495 -2.6399542600457115 30
      vertex -9.977105527484817 2.120699246341145 30
      vertex -9.852443428148495 2.6399542600457115 30
    endloop
  endfacet
  facet normal 0 0 -1
    outer loop
      vertex -9.700776466210565 -3.1519733426244634 30
      vertex -9.852443428148495 2.6399542600457115 30
      vertex -9.700776466210565 3.1519733426244634 30
    endloop
  endfacet
  facet normal 0 0 -1
    outer loop
      vertex -9.522520350271456 -3.6553530853620626 30
      vertex -9.700776466210565 3.1519733426244634 30
      vertex -9.522520350271456 3.6553530853620626 30
    endloop
  endfacet
  facet normal 0 0 -1
    outer loop
      vertex -9.318163667954527 -4.148713759373162 30
      vertex -9.522520350271456 3.6553530853620626 30
      vertex -9.318163667954527 4.148713759373162 30
    endloop
  endfacet
  facet normal 0 0 -1
    outer loop
      vertex -9.088266546721352 -4.630703097343377 30
      vertex -9.318163667954527 4.148713759373162 30
      vertex -9.088266546721352 4.630703097343377 30
    endloop
  endfacet
  facet normal 0 0 -1
    outer loop
      vertex -18 32 0
      vertex -5.995409573383226 8.251973342624463 0
      vertex -6.419067988708341 7.926888806861102 0
    endloop
  endfacet
  facet normal 0 0 -1
    outer loop
      vertex -18 32 0
      vertex -5.555318157153276 8.554439793043326 0
      vertex -5.995409573383226 8.251973342624463 0
    endloop
  endfacet
  facet normal 0 0 -1
    outer loop
      vertex -18 32 0
      vertex -5.1 8.833459118601272 0
      vertex -5.555318157153276 8.554439793043326 0
    endloop
  endfacet
  facet normal 0 0 -1
    outer loop
      vertex -18 32 0
      vertex -4.630703097343377 9.088266546721352 0
      vertex -5.1 8.833459118601272 0
    endloop
  endfacet
  facet normal 0 1 0
    outer loop
      vertex -18 32 0
      vertex -9.700776466210565 32 40.848026657375534
      vertex -9.522520350271456 32 40.344646914637934
    endloop
  endfacet
  facet normal 0 1 0
    outer loop
      vertex -18 32 0
      vertex -9.088266546721352 32 39.36929690265662
      vertex -8.833459118601272 32 38.9
    endloop
  endfacet
  facet normal 0 1 0
    outer loop
      vertex -18 32 0
      vertex -9.318163667954527 32 39.85128624062684
      vertex -9.088266546721352 32 39.36929690265662
    endloop
  endfacet
  facet normal 0 1 0
    outer loop
      vertex -18 32 0
      vertex -9.522520350271456 32 40.344646914637934
      vertex -9.318163667954527 32 39.85128624062684
    endloop
  endfacet
  facet normal 0 1 0
    outer loop
      vertex -18 32 0
      vertex -8.554439793043326 32 38.44468184284673
      vertex -8.251973342624463 32 38.00459042661677
    endloop
  endfacet
  facet normal 0 1 0
    outer loop
      vertex -18 32 0
      vertex -8.833459118601272 32 38.9
      vertex -8.554439793043326 32 38.44468184284673
    endloop
  endfacet
  facet normal 0 1 0
    outer loop
      vertex -18 32 0
      vertex -8.251973342624463 32 38.00459042661677
      vertex -7.926888806861102 32 37.58093201129166
    endloop
  endfacet
  facet normal 0 1 0
    outer loop
      vertex -18 32 0
      vertex -9.852443428148495 32 41.36004573995429
      vertex -9.700776466210565 32 40.848026657375534
    endloop
  endfacet
  facet normal 0 1 0
    outer loop
      vertex -18 32 0
      vertex -9.977105527484817 32 41.87930075365885
      vertex -9.852443428148495 32 41.36004573995429
    endloop
  endfacet
  facet normal 0 1 0
    outer loop
      vertex -18 32 0
      vertex -10.074421074070404 32 42.404368456589644
      vertex -9.977105527484817 32 41.87930075365885
    endloop
  endfacet
  facet normal 0 1 0
    outer loop
      vertex -18 32 0
      vertex -10.144123332756386 32 42.93380967466994
      vertex -10.074421074070404 32 42.404368456589644
    endloop
  endfacet
  facet normal 0 1 0
    outer loop
      vertex -18 32 0
      vertex -10.186021254496652 32 43.46617324632197
      vertex -10.144123332756386 32 42.93380967466994
    endloop
  endfacet
  facet normal 0 1 0
    outer loop
      vertex -18 32 0
      vertex -10.2 32 44
      vertex -10.186021254496652 32 43.46617324632197
    endloop
  endfacet
  facet normal 0 1 0
    outer loop
      vertex -18 32 0
      vertex -10.186021254496652 32 44.53382675367803
      vertex -10.2 32 44
    endloop
  endfacet
  facet normal 0 1 0
    outer loop
      vertex -18 32 0
      vertex -10.144123332756386 32 45.06619032533006
      vertex -10.186021254496652 32 44.53382675367803
    endloop
  endfacet
  facet normal 0 1 0
    outer loop
      vertex -18 32 0
      vertex -10.074421074070404 32 45.595631543410356
      vertex -10.144123332756386 32 45.06619032533006
    endloop
  endfacet
  facet normal 0 1 0
    outer loop
      vertex -18 32 0
      vertex -7.926888806861102 32 37.58093201129166
      vertex -7.580077219869421 32 37.17486781513965
    endloop
  endfacet
  facet normal 0 1 0
    outer loop
      vertex -18 32 0
      vertex -7.580077219869421 32 37.17486781513965
      vertex -7.212489168102785 32 36.787510831897215
    endloop
  endfacet
  facet normal 0 1 0
    outer loop
      vertex -18 32 0
      vertex -6.825132184860354 32 36.41992278013058
      vertex -6.419067988708341 32 36.0731111931389
    endloop
  endfacet
  facet normal 0 1 0
    outer loop
      vertex -18 32 0
      vertex -6.419067988708341 32 36.0731111931389
      vertex -5.995409573383226 32 35.74802665737553
    endloop
  endfacet
  facet normal 0 1 0
    outer loop
      vertex -18 32 0
      vertex -7.212489168102785 32 36.787510831897215
      vertex -6.825132184860354 32 36.41992278013058
    endloop
  endfacet
  facet normal 0 1 0
    outer loop
      vertex -18 32 0
      vertex -5.995409573383226 32 35.74802665737553
      vertex -5.555318157153276 32 35.44556020695667
    endloop
  endfacet
  facet normal 0 1 0
    outer loop
      vertex -18 32 0
      vertex -5.555318157153276 32 35.44556020695667
      vertex -5.1 32 35.16654088139873
    endloop
  endfacet
  facet normal 0 1 0
    outer loop
      vertex -18 32 0
      vertex -5.1 32 35.16654088139873
      vertex -4.630703097343377 32 34.91173345327865
    endloop
  endfacet
  facet normal 0.878817112661964 -0.4771587602596108 0
    outer loop
      vertex -8.833459118601272 5.1 30
      vertex -9.088266546721352 4.630703097343377 0
      vertex -8.833459118601272 5.1 0
    endloop
  endfacet
  facet normal 0.8526401643540942 -0.5224985647159456 0
    outer loop
      vertex -8.554439793043326 5.555318157153276 30
      vertex -8.833459118601272 5.1 0
      vertex -8.554439793043326 5.555318157153276 0
    endloop
  endfacet
  facet normal 0.824126188622015 -0.5664062369248335 0
    outer loop
      vertex -8.251973342624463 5.995409573383226 30
      vertex -8.554439793043326 5.555318157153276 0
      vertex -8.251973342624463 5.995409573383226 0
    endloop
  endfacet
  facet normal 0.7933533402912343 -0.6087614290087219 0
    outer loop
      vertex -7.926888806861102 6.419067988708341 30
      vertex -8.251973342624463 5.995409573383226 0
      vertex -7.926888806861102 6.419067988708341 0
    endloop
  endfacet
  facet normal 0.7604059656000316 -0.6494480483301828 0
    outer loop
      vertex -7.580077219869421 6.825132184860354 30
      vertex -7.926888806861102 6.419067988708341 0
      vertex -7.580077219869421 6.825132184860354 0
    endloop
  endfacet
  facet normal 0.7253743710122883 -0.6883545756937534 0
    outer loop
      vertex -7.212489168102785 7.212489168102785 30
      vertex -7.580077219869421 6.825132184860354 0
      vertex -7.212489168102785 7.212489168102785 0
    endloop
  endfacet
  facet normal 0.6883545756937534 -0.7253743710122883 0
    outer loop
      vertex -6.825132184860354 7.580077219869421 30
      vertex -7.212489168102785 7.212489168102785 0
      vertex -6.825132184860354 7.580077219869421 0
    endloop
  endfacet
  facet normal 0.6494480483301828 -0.7604059656000316 0
    outer loop
      vertex -6.419067988708341 7.926888806861102 30
      vertex -6.825132184860354 7.580077219869421 0
      vertex -6.419067988708341 7.926888806861102 0
    endloop
  endfacet
  facet normal 0.6087614290087219 -0.7933533402912343 0
    outer loop
      vertex -5.995409573383226 8.251973342624463 30
      vertex -6.419067988708341 7.926888806861102 0
      vertex -5.995409573383226 8.251973342624463 0
    endloop
  endfacet
  facet normal 0.5664062369248335 -0.824126188622015 0
    outer loop
      vertex -5.555318157153276 8.554439793043326 30
      vertex -5.995409573383226 8.251973342624463 0
      vertex -5.555318157153276 8.554439793043326 0
    endloop
  endfacet
  facet normal 0.5224985647159456 -0.8526401643540942 0
    outer loop
      vertex -5.1 8.833459118601272 30
      vertex -5.555318157153276 8.554439793043326 0
      vertex -5.1 8.833459118601272 0
    endloop
  endfacet
  facet normal 0.4771587602596108 -0.878817112661964 0
    outer loop
      vertex -4.630703097343377 9.088266546721352 30
      vertex -5.1 8.833459118601272 0
      vertex -4.630703097343377 9.088266546721352 0
    endloop
  endfacet
  facet normal 0.43051109680829275 -0.9025852843498616 0
    outer loop
      vertex -4.148713759373162 9.318163667954527 30
      vertex -4.630703097343377 9.088266546721352 0
      vertex -4.148713759373162 9.318163667954527 0
    endloop
  endfacet
  facet normal 0.38268343236509034 -0.9238795325112864 0
    outer loop
      vertex -3.6553530853620626 9.522520350271456 30
      vertex -4.148713759373162 9.318163667954527 0
      vertex -3.6553530853620626 9.522520350271456 0
    endloop
  endfacet
  facet normal 0.33380685923377035 -0.9426414910921787 0
    outer loop
      vertex -3.1519733426244634 9.700776466210565 30
      vertex -3.6553530853620626 9.522520350271456 0
      vertex -3.1519733426244634 9.700776466210565 0
    endloop
  endfacet
  facet normal 0.2840153447039237 -0.9588197348681926 0
    outer loop
      vertex -2.6399542600457115 9.852443428148495 30
      vertex -3.1519733426244634 9.700776466210565 0
      vertex -2.6399542600457115 9.852443428148495 0
    endloop
  endfacet
  facet normal 0.23344536385590578 -0.9723699203976764 0
    outer loop
      vertex -2.120699246341145 9.977105527484817 30
      vertex -2.6399542600457115 9.852443428148495 0
      vertex -2.120699246341145 9.977105527484817 0
    endloop
  endfacet
  facet normal 0.18223552549214786 -0.9832549075639544 0
    outer loop
      vertex -1.5956315434103547 10.074421074070404 30
      vertex -2.120699246341145 9.977105527484817 0
      vertex -1.5956315434103547 10.074421074070404 0
    endloop
  endfacet
  facet normal 0.13052619222004996 -0.9914448613738105 0
    outer loop
      vertex -1.0661903253300653 10.144123332756386 30
      vertex -1.5956315434103547 10.074421074070404 0
      vertex -1.0661903253300653 10.144123332756386 0
    endloop
  endfacet
  facet normal 0.07845909572784421 -0.996917333733128 0
    outer loop
      vertex -0.5338267536780271 10.186021254496652 30
      vertex -1.0661903253300653 10.144123332756386 0
      vertex -0.5338267536780271 10.186021254496652 0
    endloop
  endfacet
  facet normal 0.026176948307875546 -0.9996573249755571 0
    outer loop
      vertex 0 10.2 30
      vertex -0.5338267536780271 10.186021254496652 0
      vertex 0 10.2 0
    endloop
  endfacet
  facet normal 0.8526401643540942 -0.5224985647159456 0
    outer loop
      vertex -8.833459118601272 5.1 30
      vertex -8.833459118601272 5.1 0
      vertex -8.554439793043326 5.555318157153276 30
    endloop
  endfacet
  facet normal 0.824126188622015 -0.5664062369248335 0
    outer loop
      vertex -8.554439793043326 5.555318157153276 30
      vertex -8.554439793043326 5.555318157153276 0
      vertex -8.251973342624463 5.995409573383226 30
    endloop
  endfacet
  facet normal 0.7933533402912343 -0.6087614290087219 0
    outer loop
      vertex -8.251973342624463 5.995409573383226 30
      vertex -8.251973342624463 5.995409573383226 0
      vertex -7.926888806861102 6.419067988708341 30
    endloop
  endfacet
  facet normal 0.7604059656000316 -0.6494480483301828 0
    outer loop
      vertex -7.926888806861102 6.419067988708341 30
      vertex -7.926888806861102 6.419067988708341 0
      vertex -7.580077219869421 6.825132184860354 30
    endloop
  endfacet
  facet normal 0.7253743710122883 -0.6883545756937534 0
    outer loop
      vertex -7.580077219869421 6.825132184860354 30
      vertex -7.580077219869421 6.825132184860354 0
      vertex -7.212489168102785 7.212489168102785 30
    endloop
  endfacet
  facet normal 0.6883545756937534 -0.7253743710122883 0
    outer loop
      vertex -7.212489168102785 7.212489168102785 30
      vertex -7.212489168102785 7.212489168102785 0
      vertex -6.825132184860354 7.580077219869421 30
    endloop
  endfacet
  facet normal 0.6494480483301828 -0.7604059656000316 0
    outer loop
      vertex -6.825132184860354 7.580077219869421 30
      vertex -6.825132184860354 7.580077219869421 0
      vertex -6.419067988708341 7.926888806861102 30
    endloop
  endfacet
  facet normal 0 0 -1
    outer loop
      vertex -8.833459118601272 -5.1 30
      vertex -9.088266546721352 4.630703097343377 30
      vertex -8.833459118601272 5.1 30
    endloop
  endfacet
  facet normal 0 0 -1
    outer loop
      vertex -8.554439793043326 -5.555318157153276 30
      vertex -8.833459118601272 5.1 30
      vertex -8.554439793043326 5.555318157153276 30
    endloop
  endfacet
  facet normal 0 0 -1
    outer loop
      vertex -8.251973342624463 -5.995409573383226 30
      vertex -8.554439793043326 5.555318157153276 30
      vertex -8.251973342624463 5.995409573383226 30
    endloop
  endfacet
  facet normal 0 0 -1
    outer loop
      vertex -7.926888806861102 -6.419067988708341 30
      vertex -8.251973342624463 5.995409573383226 30
      vertex -7.926888806861102 6.419067988708341 30
    endloop
  endfacet
  facet normal 0 0 -1
    outer loop
      vertex -7.580077219869421 -6.825132184860354 30
      vertex -7.926888806861102 6.419067988708341 30
      vertex -7.580077219869421 6.825132184860354 30
    endloop
  endfacet
  facet normal 0 0 -1
    outer loop
      vertex -7.212489168102785 -7.212489168102785 30
      vertex -7.580077219869421 6.825132184860354 30
      vertex -7.212489168102785 7.212489168102785 30
    endloop
  endfacet
  facet normal 0 0 -1
    outer loop
      vertex -6.825132184860354 -7.580077219869421 30
      vertex -7.212489168102785 7.212489168102785 30
      vertex -6.825132184860354 7.580077219869421 30
    endloop
  endfacet
  facet normal 0 0 -1
    outer loop
      vertex -6.419067988708341 -7.926888806861102 30
      vertex -6.825132184860354 7.580077219869421 30
      vertex -6.419067988708341 7.926888806861102 30
    endloop
  endfacet
  facet normal 0 0 -1
    outer loop
      vertex -5.995409573383226 -8.251973342624463 30
      vertex -6.419067988708341 7.926888806861102 30
      vertex -5.995409573383226 8.251973342624463 30
    endloop
  endfacet
  facet normal 0 0 -1
    outer loop
      vertex -5.555318157153276 -8.554439793043326 30
      vertex -5.995409573383226 8.251973342624463 30
      vertex -5.555318157153276 8.554439793043326 30
    endloop
  endfacet
  facet normal 0 0 -1
    outer loop
      vertex -5.1 -8.833459118601272 30
      vertex -5.555318157153276 8.554439793043326 30
      vertex -5.1 8.833459118601272 30
    endloop
  endfacet
  facet normal 0 0 -1
    outer loop
      vertex -4.630703097343377 -9.088266546721352 30
      vertex -5.1 8.833459118601272 30
      vertex -4.630703097343377 9.088266546721352 30
    endloop
  endfacet
  facet normal 0.6087614290087219 -0.7933533402912343 0
    outer loop
      vertex -6.419067988708341 7.926888806861102 30
      vertex -6.419067988708341 7.926888806861102 0
      vertex -5.995409573383226 8.251973342624463 30
    endloop
  endfacet
  facet normal 0.5664062369248335 -0.824126188622015 0
    outer loop
      vertex -5.995409573383226 8.251973342624463 30
      vertex -5.995409573383226 8.251973342624463 0
      vertex -5.555318157153276 8.554439793043326 30
    endloop
  endfacet
  facet normal 0.5224985647159456 -0.8526401643540942 0
    outer loop
      vertex -5.555318157153276 8.554439793043326 30
      vertex -5.555318157153276 8.554439793043326 0
      vertex -5.1 8.833459118601272 30
    endloop
  endfacet
  facet normal 0.4771587602596108 -0.878817112661964 0
    outer loop
      vertex -5.1 8.833459118601272 30
      vertex -5.1 8.833459118601272 0
      vertex -4.630703097343377 9.088266546721352 30
    endloop
  endfacet
  facet normal 0 0 -1
    outer loop
      vertex -4.148713759373162 -9.318163667954527 30
      vertex -4.630703097343377 9.088266546721352 30
      vertex -4.148713759373162 9.318163667954527 30
    endloop
  endfacet
  facet normal 0 0 -1
    outer loop
      vertex -3.6553530853620626 -9.522520350271456 30
      vertex -4.148713759373162 9.318163667954527 30
      vertex -3.6553530853620626 9.522520350271456 30
    endloop
  endfacet
  facet normal 0 0 -1
    outer loop
      vertex -3.1519733426244634 -9.700776466210565 30
      vertex -3.6553530853620626 9.522520350271456 30
      vertex -3.1519733426244634 9.700776466210565 30
    endloop
  endfacet
  facet normal 0 0 -1
    outer loop
      vertex -2.6399542600457115 -9.852443428148495 30
      vertex -3.1519733426244634 9.700776466210565 30
      vertex -2.6399542600457115 9.852443428148495 30
    endloop
  endfacet
  facet normal 0 0 -1
    outer loop
      vertex -2.120699246341145 -9.977105527484817 30
      vertex -2.6399542600457115 9.852443428148495 30
      vertex -2.120699246341145 9.977105527484817 30
    endloop
  endfacet
  facet normal 0 0 -1
    outer loop
      vertex -1.5956315434103547 -10.074421074070404 30
      vertex -2.120699246341145 9.977105527484817 30
      vertex -1.5956315434103547 10.074421074070404 30
    endloop
  endfacet
  facet normal 0 0 -1
    outer loop
      vertex -1.0661903253300653 -10.144123332756386 30
      vertex -1.5956315434103547 10.074421074070404 30
      vertex -1.0661903253300653 10.144123332756386 30
    endloop
  endfacet
  facet normal 0 0 -1
    outer loop
      vertex -0.5338267536780271 -10.186021254496652 30
      vertex -1.0661903253300653 10.144123332756386 30
      vertex -0.5338267536780271 10.186021254496652 30
    endloop
  endfacet
  facet normal 0 0 -1
    outer loop
      vertex 0 -10.2 30
      vertex -0.5338267536780271 10.186021254496652 30
      vertex 0 10.2 30
    endloop
  endfacet
  facet normal 0.43051109680829275 -0.9025852843498616 0
    outer loop
      vertex -4.630703097343377 9.088266546721352 30
      vertex -4.630703097343377 9.088266546721352 0
      vertex -4.148713759373162 9.318163667954527 30
    endloop
  endfacet
  facet normal 0.38268343236509034 -0.9238795325112864 0
    outer loop
      vertex -4.148713759373162 9.318163667954527 30
      vertex -4.148713759373162 9.318163667954527 0
      vertex -3.6553530853620626 9.522520350271456 30
    endloop
  endfacet
  facet normal 0.33380685923377035 -0.9426414910921787 0
    outer loop
      vertex -3.6553530853620626 9.522520350271456 30
      vertex -3.6553530853620626 9.522520350271456 0
      vertex -3.1519733426244634 9.700776466210565 30
    endloop
  endfacet
  facet normal 0.2840153447039237 -0.9588197348681926 0
    outer loop
      vertex -3.1519733426244634 9.700776466210565 30
      vertex -3.1519733426244634 9.700776466210565 0
      vertex -2.6399542600457115 9.852443428148495 30
    endloop
  endfacet
  facet normal 0.23344536385590578 -0.9723699203976764 0
    outer loop
      vertex -2.6399542600457115 9.852443428148495 30
      vertex -2.6399542600457115 9.852443428148495 0
      vertex -2.120699246341145 9.977105527484817 30
    endloop
  endfacet
  facet normal 0.18223552549214786 -0.9832549075639544 0
    outer loop
      vertex -2.120699246341145 9.977105527484817 30
      vertex -2.120699246341145 9.977105527484817 0
      vertex -1.5956315434103547 10.074421074070404 30
    endloop
  endfacet
  facet normal 0.13052619222004996 -0.9914448613738105 0
    outer loop
      vertex -1.5956315434103547 10.074421074070404 30
      vertex -1.5956315434103547 10.074421074070404 0
      vertex -1.0661903253300653 10.144123332756386 30
    endloop
  endfacet
  facet normal 0.07845909572784421 -0.996917333733128 0
    outer loop
      vertex -1.0661903253300653 10.144123332756386 30
      vertex -1.0661903253300653 10.144123332756386 0
      vertex -0.5338267536780271 10.186021254496652 30
    endloop
  endfacet
  facet normal 0.026176948307875546 -0.9996573249755571 0
    outer loop
      vertex -0.5338267536780271 10.186021254496652 30
      vertex -0.5338267536780271 10.186021254496652 0
      vertex 0 10.2 30
    endloop
  endfacet
  facet normal 0 0 -1
    outer loop
      vertex -18 32 0
      vertex -4.148713759373162 9.318163667954527 0
      vertex -4.630703097343377 9.088266546721352 0
    endloop
  endfacet
  facet normal 0 0 -1
    outer loop
      vertex -18 32 0
      vertex -3.6553530853620626 9.522520350271456 0
      vertex -4.148713759373162 9.318163667954527 0
    endloop
  endfacet
  facet normal 0 0 -1
    outer loop
      vertex -18 32 0
      vertex -3.1519733426244634 9.700776466210565 0
      vertex -3.6553530853620626 9.522520350271456 0
    endloop
  endfacet
  facet normal 0 0 -1
    outer loop
      vertex -18 32 0
      vertex -2.6399542600457115 9.852443428148495 0
      vertex -3.1519733426244634 9.700776466210565 0
    endloop
  endfacet
  facet normal 0 0 -1
    outer loop
      vertex -18 32 0
      vertex -2.120699246341145 9.977105527484817 0
      vertex -2.6399542600457115 9.852443428148495 0
    endloop
  endfacet
  facet normal 0 0 -1
    outer loop
      vertex -18 32 0
      vertex -1.5956315434103547 10.074421074070404 0
      vertex -2.120699246341145 9.977105527484817 0
    endloop
  endfacet
  facet normal 0 0 -1
    outer loop
      vertex -18 32 0
      vertex -1.0661903253300653 10.144123332756386 0
      vertex -1.5956315434103547 10.074421074070404 0
    endloop
  endfacet
  facet normal 0 0 -1
    outer loop
      vertex -18 32 0
      vertex -0.5338267536780271 10.186021254496652 0
      vertex -1.0661903253300653 10.144123332756386 0
    endloop
  endfacet
  facet normal 0 0 -1
    outer loop
      vertex -18 32 0
      vertex 0 10.2 0
      vertex -0.5338267536780271 10.186021254496652 0
    endloop
  endfacet
  facet normal 0 0 -1
    outer loop
      vertex -18 32 0
      vertex 0.5338267536780271 10.186021254496652 0
      vertex 0 10.2 0
    endloop
  endfacet
  facet normal 0 0 -1
    outer loop
      vertex -18 32 0
      vertex 1.0661903253300653 10.144123332756386 0
      vertex 0.5338267536780271 10.186021254496652 0
    endloop
  endfacet
  facet normal 0 0 -1
    outer loop
      vertex -18 32 0
      vertex 1.5956315434103547 10.074421074070404 0
      vertex 1.0661903253300653 10.144123332756386 0
    endloop
  endfacet
  facet normal 0 0 -1
    outer loop
      vertex -18 32 0
      vertex 2.120699246341145 9.977105527484817 0
      vertex 1.5956315434103547 10.074421074070404 0
    endloop
  endfacet
  facet normal 0 0 -1
    outer loop
      vertex -18 32 0
      vertex 2.6399542600457115 9.852443428148495 0
      vertex 2.120699246341145 9.977105527484817 0
    endloop
  endfacet
  facet normal 0 1 0
    outer loop
      vertex -18 32 0
      vertex -1.5956315434103547 32 33.9255789259296
      vertex 18 32 0
    endloop
  endfacet
  facet normal 0 1 0
    outer loop
      vertex -18 32 0
      vertex -4.630703097343377 32 34.91173345327865
      vertex -4.148713759373162 32 34.68183633204547
    endloop
  endfacet
  facet normal 0 1 0
    outer loop
      vertex -18 32 0
      vertex -4.148713759373162 32 34.68183633204547
      vertex -3.6553530853620626 32 34.477479649728544
    endloop
  endfacet
  facet normal 0 1 0
    outer loop
      vertex -18 32 0
      vertex -3.6553530853620626 32 34.477479649728544
      vertex -3.1519733426244634 32 34.29922353378944
    endloop
  endfacet
  facet normal 0 1 0
    outer loop
      vertex -18 32 0
      vertex -3.1519733426244634 32 34.29922353378944
      vertex -2.6399542600457115 32 34.1475565718515
    endloop
  endfacet
  facet normal 0 1 0
    outer loop
      vertex -18 32 0
      vertex -2.6399542600457115 32 34.1475565718515
      vertex -2.120699246341145 32 34.02289447251518
    endloop
  endfacet
  facet normal 0 1 0
    outer loop
      vertex -18 32 0
      vertex -2.120699246341145 32 34.02289447251518
      vertex -1.5956315434103547 32 33.9255789259296
    endloop
  endfacet
  facet normal 0.9426414910921788 0 0.3338068592337698
    outer loop
      vertex -9.700776466210565 -32 40.848026657375534
      vertex -9.522520350271456 32 40.344646914637934
      vertex -9.700776466210565 32 40.848026657375534
    endloop
  endfacet
  facet normal 0.8788171126619646 0 0.4771587602596101
    outer loop
      vertex -9.088266546721352 -32 39.36929690265662
      vertex -8.833459118601272 32 38.9
      vertex -9.088266546721352 32 39.36929690265662
    endloop
  endfacet
  facet normal 0.9025852843498628 0 0.4305110968082902
    outer loop
      vertex -9.318163667954527 -32 39.85128624062684
      vertex -9.088266546721352 32 39.36929690265662
      vertex -9.318163667954527 32 39.85128624062684
    endloop
  endfacet
  facet normal 0.9238795325112851 0 0.3826834323650943
    outer loop
      vertex -9.522520350271456 -32 40.344646914637934
      vertex -9.318163667954527 32 39.85128624062684
      vertex -9.522520350271456 32 40.344646914637934
    endloop
  endfacet
  facet normal 0.9588197348681929 0 0.2840153447039231
    outer loop
      vertex -9.852443428148495 -32 41.36004573995429
      vertex -9.700776466210565 32 40.848026657375534
      vertex -9.852443428148495 32 41.36004573995429
    endloop
  endfacet
  facet normal 0.9723699203976766 0 0.2334453638559062
    outer loop
      vertex -9.977105527484817 -32 41.87930075365885
      vertex -9.852443428148495 32 41.36004573995429
      vertex -9.977105527484817 32 41.87930075365885
    endloop
  endfacet
  facet normal 0.9832549075639545 0 0.18223552549214764
    outer loop
      vertex -10.074421074070404 -32 42.404368456589644
      vertex -9.977105527484817 32 41.87930075365885
      vertex -10.074421074070404 32 42.404368456589644
    endloop
  endfacet
  facet normal 0.996917333733128 0 0.07845909572784479
    outer loop
      vertex -10.186021254496652 -32 43.46617324632197
      vertex -10.144123332756386 32 42.93380967466994
      vertex -10.186021254496652 32 43.46617324632197
    endloop
  endfacet
  facet normal 0.9996573249755571 0 0.026176948307875505
    outer loop
      vertex -10.2 -32 44
      vertex -10.186021254496652 32 43.46617324632197
      vertex -10.2 32 44
    endloop
  endfacet
  facet normal 0.9996573249755571 0 -0.026176948307875505
    outer loop
      vertex -10.186021254496652 -32 44.53382675367803
      vertex -10.2 32 44
      vertex -10.186021254496652 32 44.53382675367803
    endloop
  endfacet
  facet normal 0.996917333733128 0 -0.07845909572784479
    outer loop
      vertex -10.144123332756386 -32 45.06619032533006
      vertex -10.186021254496652 32 44.53382675367803
      vertex -10.144123332756386 32 45.06619032533006
    endloop
  endfacet
  facet normal 0.9914448613738108 0 0.13052619222004896
    outer loop
      vertex -10.144123332756386 -32 42.93380967466994
      vertex -10.074421074070404 32 42.404368456589644
      vertex -10.144123332756386 32 42.93380967466994
    endloop
  endfacet
  facet normal 0.9914448613738108 0 -0.13052619222004896
    outer loop
      vertex -10.074421074070404 -32 45.595631543410356
      vertex -10.144123332756386 32 45.06619032533006
      vertex -10.074421074070404 32 45.595631543410356
    endloop
  endfacet
  facet normal 0.9832549075639545 0 -0.18223552549214764
    outer loop
      vertex -9.977105527484817 -32 46.12069924634115
      vertex -10.074421074070404 32 45.595631543410356
      vertex -9.977105527484817 32 46.12069924634115
    endloop
  endfacet
  facet normal 0.9723699203976766 0 -0.2334453638559062
    outer loop
      vertex -9.852443428148495 -32 46.63995426004571
      vertex -9.977105527484817 32 46.12069924634115
      vertex -9.852443428148495 32 46.63995426004571
    endloop
  endfacet
  facet normal 0.9588197348681929 0 -0.2840153447039231
    outer loop
      vertex -9.700776466210565 -32 47.151973342624466
      vertex -9.852443428148495 32 46.63995426004571
      vertex -9.700776466210565 32 47.151973342624466
    endloop
  endfacet
  facet normal 0.9426414910921788 1.3112802041329916e-19 -0.3338068592337698
    outer loop
      vertex -9.700776466210565 32 47.151973342624466
      vertex -9.522520350271456 32 47.655353085362066
      vertex -9.522520350271456 -32 47.655353085362066
    endloop
  endfacet
  facet normal 0.9238795325112851 0 -0.3826834323650943
    outer loop
      vertex -9.318163667954527 -32 48.14871375937316
      vertex -9.522520350271456 32 47.655353085362066
      vertex -9.318163667954527 32 48.14871375937316
    endloop
  endfacet
  facet normal 0.9025852843498628 0 -0.4305110968082902
    outer loop
      vertex -9.088266546721352 -32 48.63070309734338
      vertex -9.318163667954527 32 48.14871375937316
      vertex -9.088266546721352 32 48.63070309734338
    endloop
  endfacet
  facet normal 0 1 0
    outer loop
      vertex -18 32 0
      vertex -18 32 62
      vertex -10.074421074070404 32 45.595631543410356
    endloop
  endfacet
  facet normal 0 1 0
    outer loop
      vertex -18 32 62
      vertex -9.977105527484817 32 46.12069924634115
      vertex -10.074421074070404 32 45.595631543410356
    endloop
  endfacet
  facet normal 0 1 0
    outer loop
      vertex -18 32 62
      vertex -9.852443428148495 32 46.63995426004571
      vertex -9.977105527484817 32 46.12069924634115
    endloop
  endfacet
  facet normal 0 1 0
    outer loop
      vertex -18 32 62
      vertex -9.700776466210565 32 47.151973342624466
      vertex -9.852443428148495 32 46.63995426004571
    endloop
  endfacet
  facet normal 0 1 0
    outer loop
      vertex -18 32 62
      vertex -9.522520350271456 32 47.655353085362066
      vertex -9.700776466210565 32 47.151973342624466
    endloop
  endfacet
  facet normal 0 1 0
    outer loop
      vertex -18 32 62
      vertex -9.318163667954527 32 48.14871375937316
      vertex -9.522520350271456 32 47.655353085362066
    endloop
  endfacet
  facet normal 0 1 0
    outer loop
      vertex -18 32 62
      vertex -9.088266546721352 32 48.63070309734338
      vertex -9.318163667954527 32 48.14871375937316
    endloop
  endfacet
  facet normal 0 1 0
    outer loop
      vertex -18 32 62
      vertex -8.833459118601272 32 49.1
      vertex -9.088266546721352 32 48.63070309734338
    endloop
  endfacet
  facet normal 0 1 0
    outer loop
      vertex -18 32 62
      vertex -8.554439793043326 32 49.55531815715327
      vertex -8.833459118601272 32 49.1
    endloop
  endfacet
  facet normal 0 1 0
    outer loop
      vertex -18 32 62
      vertex -8.251973342624463 32 49.99540957338323
      vertex -8.554439793043326 32 49.55531815715327
    endloop
  endfacet
  facet normal 0 1 0
    outer loop
      vertex -18 32 62
      vertex -7.926888806861102 32 50.41906798870834
      vertex -8.251973342624463 32 49.99540957338323
    endloop
  endfacet
  facet normal 0 1 0
    outer loop
      vertex -18 32 62
      vertex -7.580077219869421 32 50.82513218486035
      vertex -7.926888806861102 32 50.41906798870834
    endloop
  endfacet
  facet normal 0 1 0
    outer loop
      vertex -18 32 62
      vertex -7.212489168102785 32 51.212489168102785
      vertex -7.580077219869421 32 50.82513218486035
    endloop
  endfacet
  facet normal 0.852640164354092 0 0.5224985647159494
    outer loop
      vertex -8.833459118601272 -32 38.9
      vertex -8.554439793043326 32 38.44468184284673
      vertex -8.833459118601272 32 38.9
    endloop
  endfacet
  facet normal 0.8241261886220178 0 0.5664062369248297
    outer loop
      vertex -8.554439793043326 -32 38.44468184284673
      vertex -8.251973342624463 32 38.00459042661677
      vertex -8.554439793043326 32 38.44468184284673
    endloop
  endfacet
  facet normal 0.7933533402912336 0 0.6087614290087227
    outer loop
      vertex -8.251973342624463 -32 38.00459042661677
      vertex -7.926888806861102 32 37.58093201129166
      vertex -8.251973342624463 32 38.00459042661677
    endloop
  endfacet
  facet normal 0.6883545756937559 0 0.7253743710122857
    outer loop
      vertex -7.212489168102785 -32 36.787510831897215
      vertex -6.825132184860354 32 36.41992278013058
      vertex -7.212489168102785 32 36.787510831897215
    endloop
  endfacet
  facet normal 0.7604059656000289 0 0.6494480483301861
    outer loop
      vertex -7.926888806861102 -32 37.58093201129166
      vertex -7.580077219869421 32 37.17486781513965
      vertex -7.926888806861102 32 37.58093201129166
    endloop
  endfacet
  facet normal 0.7253743710122905 0 0.6883545756937508
    outer loop
      vertex -7.580077219869421 -32 37.17486781513965
      vertex -7.212489168102785 32 36.787510831897215
      vertex -7.580077219869421 32 37.17486781513965
    endloop
  endfacet
  facet normal 0.649448048330178 0 0.7604059656000358
    outer loop
      vertex -6.825132184860354 -32 36.41992278013058
      vertex -6.419067988708341 32 36.0731111931389
      vertex -6.825132184860354 32 36.41992278013058
    endloop
  endfacet
  facet normal 0.6087614290087281 0 0.7933533402912294
    outer loop
      vertex -6.419067988708341 -32 36.0731111931389
      vertex -5.995409573383226 32 35.74802665737553
      vertex -6.419067988708341 32 36.0731111931389
    endloop
  endfacet
  facet normal 0.5664062369248336 0 0.8241261886220151
    outer loop
      vertex -5.995409573383226 -32 35.74802665737553
      vertex -5.555318157153276 32 35.44556020695667
      vertex -5.995409573383226 32 35.74802665737553
    endloop
  endfacet
  facet normal 0.5224985647159359 0 0.8526401643541001
    outer loop
      vertex -5.555318157153276 -32 35.44556020695667
      vertex -5.1 32 35.16654088139873
      vertex -5.555318157153276 32 35.44556020695667
    endloop
  endfacet
  facet normal 0.47715876025961335 0 0.8788171126619627
    outer loop
      vertex -5.1 -32 35.16654088139873
      vertex -4.630703097343377 32 34.91173345327865
      vertex -5.1 32 35.16654088139873
    endloop
  endfacet
  facet normal 0.4305110968082983 0 0.9025852843498592
    outer loop
      vertex -4.630703097343377 -32 34.91173345327865
      vertex -4.148713759373162 32 34.68183633204547
      vertex -4.630703097343377 32 34.91173345327865
    endloop
  endfacet
  facet normal 0.3826834323650875 0 0.9238795325112876
    outer loop
      vertex -4.148713759373162 -32 34.68183633204547
      vertex -3.6553530853620626 32 34.477479649728544
      vertex -4.148713759373162 32 34.68183633204547
    endloop
  endfacet
  facet normal 0.33380685923376735 0 0.9426414910921797
    outer loop
      vertex -3.6553530853620626 -32 34.477479649728544
      vertex -3.1519733426244634 32 34.29922353378944
      vertex -3.6553530853620626 32 34.477479649728544
    endloop
  endfacet
  facet normal 0.28401534470392986 0 0.9588197348681908
    outer loop
      vertex -3.1519733426244634 -32 34.29922353378944
      vertex -2.6399542600457115 32 34.1475565718515
      vertex -3.1519733426244634 32 34.29922353378944
    endloop
  endfacet
  facet normal 0.23344536385590262 0 0.9723699203976771
    outer loop
      vertex -2.6399542600457115 -32 34.1475565718515
      vertex -2.120699246341145 32 34.02289447251518
      vertex -2.6399542600457115 32 34.1475565718515
    endloop
  endfacet
  facet normal 0.18223552549214145 2.5347572794673118e-20 0.9832549075639557
    outer loop
      vertex -1.5956315434103547 32 33.9255789259296
      vertex -2.120699246341145 32 34.02289447251518
      vertex -2.120699246341145 -32 34.02289447251518
    endloop
  endfacet
  facet normal 0.13052619222005651 0 0.9914448613738097
    outer loop
      vertex -1.5956315434103547 -32 33.9255789259296
      vertex -1.0661903253300653 32 33.855876667243614
      vertex -1.5956315434103547 32 33.9255789259296
    endloop
  endfacet
  facet normal 0.07845909572784421 0 0.996917333733128
    outer loop
      vertex -1.0661903253300653 -32 33.855876667243614
      vertex -0.5338267536780271 32 33.81397874550335
      vertex -1.0661903253300653 32 33.855876667243614
    endloop
  endfacet
  facet normal 0.026176948307882197 0 0.9996573249755571
    outer loop
      vertex -0.5338267536780271 -32 33.81397874550335
      vertex 0 32 33.8
      vertex -0.5338267536780271 32 33.81397874550335
    endloop
  endfacet
  facet normal 0.8788171126619646 0 -0.4771587602596101
    outer loop
      vertex -8.833459118601272 -32 49.1
      vertex -9.088266546721352 32 48.63070309734338
      vertex -8.833459118601272 32 49.1
    endloop
  endfacet
  facet normal 0.852640164354092 0 -0.5224985647159494
    outer loop
      vertex -8.554439793043326 -32 49.55531815715327
      vertex -8.833459118601272 32 49.1
      vertex -8.554439793043326 32 49.55531815715327
    endloop
  endfacet
  facet normal 0.8241261886220178 0 -0.5664062369248297
    outer loop
      vertex -8.251973342624463 -32 49.99540957338323
      vertex -8.554439793043326 32 49.55531815715327
      vertex -8.251973342624463 32 49.99540957338323
    endloop
  endfacet
  facet normal 0.7933533402912336 0 -0.6087614290087227
    outer loop
      vertex -7.926888806861102 -32 50.41906798870834
      vertex -8.251973342624463 32 49.99540957338323
      vertex -7.926888806861102 32 50.41906798870834
    endloop
  endfacet
  facet normal 0.7604059656000289 0 -0.6494480483301861
    outer loop
      vertex -7.580077219869421 -32 50.82513218486035
      vertex -7.926888806861102 32 50.41906798870834
      vertex -7.580077219869421 32 50.82513218486035
    endloop
  endfacet
  facet normal 0.7253743710122905 0 -0.6883545756937508
    outer loop
      vertex -7.212489168102785 -32 51.212489168102785
      vertex -7.580077219869421 32 50.82513218486035
      vertex -7.212489168102785 32 51.212489168102785
    endloop
  endfacet
  facet normal 0.7071000000618424 -3.158529463272799e-16 -0.7071135622462226
    outer loop
      vertex -1.282290836404002 -18.961621354767768 57.14257376072603
      vertex -1.5073500051102913 19.328884538924928 56.91751890857382
      vertex -1.470160764910807 19.25091567542975 56.95470743549702
    endloop
  endfacet
  facet normal 0.7071000000619179 4.2434886021719554e-16 -0.707113562246147
    outer loop
      vertex -1.282290836404002 -18.961621354767768 57.14257376072603
      vertex -1.470160764910807 19.25091567542975 56.95470743549702
      vertex -1.4289419162443235 19.175 56.99592549360079
    endloop
  endfacet
  facet normal 0.7071000000618737 8.468036620600854e-17 -0.7071135622461912
    outer loop
      vertex -1.282290836404002 -18.961621354767768 57.14257376072603
      vertex -1.4289419162443235 19.175 56.99592549360079
      vertex -1.3838064371099497 19.101345592225204 57.04106010705287
    endloop
  endfacet
  facet normal 0.7071000000618785 0 -0.7071135622461866
    outer loop
      vertex -1.282290836404002 -18.961621354767768 57.14257376072603
      vertex -1.3348780407186631 19.03015433371742 57.08998756501507
      vertex -1.282290836404002 18.961621354767768 57.14257376072603
    endloop
  endfacet
  facet normal 0.7071000000618358 -1.177779745323556e-16 -0.7071135622462291
    outer loop
      vertex -1.282290836404002 -18.961621354767768 57.14257376072603
      vertex -1.3838064371099497 19.101345592225204 57.04106010705287
      vertex -1.3348780407186631 19.03015433371742 57.08998756501507
    endloop
  endfacet
  facet normal 0.7071000000618788 0 -0.707113562246186
    outer loop
      vertex -1.282290836404002 -18.961621354767768 57.14257376072603
      vertex -1.282290836404002 18.961621354767768 57.14257376072603
      vertex -1.2261889620377004 18.895934499507884 57.19867455907852
    endloop
  endfacet
  facet normal 0.7071000000618515 0 -0.7071135622462137
    outer loop
      vertex -1.2261889620377004 -18.895934499507884 57.19867455907852
      vertex -1.2261889620377004 18.895934499507884 57.19867455907852
      vertex -1.1667261889578033 18.833273811042197 57.25813619168377
    endloop
  endfacet
  facet normal 0.7071000000618718 0 -0.7071135622461932
    outer loop
      vertex -1.1667261889578033 -18.833273811042197 57.25813619168377
      vertex -1.1667261889578033 18.833273811042197 57.25813619168377
      vertex -1.104065500492116 18.7738110379623 57.32079567833994
    endloop
  endfacet
  facet normal 0.7071000000618651 0 -0.7071135622461998
    outer loop
      vertex -1.104065500492116 -18.7738110379623 57.32079567833994
      vertex -1.104065500492116 18.7738110379623 57.32079567833994
      vertex -1.0383786452322317 18.717709163596 57.38648127374952
    endloop
  endfacet
  facet normal 0.707100000061891 0 -0.7071135622461739
    outer loop
      vertex -1.0383786452322317 -18.717709163596 57.38648127374952
      vertex -1.0383786452322317 18.717709163596 57.38648127374952
      vertex -0.9698456662825806 18.665121959281336 57.455012938261234
    endloop
  endfacet
  facet normal 0.7071000000618622 0 -0.7071135622462028
    outer loop
      vertex -0.9698456662825806 -18.665121959281336 57.455012938261234
      vertex -0.9698456662825806 18.665121959281336 57.455012938261234
      vertex -0.8986544077747947 18.61619356289005 57.52620283134623
    endloop
  endfacet
  facet normal 0.70710000006187 0 -0.7071135622461949
    outer loop
      vertex -0.8986544077747947 -18.61619356289005 57.52620283134623
      vertex -0.8986544077747947 18.61619356289005 57.52620283134623
      vertex -0.825 18.571058083755677 57.59985582645592
    endloop
  endfacet
  facet normal 0.7071000000618746 0 -0.7071135622461904
    outer loop
      vertex -0.825 -18.571058083755677 57.59985582645592
      vertex -0.825 18.571058083755677 57.59985582645592
      vertex -0.7490843245702522 18.52983923508919 57.675770045850264
    endloop
  endfacet
  facet normal 0.7071000000618725 0 -0.7071135622461926
    outer loop
      vertex -0.7490843245702522 -18.52983923508919 57.675770045850264
      vertex -0.7490843245702522 18.52983923508919 57.675770045850264
      vertex -0.6711154610750703 18.49264999488971 57.75373741393063
    endloop
  endfacet
  facet normal 0.7071000000618545 0 -0.7071135622462105
    outer loop
      vertex -0.6711154610750703 -18.49264999488971 57.75373741393063
      vertex -0.6711154610750703 18.49264999488971 57.75373741393063
      vertex -0.5913071167497455 18.459592296279617 57.83354422756055
    endloop
  endfacet
  facet normal 0.7071000000618561 0 -0.7071135622462087
    outer loop
      vertex -0.5913071167497455 -18.459592296279617 57.83354422756055
      vertex -0.5913071167497455 18.459592296279617 57.83354422756055
      vertex -0.5098780407186632 18.430756748112998 57.91497174181118
    endloop
  endfacet
  facet normal 0.7071000000618771 0 -0.7071135622461877
    outer loop
      vertex -0.5098780407186632 -18.430756748112998 57.91497174181118
      vertex -0.5098780407186632 18.430756748112998 57.91497174181118
      vertex -0.4270514244191592 18.40622238662304 57.99779676952591
    endloop
  endfacet
  facet normal 0.707100000061881 0 -0.707113562246184
    outer loop
      vertex -0.4270514244191592 -18.40622238662304 57.99779676952591
      vertex -0.4270514244191592 18.40622238662304 57.99779676952591
      vertex -0.3430542898493029 18.38605645878922 58.08179229306088
    endloop
  endfacet
  facet normal 0.7071000000618667 0 -0.7071135622461983
    outer loop
      vertex -0.3430542898493029 -18.38605645878922 58.08179229306088
      vertex -0.3430542898493029 18.38605645878922 58.08179229306088
      vertex -0.2581168673163809 18.37031423801802 58.16672808652452
    endloop
  endfacet
  facet normal 0.7071000000618681 0 -0.7071135622461967
    outer loop
      vertex -0.2581168673163809 -18.37031423801802 58.16672808652452
      vertex -0.2581168673163809 18.37031423801802 58.16672808652452
      vertex -0.1724719643916282 18.359038872642348 58.252371346810776
    endloop
  endfacet
  facet normal 0.7071000000618676 0 -0.7071135622461974
    outer loop
      vertex -0.1724719643916282 -18.359038872642348 58.252371346810776
      vertex -0.1724719643916282 18.359038872642348 58.252371346810776
      vertex -0.08635432780085732 18.352261267654953 58.338487331696186
    endloop
  endfacet
  facet normal 0.7071000000618658 0 -0.7071135622461991
    outer loop
      vertex -0.08635432780085732 -18.352261267654953 58.338487331696186
      vertex -0.08635432780085732 18.352261267654953 58.338487331696186
      vertex 0 18.35 58.42484000325203
    endloop
  endfacet
  facet normal 0 0 1
    outer loop
      vertex -18 32 62
      vertex 18 -32 62
      vertex -1.5404077037203827 19.408692883250254 62
    endloop
  endfacet
  facet normal 0.707100000061869 -6.705318814793151e-18 -0.707113562246196
    outer loop
      vertex -1.282290836404002 -18.961621354767768 57.14257376072603
      vertex -7.212489168102785 32 51.212489168102785
      vertex -1.5073500051102913 19.328884538924928 56.91751890857382
    endloop
  endfacet
  facet normal 0 0 1
    outer loop
      vertex -18 32 62
      vertex -1.5937776133769626 19.572948575580842 62
      vertex -1.6139435412107792 19.656945710150698 62
    endloop
  endfacet
  facet normal 0 0 1
    outer loop
      vertex -18 32 62
      vertex -1.5404077037203827 19.408692883250254 62
      vertex -1.5692432518870032 19.490121959281336 62
    endloop
  endfacet
  facet normal 0 0 1
    outer loop
      vertex -18 32 62
      vertex -1.5692432518870032 19.490121959281336 62
      vertex -1.5937776133769626 19.572948575580842 62
    endloop
  endfacet
  facet normal 0 0 1
    outer loop
      vertex -18 32 62
      vertex -1.6139435412107792 19.656945710150698 62
      vertex -1.6296857619819773 19.74188313268362 62
    endloop
  endfacet
  facet normal 0 0 1
    outer loop
      vertex -18 32 62
      vertex -1.6296857619819773 19.74188313268362 62
      vertex -1.6409611273576508 19.82752803560837 62
    endloop
  endfacet
  facet normal 0 0 1
    outer loop
      vertex -18 32 62
      vertex -1.6409611273576508 19.82752803560837 62
      vertex -1.6477387323450468 19.91364567219914 62
    endloop
  endfacet
  facet normal 0 0 1
    outer loop
      vertex -18 32 62
      vertex -1.6477387323450468 19.91364567219914 62
      vertex -1.65 20 62
    endloop
  endfacet
  facet normal 0 0 1
    outer loop
      vertex -18 32 62
      vertex -1.65 20 62
      vertex -1.6477387323450468 20.08635432780086 62
    endloop
  endfacet
  facet normal 0 0 1
    outer loop
      vertex -18 32 62
      vertex -1.6477387323450468 20.08635432780086 62
      vertex -1.6409611273576508 20.17247196439163 62
    endloop
  endfacet
  facet normal 0 0 1
    outer loop
      vertex -18 32 62
      vertex -1.6409611273576508 20.17247196439163 62
      vertex -1.6296857619819773 20.25811686731638 62
    endloop
  endfacet
  facet normal 0 0 1
    outer loop
      vertex -18 32 62
      vertex -1.6296857619819773 20.25811686731638 62
      vertex -1.6139435412107792 20.343054289849302 62
    endloop
  endfacet
  facet normal 0 0 1
    outer loop
      vertex -18 32 62
      vertex -1.6139435412107792 20.343054289849302 62
      vertex -1.5937776133769626 20.427051424419158 62
    endloop
  endfacet
  facet normal 0 0 1
    outer loop
      vertex -18 32 62
      vertex -1.5937776133769626 20.427051424419158 62
      vertex -1.5692432518870032 20.509878040718664 62
    endloop
  endfacet
  facet normal 0 0 1
    outer loop
      vertex -18 32 62
      vertex -1.5692432518870032 20.509878040718664 62
      vertex -1.5404077037203827 20.591307116749746 62
    endloop
  endfacet
  facet normal 0 0 1
    outer loop
      vertex -18 32 62
      vertex -1.5404077037203827 20.591307116749746 62
      vertex -1.5073500051102913 20.671115461075072 62
    endloop
  endfacet
  facet normal 0 0 1
    outer loop
      vertex -18 32 62
      vertex -1.5073500051102913 20.671115461075072 62
      vertex -1.470160764910807 20.74908432457025 62
    endloop
  endfacet
  facet normal 0 0 1
    outer loop
      vertex -18 32 62
      vertex -1.470160764910807 20.74908432457025 62
      vertex -1.4289419162443235 20.825 62
    endloop
  endfacet
  facet normal 0 0 1
    outer loop
      vertex -18 32 62
      vertex -1.4289419162443235 20.825 62
      vertex -1.3838064371099497 20.898654407774796 62
    endloop
  endfacet
  facet normal 0 0 1
    outer loop
      vertex -18 32 62
      vertex -1.3838064371099497 20.898654407774796 62
      vertex -1.3348780407186631 20.96984566628258 62
    endloop
  endfacet
  facet normal 0 0 1
    outer loop
      vertex -18 32 62
      vertex -1.3348780407186631 20.96984566628258 62
      vertex -1.282290836404002 21.038378645232232 62
    endloop
  endfacet
  facet normal 0 0 1
    outer loop
      vertex -18 32 62
      vertex -1.282290836404002 21.038378645232232 62
      vertex -1.2261889620377004 21.104065500492116 62
    endloop
  endfacet
  facet normal 0 0 1
    outer loop
      vertex -18 32 62
      vertex -1.2261889620377004 21.104065500492116 62
      vertex -1.1667261889578033 21.166726188957803 62
    endloop
  endfacet
  facet normal 0 0 1
    outer loop
      vertex -18 32 62
      vertex -1.1667261889578033 21.166726188957803 62
      vertex -1.104065500492116 21.2261889620377 62
    endloop
  endfacet
  facet normal 0 1 0
    outer loop
      vertex -18 32 62
      vertex 0 32 58.42484000325203
      vertex -7.212489168102785 32 51.212489168102785
    endloop
  endfacet
  facet normal 0 0 1
    outer loop
      vertex -18 32 62
      vertex -1.104065500492116 21.2261889620377 62
      vertex -1.0383786452322317 21.282290836404 62
    endloop
  endfacet
  facet normal 0 0 1
    outer loop
      vertex -18 32 62
      vertex -1.0383786452322317 21.282290836404 62
      vertex -0.9698456662825806 21.334878040718664 62
    endloop
  endfacet
  facet normal 0 0 1
    outer loop
      vertex -18 32 62
      vertex -0.9698456662825806 21.334878040718664 62
      vertex -0.8986544077747947 21.38380643710995 62
    endloop
  endfacet
  facet normal 0 0 1
    outer loop
      vertex -18 32 62
      vertex -0.8986544077747947 21.38380643710995 62
      vertex -0.825 21.428941916244323 62
    endloop
  endfacet
  facet normal 0 0 1
    outer loop
      vertex -18 32 62
      vertex -0.825 21.428941916244323 62
      vertex -0.7490843245702522 21.47016076491081 62
    endloop
  endfacet
  facet normal 0 0 1
    outer loop
      vertex -18 32 62
      vertex -0.7490843245702522 21.47016076491081 62
      vertex -0.6711154610750703 21.50735000511029 62
    endloop
  endfacet
  facet normal 0 0 1
    outer loop
      vertex -18 32 62
      vertex -0.6711154610750703 21.50735000511029 62
      vertex -0.5913071167497455 21.540407703720383 62
    endloop
  endfacet
  facet normal 0 0 1
    outer loop
      vertex -18 32 62
      vertex -0.5913071167497455 21.540407703720383 62
      vertex -0.5098780407186632 21.569243251887002 62
    endloop
  endfacet
  facet normal 0 0 1
    outer loop
      vertex -18 32 62
      vertex -0.5098780407186632 21.569243251887002 62
      vertex -0.4270514244191592 21.59377761337696 62
    endloop
  endfacet
  facet normal 0 0 1
    outer loop
      vertex -18 32 62
      vertex -0.4270514244191592 21.59377761337696 62
      vertex -0.3430542898493029 21.61394354121078 62
    endloop
  endfacet
  facet normal 0 0 1
    outer loop
      vertex -18 32 62
      vertex -0.3430542898493029 21.61394354121078 62
      vertex -0.2581168673163809 21.62968576198198 62
    endloop
  endfacet
  facet normal 0 0 1
    outer loop
      vertex -18 32 62
      vertex -0.2581168673163809 21.62968576198198 62
      vertex -0.1724719643916282 21.640961127357652 62
    endloop
  endfacet
  facet normal 0 0 1
    outer loop
      vertex -18 32 62
      vertex -0.1724719643916282 21.640961127357652 62
      vertex -0.08635432780085732 21.647738732345047 62
    endloop
  endfacet
  facet normal 0 0 1
    outer loop
      vertex -18 32 62
      vertex -0.08635432780085732 21.647738732345047 62
      vertex 0 21.65 62
    endloop
  endfacet
  facet normal 0 0 1
    outer loop
      vertex -18 32 62
      vertex 0 21.65 62
      vertex 0.08635432780085732 21.647738732345047 62
    endloop
  endfacet
  facet normal 0 0 1
    outer loop
      vertex -18 32 62
      vertex 0.08635432780085732 21.647738732345047 62
      vertex 0.1724719643916282 21.640961127357652 62
    endloop
  endfacet
  facet normal 0 0 1
    outer loop
      vertex -18 32 62
      vertex 0.1724719643916282 21.640961127357652 62
      vertex 0.2581168673163809 21.62968576198198 62
    endloop
  endfacet
  facet normal 0 0 1
    outer loop
      vertex -18 32 62
      vertex 0.2581168673163809 21.62968576198198 62
      vertex 0.3430542898493029 21.61394354121078 62
    endloop
  endfacet
  facet normal 0 0 1
    outer loop
      vertex -18 32 62
      vertex 0.3430542898493029 21.61394354121078 62
      vertex 0.4270514244191592 21.59377761337696 62
    endloop
  endfacet
  facet normal 0 0 1
    outer loop
      vertex -18 32 62
      vertex 0.4270514244191592 21.59377761337696 62
      vertex 0.5098780407186632 21.569243251887002 62
    endloop
  endfacet
  facet normal 0 0 1
    outer loop
      vertex -18 32 62
      vertex 0.5098780407186632 21.569243251887002 62
      vertex 0.5913071167497455 21.540407703720383 62
    endloop
  endfacet
  facet normal 0 0 1
    outer loop
      vertex -18 32 62
      vertex 0.6711154610750703 21.50735000511029 62
      vertex 0.7490843245702522 21.47016076491081 62
    endloop
  endfacet
  facet normal 0 0 1
    outer loop
      vertex -18 32 62
      vertex 0.7490843245702522 21.47016076491081 62
      vertex 0.825 21.428941916244323 62
    endloop
  endfacet
  facet normal 0 0 1
    outer loop
      vertex -18 32 62
      vertex 0.5913071167497455 21.540407703720383 62
      vertex 0.6711154610750703 21.50735000511029 62
    endloop
  endfacet
  facet normal 0.7071000000617144 -1.3955114224158529e-13 -0.7071135622463505
    outer loop
      vertex -1.5937776133769626 19.572948575580842 56.83109295795765
      vertex -1.5692432518870032 19.490121959281336 56.85562684888737
      vertex -7.212489168102785 32 51.212489168102785
    endloop
  endfacet
  facet normal 0.7071000000619817 1.019830291927741e-13 -0.7071135622460832
    outer loop
      vertex -1.5937776133769626 19.572948575580842 56.83109295795765
      vertex -7.212489168102785 32 51.212489168102785
      vertex -1.6139435412107792 19.656945710150698 56.8109274168991
    endloop
  endfacet
  facet normal 0.7071000000620516 1.650534611367826e-13 -0.7071135622460132
    outer loop
      vertex -1.5404077037203827 19.408692883250254 56.88446184399852
      vertex -1.5073500051102913 19.328884538924928 56.91751890857382
      vertex -7.212489168102785 32 51.212489168102785
    endloop
  endfacet
  facet normal 0.7071000000619649 8.635102858141324e-14 -0.7071135622461001
    outer loop
      vertex -1.5404077037203827 19.408692883250254 56.88446184399852
      vertex -7.212489168102785 32 51.212489168102785
      vertex -1.5692432518870032 19.490121959281336 56.85562684888737
    endloop
  endfacet
  facet normal 0.7071000000617973 -6.523412302643586e-14 -0.7071135622462676
    outer loop
      vertex -1.6296857619819773 19.74188313268362 56.79518549805804
      vertex -1.6139435412107792 19.656945710150698 56.8109274168991
      vertex -7.212489168102785 32 51.212489168102785
    endloop
  endfacet
  facet normal 0.7071000000618701 1.0629071448735068e-15 -0.7071135622461948
    outer loop
      vertex -1.6296857619819773 19.74188313268362 56.79518549805804
      vertex -7.212489168102785 32 51.212489168102785
      vertex -1.6409611273576508 19.82752803560837 56.78391034893983
    endloop
  endfacet
  facet normal 0.707100000061846 -2.107679995315581e-14 -0.7071135622462191
    outer loop
      vertex -1.6409611273576508 19.82752803560837 56.78391034893983
      vertex -7.212489168102785 32 51.212489168102785
      vertex -1.6477387323450468 19.91364567219914 56.77713287394446
    endloop
  endfacet
  facet normal 0.7071000000619275 5.40366204059451e-14 -0.7071135622461374
    outer loop
      vertex -1.6477387323450468 19.91364567219914 56.77713287394446
      vertex -7.212489168102785 32 51.212489168102785
      vertex -1.65 20 56.774871649659815
    endloop
  endfacet
  facet normal 0.7604059656000278 0.6494480483301872 0
    outer loop
      vertex -1.282290836404002 18.961621354767768 57.14257376072603
      vertex -1.282290836404002 18.961621354767768 62
      vertex -1.2261889620377004 18.895934499507884 57.19867455907852
    endloop
  endfacet
  facet normal 0.7253743710122871 0.6883545756937546 0
    outer loop
      vertex -1.2261889620377004 18.895934499507884 57.19867455907852
      vertex -1.2261889620377004 18.895934499507884 62
      vertex -1.1667261889578033 18.833273811042197 57.25813619168377
    endloop
  endfacet
  facet normal 0.6883545756937534 0.7253743710122883 3.86220705728228e-19
    outer loop
      vertex -1.104065500492116 18.7738110379623 57.32079567833994
      vertex -1.1667261889578033 18.833273811042197 57.25813619168377
      vertex -1.1667261889578033 18.833273811042197 62
    endloop
  endfacet
  facet normal 0.9426414910921781 0.333806859233772 1.5100685096946919e-19
    outer loop
      vertex -1.5404077037203827 19.408692883250254 56.88446184399852
      vertex -1.5692432518870032 19.490121959281336 56.85562684888737
      vertex -1.5692432518870032 19.490121959281336 62
    endloop
  endfacet
  facet normal 0.9238795325112875 0.3826834323650878 0
    outer loop
      vertex -1.5404077037203827 19.408692883250254 56.88446184399852
      vertex -1.5404077037203827 19.408692883250254 62
      vertex -1.5073500051102913 19.328884538924928 56.91751890857382
    endloop
  endfacet
  facet normal 0.878817112661964 0.4771587602596108 0
    outer loop
      vertex -1.470160764910807 19.25091567542975 56.95470743549702
      vertex -1.470160764910807 19.25091567542975 62
      vertex -1.4289419162443235 19.175 56.99592549360079
    endloop
  endfacet
  facet normal 0.8526401643540992 0.5224985647159376 0
    outer loop
      vertex -1.4289419162443235 19.175 56.99592549360079
      vertex -1.4289419162443235 19.175 62
      vertex -1.3838064371099497 19.101345592225204 57.04106010705287
    endloop
  endfacet
  facet normal 0.9025852843498571 0.4305110968083026 0
    outer loop
      vertex -1.5073500051102913 19.328884538924928 56.91751890857382
      vertex -1.5073500051102913 19.328884538924928 62
      vertex -1.470160764910807 19.25091567542975 56.95470743549702
    endloop
  endfacet
  facet normal 0.9832549075639536 0.18223552549215222 0
    outer loop
      vertex -1.6296857619819773 19.74188313268362 56.79518549805804
      vertex -1.6296857619819773 19.74188313268362 62
      vertex -1.6139435412107792 19.656945710150698 56.8109274168991
    endloop
  endfacet
  facet normal 0.958819734868195 0.28401534470391593 0
    outer loop
      vertex -1.5937776133769626 19.572948575580842 56.83109295795765
      vertex -1.5937776133769626 19.572948575580842 62
      vertex -1.5692432518870032 19.490121959281336 56.85562684888737
    endloop
  endfacet
  facet normal 0.9723699203976762 0.23344536385590714 -9.379331851763368e-20
    outer loop
      vertex -1.5937776133769626 19.572948575580842 56.83109295795765
      vertex -1.6139435412107792 19.656945710150698 56.8109274168991
      vertex -1.6139435412107792 19.656945710150698 62
    endloop
  endfacet
  facet normal 0.9914448613738108 0.1305261922200486 -1.059747091706402e-19
    outer loop
      vertex -1.6296857619819773 19.74188313268362 56.79518549805804
      vertex -1.6409611273576508 19.82752803560837 56.78391034893983
      vertex -1.6409611273576508 19.82752803560837 62
    endloop
  endfacet
  facet normal 0.9969173337331279 0.07845909572784608 -4.428960336732161e-20
    outer loop
      vertex -1.6409611273576508 19.82752803560837 56.78391034893983
      vertex -1.6477387323450468 19.91364567219914 56.77713287394446
      vertex -1.6477387323450468 19.91364567219914 62
    endloop
  endfacet
  facet normal 0.9996573249755574 0.026176948307873378 6.764105409491114e-21
    outer loop
      vertex -1.6477387323450468 19.91364567219914 56.77713287394446
      vertex -1.65 20 56.774871649659815
      vertex -1.65 20 62
    endloop
  endfacet
  facet normal 0.8241261886220103 0.5664062369248406 8.953697491597037e-20
    outer loop
      vertex -1.3348780407186631 19.03015433371742 57.08998756501507
      vertex -1.3838064371099497 19.101345592225204 57.04106010705287
      vertex -1.3838064371099497 19.101345592225204 62
    endloop
  endfacet
  facet normal 0.7933533402912372 0.608761429008718 0
    outer loop
      vertex -1.3348780407186631 19.03015433371742 57.08998756501507
      vertex -1.3348780407186631 19.03015433371742 62
      vertex -1.282290836404002 18.961621354767768 57.14257376072603
    endloop
  endfacet
  facet normal 0.7933533402912372 0.608761429008718 0
    outer loop
      vertex -1.282290836404002 18.961621354767768 57.14257376072603
      vertex -1.3348780407186631 19.03015433371742 62
      vertex -1.282290836404002 18.961621354767768 62
    endloop
  endfacet
  facet normal 0.7604059656000277 0.6494480483301872 0
    outer loop
      vertex -1.2261889620377004 18.895934499507884 57.19867455907852
      vertex -1.282290836404002 18.961621354767768 62
      vertex -1.2261889620377004 18.895934499507884 62
    endloop
  endfacet
  facet normal 0.725374371012287 0.6883545756937547 0
    outer loop
      vertex -1.1667261889578033 18.833273811042197 57.25813619168377
      vertex -1.2261889620377004 18.895934499507884 62
      vertex -1.1667261889578033 18.833273811042197 62
    endloop
  endfacet
  facet normal 0.9426414910921781 0.33380685923377196 0
    outer loop
      vertex -1.5404077037203827 19.408692883250254 56.88446184399852
      vertex -1.5692432518870032 19.490121959281336 62
      vertex -1.5404077037203827 19.408692883250254 62
    endloop
  endfacet
  facet normal 0.8788171126619642 0.4771587602596108 0
    outer loop
      vertex -1.4289419162443235 19.175 56.99592549360079
      vertex -1.470160764910807 19.25091567542975 62
      vertex -1.4289419162443235 19.175 62
    endloop
  endfacet
  facet normal 0.9238795325112877 0.38268343236508784 0
    outer loop
      vertex -1.5073500051102913 19.328884538924928 56.91751890857382
      vertex -1.5404077037203827 19.408692883250254 62
      vertex -1.5073500051102913 19.328884538924928 62
    endloop
  endfacet
  facet normal 0.9025852843498571 0.4305110968083026 0
    outer loop
      vertex -1.470160764910807 19.25091567542975 56.95470743549702
      vertex -1.5073500051102913 19.328884538924928 62
      vertex -1.470160764910807 19.25091567542975 62
    endloop
  endfacet
  facet normal 0.9832549075639536 0.18223552549215224 0
    outer loop
      vertex -1.6139435412107792 19.656945710150698 56.8109274168991
      vertex -1.6296857619819773 19.74188313268362 62
      vertex -1.6139435412107792 19.656945710150698 62
    endloop
  endfacet
  facet normal 0.9723699203976762 0.23344536385590717 0
    outer loop
      vertex -1.5937776133769626 19.572948575580842 56.83109295795765
      vertex -1.6139435412107792 19.656945710150698 62
      vertex -1.5937776133769626 19.572948575580842 62
    endloop
  endfacet
  facet normal 0.958819734868195 0.2840153447039159 0
    outer loop
      vertex -1.5692432518870032 19.490121959281336 56.85562684888737
      vertex -1.5937776133769626 19.572948575580842 62
      vertex -1.5692432518870032 19.490121959281336 62
    endloop
  endfacet
  facet normal 0.9914448613738108 0.1305261922200486 0
    outer loop
      vertex -1.6296857619819773 19.74188313268362 56.79518549805804
      vertex -1.6409611273576508 19.82752803560837 62
      vertex -1.6296857619819773 19.74188313268362 62
    endloop
  endfacet
  facet normal 0.9969173337331279 0.07845909572784608 0
    outer loop
      vertex -1.6409611273576508 19.82752803560837 56.78391034893983
      vertex -1.6477387323450468 19.91364567219914 62
      vertex -1.6409611273576508 19.82752803560837 62
    endloop
  endfacet
  facet normal 0.9996573249755573 0.026176948307873378 0
    outer loop
      vertex -1.6477387323450468 19.91364567219914 56.77713287394446
      vertex -1.65 20 62
      vertex -1.6477387323450468 19.91364567219914 62
    endloop
  endfacet
  facet normal 0.8241261886220103 0.5664062369248406 0
    outer loop
      vertex -1.3348780407186631 19.03015433371742 57.08998756501507
      vertex -1.3838064371099497 19.101345592225204 62
      vertex -1.3348780407186631 19.03015433371742 62
    endloop
  endfacet
  facet normal 0.8526401643540992 0.5224985647159376 0
    outer loop
      vertex -1.3838064371099497 19.101345592225204 57.04106010705287
      vertex -1.4289419162443235 19.175 62
      vertex -1.3838064371099497 19.101345592225204 62
    endloop
  endfacet
  facet normal 0.6087614290087264 0.7933533402912308 0
    outer loop
      vertex -1.0383786452322317 18.717709163596 57.38648127374952
      vertex -1.0383786452322317 18.717709163596 62
      vertex -0.9698456662825806 18.665121959281336 57.455012938261234
    endloop
  endfacet
  facet normal 0.6494480483301864 0.7604059656000286 0
    outer loop
      vertex -1.104065500492116 18.7738110379623 57.32079567833994
      vertex -1.104065500492116 18.7738110379623 62
      vertex -1.0383786452322317 18.717709163596 57.38648127374952
    endloop
  endfacet
  facet normal 0.5664062369248305 0.8241261886220171 0
    outer loop
      vertex -0.9698456662825806 18.665121959281336 57.455012938261234
      vertex -0.9698456662825806 18.665121959281336 62
      vertex -0.8986544077747947 18.61619356289005 57.52620283134623
    endloop
  endfacet
  facet normal 0.5224985647159411 0.8526401643540968 0
    outer loop
      vertex -0.8986544077747947 18.61619356289005 57.52620283134623
      vertex -0.8986544077747947 18.61619356289005 62
      vertex -0.825 18.571058083755677 57.59985582645592
    endloop
  endfacet
  facet normal 0.47715876025962717 0.8788171126619552 3.713848888758251e-20
    outer loop
      vertex -0.7490843245702522 18.52983923508919 57.675770045850264
      vertex -0.825 18.571058083755677 57.59985582645592
      vertex -0.825 18.571058083755677 62
    endloop
  endfacet
  facet normal 0.3826834323651125 0.9238795325112774 0
    outer loop
      vertex -0.6711154610750703 18.49264999488971 57.75373741393063
      vertex -0.6711154610750703 18.49264999488971 62
      vertex -0.5913071167497455 18.459592296279617 57.83354422756055
    endloop
  endfacet
  facet normal 0.3338068592337521 0.9426414910921851 0
    outer loop
      vertex -0.5913071167497455 18.459592296279617 57.83354422756055
      vertex -0.5913071167497455 18.459592296279617 62
      vertex -0.5098780407186632 18.430756748112998 57.91497174181118
    endloop
  endfacet
  facet normal 0.4305110968082648 0.9025852843498751 0
    outer loop
      vertex -0.7490843245702522 18.52983923508919 57.675770045850264
      vertex -0.7490843245702522 18.52983923508919 62
      vertex -0.6711154610750703 18.49264999488971 57.75373741393063
    endloop
  endfacet
  facet normal 0.2840153447039188 0.9588197348681942 0
    outer loop
      vertex -0.5098780407186632 18.430756748112998 57.91497174181118
      vertex -0.5098780407186632 18.430756748112998 62
      vertex -0.4270514244191592 18.40622238662304 57.99779676952591
    endloop
  endfacet
  facet normal 0.23344536385593256 0.9723699203976702 0
    outer loop
      vertex -0.4270514244191592 18.40622238662304 57.99779676952591
      vertex -0.4270514244191592 18.40622238662304 62
      vertex -0.3430542898493029 18.38605645878922 58.08179229306088
    endloop
  endfacet
  facet normal 0.18223552549214944 0.9832549075639542 0
    outer loop
      vertex -0.3430542898493029 18.38605645878922 58.08179229306088
      vertex -0.3430542898493029 18.38605645878922 62
      vertex -0.2581168673163809 18.37031423801802 58.16672808652452
    endloop
  endfacet
  facet normal 0.13052619222005535 0.9914448613738099 0
    outer loop
      vertex -0.2581168673163809 18.37031423801802 58.16672808652452
      vertex -0.2581168673163809 18.37031423801802 62
      vertex -0.1724719643916282 18.359038872642348 58.252371346810776
    endloop
  endfacet
  facet normal 0.0784590957278334 0.996917333733129 0
    outer loop
      vertex -0.1724719643916282 18.359038872642348 58.252371346810776
      vertex -0.1724719643916282 18.359038872642348 62
      vertex -0.08635432780085732 18.352261267654953 58.338487331696186
    endloop
  endfacet
  facet normal 0.026176948307853186 0.9996573249755579 0
    outer loop
      vertex -0.08635432780085732 18.352261267654953 58.338487331696186
      vertex -0.08635432780085732 18.352261267654953 62
      vertex 0 18.35 58.42484000325203
    endloop
  endfacet
  facet normal 0.6494480483301864 0.7604059656000286 0
    outer loop
      vertex -1.0383786452322317 18.717709163596 57.38648127374952
      vertex -1.104065500492116 18.7738110379623 62
      vertex -1.0383786452322317 18.717709163596 62
    endloop
  endfacet
  facet normal 0.6087614290087264 0.7933533402912308 0
    outer loop
      vertex -0.9698456662825806 18.665121959281336 57.455012938261234
      vertex -1.0383786452322317 18.717709163596 62
      vertex -0.9698456662825806 18.665121959281336 62
    endloop
  endfacet
  facet normal 0.6883545756937534 0.7253743710122882 0
    outer loop
      vertex -1.104065500492116 18.7738110379623 57.32079567833994
      vertex -1.1667261889578033 18.833273811042197 62
      vertex -1.104065500492116 18.7738110379623 62
    endloop
  endfacet
  facet normal 0.5664062369248305 0.8241261886220171 0
    outer loop
      vertex -0.8986544077747947 18.61619356289005 57.52620283134623
      vertex -0.9698456662825806 18.665121959281336 62
      vertex -0.8986544077747947 18.61619356289005 62
    endloop
  endfacet
  facet normal 0.5224985647159411 0.852640164354097 0
    outer loop
      vertex -0.825 18.571058083755677 57.59985582645592
      vertex -0.8986544077747947 18.61619356289005 62
      vertex -0.825 18.571058083755677 62
    endloop
  endfacet
  facet normal 0.38268343236511243 0.9238795325112773 0
    outer loop
      vertex -0.5913071167497455 18.459592296279617 57.83354422756055
      vertex -0.6711154610750703 18.49264999488971 62
      vertex -0.5913071167497455 18.459592296279617 62
    endloop
  endfacet
  facet normal 0.4771587602596272 0.8788171126619552 0
    outer loop
      vertex -0.7490843245702522 18.52983923508919 57.675770045850264
      vertex -0.825 18.571058083755677 62
      vertex -0.7490843245702522 18.52983923508919 62
    endloop
  endfacet
  facet normal 0.4305110968082648 0.9025852843498751 0
    outer loop
      vertex -0.6711154610750703 18.49264999488971 57.75373741393063
      vertex -0.7490843245702522 18.52983923508919 62
      vertex -0.6711154610750703 18.49264999488971 62
    endloop
  endfacet
  facet normal 0.33380685923375214 0.9426414910921851 0
    outer loop
      vertex -0.5098780407186632 18.430756748112998 57.91497174181118
      vertex -0.5913071167497455 18.459592296279617 62
      vertex -0.5098780407186632 18.430756748112998 62
    endloop
  endfacet
  facet normal 0.28401534470391887 0.9588197348681943 0
    outer loop
      vertex -0.4270514244191592 18.40622238662304 57.99779676952591
      vertex -0.5098780407186632 18.430756748112998 62
      vertex -0.4270514244191592 18.40622238662304 62
    endloop
  endfacet
  facet normal 0.23344536385593254 0.9723699203976701 0
    outer loop
      vertex -0.3430542898493029 18.38605645878922 58.08179229306088
      vertex -0.4270514244191592 18.40622238662304 62
      vertex -0.3430542898493029 18.38605645878922 62
    endloop
  endfacet
  facet normal 0.18223552549214947 0.9832549075639543 0
    outer loop
      vertex -0.2581168673163809 18.37031423801802 58.16672808652452
      vertex -0.3430542898493029 18.38605645878922 62
      vertex -0.2581168673163809 18.37031423801802 62
    endloop
  endfacet
  facet normal 0.13052619222005535 0.99144486137381 0
    outer loop
      vertex -0.1724719643916282 18.359038872642348 58.252371346810776
      vertex -0.2581168673163809 18.37031423801802 62
      vertex -0.1724719643916282 18.359038872642348 62
    endloop
  endfacet
  facet normal 0.0784590957278334 0.9969173337331289 0
    outer loop
      vertex -0.08635432780085732 18.352261267654953 58.338487331696186
      vertex -0.1724719643916282 18.359038872642348 62
      vertex -0.08635432780085732 18.352261267654953 62
    endloop
  endfacet
  facet normal 0.02617694830785319 0.9996573249755579 0
    outer loop
      vertex 0 18.35 58.42484000325203
      vertex -0.08635432780085732 18.352261267654953 62
      vertex 0 18.35 62
    endloop
  endfacet
  facet normal 0.9996573249755573 -0.02617694830787338 -6.767033908157973e-21
    outer loop
      vertex -1.65 20 56.774871649659815
      vertex -1.6477387323450468 20.08635432780086 56.77713287394446
      vertex -1.6477387323450468 20.08635432780086 62
    endloop
  endfacet
  facet normal 0.9969173337331279 -0.07845909572784608 4.4347150629630597e-20
    outer loop
      vertex -1.6477387323450468 20.08635432780086 56.77713287394446
      vertex -1.6409611273576508 20.17247196439163 56.78391034893983
      vertex -1.6409611273576508 20.17247196439163 62
    endloop
  endfacet
  facet normal 0.9914448613738108 -0.1305261922200486 1.0620428135773973e-19
    outer loop
      vertex -1.6409611273576508 20.17247196439163 56.78391034893983
      vertex -1.6296857619819773 20.25811686731638 56.79518549805804
      vertex -1.6296857619819773 20.25811686731638 62
    endloop
  endfacet
  facet normal 0.9832549075639536 -0.18223552549215224 -5.611079864406312e-20
    outer loop
      vertex -1.6296857619819773 20.25811686731638 56.79518549805804
      vertex -1.6139435412107792 20.343054289849302 56.8109274168991
      vertex -1.6139435412107792 20.343054289849302 62
    endloop
  endfacet
  facet normal 0.9723699203976762 -0.23344536385590717 9.415923591568345e-20
    outer loop
      vertex -1.6139435412107792 20.343054289849302 56.8109274168991
      vertex -1.5937776133769626 20.427051424419158 56.83109295795765
      vertex -1.5937776133769626 20.427051424419158 62
    endloop
  endfacet
  facet normal 0.958819734868195 -0.2840153447039159 -9.954001351800502e-20
    outer loop
      vertex -1.5937776133769626 20.427051424419158 56.83109295795765
      vertex -1.5692432518870032 20.509878040718664 56.85562684888737
      vertex -1.5692432518870032 20.509878040718664 62
    endloop
  endfacet
  facet normal 0.9426414910921781 -0.33380685923377196 -1.518580384059947e-19
    outer loop
      vertex -1.5692432518870032 20.509878040718664 56.85562684888737
      vertex -1.5404077037203827 20.591307116749746 56.88446184399852
      vertex -1.5404077037203827 20.591307116749746 62
    endloop
  endfacet
  facet normal 0.9238795325112877 -0.38268343236508784 4.694664054808009e-19
    outer loop
      vertex -1.5404077037203827 20.591307116749746 56.88446184399852
      vertex -1.5073500051102913 20.671115461075072 56.91751890857382
      vertex -1.5073500051102913 20.671115461075072 62
    endloop
  endfacet
  facet normal 0.9025852843498571 -0.4305110968083026 -2.1219855527599135e-19
    outer loop
      vertex -1.5073500051102913 20.671115461075072 56.91751890857382
      vertex -1.470160764910807 20.74908432457025 56.95470743549702
      vertex -1.470160764910807 20.74908432457025 62
    endloop
  endfacet
  facet normal 0.8788171126619642 -0.47715876025961074 -4.3253704717441764e-19
    outer loop
      vertex -1.470160764910807 20.74908432457025 56.95470743549702
      vertex -1.4289419162443235 20.825 56.99592549360079
      vertex -1.4289419162443235 20.825 62
    endloop
  endfacet
  facet normal 0.8526401643540992 -0.5224985647159376 -2.1150820512906057e-20
    outer loop
      vertex -1.4289419162443235 20.825 56.99592549360079
      vertex -1.3838064371099497 20.898654407774796 57.04106010705287
      vertex -1.3838064371099497 20.898654407774796 62
    endloop
  endfacet
  facet normal 0.8241261886220103 -0.5664062369248406 -9.042919599163394e-20
    outer loop
      vertex -1.3838064371099497 20.898654407774796 57.04106010705287
      vertex -1.3348780407186631 20.96984566628258 57.08998756501507
      vertex -1.3348780407186631 20.96984566628258 62
    endloop
  endfacet
  facet normal 0.7933533402912372 -0.608761429008718 5.862100941364058e-20
    outer loop
      vertex -1.3348780407186631 20.96984566628258 57.08998756501507
      vertex -1.282290836404002 21.038378645232232 57.14257376072603
      vertex -1.282290836404002 21.038378645232232 62
    endloop
  endfacet
  facet normal 0.7604059656000278 -0.6494480483301872 3.5805177538257714e-19
    outer loop
      vertex -1.282290836404002 21.038378645232232 57.14257376072603
      vertex -1.2261889620377004 21.104065500492116 57.19867455907852
      vertex -1.2261889620377004 21.104065500492116 62
    endloop
  endfacet
  facet normal 0.725374371012287 -0.6883545756937547 -2.991157432958941e-19
    outer loop
      vertex -1.2261889620377004 21.104065500492116 57.19867455907852
      vertex -1.1667261889578033 21.166726188957803 57.25813619168377
      vertex -1.1667261889578033 21.166726188957803 62
    endloop
  endfacet
  facet normal 0.6883545756937534 -0.7253743710122883 0
    outer loop
      vertex -1.1667261889578033 21.166726188957803 57.25813619168377
      vertex -1.104065500492116 21.2261889620377 57.32079567833994
      vertex -1.1667261889578033 21.166726188957803 62
    endloop
  endfacet
  facet normal 0.9996573249755574 -0.02617694830787338 0
    outer loop
      vertex -1.65 20 56.774871649659815
      vertex -1.6477387323450468 20.08635432780086 62
      vertex -1.65 20 62
    endloop
  endfacet
  facet normal 0.9969173337331279 -0.07845909572784608 0
    outer loop
      vertex -1.6477387323450468 20.08635432780086 56.77713287394446
      vertex -1.6409611273576508 20.17247196439163 62
      vertex -1.6477387323450468 20.08635432780086 62
    endloop
  endfacet
  facet normal 0.9914448613738108 -0.1305261922200486 0
    outer loop
      vertex -1.6409611273576508 20.17247196439163 56.78391034893983
      vertex -1.6296857619819773 20.25811686731638 62
      vertex -1.6409611273576508 20.17247196439163 62
    endloop
  endfacet
  facet normal 0.9832549075639536 -0.18223552549215222 0
    outer loop
      vertex -1.6296857619819773 20.25811686731638 56.79518549805804
      vertex -1.6139435412107792 20.343054289849302 62
      vertex -1.6296857619819773 20.25811686731638 62
    endloop
  endfacet
  facet normal 0.9723699203976762 -0.23344536385590714 0
    outer loop
      vertex -1.6139435412107792 20.343054289849302 56.8109274168991
      vertex -1.5937776133769626 20.427051424419158 62
      vertex -1.6139435412107792 20.343054289849302 62
    endloop
  endfacet
  facet normal 0.958819734868195 -0.28401534470391593 0
    outer loop
      vertex -1.5937776133769626 20.427051424419158 56.83109295795765
      vertex -1.5692432518870032 20.509878040718664 62
      vertex -1.5937776133769626 20.427051424419158 62
    endloop
  endfacet
  facet normal 0.9426414910921781 -0.333806859233772 0
    outer loop
      vertex -1.5692432518870032 20.509878040718664 56.85562684888737
      vertex -1.5404077037203827 20.591307116749746 62
      vertex -1.5692432518870032 20.509878040718664 62
    endloop
  endfacet
  facet normal 0.9238795325112875 -0.3826834323650878 0
    outer loop
      vertex -1.5404077037203827 20.591307116749746 56.88446184399852
      vertex -1.5073500051102913 20.671115461075072 62
      vertex -1.5404077037203827 20.591307116749746 62
    endloop
  endfacet
  facet normal 0.9025852843498571 -0.4305110968083026 0
    outer loop
      vertex -1.5073500051102913 20.671115461075072 56.91751890857382
      vertex -1.470160764910807 20.74908432457025 62
      vertex -1.5073500051102913 20.671115461075072 62
    endloop
  endfacet
  facet normal 0.878817112661964 -0.4771587602596108 0
    outer loop
      vertex -1.470160764910807 20.74908432457025 56.95470743549702
      vertex -1.4289419162443235 20.825 62
      vertex -1.470160764910807 20.74908432457025 62
    endloop
  endfacet
  facet normal 0.8526401643540992 -0.5224985647159376 0
    outer loop
      vertex -1.4289419162443235 20.825 56.99592549360079
      vertex -1.3838064371099497 20.898654407774796 62
      vertex -1.4289419162443235 20.825 62
    endloop
  endfacet
  facet normal 0.8241261886220103 -0.5664062369248406 0
    outer loop
      vertex -1.3838064371099497 20.898654407774796 57.04106010705287
      vertex -1.3348780407186631 20.96984566628258 62
      vertex -1.3838064371099497 20.898654407774796 62
    endloop
  endfacet
  facet normal 0.7933533402912372 -0.608761429008718 0
    outer loop
      vertex -1.3348780407186631 20.96984566628258 57.08998756501507
      vertex -1.282290836404002 21.038378645232232 62
      vertex -1.3348780407186631 20.96984566628258 62
    endloop
  endfacet
  facet normal 0.7604059656000278 -0.6494480483301872 0
    outer loop
      vertex -1.282290836404002 21.038378645232232 57.14257376072603
      vertex -1.2261889620377004 21.104065500492116 62
      vertex -1.282290836404002 21.038378645232232 62
    endloop
  endfacet
  facet normal 0.7253743710122871 -0.6883545756937546 0
    outer loop
      vertex -1.2261889620377004 21.104065500492116 57.19867455907852
      vertex -1.1667261889578033 21.166726188957803 62
      vertex -1.2261889620377004 21.104065500492116 62
    endloop
  endfacet
  facet normal 0.6494480483301864 -0.7604059656000286 0
    outer loop
      vertex -1.104065500492116 21.2261889620377 57.32079567833994
      vertex -1.0383786452322317 21.282290836404 57.38648127374952
      vertex -1.104065500492116 21.2261889620377 62
    endloop
  endfacet
  facet normal 0.6087614290087264 -0.7933533402912308 0
    outer loop
      vertex -1.0383786452322317 21.282290836404 57.38648127374952
      vertex -0.9698456662825806 21.334878040718664 57.455012938261234
      vertex -1.0383786452322317 21.282290836404 62
    endloop
  endfacet
  facet normal 0.5664062369248305 -0.8241261886220171 0
    outer loop
      vertex -0.9698456662825806 21.334878040718664 57.455012938261234
      vertex -0.8986544077747947 21.38380643710995 57.52620283134623
      vertex -0.9698456662825806 21.334878040718664 62
    endloop
  endfacet
  facet normal 0.5224985647159411 -0.8526401643540968 0
    outer loop
      vertex -0.8986544077747947 21.38380643710995 57.52620283134623
      vertex -0.825 21.428941916244323 57.59985582645592
      vertex -0.8986544077747947 21.38380643710995 62
    endloop
  endfacet
  facet normal 0.47715876025962717 -0.8788171126619552 0
    outer loop
      vertex -0.825 21.428941916244323 57.59985582645592
      vertex -0.7490843245702522 21.47016076491081 57.675770045850264
      vertex -0.825 21.428941916244323 62
    endloop
  endfacet
  facet normal 0.4305110968082648 -0.9025852843498751 0
    outer loop
      vertex -0.7490843245702522 21.47016076491081 57.675770045850264
      vertex -0.6711154610750703 21.50735000511029 57.75373741393063
      vertex -0.7490843245702522 21.47016076491081 62
    endloop
  endfacet
  facet normal 0.3826834323651125 -0.9238795325112774 0
    outer loop
      vertex -0.6711154610750703 21.50735000511029 57.75373741393063
      vertex -0.5913071167497455 21.540407703720383 57.83354422756055
      vertex -0.6711154610750703 21.50735000511029 62
    endloop
  endfacet
  facet normal 0.3338068592337521 -0.9426414910921851 0
    outer loop
      vertex -0.5913071167497455 21.540407703720383 57.83354422756055
      vertex -0.5098780407186632 21.569243251887002 57.91497174181118
      vertex -0.5913071167497455 21.540407703720383 62
    endloop
  endfacet
  facet normal 0.2840153447039188 -0.9588197348681942 0
    outer loop
      vertex -0.5098780407186632 21.569243251887002 57.91497174181118
      vertex -0.4270514244191592 21.59377761337696 57.99779676952591
      vertex -0.5098780407186632 21.569243251887002 62
    endloop
  endfacet
  facet normal 0.23344536385593256 -0.9723699203976702 0
    outer loop
      vertex -0.4270514244191592 21.59377761337696 57.99779676952591
      vertex -0.3430542898493029 21.61394354121078 58.08179229306088
      vertex -0.4270514244191592 21.59377761337696 62
    endloop
  endfacet
  facet normal 0.18223552549214944 -0.9832549075639542 0
    outer loop
      vertex -0.3430542898493029 21.61394354121078 58.08179229306088
      vertex -0.2581168673163809 21.62968576198198 58.16672808652452
      vertex -0.3430542898493029 21.61394354121078 62
    endloop
  endfacet
  facet normal 0.13052619222005535 -0.9914448613738099 0
    outer loop
      vertex -0.2581168673163809 21.62968576198198 58.16672808652452
      vertex -0.1724719643916282 21.640961127357652 58.252371346810776
      vertex -0.2581168673163809 21.62968576198198 62
    endloop
  endfacet
  facet normal 0.0784590957278334 -0.996917333733129 0
    outer loop
      vertex -0.1724719643916282 21.640961127357652 58.252371346810776
      vertex -0.08635432780085732 21.647738732345047 58.338487331696186
      vertex -0.1724719643916282 21.640961127357652 62
    endloop
  endfacet
  facet normal 0.026176948307853186 -0.9996573249755579 0
    outer loop
      vertex -0.08635432780085732 21.647738732345047 58.338487331696186
      vertex 0 21.65 58.42484000325203
      vertex -0.08635432780085732 21.647738732345047 62
    endloop
  endfacet
  facet normal 0.6883545756937534 -0.7253743710122882 0
    outer loop
      vertex -1.104065500492116 21.2261889620377 57.32079567833994
      vertex -1.104065500492116 21.2261889620377 62
      vertex -1.1667261889578033 21.166726188957803 62
    endloop
  endfacet
  facet normal 0.6494480483301864 -0.7604059656000286 0
    outer loop
      vertex -1.0383786452322317 21.282290836404 57.38648127374952
      vertex -1.0383786452322317 21.282290836404 62
      vertex -1.104065500492116 21.2261889620377 62
    endloop
  endfacet
  facet normal 0.6087614290087264 -0.7933533402912308 0
    outer loop
      vertex -0.9698456662825806 21.334878040718664 57.455012938261234
      vertex -0.9698456662825806 21.334878040718664 62
      vertex -1.0383786452322317 21.282290836404 62
    endloop
  endfacet
  facet normal 0.5664062369248305 -0.8241261886220171 0
    outer loop
      vertex -0.8986544077747947 21.38380643710995 57.52620283134623
      vertex -0.8986544077747947 21.38380643710995 62
      vertex -0.9698456662825806 21.334878040718664 62
    endloop
  endfacet
  facet normal 0.5224985647159411 -0.852640164354097 0
    outer loop
      vertex -0.825 21.428941916244323 57.59985582645592
      vertex -0.825 21.428941916244323 62
      vertex -0.8986544077747947 21.38380643710995 62
    endloop
  endfacet
  facet normal 0.4771587602596272 -0.8788171126619552 0
    outer loop
      vertex -0.7490843245702522 21.47016076491081 57.675770045850264
      vertex -0.7490843245702522 21.47016076491081 62
      vertex -0.825 21.428941916244323 62
    endloop
  endfacet
  facet normal 0.4305110968082648 -0.9025852843498751 0
    outer loop
      vertex -0.6711154610750703 21.50735000511029 57.75373741393063
      vertex -0.6711154610750703 21.50735000511029 62
      vertex -0.7490843245702522 21.47016076491081 62
    endloop
  endfacet
  facet normal 0.38268343236511243 -0.9238795325112773 0
    outer loop
      vertex -0.5913071167497455 21.540407703720383 57.83354422756055
      vertex -0.5913071167497455 21.540407703720383 62
      vertex -0.6711154610750703 21.50735000511029 62
    endloop
  endfacet
  facet normal 0.33380685923375214 -0.9426414910921851 0
    outer loop
      vertex -0.5098780407186632 21.569243251887002 57.91497174181118
      vertex -0.5098780407186632 21.569243251887002 62
      vertex -0.5913071167497455 21.540407703720383 62
    endloop
  endfacet
  facet normal 0.28401534470391887 -0.9588197348681943 0
    outer loop
      vertex -0.4270514244191592 21.59377761337696 57.99779676952591
      vertex -0.4270514244191592 21.59377761337696 62
      vertex -0.5098780407186632 21.569243251887002 62
    endloop
  endfacet
  facet normal 0.23344536385593254 -0.9723699203976701 0
    outer loop
      vertex -0.3430542898493029 21.61394354121078 58.08179229306088
      vertex -0.3430542898493029 21.61394354121078 62
      vertex -0.4270514244191592 21.59377761337696 62
    endloop
  endfacet
  facet normal 0.18223552549214947 -0.9832549075639543 0
    outer loop
      vertex -0.2581168673163809 21.62968576198198 58.16672808652452
      vertex -0.2581168673163809 21.62968576198198 62
      vertex -0.3430542898493029 21.61394354121078 62
    endloop
  endfacet
  facet normal 0.13052619222005535 -0.99144486137381 0
    outer loop
      vertex -0.1724719643916282 21.640961127357652 58.252371346810776
      vertex -0.1724719643916282 21.640961127357652 62
      vertex -0.2581168673163809 21.62968576198198 62
    endloop
  endfacet
  facet normal 0.0784590957278334 -0.9969173337331289 0
    outer loop
      vertex -0.08635432780085732 21.647738732345047 58.338487331696186
      vertex -0.08635432780085732 21.647738732345047 62
      vertex -0.1724719643916282 21.640961127357652 62
    endloop
  endfacet
  facet normal 0.02617694830785319 -0.9996573249755579 0
    outer loop
      vertex 0 21.65 58.42484000325203
      vertex 0 21.65 62
      vertex -0.08635432780085732 21.647738732345047 62
    endloop
  endfacet
  facet normal 0.7071000000618172 -4.825919349288271e-14 -0.7071135622462478
    outer loop
      vertex -1.65 20 56.774871649659815
      vertex -7.212489168102785 32 51.212489168102785
      vertex -1.6477387323450468 20.08635432780086 56.77713287394446
    endloop
  endfacet
  facet normal 0.7071000000618848 1.4945171396700372e-14 -0.7071135622461802
    outer loop
      vertex -1.6477387323450468 20.08635432780086 56.77713287394446
      vertex -7.212489168102785 32 51.212489168102785
      vertex -1.6409611273576508 20.17247196439163 56.78391034893983
    endloop
  endfacet
  facet normal 0.7071000000618682 -5.971552985883322e-16 -0.7071135622461966
    outer loop
      vertex -1.6409611273576508 20.17247196439163 56.78391034893983
      vertex -7.212489168102785 32 51.212489168102785
      vertex -1.6296857619819773 20.25811686731638 56.79518549805804
    endloop
  endfacet
  facet normal 0.7071000000618982 2.782362910457264e-14 -0.7071135622461667
    outer loop
      vertex -1.6296857619819773 20.25811686731638 56.79518549805804
      vertex -7.212489168102785 32 51.212489168102785
      vertex -1.6139435412107792 20.343054289849302 56.8109274168991
    endloop
  endfacet
  facet normal 0.7071000000618358 -3.199805888983617e-14 -0.707113562246229
    outer loop
      vertex -1.6139435412107792 20.343054289849302 56.8109274168991
      vertex -7.212489168102785 32 51.212489168102785
      vertex -1.5937776133769626 20.427051424419158 56.83109295795765
    endloop
  endfacet
  facet normal 0.7071000000618995 2.989633501757905e-14 -0.7071135622461652
    outer loop
      vertex -1.5937776133769626 20.427051424419158 56.83109295795765
      vertex -7.212489168102785 32 51.212489168102785
      vertex -1.5692432518870032 20.509878040718664 56.85562684888737
    endloop
  endfacet
  facet normal 0.7071000000618584 -1.0774809563434459e-14 -0.7071135622462068
    outer loop
      vertex -1.5692432518870032 20.509878040718664 56.85562684888737
      vertex -7.212489168102785 32 51.212489168102785
      vertex -1.5404077037203827 20.591307116749746 56.88446184399852
    endloop
  endfacet
  facet normal 0.7071000000618618 -7.231460993450244e-15 -0.7071135622462031
    outer loop
      vertex -1.5404077037203827 20.591307116749746 56.88446184399852
      vertex -7.212489168102785 32 51.212489168102785
      vertex -1.5073500051102913 20.671115461075072 56.91751890857382
    endloop
  endfacet
  facet normal 0.7071000000618565 -1.2749480142496033e-14 -0.7071135622462087
    outer loop
      vertex -1.5073500051102913 20.671115461075072 56.91751890857382
      vertex -7.212489168102785 32 51.212489168102785
      vertex -1.470160764910807 20.74908432457025 56.95470743549702
    endloop
  endfacet
  facet normal 0.707100000061894 2.564373594024261e-14 -0.7071135622461711
    outer loop
      vertex -1.470160764910807 20.74908432457025 56.95470743549702
      vertex -7.212489168102785 32 51.212489168102785
      vertex -1.4289419162443235 20.825 56.99592549360079
    endloop
  endfacet
  facet normal 0.7071000000618716 2.5669486511540336e-15 -0.7071135622461934
    outer loop
      vertex -1.4289419162443235 20.825 56.99592549360079
      vertex -7.212489168102785 32 51.212489168102785
      vertex -1.3838064371099497 20.898654407774796 57.04106010705287
    endloop
  endfacet
  facet normal 0.7071000000618504 -1.9776746493544973e-14 -0.7071135622462146
    outer loop
      vertex -1.3838064371099497 20.898654407774796 57.04106010705287
      vertex -7.212489168102785 32 51.212489168102785
      vertex -1.3348780407186631 20.96984566628258 57.08998756501507
    endloop
  endfacet
  facet normal 0.7071000000618746 5.978747658178165e-15 -0.7071135622461905
    outer loop
      vertex -1.3348780407186631 20.96984566628258 57.08998756501507
      vertex -7.212489168102785 32 51.212489168102785
      vertex -1.282290836404002 21.038378645232232 57.14257376072603
    endloop
  endfacet
  facet normal 0.707100000061875 6.5511623762174444e-15 -0.70711356224619
    outer loop
      vertex -1.282290836404002 21.038378645232232 57.14257376072603
      vertex -7.212489168102785 32 51.212489168102785
      vertex -1.2261889620377004 21.104065500492116 57.19867455907852
    endloop
  endfacet
  facet normal 0.7071000000618579 -1.231890286459492e-14 -0.707113562246207
    outer loop
      vertex -1.2261889620377004 21.104065500492116 57.19867455907852
      vertex -7.212489168102785 32 51.212489168102785
      vertex -1.1667261889578033 21.166726188957803 57.25813619168377
    endloop
  endfacet
  facet normal 0.7071000000618707 2.1055496620133917e-15 -0.7071135622461941
    outer loop
      vertex -1.1667261889578033 21.166726188957803 57.25813619168377
      vertex -7.212489168102785 32 51.212489168102785
      vertex -1.104065500492116 21.2261889620377 57.32079567833994
    endloop
  endfacet
  facet normal 0.7071000000618664 -2.8927848186737784e-15 -0.7071135622461986
    outer loop
      vertex -1.104065500492116 21.2261889620377 57.32079567833994
      vertex -7.212489168102785 32 51.212489168102785
      vertex -1.0383786452322317 21.282290836404 57.38648127374952
    endloop
  endfacet
  facet normal 0.7071000000618843 1.761189262234446e-14 -0.7071135622461808
    outer loop
      vertex -1.0383786452322317 21.282290836404 57.38648127374952
      vertex -7.212489168102785 32 51.212489168102785
      vertex -0.9698456662825806 21.334878040718664 57.455012938261234
    endloop
  endfacet
  facet normal 0.7071000000618641 -5.821138185834963e-15 -0.7071135622462008
    outer loop
      vertex -0.9698456662825806 21.334878040718664 57.455012938261234
      vertex -7.212489168102785 32 51.212489168102785
      vertex -0.8986544077747947 21.38380643710995 57.52620283134623
    endloop
  endfacet
  facet normal 0.7071000000618698 7.992065367242186e-16 -0.7071135622461953
    outer loop
      vertex -0.8986544077747947 21.38380643710995 57.52620283134623
      vertex -7.212489168102785 32 51.212489168102785
      vertex -0.825 21.428941916244323 57.59985582645592
    endloop
  endfacet
  facet normal 0.7071000000618732 5.0046150464923345e-15 -0.7071135622461917
    outer loop
      vertex -0.825 21.428941916244323 57.59985582645592
      vertex -7.212489168102785 32 51.212489168102785
      vertex -0.7490843245702522 21.47016076491081 57.675770045850264
    endloop
  endfacet
  facet normal 0.7071000000618717 3.0930478211036874e-15 -0.7071135622461933
    outer loop
      vertex -0.7490843245702522 21.47016076491081 57.675770045850264
      vertex -7.212489168102785 32 51.212489168102785
      vertex -0.6711154610750703 21.50735000511029 57.75373741393063
    endloop
  endfacet
  facet normal 0.7071000000618575 -1.4529028867686816e-14 -0.7071135622462075
    outer loop
      vertex -0.6711154610750703 21.50735000511029 57.75373741393063
      vertex -7.212489168102785 32 51.212489168102785
      vertex -0.5913071167497455 21.540407703720383 57.83354422756055
    endloop
  endfacet
  facet normal 0.7071000000618586 -1.3299329616805195e-14 -0.7071135622462065
    outer loop
      vertex -0.5913071167497455 21.540407703720383 57.83354422756055
      vertex -7.212489168102785 32 51.212489168102785
      vertex -0.5098780407186632 21.569243251887002 57.91497174181118
    endloop
  endfacet
  facet normal 0.7071000000618759 8.999806264530262e-15 -0.7071135622461892
    outer loop
      vertex -0.5098780407186632 21.569243251887002 57.91497174181118
      vertex -7.212489168102785 32 51.212489168102785
      vertex -0.4270514244191592 21.59377761337696 57.99779676952591
    endloop
  endfacet
  facet normal 0.7071000000618793 1.3524749968259936e-14 -0.7071135622461857
    outer loop
      vertex -0.4270514244191592 21.59377761337696 57.99779676952591
      vertex -7.212489168102785 32 51.212489168102785
      vertex -0.3430542898493029 21.61394354121078 58.08179229306088
    endloop
  endfacet
  facet normal 0.707100000061867 -2.8421916519005886e-15 -0.7071135622461979
    outer loop
      vertex -0.3430542898493029 21.61394354121078 58.08179229306088
      vertex -7.212489168102785 32 51.212489168102785
      vertex -0.2581168673163809 21.62968576198198 58.16672808652452
    endloop
  endfacet
  facet normal 0.7071000000618682 -1.1393393584191577e-15 -0.7071135622461968
    outer loop
      vertex -0.2581168673163809 21.62968576198198 58.16672808652452
      vertex -7.212489168102785 32 51.212489168102785
      vertex -0.1724719643916282 21.640961127357652 58.252371346810776
    endloop
  endfacet
  facet normal 0.7071000000618678 -1.8282646055294036e-15 -0.7071135622461973
    outer loop
      vertex -0.1724719643916282 21.640961127357652 58.252371346810776
      vertex -7.212489168102785 32 51.212489168102785
      vertex -0.08635432780085732 21.647738732345047 58.338487331696186
    endloop
  endfacet
  facet normal 0.7071000000618659 -4.4284948654839214e-15 -0.7071135622461991
    outer loop
      vertex -0.08635432780085732 21.647738732345047 58.338487331696186
      vertex -7.212489168102785 32 51.212489168102785
      vertex 0 21.65 58.42484000325203
    endloop
  endfacet
  facet normal 0.707100000061869 0 -0.7071135622461959
    outer loop
      vertex 0 21.65 58.42484000325203
      vertex -7.212489168102785 32 51.212489168102785
      vertex 0 32 58.42484000325203
    endloop
  endfacet
  facet normal 0 -1 0
    outer loop
      vertex -18 -32 0
      vertex 18 -32 0
      vertex 1.5956315434103547 -32 33.9255789259296
    endloop
  endfacet
  facet normal 0 0 -1
    outer loop
      vertex 18 -32 0
      vertex -2.6399542600457115 -9.852443428148495 0
      vertex -2.120699246341145 -9.977105527484817 0
    endloop
  endfacet
  facet normal 0 0 -1
    outer loop
      vertex 18 -32 0
      vertex -2.120699246341145 -9.977105527484817 0
      vertex -1.5956315434103547 -10.074421074070404 0
    endloop
  endfacet
  facet normal 0 0 -1
    outer loop
      vertex 18 -32 0
      vertex -1.5956315434103547 -10.074421074070404 0
      vertex -1.0661903253300653 -10.144123332756386 0
    endloop
  endfacet
  facet normal 0 0 -1
    outer loop
      vertex 18 -32 0
      vertex -1.0661903253300653 -10.144123332756386 0
      vertex -0.5338267536780271 -10.186021254496652 0
    endloop
  endfacet
  facet normal 0 0 -1
    outer loop
      vertex 18 -32 0
      vertex -0.5338267536780271 -10.186021254496652 0
      vertex 0 -10.2 0
    endloop
  endfacet
  facet normal 0 0 -1
    outer loop
      vertex 18 -32 0
      vertex 0 -10.2 0
      vertex 0.5338267536780271 -10.186021254496652 0
    endloop
  endfacet
  facet normal 0 0 -1
    outer loop
      vertex 18 -32 0
      vertex 0.5338267536780271 -10.186021254496652 0
      vertex 1.0661903253300653 -10.144123332756386 0
    endloop
  endfacet
  facet normal 0 0 -1
    outer loop
      vertex 18 -32 0
      vertex 1.0661903253300653 -10.144123332756386 0
      vertex 1.5956315434103547 -10.074421074070404 0
    endloop
  endfacet
  facet normal 0 0 -1
    outer loop
      vertex 18 -32 0
      vertex 1.5956315434103547 -10.074421074070404 0
      vertex 2.120699246341145 -9.977105527484817 0
    endloop
  endfacet
  facet normal 0 0 -1
    outer loop
      vertex 18 -32 0
      vertex 2.120699246341145 -9.977105527484817 0
      vertex 2.6399542600457115 -9.852443428148495 0
    endloop
  endfacet
  facet normal 0 0 -1
    outer loop
      vertex 18 -32 0
      vertex 2.6399542600457115 -9.852443428148495 0
      vertex 3.1519733426244634 -9.700776466210565 0
    endloop
  endfacet
  facet normal 0 0 -1
    outer loop
      vertex 18 -32 0
      vertex 3.1519733426244634 -9.700776466210565 0
      vertex 3.6553530853620626 -9.522520350271456 0
    endloop
  endfacet
  facet normal 0 0 -1
    outer loop
      vertex 18 -32 0
      vertex 3.6553530853620626 -9.522520350271456 0
      vertex 4.148713759373162 -9.318163667954527 0
    endloop
  endfacet
  facet normal 0 0 -1
    outer loop
      vertex 18 -32 0
      vertex 4.148713759373162 -9.318163667954527 0
      vertex 4.630703097343377 -9.088266546721352 0
    endloop
  endfacet
  facet normal 0 -1 0
    outer loop
      vertex 18 -32 0
      vertex 2.120699246341145 -32 34.02289447251518
      vertex 1.5956315434103547 -32 33.9255789259296
    endloop
  endfacet
  facet normal 0 -1 0
    outer loop
      vertex 18 -32 0
      vertex 2.6399542600457115 -32 34.1475565718515
      vertex 2.120699246341145 -32 34.02289447251518
    endloop
  endfacet
  facet normal 0 -1 0
    outer loop
      vertex 18 -32 0
      vertex 3.1519733426244634 -32 34.29922353378944
      vertex 2.6399542600457115 -32 34.1475565718515
    endloop
  endfacet
  facet normal 0 -1 0
    outer loop
      vertex 18 -32 0
      vertex 3.6553530853620626 -32 34.477479649728544
      vertex 3.1519733426244634 -32 34.29922353378944
    endloop
  endfacet
  facet normal 0 -1 0
    outer loop
      vertex 18 -32 0
      vertex 4.148713759373162 -32 34.68183633204547
      vertex 3.6553530853620626 -32 34.477479649728544
    endloop
  endfacet
  facet normal 0 -1 0
    outer loop
      vertex 18 -32 0
      vertex 4.630703097343377 -32 34.91173345327865
      vertex 4.148713759373162 -32 34.68183633204547
    endloop
  endfacet
  facet normal -0.026176948307875546 0.9996573249755571 0
    outer loop
      vertex 0 -10.2 30
      vertex 0.5338267536780271 -10.186021254496652 0
      vertex 0 -10.2 0
    endloop
  endfacet
  facet normal -0.07845909572784421 0.996917333733128 0
    outer loop
      vertex 0.5338267536780271 -10.186021254496652 30
      vertex 1.0661903253300653 -10.144123332756386 0
      vertex 0.5338267536780271 -10.186021254496652 0
    endloop
  endfacet
  facet normal -0.13052619222004996 0.9914448613738105 0
    outer loop
      vertex 1.0661903253300653 -10.144123332756386 30
      vertex 1.5956315434103547 -10.074421074070404 0
      vertex 1.0661903253300653 -10.144123332756386 0
    endloop
  endfacet
  facet normal -0.18223552549214786 0.9832549075639544 0
    outer loop
      vertex 1.5956315434103547 -10.074421074070404 30
      vertex 2.120699246341145 -9.977105527484817 0
      vertex 1.5956315434103547 -10.074421074070404 0
    endloop
  endfacet
  facet normal -0.23344536385590578 0.9723699203976764 0
    outer loop
      vertex 2.120699246341145 -9.977105527484817 30
      vertex 2.6399542600457115 -9.852443428148495 0
      vertex 2.120699246341145 -9.977105527484817 0
    endloop
  endfacet
  facet normal -0.2840153447039237 0.9588197348681926 0
    outer loop
      vertex 2.6399542600457115 -9.852443428148495 30
      vertex 3.1519733426244634 -9.700776466210565 0
      vertex 2.6399542600457115 -9.852443428148495 0
    endloop
  endfacet
  facet normal -0.33380685923377035 0.9426414910921787 0
    outer loop
      vertex 3.1519733426244634 -9.700776466210565 30
      vertex 3.6553530853620626 -9.522520350271456 0
      vertex 3.1519733426244634 -9.700776466210565 0
    endloop
  endfacet
  facet normal -0.38268343236509034 0.9238795325112864 0
    outer loop
      vertex 3.6553530853620626 -9.522520350271456 30
      vertex 4.148713759373162 -9.318163667954527 0
      vertex 3.6553530853620626 -9.522520350271456 0
    endloop
  endfacet
  facet normal -0.43051109680829275 0.9025852843498616 0
    outer loop
      vertex 4.148713759373162 -9.318163667954527 30
      vertex 4.630703097343377 -9.088266546721352 0
      vertex 4.148713759373162 -9.318163667954527 0
    endloop
  endfacet
  facet normal -0.4771587602596108 0.878817112661964 0
    outer loop
      vertex 4.630703097343377 -9.088266546721352 30
      vertex 5.1 -8.833459118601272 0
      vertex 4.630703097343377 -9.088266546721352 0
    endloop
  endfacet
  facet normal -0.5224985647159456 0.8526401643540942 0
    outer loop
      vertex 5.1 -8.833459118601272 30
      vertex 5.555318157153276 -8.554439793043326 0
      vertex 5.1 -8.833459118601272 0
    endloop
  endfacet
  facet normal -0.5664062369248335 0.824126188622015 0
    outer loop
      vertex 5.555318157153276 -8.554439793043326 30
      vertex 5.995409573383226 -8.251973342624463 0
      vertex 5.555318157153276 -8.554439793043326 0
    endloop
  endfacet
  facet normal -0.6087614290087219 0.7933533402912343 0
    outer loop
      vertex 5.995409573383226 -8.251973342624463 30
      vertex 6.419067988708341 -7.926888806861102 0
      vertex 5.995409573383226 -8.251973342624463 0
    endloop
  endfacet
  facet normal -0.6494480483301828 0.7604059656000316 0
    outer loop
      vertex 6.419067988708341 -7.926888806861102 30
      vertex 6.825132184860354 -7.580077219869421 0
      vertex 6.419067988708341 -7.926888806861102 0
    endloop
  endfacet
  facet normal -0.6883545756937534 0.7253743710122883 0
    outer loop
      vertex 6.825132184860354 -7.580077219869421 30
      vertex 7.212489168102785 -7.212489168102785 0
      vertex 6.825132184860354 -7.580077219869421 0
    endloop
  endfacet
  facet normal -0.7253743710122883 0.6883545756937534 0
    outer loop
      vertex 7.212489168102785 -7.212489168102785 30
      vertex 7.580077219869421 -6.825132184860354 0
      vertex 7.212489168102785 -7.212489168102785 0
    endloop
  endfacet
  facet normal -0.7604059656000316 0.6494480483301828 0
    outer loop
      vertex 7.580077219869421 -6.825132184860354 30
      vertex 7.926888806861102 -6.419067988708341 0
      vertex 7.580077219869421 -6.825132184860354 0
    endloop
  endfacet
  facet normal -0.7933533402912343 0.6087614290087219 0
    outer loop
      vertex 7.926888806861102 -6.419067988708341 30
      vertex 8.251973342624463 -5.995409573383226 0
      vertex 7.926888806861102 -6.419067988708341 0
    endloop
  endfacet
  facet normal -0.824126188622015 0.5664062369248335 0
    outer loop
      vertex 8.251973342624463 -5.995409573383226 30
      vertex 8.554439793043326 -5.555318157153276 0
      vertex 8.251973342624463 -5.995409573383226 0
    endloop
  endfacet
  facet normal -0.8526401643540942 0.5224985647159456 0
    outer loop
      vertex 8.554439793043326 -5.555318157153276 30
      vertex 8.833459118601272 -5.1 0
      vertex 8.554439793043326 -5.555318157153276 0
    endloop
  endfacet
  facet normal -0.878817112661964 0.4771587602596108 0
    outer loop
      vertex 8.833459118601272 -5.1 30
      vertex 9.088266546721352 -4.630703097343377 0
      vertex 8.833459118601272 -5.1 0
    endloop
  endfacet
  facet normal -0.026176948307875546 0.9996573249755571 2.8956452357736267e-21
    outer loop
      vertex 0 -10.2 30
      vertex 0.5338267536780271 -10.186021254496652 30
      vertex 0.5338267536780271 -10.186021254496652 0
    endloop
  endfacet
  facet normal -0.07845909572784421 0.996917333733128 -3.26854947575671e-20
    outer loop
      vertex 0.5338267536780271 -10.186021254496652 30
      vertex 1.0661903253300653 -10.144123332756386 30
      vertex 1.0661903253300653 -10.144123332756386 0
    endloop
  endfacet
  facet normal -0.13052619222004996 0.9914448613738105 5.46899108844494e-20
    outer loop
      vertex 1.0661903253300653 -10.144123332756386 30
      vertex 1.5956315434103547 -10.074421074070404 30
      vertex 1.5956315434103547 -10.074421074070404 0
    endloop
  endfacet
  facet normal -0.18223552549214786 0.9832549075639544 -1.2568710133686557e-19
    outer loop
      vertex 1.5956315434103547 -10.074421074070404 30
      vertex 2.120699246341145 -9.977105527484817 30
      vertex 2.120699246341145 -9.977105527484817 0
    endloop
  endfacet
  facet normal -0.23344536385590578 0.9723699203976764 -1.0319900516086269e-19
    outer loop
      vertex 2.120699246341145 -9.977105527484817 30
      vertex 2.6399542600457115 -9.852443428148495 30
      vertex 2.6399542600457115 -9.852443428148495 0
    endloop
  endfacet
  facet normal -0.2840153447039237 0.9588197348681926 1.9663287463660233e-19
    outer loop
      vertex 2.6399542600457115 -9.852443428148495 30
      vertex 3.1519733426244634 -9.700776466210565 30
      vertex 3.1519733426244634 -9.700776466210565 0
    endloop
  endfacet
  facet normal -0.33380685923377035 0.9426414910921787 -7.403463258589877e-20
    outer loop
      vertex 3.1519733426244634 -9.700776466210565 30
      vertex 3.6553530853620626 -9.522520350271456 30
      vertex 3.6553530853620626 -9.522520350271456 0
    endloop
  endfacet
  facet normal -0.38268343236509034 0.9238795325112864 -5.997717707290404e-20
    outer loop
      vertex 3.6553530853620626 -9.522520350271456 30
      vertex 4.148713759373162 -9.318163667954527 30
      vertex 4.148713759373162 -9.318163667954527 0
    endloop
  endfacet
  facet normal -0.43051109680829275 0.9025852843498616 1.9681971736088081e-19
    outer loop
      vertex 4.148713759373162 -9.318163667954527 30
      vertex 4.630703097343377 -9.088266546721352 30
      vertex 4.630703097343377 -9.088266546721352 0
    endloop
  endfacet
  facet normal 0 0 -1
    outer loop
      vertex 0 -10.2 30
      vertex 0 10.2 30
      vertex 0.5338267536780271 -10.186021254496652 30
    endloop
  endfacet
  facet normal 0 0 -1
    outer loop
      vertex 0.5338267536780271 -10.186021254496652 30
      vertex 0.5338267536780271 10.186021254496652 30
      vertex 1.0661903253300653 -10.144123332756386 30
    endloop
  endfacet
  facet normal 0 0 -1
    outer loop
      vertex 1.0661903253300653 -10.144123332756386 30
      vertex 1.0661903253300653 10.144123332756386 30
      vertex 1.5956315434103547 -10.074421074070404 30
    endloop
  endfacet
  facet normal 0 0 -1
    outer loop
      vertex 1.5956315434103547 -10.074421074070404 30
      vertex 1.5956315434103547 10.074421074070404 30
      vertex 2.120699246341145 -9.977105527484817 30
    endloop
  endfacet
  facet normal 0 0 -1
    outer loop
      vertex 2.120699246341145 -9.977105527484817 30
      vertex 2.120699246341145 9.977105527484817 30
      vertex 2.6399542600457115 -9.852443428148495 30
    endloop
  endfacet
  facet normal 0 0 -1
    outer loop
      vertex 2.6399542600457115 -9.852443428148495 30
      vertex 2.6399542600457115 9.852443428148495 30
      vertex 3.1519733426244634 -9.700776466210565 30
    endloop
  endfacet
  facet normal 0 0 -1
    outer loop
      vertex 3.1519733426244634 -9.700776466210565 30
      vertex 3.1519733426244634 9.700776466210565 30
      vertex 3.6553530853620626 -9.522520350271456 30
    endloop
  endfacet
  facet normal 0 0 -1
    outer loop
      vertex 3.6553530853620626 -9.522520350271456 30
      vertex 3.6553530853620626 9.522520350271456 30
      vertex 4.148713759373162 -9.318163667954527 30
    endloop
  endfacet
  facet normal 0 0 -1
    outer loop
      vertex 4.148713759373162 -9.318163667954527 30
      vertex 4.148713759373162 9.318163667954527 30
      vertex 4.630703097343377 -9.088266546721352 30
    endloop
  endfacet
  facet normal -0.4771587602596108 0.878817112661964 -9.190510012604326e-20
    outer loop
      vertex 4.630703097343377 -9.088266546721352 30
      vertex 5.1 -8.833459118601272 30
      vertex 5.1 -8.833459118601272 0
    endloop
  endfacet
  facet normal -0.5224985647159456 0.8526401643540942 3.9476821591393765e-19
    outer loop
      vertex 5.1 -8.833459118601272 30
      vertex 5.555318157153276 -8.554439793043326 30
      vertex 5.555318157153276 -8.554439793043326 0
    endloop
  endfacet
  facet normal -0.5664062369248335 0.824126188622015 -3.085577645810242e-19
    outer loop
      vertex 5.555318157153276 -8.554439793043326 30
      vertex 5.995409573383226 -8.251973342624463 30
      vertex 5.995409573383226 -8.251973342624463 0
    endloop
  endfacet
  facet normal -0.6087614290087219 0.7933533402912343 -9.04254644836465e-20
    outer loop
      vertex 5.995409573383226 -8.251973342624463 30
      vertex 6.419067988708341 -7.926888806861102 30
      vertex 6.419067988708341 -7.926888806861102 0
    endloop
  endfacet
  facet normal -0.6494480483301828 0.7604059656000316 -1.1114578287901286e-19
    outer loop
      vertex 6.419067988708341 -7.926888806861102 30
      vertex 6.825132184860354 -7.580077219869421 30
      vertex 6.825132184860354 -7.580077219869421 0
    endloop
  endfacet
  facet normal -0.6883545756937534 0.7253743710122883 -5.000239169794749e-19
    outer loop
      vertex 6.825132184860354 -7.580077219869421 30
      vertex 7.212489168102785 -7.212489168102785 30
      vertex 7.212489168102785 -7.212489168102785 0
    endloop
  endfacet
  facet normal -0.7253743710122883 0.6883545756937534 -5.000239169794749e-19
    outer loop
      vertex 7.212489168102785 -7.212489168102785 30
      vertex 7.580077219869421 -6.825132184860354 30
      vertex 7.580077219869421 -6.825132184860354 0
    endloop
  endfacet
  facet normal -0.7604059656000316 0.6494480483301828 -1.1114578287901286e-19
    outer loop
      vertex 7.580077219869421 -6.825132184860354 30
      vertex 7.926888806861102 -6.419067988708341 30
      vertex 7.926888806861102 -6.419067988708341 0
    endloop
  endfacet
  facet normal -0.7933533402912343 0.6087614290087219 -9.04254644836465e-20
    outer loop
      vertex 7.926888806861102 -6.419067988708341 30
      vertex 8.251973342624463 -5.995409573383226 30
      vertex 8.251973342624463 -5.995409573383226 0
    endloop
  endfacet
  facet normal -0.824126188622015 0.5664062369248335 -3.085577645810242e-19
    outer loop
      vertex 8.251973342624463 -5.995409573383226 30
      vertex 8.554439793043326 -5.555318157153276 30
      vertex 8.554439793043326 -5.555318157153276 0
    endloop
  endfacet
  facet normal -0.8526401643540942 0.5224985647159456 3.9476821591393765e-19
    outer loop
      vertex 8.554439793043326 -5.555318157153276 30
      vertex 8.833459118601272 -5.1 30
      vertex 8.833459118601272 -5.1 0
    endloop
  endfacet
  facet normal 0 0 -1
    outer loop
      vertex 4.630703097343377 -9.088266546721352 30
      vertex 4.630703097343377 9.088266546721352 30
      vertex 5.1 -8.833459118601272 30
    endloop
  endfacet
  facet normal 0 0 -1
    outer loop
      vertex 5.1 -8.833459118601272 30
      vertex 5.1 8.833459118601272 30
      vertex 5.555318157153276 -8.554439793043326 30
    endloop
  endfacet
  facet normal 0 0 -1
    outer loop
      vertex 5.555318157153276 -8.554439793043326 30
      vertex 5.555318157153276 8.554439793043326 30
      vertex 5.995409573383226 -8.251973342624463 30
    endloop
  endfacet
  facet normal 0 0 -1
    outer loop
      vertex 5.995409573383226 -8.251973342624463 30
      vertex 5.995409573383226 8.251973342624463 30
      vertex 6.419067988708341 -7.926888806861102 30
    endloop
  endfacet
  facet normal 0 0 -1
    outer loop
      vertex 6.419067988708341 -7.926888806861102 30
      vertex 6.419067988708341 7.926888806861102 30
      vertex 6.825132184860354 -7.580077219869421 30
    endloop
  endfacet
  facet normal 0 0 -1
    outer loop
      vertex 6.825132184860354 -7.580077219869421 30
      vertex 6.825132184860354 7.580077219869421 30
      vertex 7.212489168102785 -7.212489168102785 30
    endloop
  endfacet
  facet normal 0 0 -1
    outer loop
      vertex 7.212489168102785 -7.212489168102785 30
      vertex 7.212489168102785 7.212489168102785 30
      vertex 7.580077219869421 -6.825132184860354 30
    endloop
  endfacet
  facet normal 0 0 -1
    outer loop
      vertex 7.580077219869421 -6.825132184860354 30
      vertex 7.580077219869421 6.825132184860354 30
      vertex 7.926888806861102 -6.419067988708341 30
    endloop
  endfacet
  facet normal 0 0 -1
    outer loop
      vertex 7.926888806861102 -6.419067988708341 30
      vertex 7.926888806861102 6.419067988708341 30
      vertex 8.251973342624463 -5.995409573383226 30
    endloop
  endfacet
  facet normal 0 0 -1
    outer loop
      vertex 8.251973342624463 -5.995409573383226 30
      vertex 8.251973342624463 5.995409573383226 30
      vertex 8.554439793043326 -5.555318157153276 30
    endloop
  endfacet
  facet normal 0 0 -1
    outer loop
      vertex 8.554439793043326 -5.555318157153276 30
      vertex 8.554439793043326 5.555318157153276 30
      vertex 8.833459118601272 -5.1 30
    endloop
  endfacet
  facet normal 0 0 -1
    outer loop
      vertex 8.833459118601272 -5.1 30
      vertex 8.833459118601272 5.1 30
      vertex 9.088266546721352 -4.630703097343377 30
    endloop
  endfacet
  facet normal 0 0 -1
    outer loop
      vertex 18 -32 0
      vertex 4.630703097343377 -9.088266546721352 0
      vertex 5.1 -8.833459118601272 0
    endloop
  endfacet
  facet normal 0 0 -1
    outer loop
      vertex 18 -32 0
      vertex 5.1 -8.833459118601272 0
      vertex 5.555318157153276 -8.554439793043326 0
    endloop
  endfacet
  facet normal 0 0 -1
    outer loop
      vertex 18 -32 0
      vertex 5.555318157153276 -8.554439793043326 0
      vertex 5.995409573383226 -8.251973342624463 0
    endloop
  endfacet
  facet normal 0 0 -1
    outer loop
      vertex 18 -32 0
      vertex 5.995409573383226 -8.251973342624463 0
      vertex 6.419067988708341 -7.926888806861102 0
    endloop
  endfacet
  facet normal 0 -1 0
    outer loop
      vertex 18 -32 0
      vertex 5.1 -32 35.16654088139873
      vertex 4.630703097343377 -32 34.91173345327865
    endloop
  endfacet
  facet normal 0 -1 0
    outer loop
      vertex 18 -32 0
      vertex 5.555318157153276 -32 35.44556020695667
      vertex 5.1 -32 35.16654088139873
    endloop
  endfacet
  facet normal 0 -1 0
    outer loop
      vertex 18 -32 0
      vertex 5.995409573383226 -32 35.74802665737553
      vertex 5.555318157153276 -32 35.44556020695667
    endloop
  endfacet
  facet normal 0 -1 0
    outer loop
      vertex 18 -32 0
      vertex 6.419067988708341 -32 36.0731111931389
      vertex 5.995409573383226 -32 35.74802665737553
    endloop
  endfacet
  facet normal 0 -1 0
    outer loop
      vertex 18 -32 0
      vertex 6.825132184860354 -32 36.41992278013058
      vertex 6.419067988708341 -32 36.0731111931389
    endloop
  endfacet
  facet normal 0 -1 0
    outer loop
      vertex 18 -32 0
      vertex 7.212489168102785 -32 36.787510831897215
      vertex 6.825132184860354 -32 36.41992278013058
    endloop
  endfacet
  facet normal 0 -1 0
    outer loop
      vertex 18 -32 0
      vertex 7.580077219869421 -32 37.17486781513965
      vertex 7.212489168102785 -32 36.787510831897215
    endloop
  endfacet
  facet normal 0 -1 0
    outer loop
      vertex 18 -32 0
      vertex 7.926888806861102 -32 37.58093201129166
      vertex 7.580077219869421 -32 37.17486781513965
    endloop
  endfacet
  facet normal 0 -1 0
    outer loop
      vertex 18 -32 0
      vertex 8.251973342624463 -32 38.00459042661677
      vertex 7.926888806861102 -32 37.58093201129166
    endloop
  endfacet
  facet normal 0 -1 0
    outer loop
      vertex 18 -32 0
      vertex 8.554439793043326 -32 38.44468184284673
      vertex 8.251973342624463 -32 38.00459042661677
    endloop
  endfacet
  facet normal 0 -1 0
    outer loop
      vertex 18 -32 0
      vertex 8.833459118601272 -32 38.9
      vertex 8.554439793043326 -32 38.44468184284673
    endloop
  endfacet
  facet normal 0 -1 0
    outer loop
      vertex 18 -32 0
      vertex 9.088266546721352 -32 39.36929690265662
      vertex 8.833459118601272 -32 38.9
    endloop
  endfacet
  facet normal 0 -1 0
    outer loop
      vertex 18 -32 0
      vertex 9.318163667954527 -32 39.85128624062684
      vertex 9.088266546721352 -32 39.36929690265662
    endloop
  endfacet
  facet normal 0 -1 0
    outer loop
      vertex 18 -32 0
      vertex 9.522520350271456 -32 40.344646914637934
      vertex 9.318163667954527 -32 39.85128624062684
    endloop
  endfacet
  facet normal 0 -1 0
    outer loop
      vertex 18 -32 0
      vertex 9.700776466210565 -32 40.848026657375534
      vertex 9.522520350271456 -32 40.344646914637934
    endloop
  endfacet
  facet normal 0 -1 0
    outer loop
      vertex 18 -32 0
      vertex 9.852443428148495 -32 41.36004573995429
      vertex 9.700776466210565 -32 40.848026657375534
    endloop
  endfacet
  facet normal 0 -1 0
    outer loop
      vertex 18 -32 0
      vertex 9.977105527484817 -32 41.87930075365885
      vertex 9.852443428148495 -32 41.36004573995429
    endloop
  endfacet
  facet normal 0 -1 0
    outer loop
      vertex 18 -32 0
      vertex 10.074421074070404 -32 42.404368456589644
      vertex 9.977105527484817 -32 41.87930075365885
    endloop
  endfacet
  facet normal 0 -1 0
    outer loop
      vertex 18 -32 0
      vertex 10.144123332756386 -32 42.93380967466994
      vertex 10.074421074070404 -32 42.404368456589644
    endloop
  endfacet
  facet normal 0 -1 0
    outer loop
      vertex 18 -32 0
      vertex 10.186021254496652 -32 43.46617324632197
      vertex 10.144123332756386 -32 42.93380967466994
    endloop
  endfacet
  facet normal 0 -1 0
    outer loop
      vertex 18 -32 0
      vertex 10.2 -32 44
      vertex 10.186021254496652 -32 43.46617324632197
    endloop
  endfacet
  facet normal 0 -1 0
    outer loop
      vertex 18 -32 0
      vertex 10.186021254496652 -32 44.53382675367803
      vertex 10.2 -32 44
    endloop
  endfacet
  facet normal 0 -1 0
    outer loop
      vertex 18 -32 0
      vertex 10.144123332756386 -32 45.06619032533006
      vertex 10.186021254496652 -32 44.53382675367803
    endloop
  endfacet
  facet normal 0 -1 0
    outer loop
      vertex 18 -32 0
      vertex 10.074421074070404 -32 45.595631543410356
      vertex 10.144123332756386 -32 45.06619032533006
    endloop
  endfacet
  facet normal 1 0 0
    outer loop
      vertex 18 -32 0
      vertex 18 -1.5404077037203827 14.408692883250254
      vertex 18 -32 62
    endloop
  endfacet
  facet normal 0 0 -1
    outer loop
      vertex 18 -32 0
      vertex 6.419067988708341 -7.926888806861102 0
      vertex 6.825132184860354 -7.580077219869421 0
    endloop
  endfacet
  facet normal 0 0 -1
    outer loop
      vertex 18 -32 0
      vertex 6.825132184860354 -7.580077219869421 0
      vertex 7.212489168102785 -7.212489168102785 0
    endloop
  endfacet
  facet normal 0 0 -1
    outer loop
      vertex 18 -32 0
      vertex 7.212489168102785 -7.212489168102785 0
      vertex 7.580077219869421 -6.825132184860354 0
    endloop
  endfacet
  facet normal 0 0 -1
    outer loop
      vertex 18 -32 0
      vertex 7.580077219869421 -6.825132184860354 0
      vertex 7.926888806861102 -6.419067988708341 0
    endloop
  endfacet
  facet normal 0 0 -1
    outer loop
      vertex 18 -32 0
      vertex 7.926888806861102 -6.419067988708341 0
      vertex 8.251973342624463 -5.995409573383226 0
    endloop
  endfacet
  facet normal 0 0 -1
    outer loop
      vertex 18 -32 0
      vertex 8.251973342624463 -5.995409573383226 0
      vertex 8.554439793043326 -5.555318157153276 0
    endloop
  endfacet
  facet normal 0 0 -1
    outer loop
      vertex 18 -32 0
      vertex 8.554439793043326 -5.555318157153276 0
      vertex 8.833459118601272 -5.1 0
    endloop
  endfacet
  facet normal 0 0 -1
    outer loop
      vertex 18 -32 0
      vertex 8.833459118601272 -5.1 0
      vertex 9.088266546721352 -4.630703097343377 0
    endloop
  endfacet
  facet normal 0 0 -1
    outer loop
      vertex 18 -32 0
      vertex 9.088266546721352 -4.630703097343377 0
      vertex 9.318163667954527 -4.148713759373162 0
    endloop
  endfacet
  facet normal 0 0 -1
    outer loop
      vertex 18 -32 0
      vertex 9.318163667954527 -4.148713759373162 0
      vertex 9.522520350271456 -3.6553530853620626 0
    endloop
  endfacet
  facet normal 0 0 -1
    outer loop
      vertex 18 -32 0
      vertex 9.522520350271456 -3.6553530853620626 0
      vertex 9.700776466210565 -3.1519733426244634 0
    endloop
  endfacet
  facet normal 0 0 -1
    outer loop
      vertex 18 -32 0
      vertex 9.700776466210565 -3.1519733426244634 0
      vertex 9.852443428148495 -2.6399542600457115 0
    endloop
  endfacet
  facet normal 0 0 -1
    outer loop
      vertex 18 -32 0
      vertex 9.852443428148495 -2.6399542600457115 0
      vertex 9.977105527484817 -2.120699246341145 0
    endloop
  endfacet
  facet normal 0 0 -1
    outer loop
      vertex 18 -32 0
      vertex 9.977105527484817 -2.120699246341145 0
      vertex 10.074421074070404 -1.5956315434103547 0
    endloop
  endfacet
  facet normal 0 0 -1
    outer loop
      vertex 18 -32 0
      vertex 10.074421074070404 -1.5956315434103547 0
      vertex 10.144123332756386 -1.0661903253300653 0
    endloop
  endfacet
  facet normal 0 0 -1
    outer loop
      vertex 18 -32 0
      vertex 10.144123332756386 -1.0661903253300653 0
      vertex 10.186021254496652 -0.5338267536780271 0
    endloop
  endfacet
  facet normal 0 0 -1
    outer loop
      vertex 18 -32 0
      vertex 10.186021254496652 -0.5338267536780271 0
      vertex 10.2 0 0
    endloop
  endfacet
  facet normal 0 0 -1
    outer loop
      vertex 18 -32 0
      vertex 10.2 0 0
      vertex 10.186021254496652 0.5338267536780271 0
    endloop
  endfacet
  facet normal 0 0 -1
    outer loop
      vertex 18 -32 0
      vertex 10.186021254496652 0.5338267536780271 0
      vertex 10.144123332756386 1.0661903253300653 0
    endloop
  endfacet
  facet normal 0 0 -1
    outer loop
      vertex 18 -32 0
      vertex 10.144123332756386 1.0661903253300653 0
      vertex 10.074421074070404 1.5956315434103547 0
    endloop
  endfacet
  facet normal 0 0 -1
    outer loop
      vertex 18 -32 0
      vertex 10.074421074070404 1.5956315434103547 0
      vertex 9.977105527484817 2.120699246341145 0
    endloop
  endfacet
  facet normal -0.9914448613738106 0.13052619222004994 -2.3492040452632965e-17
    outer loop
      vertex 10.074665148589652 -1.5937776133769626 14.57294857558084
      vertex 10.144123332756386 -1.0661903253300653 0
      vertex 10.074421074070404 -1.5956315434103547 0
    endloop
  endfacet
  facet normal -0.9969173337331281 0.07845909572784424 -2.5833512634570763e-17
    outer loop
      vertex 10.146312159449746 -1.0383786452322317 13.717709163595998
      vertex 10.186021254496652 -0.5338267536780271 0
      vertex 10.144123332756386 -1.0661903253300653 0
    endloop
  endfacet
  facet normal -0.9996573249755573 0.026176948307875546 -6.006302131269084e-18
    outer loop
      vertex 10.186648373615888 -0.5098780407186632 13.430756748112996
      vertex 10.2 0 0
      vertex 10.186021254496652 -0.5338267536780271 0
    endloop
  endfacet
  facet normal -0.9025852843498616 0.43051109680829275 0
    outer loop
      vertex 9.088266546721352 -4.630703097343377 30
      vertex 9.318163667954527 -4.148713759373162 0
      vertex 9.088266546721352 -4.630703097343377 0
    endloop
  endfacet
  facet normal -0.9238795325112864 0.38268343236509034 0
    outer loop
      vertex 9.318163667954527 -4.148713759373162 30
      vertex 9.522520350271456 -3.6553530853620626 0
      vertex 9.318163667954527 -4.148713759373162 0
    endloop
  endfacet
  facet normal -0.9426414910921787 0.33380685923377035 0
    outer loop
      vertex 9.522520350271456 -3.6553530853620626 30
      vertex 9.700776466210565 -3.1519733426244634 0
      vertex 9.522520350271456 -3.6553530853620626 0
    endloop
  endfacet
  facet normal -0.9588197348681926 0.2840153447039237 0
    outer loop
      vertex 9.700776466210565 -3.1519733426244634 30
      vertex 9.852443428148495 -2.6399542600457115 0
      vertex 9.700776466210565 -3.1519733426244634 0
    endloop
  endfacet
  facet normal -0.9723699203976764 0.23344536385590578 0
    outer loop
      vertex 9.852443428148495 -2.6399542600457115 30
      vertex 9.977105527484817 -2.120699246341145 0
      vertex 9.852443428148495 -2.6399542600457115 0
    endloop
  endfacet
  facet normal -0.9914448613738078 0.13052619222007056 4.4052245169067566e-16
    outer loop
      vertex 10.108749923954427 -1.3348780407186631 14.03015433371742
      vertex 10.144123332756386 -1.0661903253300653 0
      vertex 10.102308378366567 -1.3838064371099497 14.101345592225206
    endloop
  endfacet
  facet normal -0.9914448613738133 0.1305261922200305 -4.777586554674382e-16
    outer loop
      vertex 10.096366179808724 -1.4289419162443235 14.175
      vertex 10.102308378366567 -1.3838064371099497 14.101345592225206
      vertex 10.144123332756386 -1.0661903253300653 0
    endloop
  endfacet
  facet normal -0.9914448613738107 0.1305261922200498 -4.263746677835825e-17
    outer loop
      vertex 10.077895158556517 -1.5692432518870032 14.490121959281337
      vertex 10.081691430491954 -1.5404077037203827 14.408692883250254
      vertex 10.144123332756386 -1.0661903253300653 0
    endloop
  endfacet
  facet normal -0.991444861373809 0.1305261922200617 3.354297427145041e-16
    outer loop
      vertex 10.096366179808724 -1.4289419162443235 14.175
      vertex 10.144123332756386 -1.0661903253300653 0
      vertex 10.090939615434104 -1.470160764910807 14.250915675429749
    endloop
  endfacet
  facet normal -0.9914448613738136 0.13052619222002812 -6.34263961088861e-16
    outer loop
      vertex 10.090939615434104 -1.470160764910807 14.250915675429749
      vertex 10.144123332756386 -1.0661903253300653 0
      vertex 10.086043559078465 -1.5073500051102913 14.32888453892493
    endloop
  endfacet
  facet normal -0.9914448613738053 0.1305261922200902 1.311613114937221e-15
    outer loop
      vertex 10.086043559078465 -1.5073500051102913 14.32888453892493
      vertex 10.144123332756386 -1.0661903253300653 0
      vertex 10.081691430491954 -1.5404077037203827 14.408692883250254
    endloop
  endfacet
  facet normal -0.9914448613738125 0.1305261922200353 -2.457137263296373e-16
    outer loop
      vertex 10.108749923954427 -1.3348780407186631 14.03015433371742
      vertex 10.11567316074359 -1.282290836404002 13.961621354767768
      vertex 10.144123332756386 -1.0661903253300653 0
    endloop
  endfacet
  facet normal -0.9832549075639544 0.18223552549214786 0
    outer loop
      vertex 9.977105527484817 -2.120699246341145 30
      vertex 10.074421074070404 -1.5956315434103547 0
      vertex 9.977105527484817 -2.120699246341145 0
    endloop
  endfacet
  facet normal -0.9832549075639967 0.18223552549192065 -7.761675381485612e-16
    outer loop
      vertex 10.066019732274468 -1.6409611273576508 14.827528035608372
      vertex 10.074421074070404 -1.5956315434103547 0
      vertex 10.064763577439182 -1.6477387323450468 14.913645672199143
    endloop
  endfacet
  facet normal -0.9914448613738345 0.13052619221986844 2.2661924370292205e-22
    outer loop
      vertex 10.074665148589652 -1.5937776133769626 14.57294857558084
      vertex 10.074421074070404 -1.5956315434103547 0
      vertex 10.074421074070404 -1.5956315434103547 14.580670749922692
    endloop
  endfacet
  facet normal -0.9832549075639571 0.18223552549213495 2.0622560379799844e-20
    outer loop
      vertex 10.071027145887285 -1.6139435412107792 14.656945710150698
      vertex 10.074421074070404 -1.5956315434103547 14.580670749922692
      vertex 10.074421074070404 -1.5956315434103547 0
    endloop
  endfacet
  facet normal -0.983254907563952 0.18223552549216196 3.498484550403247e-17
    outer loop
      vertex 10.071027145887285 -1.6139435412107792 14.656945710150698
      vertex 10.074421074070404 -1.5956315434103547 0
      vertex 10.06810949772445 -1.6296857619819773 14.741883132683618
    endloop
  endfacet
  facet normal -0.9832549075639404 0.18223552549222402 1.8324115025031872e-16
    outer loop
      vertex 10.06810949772445 -1.6296857619819773 14.741883132683618
      vertex 10.074421074070404 -1.5956315434103547 0
      vertex 10.066019732274468 -1.6409611273576508 14.827528035608372
    endloop
  endfacet
  facet normal -0.9914448613738117 0.13052619222004194 -3.199887008307995e-16
    outer loop
      vertex 10.077895158556517 -1.5692432518870032 14.490121959281337
      vertex 10.144123332756386 -1.0661903253300653 0
      vertex 10.074665148589652 -1.5937776133769626 14.57294857558084
    endloop
  endfacet
  facet normal -0.9914448613738116 0.1305261922200424 -1.1290522484779313e-17
    outer loop
      vertex 10.13088753521269 -1.1667261889578033 13.833273811042197
      vertex 10.139136971349743 -1.104065500492116 13.7738110379623
      vertex 10.144123332756386 -1.0661903253300653 0
    endloop
  endfacet
  facet normal -0.991444861373811 0.13052619222004644 -2.3744489013968585e-20
    outer loop
      vertex 10.139136971349743 -1.104065500492116 13.7738110379623
      vertex 10.144123332756386 -1.0661903253300653 13.741462582397846
      vertex 10.144123332756386 -1.0661903253300653 0
    endloop
  endfacet
  facet normal -0.9969173337331291 0.07845909572783155 6.620302974698914e-21
    outer loop
      vertex 10.146312159449746 -1.0383786452322317 13.717709163595998
      vertex 10.144123332756386 -1.0661903253300653 0
      vertex 10.144123332756386 -1.0661903253300653 13.741462582397846
    endloop
  endfacet
  facet normal -0.9914448613738083 0.1305261922200684 2.748672273806702e-16
    outer loop
      vertex 10.11567316074359 -1.282290836404002 13.961621354767768
      vertex 10.123059112623249 -1.2261889620377004 13.895934499507884
      vertex 10.144123332756386 -1.0661903253300653 0
    endloop
  endfacet
  facet normal -0.9914448613738112 0.13052619222004666 2.0333677657521742e-17
    outer loop
      vertex 10.13088753521269 -1.1667261889578033 13.833273811042197
      vertex 10.144123332756386 -1.0661903253300653 0
      vertex 10.123059112623249 -1.2261889620377004 13.895934499507884
    endloop
  endfacet
  facet normal -0.9969173337331283 0.07845909572784152 -3.4295930757109596e-17
    outer loop
      vertex 10.157308695422415 -0.8986544077747947 13.61619356289005
      vertex 10.163105423029448 -0.825 13.571058083755677
      vertex 10.186021254496652 -0.5338267536780271 0
    endloop
  endfacet
  facet normal -0.9969173337331283 0.07845909572784103 -1.4373669338411366e-16
    outer loop
      vertex 10.146312159449746 -1.0383786452322317 13.717709163595998
      vertex 10.151705821866859 -0.9698456662825806 13.665121959281336
      vertex 10.186021254496652 -0.5338267536780271 0
    endloop
  endfacet
  facet normal -0.9969173337331267 0.07845909572785983 4.602571622335978e-16
    outer loop
      vertex 10.157308695422415 -0.8986544077747947 13.61619356289005
      vertex 10.186021254496652 -0.5338267536780271 0
      vertex 10.151705821866859 -0.9698456662825806 13.665121959281336
    endloop
  endfacet
  facet normal -0.9996573249755574 0.026176948307872185 0
    outer loop
      vertex 10.186021254496652 -0.5338267536780271 13.439237432160114
      vertex 10.186648373615888 -0.5098780407186632 13.430756748112996
      vertex 10.186021254496652 -0.5338267536780271 0
    endloop
  endfacet
  facet normal -0.996917333733129 0.07845909572783061 -2.695746004735341e-16
    outer loop
      vertex 10.163105423029448 -0.825 13.571058083755677
      vertex 10.169080116260512 -0.7490843245702522 13.529839235089193
      vertex 10.186021254496652 -0.5338267536780271 0
    endloop
  endfacet
  facet normal -0.996917333733128 0.07845909572784548 -3.156510016516444e-17
    outer loop
      vertex 10.169080116260512 -0.7490843245702522 13.529839235089193
      vertex 10.175216398896758 -0.6711154610750703 13.492649994889709
      vertex 10.186021254496652 -0.5338267536780271 0
    endloop
  endfacet
  facet normal -0.9969173337331274 0.07845909572785302 4.570260748942589e-17
    outer loop
      vertex 10.175216398896758 -0.6711154610750703 13.492649994889709
      vertex 10.181497451814009 -0.5913071167497455 13.459592296279617
      vertex 10.186021254496652 -0.5338267536780271 0
    endloop
  endfacet
  facet normal -0.9969173337331281 0.07845909572784238 0
    outer loop
      vertex 10.186021254496652 -0.5338267536780271 13.439237432160114
      vertex 10.186021254496652 -0.5338267536780271 0
      vertex 10.181497451814009 -0.5913071167497455 13.459592296279617
    endloop
  endfacet
  facet normal -0.9996573249755575 0.026176948307866002 -3.686109140520172e-16
    outer loop
      vertex 10.186648373615888 -0.5098780407186632 13.430756748112996
      vertex 10.188817264894148 -0.4270514244191592 13.406222386623037
      vertex 10.2 0 0
    endloop
  endfacet
  facet normal -0.999657324975557 0.026176948307888744 3.5620694968210013e-16
    outer loop
      vertex 10.188817264894148 -0.4270514244191592 13.406222386623037
      vertex 10.191016807272032 -0.3430542898493029 13.38605645878922
      vertex 10.2 0 0
    endloop
  endfacet
  facet normal -0.9996573249755575 0.02617694830786368 -2.864068621862847e-16
    outer loop
      vertex 10.191016807272032 -0.3430542898493029 13.38605645878922
      vertex 10.193240971956767 -0.2581168673163809 13.370314238018022
      vertex 10.2 0 0
    endloop
  endfacet
  facet normal -0.9996573249755571 0.026176948307880882 4.578108285502905e-17
    outer loop
      vertex 10.193240971956767 -0.2581168673163809 13.370314238018022
      vertex 10.195483662667556 -0.1724719643916282 13.35903887264235
      vertex 10.2 0 0
    endloop
  endfacet
  facet normal -0.9996573249755571 0.026176948307880945 4.6643900724988044e-17
    outer loop
      vertex 10.195483662667556 -0.1724719643916282 13.35903887264235
      vertex 10.197738732345046 -0.08635432780085732 13.352261267654953
      vertex 10.2 0 0
    endloop
  endfacet
  facet normal -0.9996573249755573 0.026176948307873732 1.121108038062752e-20
    outer loop
      vertex 10.197738732345046 -0.08635432780085732 13.352261267654953
      vertex 10.2 0 13.35
      vertex 10.2 0 0
    endloop
  endfacet
  facet normal -0.983254907563954 0.182235525492151 5.638711526797877e-17
    outer loop
      vertex 10.064763577439182 -1.6477387323450468 14.913645672199143
      vertex 10.074421074070404 -1.5956315434103547 0
      vertex 9.977105527484817 -2.120699246341145 30
    endloop
  endfacet
  facet normal 0 0.4771587602596114 0.8788171126619638
    outer loop
      vertex 10.163105423029448 -0.825 13.571058083755677
      vertex 18 -0.825 13.571058083755677
      vertex 10.169080116260512 -0.7490843245702522 13.529839235089193
    endloop
  endfacet
  facet normal 0 0.43051109680829835 0.9025852843498591
    outer loop
      vertex 10.169080116260512 -0.7490843245702522 13.529839235089193
      vertex 18 -0.7490843245702522 13.529839235089193
      vertex 10.175216398896758 -0.6711154610750703 13.492649994889709
    endloop
  endfacet
  facet normal 0 0.38268343236509494 0.9238795325112847
    outer loop
      vertex 10.175216398896758 -0.6711154610750703 13.492649994889709
      vertex 18 -0.6711154610750703 13.492649994889709
      vertex 10.181497451814009 -0.5913071167497455 13.459592296279617
    endloop
  endfacet
  facet normal 9.338172937581473e-21 0.33380685923375975 0.9426414910921823
    outer loop
      vertex 10.186021254496652 -0.5338267536780271 13.439237432160114
      vertex 10.181497451814009 -0.5913071167497455 13.459592296279617
      vertex 18 -0.5913071167497455 13.459592296279617
    endloop
  endfacet
  facet normal 2.9745949522890175e-16 0.33380685923379566 0.9426414910921697
    outer loop
      vertex 10.186021254496652 -0.5338267536780271 13.439237432160114
      vertex 18 -0.5913071167497455 13.459592296279617
      vertex 10.186648373615888 -0.5098780407186632 13.430756748112996
    endloop
  endfacet
  facet normal 0 0.28401534470391887 0.9588197348681942
    outer loop
      vertex 10.186648373615888 -0.5098780407186632 13.430756748112996
      vertex 18 -0.5098780407186632 13.430756748112996
      vertex 10.188817264894148 -0.4270514244191592 13.406222386623037
    endloop
  endfacet
  facet normal 0 0.2334453638559131 0.9723699203976747
    outer loop
      vertex 10.188817264894148 -0.4270514244191592 13.406222386623037
      vertex 18 -0.4270514244191592 13.406222386623037
      vertex 10.191016807272032 -0.3430542898493029 13.38605645878922
    endloop
  endfacet
  facet normal 0 0.18223552549214944 0.9832549075639542
    outer loop
      vertex 10.191016807272032 -0.3430542898493029 13.38605645878922
      vertex 18 -0.3430542898493029 13.38605645878922
      vertex 10.193240971956767 -0.2581168673163809 13.370314238018022
    endloop
  endfacet
  facet normal 0 0.13052619222003511 0.9914448613738126
    outer loop
      vertex 10.193240971956767 -0.2581168673163809 13.370314238018022
      vertex 18 -0.2581168673163809 13.370314238018022
      vertex 10.195483662667556 -0.1724719643916282 13.35903887264235
    endloop
  endfacet
  facet normal 0 0.07845909572785384 0.9969173337331273
    outer loop
      vertex 10.195483662667556 -0.1724719643916282 13.35903887264235
      vertex 18 -0.1724719643916282 13.35903887264235
      vertex 10.197738732345046 -0.08635432780085732 13.352261267654953
    endloop
  endfacet
  facet normal 0 0.026176948307873735 0.9996573249755573
    outer loop
      vertex 10.197738732345046 -0.08635432780085732 13.352261267654953
      vertex 18 -0.08635432780085732 13.352261267654953
      vertex 10.2 0 13.35
    endloop
  endfacet
  facet normal -4.497714583727761e-20 0.9238795325112846 0.38268343236509506
    outer loop
      vertex 10.086043559078465 -1.5073500051102913 14.32888453892493
      vertex 10.081691430491954 -1.5404077037203827 14.408692883250254
      vertex 18 -1.5404077037203827 14.408692883250254
    endloop
  endfacet
  facet normal 0 0.9426414910921802 0.33380685923376546
    outer loop
      vertex 10.077895158556517 -1.5692432518870032 14.490121959281337
      vertex 18 -1.5692432518870032 14.490121959281337
      vertex 10.081691430491954 -1.5404077037203827 14.408692883250254
    endloop
  endfacet
  facet normal 0 0.7933533402912372 0.6087614290087181
    outer loop
      vertex 10.108749923954427 -1.3348780407186631 14.03015433371742
      vertex 18 -1.3348780407186631 14.03015433371742
      vertex 10.11567316074359 -1.282290836404002 13.961621354767768
    endloop
  endfacet
  facet normal 0 0.7604059656000278 0.6494480483301873
    outer loop
      vertex 10.11567316074359 -1.282290836404002 13.961621354767768
      vertex 18 -1.282290836404002 13.961621354767768
      vertex 10.123059112623249 -1.2261889620377004 13.895934499507884
    endloop
  endfacet
  facet normal 0 0.6494480483301982 0.7604059656000184
    outer loop
      vertex 10.139136971349743 -1.104065500492116 13.7738110379623
      vertex 18 -1.104065500492116 13.7738110379623
      vertex 10.144123332756386 -1.0661903253300653 13.741462582397846
    endloop
  endfacet
  facet normal -2.3317928960278344e-16 0.6494480483301703 0.7604059656000423
    outer loop
      vertex 10.146312159449746 -1.0383786452322317 13.717709163595998
      vertex 10.144123332756386 -1.0661903253300653 13.741462582397846
      vertex 18 -1.104065500492116 13.7738110379623
    endloop
  endfacet
  facet normal 0 0.6087614290087264 0.7933533402912307
    outer loop
      vertex 10.146312159449746 -1.0383786452322317 13.717709163595998
      vertex 18 -1.0383786452322317 13.717709163595998
      vertex 10.151705821866859 -0.9698456662825806 13.665121959281336
    endloop
  endfacet
  facet normal 1.8006560388252014e-19 0.725374371012287 0.6883545756937547
    outer loop
      vertex 10.13088753521269 -1.1667261889578033 13.833273811042197
      vertex 10.123059112623249 -1.2261889620377004 13.895934499507884
      vertex 18 -1.2261889620377004 13.895934499507884
    endloop
  endfacet
  facet normal 0 0.6883545756937534 0.7253743710122883
    outer loop
      vertex 10.13088753521269 -1.1667261889578033 13.833273811042197
      vertex 18 -1.1667261889578033 13.833273811042197
      vertex 10.139136971349743 -1.104065500492116 13.7738110379623
    endloop
  endfacet
  facet normal 0 0.8526401643540935 0.5224985647159468
    outer loop
      vertex 10.096366179808724 -1.4289419162443235 14.175
      vertex 18 -1.4289419162443235 14.175
      vertex 10.102308378366567 -1.3838064371099497 14.101345592225206
    endloop
  endfacet
  facet normal 2.736668460721959e-19 0.8788171126619642 0.47715876025961085
    outer loop
      vertex 10.096366179808724 -1.4289419162443235 14.175
      vertex 10.090939615434104 -1.470160764910807 14.250915675429749
      vertex 18 -1.470160764910807 14.250915675429749
    endloop
  endfacet
  facet normal -2.0486028172195038e-19 0.8241261886220169 0.5664062369248312
    outer loop
      vertex 10.108749923954427 -1.3348780407186631 14.03015433371742
      vertex 10.102308378366567 -1.3838064371099497 14.101345592225206
      vertex 18 -1.3838064371099497 14.101345592225206
    endloop
  endfacet
  facet normal -7.22401088697857e-20 0.9025852843498609 0.43051109680829464
    outer loop
      vertex 10.090939615434104 -1.470160764910807 14.250915675429749
      vertex 10.086043559078465 -1.5073500051102913 14.32888453892493
      vertex 18 -1.5073500051102913 14.32888453892493
    endloop
  endfacet
  facet normal 5.541996166958768e-20 0.9588197348681917 0.2840153447039271
    outer loop
      vertex 10.077895158556517 -1.5692432518870032 14.490121959281337
      vertex 10.074665148589652 -1.5937776133769626 14.57294857558084
      vertex 18 -1.5937776133769626 14.57294857558084
    endloop
  endfacet
  facet normal 0 0.9723699203976773 0.2334453638559025
    outer loop
      vertex 10.071027145887285 -1.6139435412107792 14.656945710150698
      vertex 18 -1.6139435412107792 14.656945710150698
      vertex 10.074421074070404 -1.5956315434103547 14.580670749922692
    endloop
  endfacet
  facet normal 5.953660785594161e-18 0.9723699203976774 0.23344536385590195
    outer loop
      vertex 10.074665148589652 -1.5937776133769626 14.57294857558084
      vertex 10.074421074070404 -1.5956315434103547 14.580670749922692
      vertex 18 -1.6139435412107792 14.656945710150698
    endloop
  endfacet
  facet normal 3.6707895397228764e-20 0.9832549075639537 0.18223552549215222
    outer loop
      vertex 10.071027145887285 -1.6139435412107792 14.656945710150698
      vertex 10.06810949772445 -1.6296857619819773 14.741883132683618
      vertex 18 -1.6296857619819773 14.741883132683618
    endloop
  endfacet
  facet normal -2.784336907725716e-20 0.991444861373811 0.1305261922200459
    outer loop
      vertex 10.06810949772445 -1.6296857619819773 14.741883132683618
      vertex 10.066019732274468 -1.6409611273576508 14.827528035608372
      vertex 18 -1.6409611273576508 14.827528035608372
    endloop
  endfacet
  facet normal -2.915082817136441e-20 0.9969173337331279 0.0784590957278461
    outer loop
      vertex 10.066019732274468 -1.6409611273576508 14.827528035608372
      vertex 10.064763577439182 -1.6477387323450468 14.913645672199143
      vertex 18 -1.6477387323450468 14.913645672199143
    endloop
  endfacet
  facet normal 1.214173891400493e-20 0.9996573249755573 0.02617694830787392
    outer loop
      vertex 10.064763577439182 -1.6477387323450468 14.913645672199143
      vertex 10.064344476251678 -1.65 15
      vertex 18 -1.65 15
    endloop
  endfacet
  facet normal -1.2142380182509891e-20 0.9996573249755573 -0.026176948307873916
    outer loop
      vertex 10.064344476251678 -1.65 15
      vertex 10.064763577439182 -1.6477387323450468 15.086354327800857
      vertex 18 -1.6477387323450468 15.086354327800857
    endloop
  endfacet
  facet normal 2.915544350345806e-20 0.996917333733128 -0.07845909572784608
    outer loop
      vertex 10.064763577439182 -1.6477387323450468 15.086354327800857
      vertex 10.066019732274468 -1.6409611273576508 15.172471964391628
      vertex 18 -1.6409611273576508 15.172471964391628
    endloop
  endfacet
  facet normal 2.7850704795103e-20 0.9914448613738112 -0.13052619222004594
    outer loop
      vertex 10.066019732274468 -1.6409611273576508 15.172471964391628
      vertex 10.06810949772445 -1.6296857619819773 15.258116867316382
      vertex 18 -1.6296857619819773 15.258116867316382
    endloop
  endfacet
  facet normal -3.6721402912708744e-20 0.9832549075639536 -0.18223552549215222
    outer loop
      vertex 10.06810949772445 -1.6296857619819773 15.258116867316382
      vertex 10.071027145887285 -1.6139435412107792 15.343054289849302
      vertex 18 -1.6139435412107792 15.343054289849302
    endloop
  endfacet
  facet normal 4.349030733906898e-19 0.9723699203976773 -0.23344536385590248
    outer loop
      vertex 10.071027145887285 -1.6139435412107792 15.343054289849302
      vertex 10.074421074070404 -1.5956315434103547 15.419329250077308
      vertex 18 -1.5937776133769626 15.42705142441916
    endloop
  endfacet
  facet normal 0 0.9723699203976774 -0.23344536385590195
    outer loop
      vertex 10.074665148589652 -1.5937776133769626 15.42705142441916
      vertex 18 -1.5937776133769626 15.42705142441916
      vertex 10.074421074070404 -1.5956315434103547 15.419329250077308
    endloop
  endfacet
  facet normal -5.544255756198481e-20 0.9588197348681917 -0.2840153447039271
    outer loop
      vertex 10.074665148589652 -1.5937776133769626 15.42705142441916
      vertex 10.077895158556517 -1.5692432518870032 15.509878040718663
      vertex 18 -1.5692432518870032 15.509878040718663
    endloop
  endfacet
  facet normal 1.3172622396659635e-19 0.5664062369248306 0.8241261886220173
    outer loop
      vertex 10.157308695422415 -0.8986544077747947 13.61619356289005
      vertex 10.151705821866859 -0.9698456662825806 13.665121959281336
      vertex 18 -0.9698456662825806 13.665121959281336
    endloop
  endfacet
  facet normal 0 0.522498564715941 0.852640164354097
    outer loop
      vertex 10.157308695422415 -0.8986544077747947 13.61619356289005
      vertex 18 -0.8986544077747947 13.61619356289005
      vertex 10.163105423029448 -0.825 13.571058083755677
    endloop
  endfacet
  facet normal 1 0 0
    outer loop
      vertex 18 -32 0
      vertex 18 -1.2261889620377004 13.895934499507884
      vertex 18 -1.282290836404002 13.961621354767768
    endloop
  endfacet
  facet normal 1 0 0
    outer loop
      vertex 18 -32 0
      vertex 18 -1.3348780407186631 14.03015433371742
      vertex 18 -1.3838064371099497 14.101345592225206
    endloop
  endfacet
  facet normal 1 0 0
    outer loop
      vertex 18 -32 0
      vertex 18 -1.3838064371099497 14.101345592225206
      vertex 18 -1.4289419162443235 14.175
    endloop
  endfacet
  facet normal 1 0 0
    outer loop
      vertex 18 -32 0
      vertex 18 -1.282290836404002 13.961621354767768
      vertex 18 -1.3348780407186631 14.03015433371742
    endloop
  endfacet
  facet normal 1 0 0
    outer loop
      vertex 18 -32 0
      vertex 18 -1.4289419162443235 14.175
      vertex 18 -1.470160764910807 14.250915675429749
    endloop
  endfacet
  facet normal 1 0 0
    outer loop
      vertex 18 -32 0
      vertex 18 -1.470160764910807 14.250915675429749
      vertex 18 -1.5073500051102913 14.32888453892493
    endloop
  endfacet
  facet normal 1 0 0
    outer loop
      vertex 18 -32 0
      vertex 18 -1.5073500051102913 14.32888453892493
      vertex 18 -1.5404077037203827 14.408692883250254
    endloop
  endfacet
  facet normal 1 0 0
    outer loop
      vertex 18 -32 0
      vertex 18 -1.0383786452322317 13.717709163595998
      vertex 18 -1.104065500492116 13.7738110379623
    endloop
  endfacet
  facet normal 1 0 0
    outer loop
      vertex 18 -32 0
      vertex 18 -1.104065500492116 13.7738110379623
      vertex 18 -1.1667261889578033 13.833273811042197
    endloop
  endfacet
  facet normal 1 0 0
    outer loop
      vertex 18 -32 0
      vertex 18 -0.9698456662825806 13.665121959281336
      vertex 18 -1.0383786452322317 13.717709163595998
    endloop
  endfacet
  facet normal 1 0 0
    outer loop
      vertex 18 -32 0
      vertex 18 -0.8986544077747947 13.61619356289005
      vertex 18 -0.9698456662825806 13.665121959281336
    endloop
  endfacet
  facet normal 1 0 0
    outer loop
      vertex 18 -32 0
      vertex 18 -0.7490843245702522 13.529839235089193
      vertex 18 -0.825 13.571058083755677
    endloop
  endfacet
  facet normal 1 0 0
    outer loop
      vertex 18 -32 0
      vertex 18 -0.825 13.571058083755677
      vertex 18 -0.8986544077747947 13.61619356289005
    endloop
  endfacet
  facet normal 1 0 0
    outer loop
      vertex 18 -32 0
      vertex 18 -0.6711154610750703 13.492649994889709
      vertex 18 -0.7490843245702522 13.529839235089193
    endloop
  endfacet
  facet normal 1 0 0
    outer loop
      vertex 18 -32 0
      vertex 18 -0.5913071167497455 13.459592296279617
      vertex 18 -0.6711154610750703 13.492649994889709
    endloop
  endfacet
  facet normal 1 0 0
    outer loop
      vertex 18 -32 0
      vertex 18 -0.5098780407186632 13.430756748112996
      vertex 18 -0.5913071167497455 13.459592296279617
    endloop
  endfacet
  facet normal 1 0 0
    outer loop
      vertex 18 -32 0
      vertex 18 -1.1667261889578033 13.833273811042197
      vertex 18 -1.2261889620377004 13.895934499507884
    endloop
  endfacet
  facet normal 1 0 0
    outer loop
      vertex 18 -32 0
      vertex 18 -0.4270514244191592 13.406222386623037
      vertex 18 -0.5098780407186632 13.430756748112996
    endloop
  endfacet
  facet normal 1 0 0
    outer loop
      vertex 18 -32 0
      vertex 18 -0.3430542898493029 13.38605645878922
      vertex 18 -0.4270514244191592 13.406222386623037
    endloop
  endfacet
  facet normal 1 0 0
    outer loop
      vertex 18 -32 0
      vertex 18 -0.2581168673163809 13.370314238018022
      vertex 18 -0.3430542898493029 13.38605645878922
    endloop
  endfacet
  facet normal 1 0 0
    outer loop
      vertex 18 -32 0
      vertex 18 -0.08635432780085732 13.352261267654953
      vertex 18 -0.1724719643916282 13.35903887264235
    endloop
  endfacet
  facet normal 1 0 0
    outer loop
      vertex 18 -32 0
      vertex 18 -0.1724719643916282 13.35903887264235
      vertex 18 -0.2581168673163809 13.370314238018022
    endloop
  endfacet
  facet normal 1 0 0
    outer loop
      vertex 18 -32 0
      vertex 18 0 13.35
      vertex 18 -0.08635432780085732 13.352261267654953
    endloop
  endfacet
  facet normal 1 0 0
    outer loop
      vertex 18 -32 0
      vertex 18 0.08635432780085732 13.352261267654953
      vertex 18 0 13.35
    endloop
  endfacet
  facet normal 1 0 0
    outer loop
      vertex 18 -32 0
      vertex 18 0.1724719643916282 13.35903887264235
      vertex 18 0.08635432780085732 13.352261267654953
    endloop
  endfacet
  facet normal 1 0 0
    outer loop
      vertex 18 -32 0
      vertex 18 0.2581168673163809 13.370314238018022
      vertex 18 0.1724719643916282 13.35903887264235
    endloop
  endfacet
  facet normal 1 0 0
    outer loop
      vertex 18 -32 0
      vertex 18 0.3430542898493029 13.38605645878922
      vertex 18 0.2581168673163809 13.370314238018022
    endloop
  endfacet
  facet normal 1 0 0
    outer loop
      vertex 18 -32 0
      vertex 18 0.4270514244191592 13.406222386623037
      vertex 18 0.3430542898493029 13.38605645878922
    endloop
  endfacet
  facet normal 1 0 0
    outer loop
      vertex 18 -32 0
      vertex 18 0.5098780407186632 13.430756748112996
      vertex 18 0.4270514244191592 13.406222386623037
    endloop
  endfacet
  facet normal 1 0 0
    outer loop
      vertex 18 -32 0
      vertex 18 0.5913071167497455 13.459592296279617
      vertex 18 0.5098780407186632 13.430756748112996
    endloop
  endfacet
  facet normal 0 0.4771587602596113 0.8788171126619637
    outer loop
      vertex 10.169080116260512 -0.7490843245702522 13.529839235089193
      vertex 18 -0.825 13.571058083755677
      vertex 18 -0.7490843245702522 13.529839235089193
    endloop
  endfacet
  facet normal 0 0.43051109680829835 0.9025852843498591
    outer loop
      vertex 10.175216398896758 -0.6711154610750703 13.492649994889709
      vertex 18 -0.7490843245702522 13.529839235089193
      vertex 18 -0.6711154610750703 13.492649994889709
    endloop
  endfacet
  facet normal 0 0.33380685923377035 0.9426414910921787
    outer loop
      vertex 10.186648373615888 -0.5098780407186632 13.430756748112996
      vertex 18 -0.5913071167497455 13.459592296279617
      vertex 18 -0.5098780407186632 13.430756748112996
    endloop
  endfacet
  facet normal 0 0.38268343236509494 0.9238795325112846
    outer loop
      vertex 10.181497451814009 -0.5913071167497455 13.459592296279617
      vertex 18 -0.6711154610750703 13.492649994889709
      vertex 18 -0.5913071167497455 13.459592296279617
    endloop
  endfacet
  facet normal 0 0.28401534470391887 0.9588197348681942
    outer loop
      vertex 10.188817264894148 -0.4270514244191592 13.406222386623037
      vertex 18 -0.5098780407186632 13.430756748112996
      vertex 18 -0.4270514244191592 13.406222386623037
    endloop
  endfacet
  facet normal 0 0.23344536385591308 0.9723699203976747
    outer loop
      vertex 10.191016807272032 -0.3430542898493029 13.38605645878922
      vertex 18 -0.4270514244191592 13.406222386623037
      vertex 18 -0.3430542898493029 13.38605645878922
    endloop
  endfacet
  facet normal 0 0.18223552549214947 0.9832549075639542
    outer loop
      vertex 10.193240971956767 -0.2581168673163809 13.370314238018022
      vertex 18 -0.3430542898493029 13.38605645878922
      vertex 18 -0.2581168673163809 13.370314238018022
    endloop
  endfacet
  facet normal 0 0.13052619222003511 0.9914448613738125
    outer loop
      vertex 10.195483662667556 -0.1724719643916282 13.35903887264235
      vertex 18 -0.2581168673163809 13.370314238018022
      vertex 18 -0.1724719643916282 13.35903887264235
    endloop
  endfacet
  facet normal 0 0.07845909572785383 0.9969173337331272
    outer loop
      vertex 10.197738732345046 -0.08635432780085732 13.352261267654953
      vertex 18 -0.1724719643916282 13.35903887264235
      vertex 18 -0.08635432780085732 13.352261267654953
    endloop
  endfacet
  facet normal 0 0.02617694830787374 0.9996573249755573
    outer loop
      vertex 10.2 0 13.35
      vertex 18 -0.08635432780085732 13.352261267654953
      vertex 18 0 13.35
    endloop
  endfacet
  facet normal 0 0.9238795325112845 0.38268343236509506
    outer loop
      vertex 10.086043559078465 -1.5073500051102913 14.32888453892493
      vertex 18 -1.5404077037203827 14.408692883250254
      vertex 18 -1.5073500051102913 14.32888453892493
    endloop
  endfacet
  facet normal 0 0.9588197348681917 0.2840153447039271
    outer loop
      vertex 10.077895158556517 -1.5692432518870032 14.490121959281337
      vertex 18 -1.5937776133769626 14.57294857558084
      vertex 18 -1.5692432518870032 14.490121959281337
    endloop
  endfacet
  facet normal 0 0.9426414910921803 0.33380685923376546
    outer loop
      vertex 10.081691430491954 -1.5404077037203827 14.408692883250254
      vertex 18 -1.5692432518870032 14.490121959281337
      vertex 18 -1.5404077037203827 14.408692883250254
    endloop
  endfacet
  facet normal 0 0.7933533402912372 0.608761429008718
    outer loop
      vertex 10.11567316074359 -1.282290836404002 13.961621354767768
      vertex 18 -1.3348780407186631 14.03015433371742
      vertex 18 -1.282290836404002 13.961621354767768
    endloop
  endfacet
  facet normal 0 0.6883545756937534 0.7253743710122883
    outer loop
      vertex 10.139136971349743 -1.104065500492116 13.7738110379623
      vertex 18 -1.1667261889578033 13.833273811042197
      vertex 18 -1.104065500492116 13.7738110379623
    endloop
  endfacet
  facet normal 0 0.6494480483301865 0.7604059656000286
    outer loop
      vertex 10.146312159449746 -1.0383786452322317 13.717709163595998
      vertex 18 -1.104065500492116 13.7738110379623
      vertex 18 -1.0383786452322317 13.717709163595998
    endloop
  endfacet
  facet normal 0 0.7604059656000278 0.6494480483301872
    outer loop
      vertex 10.123059112623249 -1.2261889620377004 13.895934499507884
      vertex 18 -1.282290836404002 13.961621354767768
      vertex 18 -1.2261889620377004 13.895934499507884
    endloop
  endfacet
  facet normal 0 0.725374371012287 0.6883545756937547
    outer loop
      vertex 10.13088753521269 -1.1667261889578033 13.833273811042197
      vertex 18 -1.2261889620377004 13.895934499507884
      vertex 18 -1.1667261889578033 13.833273811042197
    endloop
  endfacet
  facet normal 0 0.8526401643540935 0.5224985647159467
    outer loop
      vertex 10.102308378366567 -1.3838064371099497 14.101345592225206
      vertex 18 -1.4289419162443235 14.175
      vertex 18 -1.3838064371099497 14.101345592225206
    endloop
  endfacet
  facet normal 0 0.878817112661964 0.47715876025961074
    outer loop
      vertex 10.096366179808724 -1.4289419162443235 14.175
      vertex 18 -1.470160764910807 14.250915675429749
      vertex 18 -1.4289419162443235 14.175
    endloop
  endfacet
  facet normal 0 0.9025852843498609 0.43051109680829464
    outer loop
      vertex 10.090939615434104 -1.470160764910807 14.250915675429749
      vertex 18 -1.5073500051102913 14.32888453892493
      vertex 18 -1.470160764910807 14.250915675429749
    endloop
  endfacet
  facet normal 0 0.8241261886220168 0.566406236924831
    outer loop
      vertex 10.108749923954427 -1.3348780407186631 14.03015433371742
      vertex 18 -1.3838064371099497 14.101345592225206
      vertex 18 -1.3348780407186631 14.03015433371742
    endloop
  endfacet
  facet normal 0 0.9914448613738112 0.1305261922200459
    outer loop
      vertex 10.06810949772445 -1.6296857619819773 14.741883132683618
      vertex 18 -1.6409611273576508 14.827528035608372
      vertex 18 -1.6296857619819773 14.741883132683618
    endloop
  endfacet
  facet normal 0 0.9723699203976773 0.23344536385590248
    outer loop
      vertex 10.074665148589652 -1.5937776133769626 14.57294857558084
      vertex 18 -1.6139435412107792 14.656945710150698
      vertex 18 -1.5937776133769626 14.57294857558084
    endloop
  endfacet
  facet normal 0 0.9832549075639536 0.18223552549215222
    outer loop
      vertex 10.071027145887285 -1.6139435412107792 14.656945710150698
      vertex 18 -1.6296857619819773 14.741883132683618
      vertex 18 -1.6139435412107792 14.656945710150698
    endloop
  endfacet
  facet normal 0 0.996917333733128 0.0784590957278461
    outer loop
      vertex 10.066019732274468 -1.6409611273576508 14.827528035608372
      vertex 18 -1.6477387323450468 14.913645672199143
      vertex 18 -1.6409611273576508 14.827528035608372
    endloop
  endfacet
  facet normal 0 0.9996573249755573 0.026176948307873916
    outer loop
      vertex 10.064763577439182 -1.6477387323450468 14.913645672199143
      vertex 18 -1.65 15
      vertex 18 -1.6477387323450468 14.913645672199143
    endloop
  endfacet
  facet normal 0 0.9996573249755573 -0.02617694830787392
    outer loop
      vertex 10.064344476251678 -1.65 15
      vertex 18 -1.6477387323450468 15.086354327800857
      vertex 18 -1.65 15
    endloop
  endfacet
  facet normal 0 0.9969173337331279 -0.07845909572784608
    outer loop
      vertex 10.064763577439182 -1.6477387323450468 15.086354327800857
      vertex 18 -1.6409611273576508 15.172471964391628
      vertex 18 -1.6477387323450468 15.086354327800857
    endloop
  endfacet
  facet normal 0 0.991444861373811 -0.1305261922200459
    outer loop
      vertex 10.066019732274468 -1.6409611273576508 15.172471964391628
      vertex 18 -1.6296857619819773 15.258116867316382
      vertex 18 -1.6409611273576508 15.172471964391628
    endloop
  endfacet
  facet normal 0 0.9832549075639537 -0.18223552549215222
    outer loop
      vertex 10.06810949772445 -1.6296857619819773 15.258116867316382
      vertex 18 -1.6139435412107792 15.343054289849302
      vertex 18 -1.6296857619819773 15.258116867316382
    endloop
  endfacet
  facet normal 0 0.9723699203976773 -0.23344536385590245
    outer loop
      vertex 10.071027145887285 -1.6139435412107792 15.343054289849302
      vertex 18 -1.5937776133769626 15.42705142441916
      vertex 18 -1.6139435412107792 15.343054289849302
    endloop
  endfacet
  facet normal 0 0.9588197348681917 -0.2840153447039271
    outer loop
      vertex 10.074665148589652 -1.5937776133769626 15.42705142441916
      vertex 18 -1.5692432518870032 15.509878040718663
      vertex 18 -1.5937776133769626 15.42705142441916
    endloop
  endfacet
  facet normal 0 0.6087614290087263 0.7933533402912307
    outer loop
      vertex 10.151705821866859 -0.9698456662825806 13.665121959281336
      vertex 18 -1.0383786452322317 13.717709163595998
      vertex 18 -0.9698456662825806 13.665121959281336
    endloop
  endfacet
  facet normal 0 0.5664062369248306 0.8241261886220173
    outer loop
      vertex 10.157308695422415 -0.8986544077747947 13.61619356289005
      vertex 18 -0.9698456662825806 13.665121959281336
      vertex 18 -0.8986544077747947 13.61619356289005
    endloop
  endfacet
  facet normal 0 0.5224985647159411 0.8526401643540968
    outer loop
      vertex 10.163105423029448 -0.825 13.571058083755677
      vertex 18 -0.8986544077747947 13.61619356289005
      vertex 18 -0.825 13.571058083755677
    endloop
  endfacet
  facet normal -0.878817112661964 0.4771587602596108 -9.190510012604326e-20
    outer loop
      vertex 8.833459118601272 -5.1 30
      vertex 9.088266546721352 -4.630703097343377 30
      vertex 9.088266546721352 -4.630703097343377 0
    endloop
  endfacet
  facet normal -0.9025852843498616 0.43051109680829275 1.9681971736088081e-19
    outer loop
      vertex 9.088266546721352 -4.630703097343377 30
      vertex 9.318163667954527 -4.148713759373162 30
      vertex 9.318163667954527 -4.148713759373162 0
    endloop
  endfacet
  facet normal -0.9238795325112864 0.38268343236509034 -5.997717707290404e-20
    outer loop
      vertex 9.318163667954527 -4.148713759373162 30
      vertex 9.522520350271456 -3.6553530853620626 30
      vertex 9.522520350271456 -3.6553530853620626 0
    endloop
  endfacet
  facet normal -0.9426414910921787 0.33380685923377035 -7.403463258589877e-20
    outer loop
      vertex 9.522520350271456 -3.6553530853620626 30
      vertex 9.700776466210565 -3.1519733426244634 30
      vertex 9.700776466210565 -3.1519733426244634 0
    endloop
  endfacet
  facet normal -0.9588197348681926 0.2840153447039237 1.9663287463660233e-19
    outer loop
      vertex 9.700776466210565 -3.1519733426244634 30
      vertex 9.852443428148495 -2.6399542600457115 30
      vertex 9.852443428148495 -2.6399542600457115 0
    endloop
  endfacet
  facet normal -0.9723699203976764 0.23344536385590578 -1.0319900516086269e-19
    outer loop
      vertex 9.852443428148495 -2.6399542600457115 30
      vertex 9.977105527484817 -2.120699246341145 30
      vertex 9.977105527484817 -2.120699246341145 0
    endloop
  endfacet
  facet normal -0.9832549075639793 0.18223552549201394 -4.385666465602319e-15
    outer loop
      vertex 10.064763577439182 -1.6477387323450468 14.913645672199143
      vertex 9.977105527484817 -2.120699246341145 30
      vertex 10.064344476251678 -1.65 15
    endloop
  endfacet
  facet normal -0.983254907563952 0.18223552549216132 3.9582502064277474e-16
    outer loop
      vertex 10.064344476251678 -1.65 15
      vertex 9.977105527484817 -2.120699246341145 30
      vertex 10.064763577439182 -1.6477387323450468 15.086354327800857
    endloop
  endfacet
  facet normal -0.9832549075639831 0.18223552549199307 -5.122695985925525e-15
    outer loop
      vertex 10.064763577439182 -1.6477387323450468 15.086354327800857
      vertex 9.977105527484817 -2.120699246341145 30
      vertex 10.066019732274468 -1.6409611273576508 15.172471964391628
    endloop
  endfacet
  facet normal -0.9832549075639434 0.1822355254922076 2.055254291038619e-15
    outer loop
      vertex 10.066019732274468 -1.6409611273576508 15.172471964391628
      vertex 9.977105527484817 -2.120699246341145 30
      vertex 10.06810949772445 -1.6296857619819773 15.258116867316382
    endloop
  endfacet
  facet normal -0.9832549075639523 0.18223552549215966 4.052031807027824e-16
    outer loop
      vertex 10.06810949772445 -1.6296857619819773 15.258116867316382
      vertex 9.977105527484817 -2.120699246341145 30
      vertex 10.071027145887285 -1.6139435412107792 15.343054289849302
    endloop
  endfacet
  facet normal -0.9832549075639566 0.18223552549213662 -4.1993840761039553e-16
    outer loop
      vertex 10.071027145887285 -1.6139435412107792 15.343054289849302
      vertex 9.977105527484817 -2.120699246341145 30
      vertex 10.074421074070404 -1.5956315434103547 15.419329250077308
    endloop
  endfacet
  facet normal -0.9914448613738345 0.13052619221986844 2.2661924370292205e-22
    outer loop
      vertex 10.074665148589652 -1.5937776133769626 15.42705142441916
      vertex 10.074421074070404 -1.5956315434103547 15.419329250077308
      vertex 10.074421074070404 -1.5956315434103547 30
    endloop
  endfacet
  facet normal -0.9914448613738115 0.13052619222004289 2.257947166586898e-17
    outer loop
      vertex 10.074665148589652 -1.5937776133769626 15.42705142441916
      vertex 10.074421074070404 -1.5956315434103547 30
      vertex 10.077895158556517 -1.5692432518870032 15.509878040718663
    endloop
  endfacet
  facet normal -0.9914448613738107 0.1305261922200498 3.5332219315373795e-17
    outer loop
      vertex 10.077895158556517 -1.5692432518870032 15.509878040718663
      vertex 10.074421074070404 -1.5956315434103547 30
      vertex 10.081691430491954 -1.5404077037203827 15.591307116749746
    endloop
  endfacet
  facet normal -0.9914448613738058 0.13052619222008668 1.7918930161211643e-16
    outer loop
      vertex 10.081691430491954 -1.5404077037203827 15.591307116749746
      vertex 10.074421074070404 -1.5956315434103547 30
      vertex 10.086043559078465 -1.5073500051102913 15.67111546107507
    endloop
  endfacet
  facet normal -0.9914448613738133 0.13052619222002976 -1.776475278239421e-16
    outer loop
      vertex 10.086043559078465 -1.5073500051102913 15.67111546107507
      vertex 10.074421074070404 -1.5956315434103547 30
      vertex 10.090939615434104 -1.470160764910807 15.749084324570251
    endloop
  endfacet
  facet normal -0.9914448613738092 0.13052619222006093 1.0162491482222424e-16
    outer loop
      vertex 10.090939615434104 -1.470160764910807 15.749084324570251
      vertex 10.074421074070404 -1.5956315434103547 30
      vertex 10.096366179808724 -1.4289419162443235 15.825
    endloop
  endfacet
  facet normal -0.991444861373813 0.13052619222003162 -2.4892688916054437e-16
    outer loop
      vertex 10.096366179808724 -1.4289419162443235 15.825
      vertex 10.074421074070404 -1.5956315434103547 30
      vertex 10.102308378366567 -1.3838064371099497 15.898654407774794
    endloop
  endfacet
  facet normal -0.991444861373808 0.13052619222006948 3.2916645524470616e-16
    outer loop
      vertex 10.102308378366567 -1.3838064371099497 15.898654407774794
      vertex 10.074421074070404 -1.5956315434103547 30
      vertex 10.108749923954427 -1.3348780407186631 15.96984566628258
    endloop
  endfacet
  facet normal -0.9914448613738125 0.13052619222003603 -3.029542784885097e-16
    outer loop
      vertex 10.108749923954427 -1.3348780407186631 15.96984566628258
      vertex 10.074421074070404 -1.5956315434103547 30
      vertex 10.11567316074359 -1.282290836404002 16.038378645232232
    endloop
  endfacet
  facet normal -0.9914448613738083 0.13052619222006756 4.1768768566539886e-16
    outer loop
      vertex 10.11567316074359 -1.282290836404002 16.038378645232232
      vertex 10.074421074070404 -1.5956315434103547 30
      vertex 10.123059112623249 -1.2261889620377004 16.104065500492116
    endloop
  endfacet
  facet normal -0.9914448613738109 0.13052619222004677 -1.4455467853431988e-16
    outer loop
      vertex 10.123059112623249 -1.2261889620377004 16.104065500492116
      vertex 10.074421074070404 -1.5956315434103547 30
      vertex 10.13088753521269 -1.1667261889578033 16.166726188957803
    endloop
  endfacet
  facet normal -0.9914448613738115 0.13052619222004264 -2.7520059177593407e-16
    outer loop
      vertex 10.13088753521269 -1.1667261889578033 16.166726188957803
      vertex 10.074421074070404 -1.5956315434103547 30
      vertex 10.139136971349743 -1.104065500492116 16.2261889620377
    endloop
  endfacet
  facet normal -0.9914448613738109 0.13052619222004652 -1.3502194369004772e-16
    outer loop
      vertex 10.139136971349743 -1.104065500492116 16.2261889620377
      vertex 10.074421074070404 -1.5956315434103547 30
      vertex 10.144123332756386 -1.0661903253300653 16.258537417602156
    endloop
  endfacet
  facet normal -0.996917333733129 0.07845909572783154 6.620302974698914e-21
    outer loop
      vertex 10.146312159449746 -1.0383786452322317 16.282290836404
      vertex 10.144123332756386 -1.0661903253300653 16.258537417602156
      vertex 10.144123332756386 -1.0661903253300653 30
    endloop
  endfacet
  facet normal -0.9969173337331283 0.07845909572784113 1.954056790924219e-17
    outer loop
      vertex 10.146312159449746 -1.0383786452322317 16.282290836404
      vertex 10.144123332756386 -1.0661903253300653 30
      vertex 10.151705821866859 -0.9698456662825806 16.334878040718664
    endloop
  endfacet
  facet normal -0.9969173337331269 0.07845909572785942 1.493935328499243e-16
    outer loop
      vertex 10.151705821866859 -0.9698456662825806 16.334878040718664
      vertex 10.144123332756386 -1.0661903253300653 30
      vertex 10.157308695422415 -0.8986544077747947 16.38380643710995
    endloop
  endfacet
  facet normal -0.9969173337331284 0.07845909572784159 -7.163049319963496e-17
    outer loop
      vertex 10.157308695422415 -0.8986544077747947 16.38380643710995
      vertex 10.144123332756386 -1.0661903253300653 30
      vertex 10.163105423029448 -0.825 16.428941916244323
    endloop
  endfacet
  facet normal -0.996917333733129 0.07845909572783089 -2.6280194519862013e-16
    outer loop
      vertex 10.163105423029448 -0.825 16.428941916244323
      vertex 10.144123332756386 -1.0661903253300653 30
      vertex 10.169080116260512 -0.7490843245702522 16.47016076491081
    endloop
  endfacet
  facet normal -0.996917333733128 0.07845909572784543 8.067205495381645e-17
    outer loop
      vertex 10.169080116260512 -0.7490843245702522 16.47016076491081
      vertex 10.144123332756386 -1.0661903253300653 30
      vertex 10.175216398896758 -0.6711154610750703 16.50735000511029
    endloop
  endfacet
  facet normal -0.9969173337331273 0.07845909572785287 2.9924600511311014e-16
    outer loop
      vertex 10.175216398896758 -0.6711154610750703 16.50735000511029
      vertex 10.144123332756386 -1.0661903253300653 30
      vertex 10.181497451814009 -0.5913071167497455 16.540407703720383
    endloop
  endfacet
  facet normal -0.9969173337331283 0.07845909572784242 -7.193230288557805e-17
    outer loop
      vertex 10.181497451814009 -0.5913071167497455 16.540407703720383
      vertex 10.144123332756386 -1.0661903253300653 30
      vertex 10.186021254496652 -0.5338267536780271 16.560762567839884
    endloop
  endfacet
  facet normal -0.9996573249755574 0.026176948307872178 0
    outer loop
      vertex 10.186021254496652 -0.5338267536780271 16.560762567839884
      vertex 10.186021254496652 -0.5338267536780271 30
      vertex 10.186648373615888 -0.5098780407186632 16.569243251887002
    endloop
  endfacet
  facet normal -0.9996573249755574 0.026176948307866117 -1.0823441118353882e-17
    outer loop
      vertex 10.186648373615888 -0.5098780407186632 16.569243251887002
      vertex 10.186021254496652 -0.5338267536780271 30
      vertex 10.188817264894148 -0.4270514244191592 16.59377761337696
    endloop
  endfacet
  facet normal -0.9996573249755568 0.026176948307888612 1.6850256236862146e-16
    outer loop
      vertex 10.188817264894148 -0.4270514244191592 16.59377761337696
      vertex 10.186021254496652 -0.5338267536780271 30
      vertex 10.191016807272032 -0.3430542898493029 16.61394354121078
    endloop
  endfacet
  facet normal -0.9996573249755576 0.026176948307863768 -1.858318681023569e-16
    outer loop
      vertex 10.191016807272032 -0.3430542898493029 16.61394354121078
      vertex 10.186021254496652 -0.5338267536780271 30
      vertex 10.193240971956767 -0.2581168673163809 16.62968576198198
    endloop
  endfacet
  facet normal -0.9996573249755569 0.026176948307880848 1.6663827851889242e-16
    outer loop
      vertex 10.193240971956767 -0.2581168673163809 16.62968576198198
      vertex 10.186021254496652 -0.5338267536780271 30
      vertex 10.195483662667556 -0.1724719643916282 16.640961127357652
    endloop
  endfacet
  facet normal -0.999657324975557 0.026176948307880928 1.6864026574240222e-16
    outer loop
      vertex 10.195483662667556 -0.1724719643916282 16.640961127357652
      vertex 10.186021254496652 -0.5338267536780271 30
      vertex 10.197738732345046 -0.08635432780085732 16.647738732345047
    endloop
  endfacet
  facet normal -0.9996573249755574 0.02617694830787374 -7.232651397790531e-17
    outer loop
      vertex 10.197738732345046 -0.08635432780085732 16.647738732345047
      vertex 10.186021254496652 -0.5338267536780271 30
      vertex 10.2 0 16.65
    endloop
  endfacet
  facet normal -2.8106780465315654e-20 0.9426414910921803 -0.33380685923376546
    outer loop
      vertex 10.077895158556517 -1.5692432518870032 15.509878040718663
      vertex 10.081691430491954 -1.5404077037203827 15.591307116749746
      vertex 18 -1.5404077037203827 15.591307116749746
    endloop
  endfacet
  facet normal 4.500188015614825e-20 0.9238795325112845 -0.38268343236509506
    outer loop
      vertex 10.081691430491954 -1.5404077037203827 15.591307116749746
      vertex 10.086043559078465 -1.5073500051102913 15.67111546107507
      vertex 18 -1.5073500051102913 15.67111546107507
    endloop
  endfacet
  facet normal 7.228482867554849e-20 0.9025852843498609 -0.4305110968082945
    outer loop
      vertex 10.086043559078465 -1.5073500051102913 15.67111546107507
      vertex 10.090939615434104 -1.470160764910807 15.749084324570251
      vertex 18 -1.470160764910807 15.749084324570251
    endloop
  endfacet
  facet normal -2.738547432839336e-19 0.878817112661964 -0.47715876025961074
    outer loop
      vertex 10.090939615434104 -1.470160764910807 15.749084324570251
      vertex 10.096366179808724 -1.4289419162443235 15.825
      vertex 18 -1.4289419162443235 15.825
    endloop
  endfacet
  facet normal 6.622844028478072e-20 0.8526401643540935 -0.5224985647159467
    outer loop
      vertex 10.096366179808724 -1.4289419162443235 15.825
      vertex 10.102308378366567 -1.3838064371099497 15.898654407774794
      vertex 18 -1.3838064371099497 15.898654407774794
    endloop
  endfacet
  facet normal 2.0502750704507875e-19 0.8241261886220168 -0.566406236924831
    outer loop
      vertex 10.102308378366567 -1.3838064371099497 15.898654407774794
      vertex 10.108749923954427 -1.3348780407186631 15.96984566628258
      vertex 18 -1.3348780407186631 15.96984566628258
    endloop
  endfacet
  facet normal 3.611560442684532e-20 0.7933533402912372 -0.608761429008718
    outer loop
      vertex 10.108749923954427 -1.3348780407186631 15.96984566628258
      vertex 10.11567316074359 -1.282290836404002 16.038378645232232
      vertex 18 -1.282290836404002 16.038378645232232
    endloop
  endfacet
  facet normal 2.1824755611235627e-19 0.7604059656000278 -0.6494480483301872
    outer loop
      vertex 10.11567316074359 -1.282290836404002 16.038378645232232
      vertex 10.123059112623249 -1.2261889620377004 16.104065500492116
      vertex 18 -1.2261889620377004 16.104065500492116
    endloop
  endfacet
  facet normal -1.8024473839703153e-19 0.725374371012287 -0.6883545756937547
    outer loop
      vertex 10.123059112623249 -1.2261889620377004 16.104065500492116
      vertex 10.13088753521269 -1.1667261889578033 16.166726188957803
      vertex 18 -1.1667261889578033 16.166726188957803
    endloop
  endfacet
  facet normal 0 0.6883545756937534 -0.7253743710122883
    outer loop
      vertex 10.13088753521269 -1.1667261889578033 16.166726188957803
      vertex 10.139136971349743 -1.104065500492116 16.2261889620377
      vertex 18 -1.1667261889578033 16.166726188957803
    endloop
  endfacet
  facet normal 0 0.649448048330219 -0.7604059656000008
    outer loop
      vertex 10.139136971349743 -1.104065500492116 16.2261889620377
      vertex 10.144123332756386 -1.0661903253300653 16.258537417602156
      vertex 18 -1.104065500492116 16.2261889620377
    endloop
  endfacet
  facet normal 0 0.6494480483301422 -0.7604059656000665
    outer loop
      vertex 10.146312159449746 -1.0383786452322317 16.282290836404
      vertex 18 -1.0383786452322317 16.282290836404
      vertex 10.144123332756386 -1.0661903253300653 16.258537417602156
    endloop
  endfacet
  facet normal 0 0.6087614290087264 -0.7933533402912307
    outer loop
      vertex 10.146312159449746 -1.0383786452322317 16.282290836404
      vertex 10.151705821866859 -0.9698456662825806 16.334878040718664
      vertex 18 -1.0383786452322317 16.282290836404
    endloop
  endfacet
  facet normal 0 0.5664062369248306 -0.8241261886220173
    outer loop
      vertex 10.151705821866859 -0.9698456662825806 16.334878040718664
      vertex 10.157308695422415 -0.8986544077747947 16.38380643710995
      vertex 18 -0.9698456662825806 16.334878040718664
    endloop
  endfacet
  facet normal 0 0.522498564715941 -0.852640164354097
    outer loop
      vertex 10.157308695422415 -0.8986544077747947 16.38380643710995
      vertex 10.163105423029448 -0.825 16.428941916244323
      vertex 18 -0.8986544077747947 16.38380643710995
    endloop
  endfacet
  facet normal 0 0.4771587602596273 -0.8788171126619552
    outer loop
      vertex 10.163105423029448 -0.825 16.428941916244323
      vertex 10.169080116260512 -0.7490843245702522 16.47016076491081
      vertex 18 -0.825 16.428941916244323
    endloop
  endfacet
  facet normal 0 0.4305110968082649 -0.9025852843498751
    outer loop
      vertex 10.169080116260512 -0.7490843245702522 16.47016076491081
      vertex 10.175216398896758 -0.6711154610750703 16.50735000511029
      vertex 18 -0.7490843245702522 16.47016076491081
    endloop
  endfacet
  facet normal 0 0.38268343236511243 -0.9238795325112774
    outer loop
      vertex 10.175216398896758 -0.6711154610750703 16.50735000511029
      vertex 10.181497451814009 -0.5913071167497455 16.540407703720383
      vertex 18 -0.6711154610750703 16.50735000511029
    endloop
  endfacet
  facet normal 0 0.3338068592337339 -0.9426414910921915
    outer loop
      vertex 10.181497451814009 -0.5913071167497455 16.540407703720383
      vertex 10.186021254496652 -0.5338267536780271 16.560762567839884
      vertex 18 -0.5913071167497455 16.540407703720383
    endloop
  endfacet
  facet normal -4.9534803218620856e-20 0.33380685923379566 -0.9426414910921695
    outer loop
      vertex 10.186021254496652 -0.5338267536780271 16.560762567839884
      vertex 10.186648373615888 -0.5098780407186632 16.569243251887002
      vertex 18 -0.5098780407186632 16.569243251887002
    endloop
  endfacet
  facet normal 0 0.28401534470391887 -0.9588197348681942
    outer loop
      vertex 10.186648373615888 -0.5098780407186632 16.569243251887002
      vertex 10.188817264894148 -0.4270514244191592 16.59377761337696
      vertex 18 -0.5098780407186632 16.569243251887002
    endloop
  endfacet
  facet normal 0 0.23344536385593256 -0.97236992039767
    outer loop
      vertex 10.188817264894148 -0.4270514244191592 16.59377761337696
      vertex 10.191016807272032 -0.3430542898493029 16.61394354121078
      vertex 18 -0.4270514244191592 16.59377761337696
    endloop
  endfacet
  facet normal 0 0.18223552549214944 -0.9832549075639542
    outer loop
      vertex 10.191016807272032 -0.3430542898493029 16.61394354121078
      vertex 10.193240971956767 -0.2581168673163809 16.62968576198198
      vertex 18 -0.3430542898493029 16.61394354121078
    endloop
  endfacet
  facet normal 0 0.13052619222005535 -0.9914448613738099
    outer loop
      vertex 10.193240971956767 -0.2581168673163809 16.62968576198198
      vertex 10.195483662667556 -0.1724719643916282 16.640961127357652
      vertex 18 -0.2581168673163809 16.62968576198198
    endloop
  endfacet
  facet normal 0 0.07845909572783341 -0.996917333733129
    outer loop
      vertex 10.195483662667556 -0.1724719643916282 16.640961127357652
      vertex 10.197738732345046 -0.08635432780085732 16.647738732345047
      vertex 18 -0.1724719643916282 16.640961127357652
    endloop
  endfacet
  facet normal 0 0.026176948307853182 -0.9996573249755578
    outer loop
      vertex 10.197738732345046 -0.08635432780085732 16.647738732345047
      vertex 10.2 0 16.65
      vertex 18 -0.08635432780085732 16.647738732345047
    endloop
  endfacet
  facet normal -0.9832549075639546 0.18223552549214786 0
    outer loop
      vertex 10.074421074070404 -1.5956315434103547 15.419329250077308
      vertex 9.977105527484817 -2.120699246341145 30
      vertex 10.074421074070404 -1.5956315434103547 30
    endloop
  endfacet
  facet normal -0.9914448613738106 0.13052619222004996 0
    outer loop
      vertex 10.144123332756386 -1.0661903253300653 16.258537417602156
      vertex 10.074421074070404 -1.5956315434103547 30
      vertex 10.144123332756386 -1.0661903253300653 30
    endloop
  endfacet
  facet normal -0.9969173337331281 0.07845909572784422 0
    outer loop
      vertex 10.186021254496652 -0.5338267536780271 16.560762567839884
      vertex 10.144123332756386 -1.0661903253300653 30
      vertex 10.186021254496652 -0.5338267536780271 30
    endloop
  endfacet
  facet normal -0.9996573249755571 0.026176948307875546 6.507067945558711e-21
    outer loop
      vertex 10.186021254496652 -0.5338267536780271 30
      vertex 10.2 0 30
      vertex 10.2 0 16.65
    endloop
  endfacet
  facet normal 0 0 -1
    outer loop
      vertex 9.088266546721352 -4.630703097343377 30
      vertex 9.088266546721352 4.630703097343377 30
      vertex 9.318163667954527 -4.148713759373162 30
    endloop
  endfacet
  facet normal 0 0 -1
    outer loop
      vertex 9.318163667954527 -4.148713759373162 30
      vertex 9.318163667954527 4.148713759373162 30
      vertex 9.522520350271456 -3.6553530853620626 30
    endloop
  endfacet
  facet normal 0 0 -1
    outer loop
      vertex 9.522520350271456 -3.6553530853620626 30
      vertex 9.522520350271456 3.6553530853620626 30
      vertex 9.700776466210565 -3.1519733426244634 30
    endloop
  endfacet
  facet normal 0 0 -1
    outer loop
      vertex 9.700776466210565 -3.1519733426244634 30
      vertex 9.700776466210565 3.1519733426244634 30
      vertex 9.852443428148495 -2.6399542600457115 30
    endloop
  endfacet
  facet normal 0 0 -1
    outer loop
      vertex 9.852443428148495 -2.6399542600457115 30
      vertex 9.852443428148495 2.6399542600457115 30
      vertex 9.977105527484817 -2.120699246341145 30
    endloop
  endfacet
  facet normal 0 0 -1
    outer loop
      vertex 9.977105527484817 -2.120699246341145 30
      vertex 9.977105527484817 2.120699246341145 30
      vertex 10.074421074070404 -1.5956315434103547 30
    endloop
  endfacet
  facet normal 0 0 -1
    outer loop
      vertex 10.074421074070404 -1.5956315434103547 30
      vertex 10.074421074070404 1.5956315434103547 30
      vertex 10.144123332756386 -1.0661903253300653 30
    endloop
  endfacet
  facet normal 0 0 -1
    outer loop
      vertex 10.144123332756386 -1.0661903253300653 30
      vertex 10.144123332756386 1.0661903253300653 30
      vertex 10.186021254496652 -0.5338267536780271 30
    endloop
  endfacet
  facet normal 1 0 0
    outer loop
      vertex 18 -32 62
      vertex 18 -1.5404077037203827 14.408692883250254
      vertex 18 -1.5692432518870032 14.490121959281337
    endloop
  endfacet
  facet normal 1 0 0
    outer loop
      vertex 18 -32 62
      vertex 18 -1.5692432518870032 14.490121959281337
      vertex 18 -1.5937776133769626 14.57294857558084
    endloop
  endfacet
  facet normal 1 0 0
    outer loop
      vertex 18 -32 62
      vertex 18 -1.5937776133769626 14.57294857558084
      vertex 18 -1.6139435412107792 14.656945710150698
    endloop
  endfacet
  facet normal 1 0 0
    outer loop
      vertex 18 -32 62
      vertex 18 -1.6139435412107792 14.656945710150698
      vertex 18 -1.6296857619819773 14.741883132683618
    endloop
  endfacet
  facet normal 1 0 0
    outer loop
      vertex 18 -32 62
      vertex 18 -1.6296857619819773 14.741883132683618
      vertex 18 -1.6409611273576508 14.827528035608372
    endloop
  endfacet
  facet normal 1 0 0
    outer loop
      vertex 18 -32 62
      vertex 18 -1.6409611273576508 14.827528035608372
      vertex 18 -1.6477387323450468 14.913645672199143
    endloop
  endfacet
  facet normal 1 0 0
    outer loop
      vertex 18 -32 62
      vertex 18 -1.6477387323450468 14.913645672199143
      vertex 18 -1.65 15
    endloop
  endfacet
  facet normal 1 0 0
    outer loop
      vertex 18 -32 62
      vertex 18 -1.65 15
      vertex 18 -1.6477387323450468 15.086354327800857
    endloop
  endfacet
  facet normal 1 0 0
    outer loop
      vertex 18 -32 62
      vertex 18 -1.6477387323450468 15.086354327800857
      vertex 18 -1.6409611273576508 15.172471964391628
    endloop
  endfacet
  facet normal 1 0 0
    outer loop
      vertex 18 -32 62
      vertex 18 -1.6409611273576508 15.172471964391628
      vertex 18 -1.6296857619819773 15.258116867316382
    endloop
  endfacet
  facet normal 1 0 0
    outer loop
      vertex 18 -32 62
      vertex 18 -1.6296857619819773 15.258116867316382
      vertex 18 -1.6139435412107792 15.343054289849302
    endloop
  endfacet
  facet normal 1 0 0
    outer loop
      vertex 18 -32 62
      vertex 18 -1.6139435412107792 15.343054289849302
      vertex 18 -1.5937776133769626 15.42705142441916
    endloop
  endfacet
  facet normal 1 0 0
    outer loop
      vertex 18 -32 62
      vertex 18 -1.5937776133769626 15.42705142441916
      vertex 18 -1.5692432518870032 15.509878040718663
    endloop
  endfacet
  facet normal 0 0.9426414910921802 -0.33380685923376546
    outer loop
      vertex 10.077895158556517 -1.5692432518870032 15.509878040718663
      vertex 18 -1.5404077037203827 15.591307116749746
      vertex 18 -1.5692432518870032 15.509878040718663
    endloop
  endfacet
  facet normal 0 0.9238795325112846 -0.38268343236509506
    outer loop
      vertex 10.081691430491954 -1.5404077037203827 15.591307116749746
      vertex 18 -1.5073500051102913 15.67111546107507
      vertex 18 -1.5404077037203827 15.591307116749746
    endloop
  endfacet
  facet normal 0 0.9025852843498609 -0.4305110968082946
    outer loop
      vertex 10.086043559078465 -1.5073500051102913 15.67111546107507
      vertex 18 -1.470160764910807 15.749084324570251
      vertex 18 -1.5073500051102913 15.67111546107507
    endloop
  endfacet
  facet normal 0 0.8788171126619642 -0.47715876025961085
    outer loop
      vertex 10.090939615434104 -1.470160764910807 15.749084324570251
      vertex 18 -1.4289419162443235 15.825
      vertex 18 -1.470160764910807 15.749084324570251
    endloop
  endfacet
  facet normal 0 0.8526401643540935 -0.5224985647159468
    outer loop
      vertex 10.096366179808724 -1.4289419162443235 15.825
      vertex 18 -1.3838064371099497 15.898654407774794
      vertex 18 -1.4289419162443235 15.825
    endloop
  endfacet
  facet normal 0 0.8241261886220169 -0.5664062369248312
    outer loop
      vertex 10.102308378366567 -1.3838064371099497 15.898654407774794
      vertex 18 -1.3348780407186631 15.96984566628258
      vertex 18 -1.3838064371099497 15.898654407774794
    endloop
  endfacet
  facet normal 0 0.7933533402912372 -0.6087614290087181
    outer loop
      vertex 10.108749923954427 -1.3348780407186631 15.96984566628258
      vertex 18 -1.282290836404002 16.038378645232232
      vertex 18 -1.3348780407186631 15.96984566628258
    endloop
  endfacet
  facet normal 0 0.7604059656000278 -0.6494480483301873
    outer loop
      vertex 10.11567316074359 -1.282290836404002 16.038378645232232
      vertex 18 -1.2261889620377004 16.104065500492116
      vertex 18 -1.282290836404002 16.038378645232232
    endloop
  endfacet
  facet normal 0 0.725374371012287 -0.6883545756937547
    outer loop
      vertex 10.123059112623249 -1.2261889620377004 16.104065500492116
      vertex 18 -1.1667261889578033 16.166726188957803
      vertex 18 -1.2261889620377004 16.104065500492116
    endloop
  endfacet
  facet normal 0 0.6883545756937534 -0.7253743710122883
    outer loop
      vertex 10.139136971349743 -1.104065500492116 16.2261889620377
      vertex 18 -1.104065500492116 16.2261889620377
      vertex 18 -1.1667261889578033 16.166726188957803
    endloop
  endfacet
  facet normal -2.707995579573619e-16 0.6494480483301864 -0.7604059656000286
    outer loop
      vertex 10.144123332756386 -1.0661903253300653 16.258537417602156
      vertex 18 -1.0383786452322317 16.282290836404
      vertex 18 -1.104065500492116 16.2261889620377
    endloop
  endfacet
  facet normal 0 0.6087614290087263 -0.7933533402912307
    outer loop
      vertex 10.151705821866859 -0.9698456662825806 16.334878040718664
      vertex 18 -0.9698456662825806 16.334878040718664
      vertex 18 -1.0383786452322317 16.282290836404
    endloop
  endfacet
  facet normal 0 0.5664062369248306 -0.8241261886220173
    outer loop
      vertex 10.157308695422415 -0.8986544077747947 16.38380643710995
      vertex 18 -0.8986544077747947 16.38380643710995
      vertex 18 -0.9698456662825806 16.334878040718664
    endloop
  endfacet
  facet normal 0 0.5224985647159411 -0.8526401643540968
    outer loop
      vertex 10.163105423029448 -0.825 16.428941916244323
      vertex 18 -0.825 16.428941916244323
      vertex 18 -0.8986544077747947 16.38380643710995
    endloop
  endfacet
  facet normal 0 0.4771587602596272 -0.8788171126619553
    outer loop
      vertex 10.169080116260512 -0.7490843245702522 16.47016076491081
      vertex 18 -0.7490843245702522 16.47016076491081
      vertex 18 -0.825 16.428941916244323
    endloop
  endfacet
  facet normal 0 0.4305110968082649 -0.9025852843498751
    outer loop
      vertex 10.175216398896758 -0.6711154610750703 16.50735000511029
      vertex 18 -0.6711154610750703 16.50735000511029
      vertex 18 -0.7490843245702522 16.47016076491081
    endloop
  endfacet
  facet normal 0 0.3826834323651125 -0.9238795325112773
    outer loop
      vertex 10.181497451814009 -0.5913071167497455 16.540407703720383
      vertex 18 -0.5913071167497455 16.540407703720383
      vertex 18 -0.6711154610750703 16.50735000511029
    endloop
  endfacet
  facet normal 1.5054577498040735e-16 0.33380685923375203 -0.9426414910921851
    outer loop
      vertex 10.186021254496652 -0.5338267536780271 16.560762567839884
      vertex 18 -0.5098780407186632 16.569243251887002
      vertex 18 -0.5913071167497455 16.540407703720383
    endloop
  endfacet
  facet normal 0 0.28401534470391887 -0.9588197348681942
    outer loop
      vertex 10.188817264894148 -0.4270514244191592 16.59377761337696
      vertex 18 -0.4270514244191592 16.59377761337696
      vertex 18 -0.5098780407186632 16.569243251887002
    endloop
  endfacet
  facet normal 0 0.23344536385593254 -0.97236992039767
    outer loop
      vertex 10.191016807272032 -0.3430542898493029 16.61394354121078
      vertex 18 -0.3430542898493029 16.61394354121078
      vertex 18 -0.4270514244191592 16.59377761337696
    endloop
  endfacet
  facet normal 0 0.18223552549214947 -0.9832549075639542
    outer loop
      vertex 10.193240971956767 -0.2581168673163809 16.62968576198198
      vertex 18 -0.2581168673163809 16.62968576198198
      vertex 18 -0.3430542898493029 16.61394354121078
    endloop
  endfacet
  facet normal 0 0.13052619222005535 -0.9914448613738098
    outer loop
      vertex 10.195483662667556 -0.1724719643916282 16.640961127357652
      vertex 18 -0.1724719643916282 16.640961127357652
      vertex 18 -0.2581168673163809 16.62968576198198
    endloop
  endfacet
  facet normal 0 0.0784590957278334 -0.9969173337331289
    outer loop
      vertex 10.197738732345046 -0.08635432780085732 16.647738732345047
      vertex 18 -0.08635432780085732 16.647738732345047
      vertex 18 -0.1724719643916282 16.640961127357652
    endloop
  endfacet
  facet normal 0 0.026176948307853186 -0.9996573249755578
    outer loop
      vertex 10.2 0 16.65
      vertex 18 0 16.65
      vertex 18 -0.08635432780085732 16.647738732345047
    endloop
  endfacet
  facet normal 0 -1 0
    outer loop
      vertex -18 -32 62
      vertex 0 -32 58.42484000325203
      vertex 18 -32 62
    endloop
  endfacet
  facet normal 0 0 1
    outer loop
      vertex -18 -32 62
      vertex 18 -32 62
      vertex 0.825 -21.428941916244323 62
    endloop
  endfacet
  facet normal -0.707100000061869 0 -0.7071135622461959
    outer loop
      vertex 0 -21.65 58.42484000325203
      vertex 7.212489168102785 -32 51.212489168102785
      vertex 0 -32 58.42484000325203
    endloop
  endfacet
  facet normal -0.7071000000618677 1.8816276320393946e-15 -0.7071135622461971
    outer loop
      vertex 0.08635432780085732 -21.647738732345047 58.338487331696186
      vertex 0.1724719643916282 -21.640961127357652 58.252371346810776
      vertex 7.212489168102785 -32 51.212489168102785
    endloop
  endfacet
  facet normal -0.7071000000618659 4.4284948654839214e-15 -0.7071135622461991
    outer loop
      vertex 0.08635432780085732 -21.647738732345047 58.338487331696186
      vertex 7.212489168102785 -32 51.212489168102785
      vertex 0 -21.65 58.42484000325203
    endloop
  endfacet
  facet normal -0.7071000000618586 1.3235078588921548e-14 -0.7071135622462065
    outer loop
      vertex 0.5098780407186632 -21.569243251887002 57.91497174181118
      vertex 0.5913071167497455 -21.540407703720383 57.83354422756055
      vertex 7.212489168102785 -32 51.212489168102785
    endloop
  endfacet
  facet normal -0.7071000000618682 1.2127652416536407e-15 -0.7071135622461968
    outer loop
      vertex 0.1724719643916282 -21.640961127357652 58.252371346810776
      vertex 0.2581168673163809 -21.62968576198198 58.16672808652452
      vertex 7.212489168102785 -32 51.212489168102785
    endloop
  endfacet
  facet normal -0.7071000000618669 2.8843866007696767e-15 -0.7071135622461979
    outer loop
      vertex 0.2581168673163809 -21.62968576198198 58.16672808652452
      vertex 0.3430542898493029 -21.61394354121078 58.08179229306088
      vertex 7.212489168102785 -32 51.212489168102785
    endloop
  endfacet
  facet normal -0.7071000000618795 -1.3486004416754853e-14 -0.7071135622461856
    outer loop
      vertex 0.3430542898493029 -21.61394354121078 58.08179229306088
      vertex 0.4270514244191592 -21.59377761337696 57.99779676952591
      vertex 7.212489168102785 -32 51.212489168102785
    endloop
  endfacet
  facet normal -0.7071000000618759 -8.999806264530262e-15 -0.7071135622461892
    outer loop
      vertex 0.5098780407186632 -21.569243251887002 57.91497174181118
      vertex 7.212489168102785 -32 51.212489168102785
      vertex 0.4270514244191592 -21.59377761337696 57.99779676952591
    endloop
  endfacet
  facet normal -0.7071000000618575 1.455486557899205e-14 -0.7071135622462075
    outer loop
      vertex 0.5913071167497455 -21.540407703720383 57.83354422756055
      vertex 0.6711154610750703 -21.50735000511029 57.75373741393063
      vertex 7.212489168102785 -32 51.212489168102785
    endloop
  endfacet
  facet normal -0.707100000061875 -6.521068864823504e-15 -0.7071135622461898
    outer loop
      vertex 1.2261889620377004 -21.104065500492116 57.19867455907852
      vertex 1.282290836404002 -21.038378645232232 57.14257376072603
      vertex 7.212489168102785 -32 51.212489168102785
    endloop
  endfacet
  facet normal -0.7071000000618746 -5.978747658178165e-15 -0.7071135622461905
    outer loop
      vertex 1.3348780407186631 -20.96984566628258 57.08998756501507
      vertex 7.212489168102785 -32 51.212489168102785
      vertex 1.282290836404002 -21.038378645232232 57.14257376072603
    endloop
  endfacet
  facet normal -0.7071000000618717 -2.5489082146507273e-15 -0.7071135622461934
    outer loop
      vertex 1.3838064371099497 -20.898654407774796 57.04106010705287
      vertex 1.4289419162443235 -20.825 56.99592549360079
      vertex 7.212489168102785 -32 51.212489168102785
    endloop
  endfacet
  facet normal -0.707100000061894 -2.5646232338778244e-14 -0.7071135622461711
    outer loop
      vertex 1.4289419162443235 -20.825 56.99592549360079
      vertex 1.470160764910807 -20.74908432457025 56.95470743549702
      vertex 7.212489168102785 -32 51.212489168102785
    endloop
  endfacet
  facet normal -0.7071000000618504 1.976518318087922e-14 -0.7071135622462146
    outer loop
      vertex 1.3348780407186631 -20.96984566628258 57.08998756501507
      vertex 1.3838064371099497 -20.898654407774796 57.04106010705287
      vertex 7.212489168102785 -32 51.212489168102785
    endloop
  endfacet
  facet normal -0.7071000000618717 -3.121007153360004e-15 -0.7071135622461933
    outer loop
      vertex 0.6711154610750703 -21.50735000511029 57.75373741393063
      vertex 0.7490843245702522 -21.47016076491081 57.675770045850264
      vertex 7.212489168102785 -32 51.212489168102785
    endloop
  endfacet
  facet normal -0.7071000000618732 -5.0059633583966244e-15 -0.7071135622461917
    outer loop
      vertex 0.7490843245702522 -21.47016076491081 57.675770045850264
      vertex 0.825 -21.428941916244323 57.59985582645592
      vertex 7.212489168102785 -32 51.212489168102785
    endloop
  endfacet
  facet normal -0.7071000000618699 -8.303345177633492e-16 -0.7071135622461951
    outer loop
      vertex 0.825 -21.428941916244323 57.59985582645592
      vertex 0.8986544077747947 -21.38380643710995 57.52620283134623
      vertex 7.212489168102785 -32 51.212489168102785
    endloop
  endfacet
  facet normal -0.7071000000618641 5.826626442036496e-15 -0.7071135622462008
    outer loop
      vertex 0.8986544077747947 -21.38380643710995 57.52620283134623
      vertex 0.9698456662825806 -21.334878040718664 57.455012938261234
      vertex 7.212489168102785 -32 51.212489168102785
    endloop
  endfacet
  facet normal -0.7071000000618842 -1.7640951131436953e-14 -0.7071135622461807
    outer loop
      vertex 0.9698456662825806 -21.334878040718664 57.455012938261234
      vertex 1.0383786452322317 -21.282290836404 57.38648127374952
      vertex 7.212489168102785 -32 51.212489168102785
    endloop
  endfacet
  facet normal -0.7071000000618664 2.9059688546320524e-15 -0.7071135622461986
    outer loop
      vertex 1.0383786452322317 -21.282290836404 57.38648127374952
      vertex 1.104065500492116 -21.2261889620377 57.32079567833994
      vertex 7.212489168102785 -32 51.212489168102785
    endloop
  endfacet
  facet normal -0.7071000000618707 -2.094782304891577e-15 -0.7071135622461941
    outer loop
      vertex 1.104065500492116 -21.2261889620377 57.32079567833994
      vertex 1.1667261889578033 -21.166726188957803 57.25813619168377
      vertex 7.212489168102785 -32 51.212489168102785
    endloop
  endfacet
  facet normal -0.7071000000618579 1.228251945010897e-14 -0.707113562246207
    outer loop
      vertex 1.1667261889578033 -21.166726188957803 57.25813619168377
      vertex 1.2261889620377004 -21.104065500492116 57.19867455907852
      vertex 7.212489168102785 -32 51.212489168102785
    endloop
  endfacet
  facet normal -0.7071000000618995 -2.9905089542660423e-14 -0.7071135622461652
    outer loop
      vertex 1.5692432518870032 -20.509878040718664 56.85562684888737
      vertex 1.5937776133769626 -20.427051424419158 56.83109295795765
      vertex 7.212489168102785 -32 51.212489168102785
    endloop
  endfacet
  facet normal -0.7071000000618358 3.2000637305523545e-14 -0.707113562246229
    outer loop
      vertex 1.5937776133769626 -20.427051424419158 56.83109295795765
      vertex 1.6139435412107792 -20.343054289849302 56.8109274168991
      vertex 7.212489168102785 -32 51.212489168102785
    endloop
  endfacet
  facet normal -0.7071000000618565 1.2749480142496033e-14 -0.7071135622462087
    outer loop
      vertex 1.5073500051102913 -20.671115461075072 56.91751890857382
      vertex 7.212489168102785 -32 51.212489168102785
      vertex 1.470160764910807 -20.74908432457025 56.95470743549702
    endloop
  endfacet
  facet normal -0.7071000000618618 7.252859003374577e-15 -0.7071135622462031
    outer loop
      vertex 1.5073500051102913 -20.671115461075072 56.91751890857382
      vertex 1.5404077037203827 -20.591307116749746 56.88446184399852
      vertex 7.212489168102785 -32 51.212489168102785
    endloop
  endfacet
  facet normal -0.7071000000618584 1.0792212521615207e-14 -0.7071135622462068
    outer loop
      vertex 1.5404077037203827 -20.591307116749746 56.88446184399852
      vertex 1.5692432518870032 -20.509878040718664 56.85562684888737
      vertex 7.212489168102785 -32 51.212489168102785
    endloop
  endfacet
  facet normal -0.7071000000618982 -2.7823234647569306e-14 -0.7071135622461667
    outer loop
      vertex 1.6139435412107792 -20.343054289849302 56.8109274168991
      vertex 1.6296857619819773 -20.25811686731638 56.79518549805804
      vertex 7.212489168102785 -32 51.212489168102785
    endloop
  endfacet
  facet normal -0.7071000000618682 5.977766449236445e-16 -0.7071135622461967
    outer loop
      vertex 1.6296857619819773 -20.25811686731638 56.79518549805804
      vertex 1.6409611273576508 -20.17247196439163 56.78391034893983
      vertex 7.212489168102785 -32 51.212489168102785
    endloop
  endfacet
  facet normal -0.7071000000618848 -1.4957107905657427e-14 -0.7071135622461802
    outer loop
      vertex 1.6409611273576508 -20.17247196439163 56.78391034893983
      vertex 1.6477387323450468 -20.08635432780086 56.77713287394446
      vertex 7.212489168102785 -32 51.212489168102785
    endloop
  endfacet
  facet normal -0.7071000000618172 4.825896560575803e-14 -0.7071135622462478
    outer loop
      vertex 1.6477387323450468 -20.08635432780086 56.77713287394446
      vertex 1.65 -20 56.774871649659815
      vertex 7.212489168102785 -32 51.212489168102785
    endloop
  endfacet
  facet normal -0.07845909572783341 0.996917333733129 8.940963952109851e-20
    outer loop
      vertex 0.08635432780085732 -21.647738732345047 58.338487331696186
      vertex 0.1724719643916282 -21.640961127357652 62
      vertex 0.1724719643916282 -21.640961127357652 58.252371346810776
    endloop
  endfacet
  facet normal -0.13052619222005535 0.9914448613738099 1.2198994644803515e-19
    outer loop
      vertex 0.1724719643916282 -21.640961127357652 58.252371346810776
      vertex 0.2581168673163809 -21.62968576198198 62
      vertex 0.2581168673163809 -21.62968576198198 58.16672808652452
    endloop
  endfacet
  facet normal -0.026176948307853186 0.9996573249755579 0
    outer loop
      vertex 0.08635432780085732 -21.647738732345047 58.338487331696186
      vertex 0 -21.65 58.42484000325203
      vertex 0.08635432780085732 -21.647738732345047 62
    endloop
  endfacet
  facet normal -0.18223552549214947 0.9832549075639542 -2.535608917182563e-19
    outer loop
      vertex 0.2581168673163809 -21.62968576198198 58.16672808652452
      vertex 0.3430542898493029 -21.61394354121078 62
      vertex 0.3430542898493029 -21.61394354121078 58.08179229306088
    endloop
  endfacet
  facet normal -0.23344536385593256 0.9723699203976702 -1.254964079133094e-19
    outer loop
      vertex 0.3430542898493029 -21.61394354121078 58.08179229306088
      vertex 0.4270514244191592 -21.59377761337696 62
      vertex 0.4270514244191592 -21.59377761337696 57.99779676952591
    endloop
  endfacet
  facet normal -0.2840153447039188 0.9588197348681942 0
    outer loop
      vertex 0.5098780407186632 -21.569243251887002 57.91497174181118
      vertex 0.4270514244191592 -21.59377761337696 57.99779676952591
      vertex 0.5098780407186632 -21.569243251887002 62
    endloop
  endfacet
  facet normal -0.47715876025962717 0.8788171126619552 -3.713848888758251e-20
    outer loop
      vertex 0.7490843245702522 -21.47016076491081 57.675770045850264
      vertex 0.825 -21.428941916244323 62
      vertex 0.825 -21.428941916244323 57.59985582645592
    endloop
  endfacet
  facet normal -0.5224985647159411 0.852640164354097 -3.252606780327745e-20
    outer loop
      vertex 0.825 -21.428941916244323 57.59985582645592
      vertex 0.8986544077747947 -21.38380643710995 62
      vertex 0.8986544077747947 -21.38380643710995 57.52620283134623
    endloop
  endfacet
  facet normal -0.5664062369248305 0.8241261886220173 -2.2746514844180696e-19
    outer loop
      vertex 0.8986544077747947 -21.38380643710995 57.52620283134623
      vertex 0.9698456662825806 -21.334878040718664 62
      vertex 0.9698456662825806 -21.334878040718664 57.455012938261234
    endloop
  endfacet
  facet normal -0.6087614290087264 0.7933533402912308 2.7516147055208884e-20
    outer loop
      vertex 0.9698456662825806 -21.334878040718664 57.455012938261234
      vertex 1.0383786452322317 -21.282290836404 62
      vertex 1.0383786452322317 -21.282290836404 57.38648127374952
    endloop
  endfacet
  facet normal -0.6494480483301864 0.7604059656000286 -2.3792197552586394e-19
    outer loop
      vertex 1.0383786452322317 -21.282290836404 57.38648127374952
      vertex 1.104065500492116 -21.2261889620377 62
      vertex 1.104065500492116 -21.2261889620377 57.32079567833994
    endloop
  endfacet
  facet normal -0.3338068592337521 0.9426414910921851 -1.9355209991376818e-19
    outer loop
      vertex 0.5098780407186632 -21.569243251887002 57.91497174181118
      vertex 0.5913071167497455 -21.540407703720383 62
      vertex 0.5913071167497455 -21.540407703720383 57.83354422756055
    endloop
  endfacet
  facet normal -0.3826834323651125 0.9238795325112774 3.7522977979703655e-19
    outer loop
      vertex 0.5913071167497455 -21.540407703720383 57.83354422756055
      vertex 0.6711154610750703 -21.50735000511029 62
      vertex 0.6711154610750703 -21.50735000511029 57.75373741393063
    endloop
  endfacet
  facet normal -0.4305110968082648 0.9025852843498751 -2.8403774977984214e-19
    outer loop
      vertex 0.6711154610750703 -21.50735000511029 57.75373741393063
      vertex 0.7490843245702522 -21.47016076491081 62
      vertex 0.7490843245702522 -21.47016076491081 57.675770045850264
    endloop
  endfacet
  facet normal -0.0784590957278334 0.9969173337331289 0
    outer loop
      vertex 0.08635432780085732 -21.647738732345047 58.338487331696186
      vertex 0.08635432780085732 -21.647738732345047 62
      vertex 0.1724719643916282 -21.640961127357652 62
    endloop
  endfacet
  facet normal -0.02617694830785319 0.9996573249755579 0
    outer loop
      vertex 0 -21.65 58.42484000325203
      vertex 0 -21.65 62
      vertex 0.08635432780085732 -21.647738732345047 62
    endloop
  endfacet
  facet normal -0.13052619222005535 0.99144486137381 0
    outer loop
      vertex 0.1724719643916282 -21.640961127357652 58.252371346810776
      vertex 0.1724719643916282 -21.640961127357652 62
      vertex 0.2581168673163809 -21.62968576198198 62
    endloop
  endfacet
  facet normal -0.18223552549214947 0.9832549075639543 0
    outer loop
      vertex 0.2581168673163809 -21.62968576198198 58.16672808652452
      vertex 0.2581168673163809 -21.62968576198198 62
      vertex 0.3430542898493029 -21.61394354121078 62
    endloop
  endfacet
  facet normal -0.23344536385593254 0.9723699203976701 0
    outer loop
      vertex 0.3430542898493029 -21.61394354121078 58.08179229306088
      vertex 0.3430542898493029 -21.61394354121078 62
      vertex 0.4270514244191592 -21.59377761337696 62
    endloop
  endfacet
  facet normal -0.28401534470391887 0.9588197348681943 0
    outer loop
      vertex 0.4270514244191592 -21.59377761337696 57.99779676952591
      vertex 0.4270514244191592 -21.59377761337696 62
      vertex 0.5098780407186632 -21.569243251887002 62
    endloop
  endfacet
  facet normal -0.33380685923375214 0.9426414910921851 0
    outer loop
      vertex 0.5098780407186632 -21.569243251887002 57.91497174181118
      vertex 0.5098780407186632 -21.569243251887002 62
      vertex 0.5913071167497455 -21.540407703720383 62
    endloop
  endfacet
  facet normal -0.38268343236511243 0.9238795325112773 0
    outer loop
      vertex 0.5913071167497455 -21.540407703720383 57.83354422756055
      vertex 0.5913071167497455 -21.540407703720383 62
      vertex 0.6711154610750703 -21.50735000511029 62
    endloop
  endfacet
  facet normal -0.4305110968082648 0.9025852843498751 0
    outer loop
      vertex 0.6711154610750703 -21.50735000511029 57.75373741393063
      vertex 0.6711154610750703 -21.50735000511029 62
      vertex 0.7490843245702522 -21.47016076491081 62
    endloop
  endfacet
  facet normal -0.4771587602596272 0.8788171126619552 0
    outer loop
      vertex 0.7490843245702522 -21.47016076491081 57.675770045850264
      vertex 0.7490843245702522 -21.47016076491081 62
      vertex 0.825 -21.428941916244323 62
    endloop
  endfacet
  facet normal -0.5224985647159411 0.852640164354097 0
    outer loop
      vertex 0.825 -21.428941916244323 57.59985582645592
      vertex 0.825 -21.428941916244323 62
      vertex 0.8986544077747947 -21.38380643710995 62
    endloop
  endfacet
  facet normal -0.5664062369248305 0.8241261886220171 0
    outer loop
      vertex 0.8986544077747947 -21.38380643710995 57.52620283134623
      vertex 0.8986544077747947 -21.38380643710995 62
      vertex 0.9698456662825806 -21.334878040718664 62
    endloop
  endfacet
  facet normal -0.6087614290087264 0.7933533402912308 0
    outer loop
      vertex 0.9698456662825806 -21.334878040718664 57.455012938261234
      vertex 0.9698456662825806 -21.334878040718664 62
      vertex 1.0383786452322317 -21.282290836404 62
    endloop
  endfacet
  facet normal -0.6494480483301864 0.7604059656000286 0
    outer loop
      vertex 1.0383786452322317 -21.282290836404 57.38648127374952
      vertex 1.0383786452322317 -21.282290836404 62
      vertex 1.104065500492116 -21.2261889620377 62
    endloop
  endfacet
  facet normal -0.6883545756937534 0.7253743710122882 0
    outer loop
      vertex 1.104065500492116 -21.2261889620377 57.32079567833994
      vertex 1.104065500492116 -21.2261889620377 62
      vertex 1.1667261889578033 -21.166726188957803 62
    endloop
  endfacet
  facet normal -0.725374371012287 0.6883545756937547 0
    outer loop
      vertex 1.1667261889578033 -21.166726188957803 57.25813619168377
      vertex 1.1667261889578033 -21.166726188957803 62
      vertex 1.2261889620377004 -21.104065500492116 57.19867455907852
    endloop
  endfacet
  facet normal -0.7604059656000277 0.6494480483301872 0
    outer loop
      vertex 1.2261889620377004 -21.104065500492116 57.19867455907852
      vertex 1.2261889620377004 -21.104065500492116 62
      vertex 1.282290836404002 -21.038378645232232 57.14257376072603
    endloop
  endfacet
  facet normal -0.6883545756937534 0.7253743710122883 -3.86220705728228e-19
    outer loop
      vertex 1.104065500492116 -21.2261889620377 57.32079567833994
      vertex 1.1667261889578033 -21.166726188957803 62
      vertex 1.1667261889578033 -21.166726188957803 57.25813619168377
    endloop
  endfacet
  facet normal -0.7933533402912372 0.608761429008718 5.862100941364058e-20
    outer loop
      vertex 1.3348780407186631 -20.96984566628258 57.08998756501507
      vertex 1.282290836404002 -21.038378645232232 57.14257376072603
      vertex 1.282290836404002 -21.038378645232232 62
    endloop
  endfacet
  facet normal -0.8241261886220103 0.5664062369248406 0
    outer loop
      vertex 1.3348780407186631 -20.96984566628258 57.08998756501507
      vertex 1.3348780407186631 -20.96984566628258 62
      vertex 1.3838064371099497 -20.898654407774796 57.04106010705287
    endloop
  endfacet
  facet normal -0.8526401643540992 0.5224985647159376 0
    outer loop
      vertex 1.3838064371099497 -20.898654407774796 57.04106010705287
      vertex 1.3838064371099497 -20.898654407774796 62
      vertex 1.4289419162443235 -20.825 56.99592549360079
    endloop
  endfacet
  facet normal -0.9238795325112877 0.38268343236508784 0
    outer loop
      vertex 1.5073500051102913 -20.671115461075072 56.91751890857382
      vertex 1.5073500051102913 -20.671115461075072 62
      vertex 1.5404077037203827 -20.591307116749746 56.88446184399852
    endloop
  endfacet
  facet normal -0.9426414910921781 0.33380685923377196 0
    outer loop
      vertex 1.5404077037203827 -20.591307116749746 56.88446184399852
      vertex 1.5404077037203827 -20.591307116749746 62
      vertex 1.5692432518870032 -20.509878040718664 56.85562684888737
    endloop
  endfacet
  facet normal -0.8788171126619642 0.4771587602596108 0
    outer loop
      vertex 1.4289419162443235 -20.825 56.99592549360079
      vertex 1.4289419162443235 -20.825 62
      vertex 1.470160764910807 -20.74908432457025 56.95470743549702
    endloop
  endfacet
  facet normal -0.9025852843498571 0.4305110968083026 -2.1219855527599135e-19
    outer loop
      vertex 1.5073500051102913 -20.671115461075072 56.91751890857382
      vertex 1.470160764910807 -20.74908432457025 56.95470743549702
      vertex 1.470160764910807 -20.74908432457025 62
    endloop
  endfacet
  facet normal -0.958819734868195 0.2840153447039159 0
    outer loop
      vertex 1.5692432518870032 -20.509878040718664 56.85562684888737
      vertex 1.5692432518870032 -20.509878040718664 62
      vertex 1.5937776133769626 -20.427051424419158 56.83109295795765
    endloop
  endfacet
  facet normal -0.9723699203976762 0.23344536385590717 0
    outer loop
      vertex 1.5937776133769626 -20.427051424419158 56.83109295795765
      vertex 1.5937776133769626 -20.427051424419158 62
      vertex 1.6139435412107792 -20.343054289849302 56.8109274168991
    endloop
  endfacet
  facet normal -0.9832549075639536 0.18223552549215224 0
    outer loop
      vertex 1.6139435412107792 -20.343054289849302 56.8109274168991
      vertex 1.6139435412107792 -20.343054289849302 62
      vertex 1.6296857619819773 -20.25811686731638 56.79518549805804
    endloop
  endfacet
  facet normal -0.9914448613738108 0.1305261922200486 0
    outer loop
      vertex 1.6296857619819773 -20.25811686731638 56.79518549805804
      vertex 1.6296857619819773 -20.25811686731638 62
      vertex 1.6409611273576508 -20.17247196439163 56.78391034893983
    endloop
  endfacet
  facet normal -0.9969173337331279 0.07845909572784608 0
    outer loop
      vertex 1.6409611273576508 -20.17247196439163 56.78391034893983
      vertex 1.6409611273576508 -20.17247196439163 62
      vertex 1.6477387323450468 -20.08635432780086 56.77713287394446
    endloop
  endfacet
  facet normal -0.9996573249755573 0.026176948307873378 0
    outer loop
      vertex 1.6477387323450468 -20.08635432780086 56.77713287394446
      vertex 1.6477387323450468 -20.08635432780086 62
      vertex 1.65 -20 56.774871649659815
    endloop
  endfacet
  facet normal -0.7253743710122871 0.6883545756937546 0
    outer loop
      vertex 1.2261889620377004 -21.104065500492116 57.19867455907852
      vertex 1.1667261889578033 -21.166726188957803 62
      vertex 1.2261889620377004 -21.104065500492116 62
    endloop
  endfacet
  facet normal -0.7604059656000278 0.6494480483301872 0
    outer loop
      vertex 1.282290836404002 -21.038378645232232 57.14257376072603
      vertex 1.2261889620377004 -21.104065500492116 62
      vertex 1.282290836404002 -21.038378645232232 62
    endloop
  endfacet
  facet normal -0.7933533402912372 0.608761429008718 0
    outer loop
      vertex 1.3348780407186631 -20.96984566628258 57.08998756501507
      vertex 1.282290836404002 -21.038378645232232 62
      vertex 1.3348780407186631 -20.96984566628258 62
    endloop
  endfacet
  facet normal -0.8241261886220103 0.5664062369248406 0
    outer loop
      vertex 1.3838064371099497 -20.898654407774796 57.04106010705287
      vertex 1.3348780407186631 -20.96984566628258 62
      vertex 1.3838064371099497 -20.898654407774796 62
    endloop
  endfacet
  facet normal -0.8526401643540992 0.5224985647159376 0
    outer loop
      vertex 1.4289419162443235 -20.825 56.99592549360079
      vertex 1.3838064371099497 -20.898654407774796 62
      vertex 1.4289419162443235 -20.825 62
    endloop
  endfacet
  facet normal -0.878817112661964 0.4771587602596108 0
    outer loop
      vertex 1.470160764910807 -20.74908432457025 56.95470743549702
      vertex 1.4289419162443235 -20.825 62
      vertex 1.470160764910807 -20.74908432457025 62
    endloop
  endfacet
  facet normal -0.9238795325112875 0.3826834323650878 0
    outer loop
      vertex 1.5404077037203827 -20.591307116749746 56.88446184399852
      vertex 1.5073500051102913 -20.671115461075072 62
      vertex 1.5404077037203827 -20.591307116749746 62
    endloop
  endfacet
  facet normal -0.9025852843498571 0.4305110968083026 0
    outer loop
      vertex 1.5073500051102913 -20.671115461075072 56.91751890857382
      vertex 1.470160764910807 -20.74908432457025 62
      vertex 1.5073500051102913 -20.671115461075072 62
    endloop
  endfacet
  facet normal -0.9426414910921781 0.333806859233772 0
    outer loop
      vertex 1.5692432518870032 -20.509878040718664 56.85562684888737
      vertex 1.5404077037203827 -20.591307116749746 62
      vertex 1.5692432518870032 -20.509878040718664 62
    endloop
  endfacet
  facet normal -0.958819734868195 0.28401534470391593 0
    outer loop
      vertex 1.5937776133769626 -20.427051424419158 56.83109295795765
      vertex 1.5692432518870032 -20.509878040718664 62
      vertex 1.5937776133769626 -20.427051424419158 62
    endloop
  endfacet
  facet normal -0.9723699203976762 0.23344536385590714 0
    outer loop
      vertex 1.6139435412107792 -20.343054289849302 56.8109274168991
      vertex 1.5937776133769626 -20.427051424419158 62
      vertex 1.6139435412107792 -20.343054289849302 62
    endloop
  endfacet
  facet normal -0.9832549075639536 0.18223552549215222 0
    outer loop
      vertex 1.6296857619819773 -20.25811686731638 56.79518549805804
      vertex 1.6139435412107792 -20.343054289849302 62
      vertex 1.6296857619819773 -20.25811686731638 62
    endloop
  endfacet
  facet normal -0.9914448613738108 0.1305261922200486 0
    outer loop
      vertex 1.6409611273576508 -20.17247196439163 56.78391034893983
      vertex 1.6296857619819773 -20.25811686731638 62
      vertex 1.6409611273576508 -20.17247196439163 62
    endloop
  endfacet
  facet normal -0.9969173337331279 0.07845909572784608 0
    outer loop
      vertex 1.6477387323450468 -20.08635432780086 56.77713287394446
      vertex 1.6409611273576508 -20.17247196439163 62
      vertex 1.6477387323450468 -20.08635432780086 62
    endloop
  endfacet
  facet normal -0.9996573249755574 0.02617694830787338 0
    outer loop
      vertex 1.65 -20 56.774871649659815
      vertex 1.6477387323450468 -20.08635432780086 62
      vertex 1.65 -20 62
    endloop
  endfacet
  facet normal -0.07845909572783338 -0.996917333733129 -8.94096395210985e-20
    outer loop
      vertex 0.08635432780085732 -18.352261267654953 58.338487331696186
      vertex 0.1724719643916282 -18.359038872642348 58.252371346810776
      vertex 0.1724719643916282 -18.359038872642348 62
    endloop
  endfacet
  facet normal -0.13052619222005535 -0.9914448613738099 -1.2198994644803515e-19
    outer loop
      vertex 0.1724719643916282 -18.359038872642348 58.252371346810776
      vertex 0.2581168673163809 -18.37031423801802 58.16672808652452
      vertex 0.2581168673163809 -18.37031423801802 62
    endloop
  endfacet
  facet normal -0.026176948307853186 -0.9996573249755579 0
    outer loop
      vertex 0.08635432780085732 -18.352261267654953 58.338487331696186
      vertex 0.08635432780085732 -18.352261267654953 62
      vertex 0 -18.35 58.42484000325203
    endloop
  endfacet
  facet normal -0.18223552549214944 -0.9832549075639542 2.535608917182563e-19
    outer loop
      vertex 0.2581168673163809 -18.37031423801802 58.16672808652452
      vertex 0.3430542898493029 -18.38605645878922 58.08179229306088
      vertex 0.3430542898493029 -18.38605645878922 62
    endloop
  endfacet
  facet normal -0.23344536385593256 -0.9723699203976702 1.254964079133094e-19
    outer loop
      vertex 0.3430542898493029 -18.38605645878922 58.08179229306088
      vertex 0.4270514244191592 -18.40622238662304 57.99779676952591
      vertex 0.4270514244191592 -18.40622238662304 62
    endloop
  endfacet
  facet normal -0.2840153447039188 -0.9588197348681942 0
    outer loop
      vertex 0.5098780407186632 -18.430756748112998 57.91497174181118
      vertex 0.5098780407186632 -18.430756748112998 62
      vertex 0.4270514244191592 -18.40622238662304 57.99779676952591
    endloop
  endfacet
  facet normal -0.47715876025962717 -0.8788171126619552 0
    outer loop
      vertex 0.825 -18.571058083755677 57.59985582645592
      vertex 0.825 -18.571058083755677 62
      vertex 0.7490843245702522 -18.52983923508919 57.675770045850264
    endloop
  endfacet
  facet normal -0.5224985647159411 -0.8526401643540968 0
    outer loop
      vertex 0.8986544077747947 -18.61619356289005 57.52620283134623
      vertex 0.8986544077747947 -18.61619356289005 62
      vertex 0.825 -18.571058083755677 57.59985582645592
    endloop
  endfacet
  facet normal -0.5664062369248307 -0.8241261886220173 2.2746514844180696e-19
    outer loop
      vertex 0.8986544077747947 -18.61619356289005 57.52620283134623
      vertex 0.9698456662825806 -18.665121959281336 57.455012938261234
      vertex 0.9698456662825806 -18.665121959281336 62
    endloop
  endfacet
  facet normal -0.6494480483301864 -0.7604059656000286 2.3792197552586394e-19
    outer loop
      vertex 1.0383786452322317 -18.717709163596 57.38648127374952
      vertex 1.104065500492116 -18.7738110379623 57.32079567833994
      vertex 1.104065500492116 -18.7738110379623 62
    endloop
  endfacet
  facet normal -0.6087614290087264 -0.7933533402912308 -2.7516147055208884e-20
    outer loop
      vertex 0.9698456662825806 -18.665121959281336 57.455012938261234
      vertex 1.0383786452322317 -18.717709163596 57.38648127374952
      vertex 1.0383786452322317 -18.717709163596 62
    endloop
  endfacet
  facet normal -0.4305110968082649 -0.9025852843498751 2.8403774977984214e-19
    outer loop
      vertex 0.6711154610750703 -18.49264999488971 57.75373741393063
      vertex 0.7490843245702522 -18.52983923508919 57.675770045850264
      vertex 0.7490843245702522 -18.52983923508919 62
    endloop
  endfacet
  facet normal -0.3338068592337521 -0.9426414910921851 1.9355209991376818e-19
    outer loop
      vertex 0.5098780407186632 -18.430756748112998 57.91497174181118
      vertex 0.5913071167497455 -18.459592296279617 57.83354422756055
      vertex 0.5913071167497455 -18.459592296279617 62
    endloop
  endfacet
  facet normal -0.3826834323651125 -0.9238795325112774 -3.7522977979703655e-19
    outer loop
      vertex 0.5913071167497455 -18.459592296279617 57.83354422756055
      vertex 0.6711154610750703 -18.49264999488971 57.75373741393063
      vertex 0.6711154610750703 -18.49264999488971 62
    endloop
  endfacet
  facet normal -0.0784590957278334 -0.9969173337331289 0
    outer loop
      vertex 0.08635432780085732 -18.352261267654953 58.338487331696186
      vertex 0.1724719643916282 -18.359038872642348 62
      vertex 0.08635432780085732 -18.352261267654953 62
    endloop
  endfacet
  facet normal -0.02617694830785319 -0.9996573249755579 0
    outer loop
      vertex 0 -18.35 58.42484000325203
      vertex 0.08635432780085732 -18.352261267654953 62
      vertex 0 -18.35 62
    endloop
  endfacet
  facet normal -0.13052619222005535 -0.99144486137381 0
    outer loop
      vertex 0.1724719643916282 -18.359038872642348 58.252371346810776
      vertex 0.2581168673163809 -18.37031423801802 62
      vertex 0.1724719643916282 -18.359038872642348 62
    endloop
  endfacet
  facet normal -0.18223552549214947 -0.9832549075639543 0
    outer loop
      vertex 0.2581168673163809 -18.37031423801802 58.16672808652452
      vertex 0.3430542898493029 -18.38605645878922 62
      vertex 0.2581168673163809 -18.37031423801802 62
    endloop
  endfacet
  facet normal -0.23344536385593254 -0.9723699203976701 0
    outer loop
      vertex 0.3430542898493029 -18.38605645878922 58.08179229306088
      vertex 0.4270514244191592 -18.40622238662304 62
      vertex 0.3430542898493029 -18.38605645878922 62
    endloop
  endfacet
  facet normal -0.28401534470391887 -0.9588197348681943 0
    outer loop
      vertex 0.4270514244191592 -18.40622238662304 57.99779676952591
      vertex 0.5098780407186632 -18.430756748112998 62
      vertex 0.4270514244191592 -18.40622238662304 62
    endloop
  endfacet
  facet normal -0.33380685923375214 -0.9426414910921851 0
    outer loop
      vertex 0.5098780407186632 -18.430756748112998 57.91497174181118
      vertex 0.5913071167497455 -18.459592296279617 62
      vertex 0.5098780407186632 -18.430756748112998 62
    endloop
  endfacet
  facet normal -0.4305110968082648 -0.9025852843498751 0
    outer loop
      vertex 0.6711154610750703 -18.49264999488971 57.75373741393063
      vertex 0.7490843245702522 -18.52983923508919 62
      vertex 0.6711154610750703 -18.49264999488971 62
    endloop
  endfacet
  facet normal -0.4771587602596272 -0.8788171126619552 0
    outer loop
      vertex 0.7490843245702522 -18.52983923508919 57.675770045850264
      vertex 0.825 -18.571058083755677 62
      vertex 0.7490843245702522 -18.52983923508919 62
    endloop
  endfacet
  facet normal -0.38268343236511243 -0.9238795325112773 0
    outer loop
      vertex 0.5913071167497455 -18.459592296279617 57.83354422756055
      vertex 0.6711154610750703 -18.49264999488971 62
      vertex 0.5913071167497455 -18.459592296279617 62
    endloop
  endfacet
  facet normal -0.5224985647159411 -0.852640164354097 0
    outer loop
      vertex 0.825 -18.571058083755677 57.59985582645592
      vertex 0.8986544077747947 -18.61619356289005 62
      vertex 0.825 -18.571058083755677 62
    endloop
  endfacet
  facet normal -0.5664062369248305 -0.8241261886220171 0
    outer loop
      vertex 0.8986544077747947 -18.61619356289005 57.52620283134623
      vertex 0.9698456662825806 -18.665121959281336 62
      vertex 0.8986544077747947 -18.61619356289005 62
    endloop
  endfacet
  facet normal -0.6883545756937534 -0.7253743710122882 0
    outer loop
      vertex 1.104065500492116 -18.7738110379623 57.32079567833994
      vertex 1.1667261889578033 -18.833273811042197 62
      vertex 1.104065500492116 -18.7738110379623 62
    endloop
  endfacet
  facet normal -0.6087614290087264 -0.7933533402912308 0
    outer loop
      vertex 0.9698456662825806 -18.665121959281336 57.455012938261234
      vertex 1.0383786452322317 -18.717709163596 62
      vertex 0.9698456662825806 -18.665121959281336 62
    endloop
  endfacet
  facet normal -0.6494480483301864 -0.7604059656000286 0
    outer loop
      vertex 1.0383786452322317 -18.717709163596 57.38648127374952
      vertex 1.104065500492116 -18.7738110379623 62
      vertex 1.0383786452322317 -18.717709163596 62
    endloop
  endfacet
  facet normal -0.7933533402912372 -0.608761429008718 0
    outer loop
      vertex 1.3348780407186631 -19.03015433371742 57.08998756501507
      vertex 1.3348780407186631 -19.03015433371742 62
      vertex 1.282290836404002 -18.961621354767768 57.14257376072603
    endloop
  endfacet
  facet normal -0.8241261886220103 -0.5664062369248406 8.953697491597037e-20
    outer loop
      vertex 1.3348780407186631 -19.03015433371742 57.08998756501507
      vertex 1.3838064371099497 -19.101345592225204 57.04106010705287
      vertex 1.3838064371099497 -19.101345592225204 62
    endloop
  endfacet
  facet normal -0.9996573249755574 -0.02617694830787338 0
    outer loop
      vertex 1.65 -20 56.774871649659815
      vertex 1.65 -20 62
      vertex 1.6477387323450468 -19.91364567219914 56.77713287394446
    endloop
  endfacet
  facet normal -0.9969173337331279 -0.07845909572784608 0
    outer loop
      vertex 1.6477387323450468 -19.91364567219914 56.77713287394446
      vertex 1.6477387323450468 -19.91364567219914 62
      vertex 1.6409611273576508 -19.82752803560837 56.78391034893983
    endloop
  endfacet
  facet normal -0.9914448613738108 -0.1305261922200486 0
    outer loop
      vertex 1.6409611273576508 -19.82752803560837 56.78391034893983
      vertex 1.6409611273576508 -19.82752803560837 62
      vertex 1.6296857619819773 -19.74188313268362 56.79518549805804
    endloop
  endfacet
  facet normal -0.9723699203976762 -0.23344536385590714 0
    outer loop
      vertex 1.6139435412107792 -19.656945710150698 56.8109274168991
      vertex 1.6139435412107792 -19.656945710150698 62
      vertex 1.5937776133769626 -19.572948575580842 56.83109295795765
    endloop
  endfacet
  facet normal -0.958819734868195 -0.28401534470391593 9.906755312842364e-20
    outer loop
      vertex 1.5692432518870032 -19.490121959281336 56.85562684888737
      vertex 1.5937776133769626 -19.572948575580842 56.83109295795765
      vertex 1.5937776133769626 -19.572948575580842 62
    endloop
  endfacet
  facet normal -0.9832549075639536 -0.18223552549215222 5.594109199303217e-20
    outer loop
      vertex 1.6139435412107792 -19.656945710150698 56.8109274168991
      vertex 1.6296857619819773 -19.74188313268362 56.79518549805804
      vertex 1.6296857619819773 -19.74188313268362 62
    endloop
  endfacet
  facet normal -0.9238795325112875 -0.3826834323650878 -4.664326716274615e-19
    outer loop
      vertex 1.5073500051102913 -19.328884538924928 56.91751890857382
      vertex 1.5404077037203827 -19.408692883250254 56.88446184399852
      vertex 1.5404077037203827 -19.408692883250254 62
    endloop
  endfacet
  facet normal -0.9426414910921781 -0.333806859233772 0
    outer loop
      vertex 1.5692432518870032 -19.490121959281336 56.85562684888737
      vertex 1.5692432518870032 -19.490121959281336 62
      vertex 1.5404077037203827 -19.408692883250254 56.88446184399852
    endloop
  endfacet
  facet normal -0.9025852843498571 -0.4305110968083026 0
    outer loop
      vertex 1.5073500051102913 -19.328884538924928 56.91751890857382
      vertex 1.5073500051102913 -19.328884538924928 62
      vertex 1.470160764910807 -19.25091567542975 56.95470743549702
    endloop
  endfacet
  facet normal -0.8526401643540992 -0.5224985647159376 2.0960049151124044e-20
    outer loop
      vertex 1.3838064371099497 -19.101345592225204 57.04106010705287
      vertex 1.4289419162443235 -19.175 56.99592549360079
      vertex 1.4289419162443235 -19.175 62
    endloop
  endfacet
  facet normal -0.878817112661964 -0.47715876025961085 4.290033894301868e-19
    outer loop
      vertex 1.4289419162443235 -19.175 56.99592549360079
      vertex 1.470160764910807 -19.25091567542975 56.95470743549702
      vertex 1.470160764910807 -19.25091567542975 62
    endloop
  endfacet
  facet normal -0.7253743710122871 -0.6883545756937546 2.9541136819090373e-19
    outer loop
      vertex 1.1667261889578033 -18.833273811042197 57.25813619168377
      vertex 1.2261889620377004 -18.895934499507884 57.19867455907852
      vertex 1.2261889620377004 -18.895934499507884 62
    endloop
  endfacet
  facet normal -0.7604059656000278 -0.6494480483301873 -3.5391645979341214e-19
    outer loop
      vertex 1.2261889620377004 -18.895934499507884 57.19867455907852
      vertex 1.282290836404002 -18.961621354767768 57.14257376072603
      vertex 1.282290836404002 -18.961621354767768 62
    endloop
  endfacet
  facet normal -0.6883545756937534 -0.7253743710122883 0
    outer loop
      vertex 1.1667261889578033 -18.833273811042197 57.25813619168377
      vertex 1.1667261889578033 -18.833273811042197 62
      vertex 1.104065500492116 -18.7738110379623 57.32079567833994
    endloop
  endfacet
  facet normal -0.8526401643540992 -0.5224985647159376 0
    outer loop
      vertex 1.3838064371099497 -19.101345592225204 57.04106010705287
      vertex 1.4289419162443235 -19.175 62
      vertex 1.3838064371099497 -19.101345592225204 62
    endloop
  endfacet
  facet normal -0.8241261886220103 -0.5664062369248406 0
    outer loop
      vertex 1.3348780407186631 -19.03015433371742 57.08998756501507
      vertex 1.3838064371099497 -19.101345592225204 62
      vertex 1.3348780407186631 -19.03015433371742 62
    endloop
  endfacet
  facet normal -0.9996573249755573 -0.026176948307873378 0
    outer loop
      vertex 1.6477387323450468 -19.91364567219914 56.77713287394446
      vertex 1.65 -20 62
      vertex 1.6477387323450468 -19.91364567219914 62
    endloop
  endfacet
  facet normal -0.9969173337331279 -0.07845909572784608 0
    outer loop
      vertex 1.6409611273576508 -19.82752803560837 56.78391034893983
      vertex 1.6477387323450468 -19.91364567219914 62
      vertex 1.6409611273576508 -19.82752803560837 62
    endloop
  endfacet
  facet normal -0.9914448613738108 -0.1305261922200486 0
    outer loop
      vertex 1.6296857619819773 -19.74188313268362 56.79518549805804
      vertex 1.6409611273576508 -19.82752803560837 62
      vertex 1.6296857619819773 -19.74188313268362 62
    endloop
  endfacet
  facet normal -0.958819734868195 -0.2840153447039159 0
    outer loop
      vertex 1.5692432518870032 -19.490121959281336 56.85562684888737
      vertex 1.5937776133769626 -19.572948575580842 62
      vertex 1.5692432518870032 -19.490121959281336 62
    endloop
  endfacet
  facet normal -0.9723699203976762 -0.23344536385590717 0
    outer loop
      vertex 1.5937776133769626 -19.572948575580842 56.83109295795765
      vertex 1.6139435412107792 -19.656945710150698 62
      vertex 1.5937776133769626 -19.572948575580842 62
    endloop
  endfacet
  facet normal -0.9832549075639536 -0.18223552549215224 0
    outer loop
      vertex 1.6139435412107792 -19.656945710150698 56.8109274168991
      vertex 1.6296857619819773 -19.74188313268362 62
      vertex 1.6139435412107792 -19.656945710150698 62
    endloop
  endfacet
  facet normal -0.9025852843498571 -0.4305110968083026 0
    outer loop
      vertex 1.470160764910807 -19.25091567542975 56.95470743549702
      vertex 1.5073500051102913 -19.328884538924928 62
      vertex 1.470160764910807 -19.25091567542975 62
    endloop
  endfacet
  facet normal -0.9238795325112877 -0.38268343236508784 0
    outer loop
      vertex 1.5073500051102913 -19.328884538924928 56.91751890857382
      vertex 1.5404077037203827 -19.408692883250254 62
      vertex 1.5073500051102913 -19.328884538924928 62
    endloop
  endfacet
  facet normal -0.8788171126619642 -0.4771587602596108 0
    outer loop
      vertex 1.4289419162443235 -19.175 56.99592549360079
      vertex 1.470160764910807 -19.25091567542975 62
      vertex 1.4289419162443235 -19.175 62
    endloop
  endfacet
  facet normal -0.9426414910921781 -0.33380685923377196 0
    outer loop
      vertex 1.5404077037203827 -19.408692883250254 56.88446184399852
      vertex 1.5692432518870032 -19.490121959281336 62
      vertex 1.5404077037203827 -19.408692883250254 62
    endloop
  endfacet
  facet normal -0.725374371012287 -0.6883545756937547 0
    outer loop
      vertex 1.1667261889578033 -18.833273811042197 57.25813619168377
      vertex 1.2261889620377004 -18.895934499507884 62
      vertex 1.1667261889578033 -18.833273811042197 62
    endloop
  endfacet
  facet normal -0.7604059656000277 -0.6494480483301872 0
    outer loop
      vertex 1.2261889620377004 -18.895934499507884 57.19867455907852
      vertex 1.282290836404002 -18.961621354767768 62
      vertex 1.2261889620377004 -18.895934499507884 62
    endloop
  endfacet
  facet normal -0.7933533402912372 -0.608761429008718 0
    outer loop
      vertex 1.282290836404002 -18.961621354767768 57.14257376072603
      vertex 1.3348780407186631 -19.03015433371742 62
      vertex 1.282290836404002 -18.961621354767768 62
    endloop
  endfacet
  facet normal -0.7071000000619275 -5.4036365230066323e-14 -0.7071135622461374
    outer loop
      vertex 1.65 -20 56.774871649659815
      vertex 1.6477387323450468 -19.91364567219914 56.77713287394446
      vertex 7.212489168102785 -32 51.212489168102785
    endloop
  endfacet
  facet normal -0.707100000061846 2.107323867683676e-14 -0.707113562246219
    outer loop
      vertex 1.6477387323450468 -19.91364567219914 56.77713287394446
      vertex 1.6409611273576508 -19.82752803560837 56.78391034893983
      vertex 7.212489168102785 -32 51.212489168102785
    endloop
  endfacet
  facet normal -0.7071000000618701 -1.0588151485269628e-15 -0.7071135622461948
    outer loop
      vertex 1.6409611273576508 -19.82752803560837 56.78391034893983
      vertex 1.6296857619819773 -19.74188313268362 56.79518549805804
      vertex 7.212489168102785 -32 51.212489168102785
    endloop
  endfacet
  facet normal -0.7071000000617973 6.523504743030666e-14 -0.7071135622462676
    outer loop
      vertex 1.6139435412107792 -19.656945710150698 56.8109274168991
      vertex 7.212489168102785 -32 51.212489168102785
      vertex 1.6296857619819773 -19.74188313268362 56.79518549805804
    endloop
  endfacet
  facet normal -0.7071000000617144 1.3968056304224538e-13 -0.7071135622463506
    outer loop
      vertex 1.5692432518870032 -19.490121959281336 56.85562684888737
      vertex 7.212489168102785 -32 51.212489168102785
      vertex 1.5937776133769626 -19.572948575580842 56.83109295795765
    endloop
  endfacet
  facet normal -0.7071000000619816 -1.0197694134989484e-13 -0.7071135622460833
    outer loop
      vertex 1.6139435412107792 -19.656945710150698 56.8109274168991
      vertex 1.5937776133769626 -19.572948575580842 56.83109295795765
      vertex 7.212489168102785 -32 51.212489168102785
    endloop
  endfacet
  facet normal -0.7071000000619649 -8.629168106261984e-14 -0.7071135622461
    outer loop
      vertex 1.5692432518870032 -19.490121959281336 56.85562684888737
      vertex 1.5404077037203827 -19.408692883250254 56.88446184399852
      vertex 7.212489168102785 -32 51.212489168102785
    endloop
  endfacet
  facet normal -0.7071000000620525 -1.653896424716858e-13 -0.7071135622460124
    outer loop
      vertex 1.5073500051102913 -19.328884538924928 56.91751890857382
      vertex 7.212489168102785 -32 51.212489168102785
      vertex 1.5404077037203827 -19.408692883250254 56.88446184399852
    endloop
  endfacet
  facet normal 0 0 1
    outer loop
      vertex 18 -32 62
      vertex 0.8986544077747947 -21.38380643710995 62
      vertex 0.825 -21.428941916244323 62
    endloop
  endfacet
  facet normal 0 0 1
    outer loop
      vertex 18 -32 62
      vertex 0.9698456662825806 -21.334878040718664 62
      vertex 0.8986544077747947 -21.38380643710995 62
    endloop
  endfacet
  facet normal 0 0 1
    outer loop
      vertex 18 -32 62
      vertex 1.0383786452322317 -21.282290836404 62
      vertex 0.9698456662825806 -21.334878040718664 62
    endloop
  endfacet
  facet normal 0 0 1
    outer loop
      vertex 18 -32 62
      vertex 1.104065500492116 -21.2261889620377 62
      vertex 1.0383786452322317 -21.282290836404 62
    endloop
  endfacet
  facet normal 0 -1 0
    outer loop
      vertex 18 -32 62
      vertex 0 -32 58.42484000325203
      vertex 7.212489168102785 -32 51.212489168102785
    endloop
  endfacet
  facet normal 0 0 1
    outer loop
      vertex 18 -32 62
      vertex 1.1667261889578033 -21.166726188957803 62
      vertex 1.104065500492116 -21.2261889620377 62
    endloop
  endfacet
  facet normal 0 0 1
    outer loop
      vertex 18 -32 62
      vertex 1.2261889620377004 -21.104065500492116 62
      vertex 1.1667261889578033 -21.166726188957803 62
    endloop
  endfacet
  facet normal 0 0 1
    outer loop
      vertex 18 -32 62
      vertex 1.282290836404002 -21.038378645232232 62
      vertex 1.2261889620377004 -21.104065500492116 62
    endloop
  endfacet
  facet normal 0 0 1
    outer loop
      vertex 18 -32 62
      vertex 1.3348780407186631 -20.96984566628258 62
      vertex 1.282290836404002 -21.038378645232232 62
    endloop
  endfacet
  facet normal 0 0 1
    outer loop
      vertex 18 -32 62
      vertex 1.3838064371099497 -20.898654407774796 62
      vertex 1.3348780407186631 -20.96984566628258 62
    endloop
  endfacet
  facet normal 0 0 1
    outer loop
      vertex 18 -32 62
      vertex 1.4289419162443235 -20.825 62
      vertex 1.3838064371099497 -20.898654407774796 62
    endloop
  endfacet
  facet normal 0 0 1
    outer loop
      vertex 18 -32 62
      vertex 1.470160764910807 -20.74908432457025 62
      vertex 1.4289419162443235 -20.825 62
    endloop
  endfacet
  facet normal 0 0 1
    outer loop
      vertex 18 -32 62
      vertex 1.5073500051102913 -20.671115461075072 62
      vertex 1.470160764910807 -20.74908432457025 62
    endloop
  endfacet
  facet normal 0 0 1
    outer loop
      vertex 18 -32 62
      vertex 1.5404077037203827 -20.591307116749746 62
      vertex 1.5073500051102913 -20.671115461075072 62
    endloop
  endfacet
  facet normal 0 0 1
    outer loop
      vertex 18 -32 62
      vertex 1.5692432518870032 -20.509878040718664 62
      vertex 1.5404077037203827 -20.591307116749746 62
    endloop
  endfacet
  facet normal 0 0 1
    outer loop
      vertex 18 -32 62
      vertex 1.5937776133769626 -20.427051424419158 62
      vertex 1.5692432518870032 -20.509878040718664 62
    endloop
  endfacet
  facet normal 0 0 1
    outer loop
      vertex 18 -32 62
      vertex 1.6139435412107792 -20.343054289849302 62
      vertex 1.5937776133769626 -20.427051424419158 62
    endloop
  endfacet
  facet normal 0 0 1
    outer loop
      vertex 18 -32 62
      vertex 1.6296857619819773 -20.25811686731638 62
      vertex 1.6139435412107792 -20.343054289849302 62
    endloop
  endfacet
  facet normal 0 0 1
    outer loop
      vertex 18 -32 62
      vertex 1.6409611273576508 -20.17247196439163 62
      vertex 1.6296857619819773 -20.25811686731638 62
    endloop
  endfacet
  facet normal 0 0 1
    outer loop
      vertex 18 -32 62
      vertex 1.6477387323450468 -20.08635432780086 62
      vertex 1.6409611273576508 -20.17247196439163 62
    endloop
  endfacet
  facet normal 0 0 1
    outer loop
      vertex 18 -32 62
      vertex 1.65 -20 62
      vertex 1.6477387323450468 -20.08635432780086 62
    endloop
  endfacet
  facet normal 0 0 1
    outer loop
      vertex 18 -32 62
      vertex 1.6477387323450468 -19.91364567219914 62
      vertex 1.65 -20 62
    endloop
  endfacet
  facet normal 0 0 1
    outer loop
      vertex 18 -32 62
      vertex 1.6409611273576508 -19.82752803560837 62
      vertex 1.6477387323450468 -19.91364567219914 62
    endloop
  endfacet
  facet normal 0 0 1
    outer loop
      vertex 18 -32 62
      vertex 1.6296857619819773 -19.74188313268362 62
      vertex 1.6409611273576508 -19.82752803560837 62
    endloop
  endfacet
  facet normal 0 0 1
    outer loop
      vertex 18 -32 62
      vertex 1.6139435412107792 -19.656945710150698 62
      vertex 1.6296857619819773 -19.74188313268362 62
    endloop
  endfacet
  facet normal 0 0 1
    outer loop
      vertex 18 -32 62
      vertex 1.5692432518870032 -19.490121959281336 62
      vertex 1.5937776133769626 -19.572948575580842 62
    endloop
  endfacet
  facet normal 0 0 1
    outer loop
      vertex 18 -32 62
      vertex 1.5404077037203827 -19.408692883250254 62
      vertex 1.5692432518870032 -19.490121959281336 62
    endloop
  endfacet
  facet normal 0 0 1
    outer loop
      vertex 18 -32 62
      vertex 1.5937776133769626 -19.572948575580842 62
      vertex 1.6139435412107792 -19.656945710150698 62
    endloop
  endfacet
  facet normal -0.026176948307882197 -9.951889884259669e-21 0.9996573249755571
    outer loop
      vertex 0 -32 33.8
      vertex 0.5338267536780271 -32 33.81397874550335
      vertex 0.5338267536780271 32 33.81397874550335
    endloop
  endfacet
  facet normal -0.07845909572784421 -1.5321325667609578e-20 0.996917333733128
    outer loop
      vertex 0.5338267536780271 -32 33.81397874550335
      vertex 1.0661903253300653 -32 33.855876667243614
      vertex 1.0661903253300653 32 33.855876667243614
    endloop
  endfacet
  facet normal -0.13052619222005651 4.0640585485923016e-20 0.9914448613738097
    outer loop
      vertex 1.0661903253300653 -32 33.855876667243614
      vertex 1.5956315434103547 -32 33.9255789259296
      vertex 1.5956315434103547 32 33.9255789259296
    endloop
  endfacet
  facet normal -0.18223552549214145 -2.5347572794673118e-20 0.9832549075639557
    outer loop
      vertex 1.5956315434103547 -32 33.9255789259296
      vertex 2.120699246341145 -32 34.02289447251518
      vertex 2.120699246341145 32 34.02289447251518
    endloop
  endfacet
  facet normal -0.23344536385590262 1.6901347397807244e-19 0.9723699203976771
    outer loop
      vertex 2.120699246341145 -32 34.02289447251518
      vertex 2.6399542600457115 -32 34.1475565718515
      vertex 2.6399542600457115 32 34.1475565718515
    endloop
  endfacet
  facet normal -0.28401534470392986 1.2339170295302978e-19 0.9588197348681908
    outer loop
      vertex 2.6399542600457115 -32 34.1475565718515
      vertex 3.1519733426244634 -32 34.29922353378944
      vertex 3.1519733426244634 32 34.29922353378944
    endloop
  endfacet
  facet normal -0.33380685923376735 1.9569230354497758e-19 0.9426414910921797
    outer loop
      vertex 3.1519733426244634 -32 34.29922353378944
      vertex 3.6553530853620626 -32 34.477479649728544
      vertex 3.6553530853620626 32 34.477479649728544
    endloop
  endfacet
  facet normal -0.3826834323650875 -8.909094169428223e-20 0.9238795325112876
    outer loop
      vertex 3.6553530853620626 -32 34.477479649728544
      vertex 4.148713759373162 -32 34.68183633204547
      vertex 4.148713759373162 32 34.68183633204547
    endloop
  endfacet
  facet normal -0.4305110968082983 -1.557340700488842e-19 0.9025852843498592
    outer loop
      vertex 4.148713759373162 -32 34.68183633204547
      vertex 4.630703097343377 -32 34.91173345327865
      vertex 4.630703097343377 32 34.91173345327865
    endloop
  endfacet
  facet normal -0.47715876025961335 -1.46548208934267e-20 0.8788171126619627
    outer loop
      vertex 4.630703097343377 -32 34.91173345327865
      vertex 5.1 -32 35.16654088139873
      vertex 5.1 32 35.16654088139873
    endloop
  endfacet
  facet normal -0.5224985647159359 -2.7091665577169823e-19 0.8526401643541001
    outer loop
      vertex 5.1 -32 35.16654088139873
      vertex 5.555318157153276 -32 35.44556020695667
      vertex 5.555318157153276 32 35.44556020695667
    endloop
  endfacet
  facet normal -0.5664062369248336 -1.4463645214735511e-19 0.8241261886220151
    outer loop
      vertex 5.555318157153276 -32 35.44556020695667
      vertex 5.995409573383226 -32 35.74802665737553
      vertex 5.995409573383226 32 35.74802665737553
    endloop
  endfacet
  facet normal -0.6087614290087281 2.3569629699925414e-19 0.7933533402912294
    outer loop
      vertex 5.995409573383226 -32 35.74802665737553
      vertex 6.419067988708341 -32 36.0731111931389
      vertex 6.419067988708341 32 36.0731111931389
    endloop
  endfacet
  facet normal -0.649448048330178 -2.795633367654665e-20 0.7604059656000358
    outer loop
      vertex 6.419067988708341 -32 36.0731111931389
      vertex 6.825132184860354 -32 36.41992278013058
      vertex 6.825132184860354 32 36.41992278013058
    endloop
  endfacet
  facet normal -0.6883545756937559 -8.311199588675212e-20 0.7253743710122857
    outer loop
      vertex 6.825132184860354 -32 36.41992278013058
      vertex 7.212489168102785 -32 36.787510831897215
      vertex 7.212489168102785 32 36.787510831897215
    endloop
  endfacet
  facet normal -0.7253743710122905 -1.2731304432396559e-22 0.6883545756937508
    outer loop
      vertex 7.212489168102785 -32 36.787510831897215
      vertex 7.580077219869421 -32 37.17486781513965
      vertex 7.580077219869421 32 37.17486781513965
    endloop
  endfacet
  facet normal -0.7604059656000289 -3.703563590160743e-19 0.6494480483301861
    outer loop
      vertex 7.580077219869421 -32 37.17486781513965
      vertex 7.926888806861102 -32 37.58093201129166
      vertex 7.926888806861102 32 37.58093201129166
    endloop
  endfacet
  facet normal -0.7933533402912336 -3.694324978392585e-19 0.6087614290087227
    outer loop
      vertex 7.926888806861102 -32 37.58093201129166
      vertex 8.251973342624463 -32 38.00459042661677
      vertex 8.251973342624463 32 38.00459042661677
    endloop
  endfacet
  facet normal -0.8241261886220178 1.7585278836881808e-19 0.5664062369248297
    outer loop
      vertex 8.251973342624463 -32 38.00459042661677
      vertex 8.554439793043326 -32 38.44468184284673
      vertex 8.554439793043326 32 38.44468184284673
    endloop
  endfacet
  facet normal -0.852640164354092 -3.372213994572561e-19 0.5224985647159494
    outer loop
      vertex 8.554439793043326 -32 38.44468184284673
      vertex 8.833459118601272 -32 38.9
      vertex 8.833459118601272 32 38.9
    endloop
  endfacet
  facet normal -0.707100000061869 6.0878705532249725e-18 -0.7071135622461959
    outer loop
      vertex 1.5073500051102913 -19.328884538924928 56.91751890857382
      vertex 1.282290836404002 18.961621354767768 57.14257376072603
      vertex 7.212489168102785 -32 51.212489168102785
    endloop
  endfacet
  facet normal -0.7071000000618667 8.15021853708149e-22 -0.7071135622461983
    outer loop
      vertex 0.2581168673163809 -18.37031423801802 58.16672808652452
      vertex 0.3430542898493029 18.38605645878922 58.08179229306088
      vertex 0.3430542898493029 -18.38605645878922 58.08179229306088
    endloop
  endfacet
  facet normal -0.707100000061881 -3.968898074609445e-20 -0.707113562246184
    outer loop
      vertex 0.3430542898493029 -18.38605645878922 58.08179229306088
      vertex 0.4270514244191592 18.40622238662304 57.99779676952591
      vertex 0.4270514244191592 -18.40622238662304 57.99779676952591
    endloop
  endfacet
  facet normal -0.7071000000618771 0 -0.7071135622461877
    outer loop
      vertex 0.5098780407186632 -18.430756748112998 57.91497174181118
      vertex 0.4270514244191592 -18.40622238662304 57.99779676952591
      vertex 0.5098780407186632 18.430756748112998 57.91497174181118
    endloop
  endfacet
  facet normal -0.7071000000618746 0 -0.7071135622461904
    outer loop
      vertex 0.825 -18.571058083755677 57.59985582645592
      vertex 0.7490843245702522 -18.52983923508919 57.675770045850264
      vertex 0.825 18.571058083755677 57.59985582645592
    endloop
  endfacet
  facet normal -0.7071000000618561 -7.892808890464067e-20 -0.7071135622462087
    outer loop
      vertex 0.5098780407186632 -18.430756748112998 57.91497174181118
      vertex 0.5913071167497455 18.459592296279617 57.83354422756055
      vertex 0.5913071167497455 -18.459592296279617 57.83354422756055
    endloop
  endfacet
  facet normal -0.7071000000618545 -9.157037013942387e-20 -0.7071135622462105
    outer loop
      vertex 0.5913071167497455 -18.459592296279617 57.83354422756055
      vertex 0.6711154610750703 18.49264999488971 57.75373741393063
      vertex 0.6711154610750703 -18.49264999488971 57.75373741393063
    endloop
  endfacet
  facet normal -0.7071000000618725 -2.942535315752606e-20 -0.7071135622461926
    outer loop
      vertex 0.6711154610750703 -18.49264999488971 57.75373741393063
      vertex 0.7490843245702522 18.52983923508919 57.675770045850264
      vertex 0.7490843245702522 -18.52983923508919 57.675770045850264
    endloop
  endfacet
  facet normal -0.70710000006187 0 -0.7071135622461949
    outer loop
      vertex 0.8986544077747947 -18.61619356289005 57.52620283134623
      vertex 0.825 -18.571058083755677 57.59985582645592
      vertex 0.8986544077747947 18.61619356289005 57.52620283134623
    endloop
  endfacet
  facet normal -0.7071000000618622 -7.01411884882308e-20 -0.7071135622462028
    outer loop
      vertex 0.8986544077747947 -18.61619356289005 57.52620283134623
      vertex 0.9698456662825806 18.665121959281336 57.455012938261234
      vertex 0.9698456662825806 -18.665121959281336 57.455012938261234
    endloop
  endfacet
  facet normal -0.7071000000618651 -1.1922302303144259e-19 -0.7071135622461998
    outer loop
      vertex 1.0383786452322317 -18.717709163596 57.38648127374952
      vertex 1.104065500492116 18.7738110379623 57.32079567833994
      vertex 1.104065500492116 -18.7738110379623 57.32079567833994
    endloop
  endfacet
  facet normal -0.7071000000618909 3.526061731118386e-20 -0.707113562246174
    outer loop
      vertex 0.9698456662825806 -18.665121959281336 57.455012938261234
      vertex 1.0383786452322317 18.717709163596 57.38648127374952
      vertex 1.0383786452322317 -18.717709163596 57.38648127374952
    endloop
  endfacet
  facet normal -0.7071000000618358 1.1770712792567027e-16 -0.7071135622462289
    outer loop
      vertex 1.3348780407186631 -19.03015433371742 57.08998756501507
      vertex 1.282290836404002 18.961621354767768 57.14257376072603
      vertex 1.3838064371099497 -19.101345592225204 57.04106010705287
    endloop
  endfacet
  facet normal -0.7071000000618783 -5.448627986346912e-20 -0.7071135622461866
    outer loop
      vertex 1.3348780407186631 -19.03015433371742 57.08998756501507
      vertex 1.282290836404002 -18.961621354767768 57.14257376072603
      vertex 1.282290836404002 18.961621354767768 57.14257376072603
    endloop
  endfacet
  facet normal -0.7071000000619179 -4.2382398100976797e-16 -0.7071135622461471
    outer loop
      vertex 1.4289419162443235 -19.175 56.99592549360079
      vertex 1.282290836404002 18.961621354767768 57.14257376072603
      vertex 1.470160764910807 -19.25091567542975 56.95470743549702
    endloop
  endfacet
  facet normal -0.7071000000618737 -8.433465056870434e-17 -0.7071135622461912
    outer loop
      vertex 1.3838064371099497 -19.101345592225204 57.04106010705287
      vertex 1.282290836404002 18.961621354767768 57.14257376072603
      vertex 1.4289419162443235 -19.175 56.99592549360079
    endloop
  endfacet
  facet normal -0.7071000000618427 3.1593483079106647e-16 -0.7071135622462222
    outer loop
      vertex 1.5073500051102913 -19.328884538924928 56.91751890857382
      vertex 1.470160764910807 -19.25091567542975 56.95470743549702
      vertex 1.282290836404002 18.961621354767768 57.14257376072603
    endloop
  endfacet
  facet normal -0.7071000000618718 0 -0.7071135622461932
    outer loop
      vertex 1.1667261889578033 -18.833273811042197 57.25813619168377
      vertex 1.104065500492116 -18.7738110379623 57.32079567833994
      vertex 1.1667261889578033 18.833273811042197 57.25813619168377
    endloop
  endfacet
  facet normal -0.7071000000618515 -1.03431658555124e-20 -0.7071135622462137
    outer loop
      vertex 1.1667261889578033 -18.833273811042197 57.25813619168377
      vertex 1.2261889620377004 18.895934499507884 57.19867455907852
      vertex 1.2261889620377004 -18.895934499507884 57.19867455907852
    endloop
  endfacet
  facet normal -0.7071000000618788 -6.447005476256713e-20 -0.707113562246186
    outer loop
      vertex 1.2261889620377004 -18.895934499507884 57.19867455907852
      vertex 1.282290836404002 18.961621354767768 57.14257376072603
      vertex 1.282290836404002 -18.961621354767768 57.14257376072603
    endloop
  endfacet
  facet normal -0.7071000000618658 0 -0.7071135622461991
    outer loop
      vertex 0.08635432780085732 -18.352261267654953 58.338487331696186
      vertex 0 -18.35 58.42484000325203
      vertex 0.08635432780085732 18.352261267654953 58.338487331696186
    endloop
  endfacet
  facet normal -0.7071000000618676 4.828783799280383e-20 -0.7071135622461973
    outer loop
      vertex 0.08635432780085732 -18.352261267654953 58.338487331696186
      vertex 0.1724719643916282 18.359038872642348 58.252371346810776
      vertex 0.1724719643916282 -18.359038872642348 58.252371346810776
    endloop
  endfacet
  facet normal -0.7071000000618682 1.794233226279426e-21 -0.7071135622461968
    outer loop
      vertex 0.1724719643916282 -18.359038872642348 58.252371346810776
      vertex 0.2581168673163809 18.37031423801802 58.16672808652452
      vertex 0.2581168673163809 -18.37031423801802 58.16672808652452
    endloop
  endfacet
  facet normal 0 0 1
    outer loop
      vertex -18 32 62
      vertex 1.5404077037203827 -19.408692883250254 62
      vertex 18 -32 62
    endloop
  endfacet
  facet normal -0.7933533402912336 3.694324978392585e-19 -0.6087614290087227
    outer loop
      vertex 8.251973342624463 -32 49.99540957338323
      vertex 7.926888806861102 -32 50.41906798870834
      vertex 7.926888806861102 32 50.41906798870834
    endloop
  endfacet
  facet normal -0.8241261886220178 -1.7585278836881808e-19 -0.5664062369248297
    outer loop
      vertex 8.554439793043326 -32 49.55531815715327
      vertex 8.251973342624463 -32 49.99540957338323
      vertex 8.251973342624463 32 49.99540957338323
    endloop
  endfacet
  facet normal -0.852640164354092 3.372213994572561e-19 -0.5224985647159494
    outer loop
      vertex 8.833459118601272 -32 49.1
      vertex 8.554439793043326 -32 49.55531815715327
      vertex 8.554439793043326 32 49.55531815715327
    endloop
  endfacet
  facet normal -0.8788171126619646 -8.185440903669516e-20 -0.4771587602596101
    outer loop
      vertex 9.088266546721352 -32 48.63070309734338
      vertex 8.833459118601272 -32 49.1
      vertex 8.833459118601272 32 49.1
    endloop
  endfacet
  facet normal -0.7253743710122905 1.2731304432396559e-22 -0.6883545756937508
    outer loop
      vertex 7.580077219869421 -32 50.82513218486035
      vertex 7.212489168102785 -32 51.212489168102785
      vertex 7.212489168102785 32 51.212489168102785
    endloop
  endfacet
  facet normal -0.7604059656000289 3.703563590160743e-19 -0.6494480483301861
    outer loop
      vertex 7.926888806861102 -32 50.41906798870834
      vertex 7.580077219869421 -32 50.82513218486035
      vertex 7.580077219869421 32 50.82513218486035
    endloop
  endfacet
  facet normal 0 -1 0
    outer loop
      vertex 18 -32 0
      vertex 18 -32 62
      vertex 10.074421074070404 -32 45.595631543410356
    endloop
  endfacet
  facet normal 0 -1 0
    outer loop
      vertex 18 -32 62
      vertex 7.926888806861102 -32 50.41906798870834
      vertex 8.251973342624463 -32 49.99540957338323
    endloop
  endfacet
  facet normal 0 -1 0
    outer loop
      vertex 18 -32 62
      vertex 8.554439793043326 -32 49.55531815715327
      vertex 8.833459118601272 -32 49.1
    endloop
  endfacet
  facet normal 0 -1 0
    outer loop
      vertex 18 -32 62
      vertex 8.251973342624463 -32 49.99540957338323
      vertex 8.554439793043326 -32 49.55531815715327
    endloop
  endfacet
  facet normal 0 -1 0
    outer loop
      vertex 18 -32 62
      vertex 8.833459118601272 -32 49.1
      vertex 9.088266546721352 -32 48.63070309734338
    endloop
  endfacet
  facet normal 0 -1 0
    outer loop
      vertex 18 -32 62
      vertex 9.318163667954527 -32 48.14871375937316
      vertex 9.522520350271456 -32 47.655353085362066
    endloop
  endfacet
  facet normal 0 -1 0
    outer loop
      vertex 18 -32 62
      vertex 9.088266546721352 -32 48.63070309734338
      vertex 9.318163667954527 -32 48.14871375937316
    endloop
  endfacet
  facet normal 0 -1 0
    outer loop
      vertex 18 -32 62
      vertex 9.977105527484817 -32 46.12069924634115
      vertex 10.074421074070404 -32 45.595631543410356
    endloop
  endfacet
  facet normal 0 -1 0
    outer loop
      vertex 18 -32 62
      vertex 9.852443428148495 -32 46.63995426004571
      vertex 9.977105527484817 -32 46.12069924634115
    endloop
  endfacet
  facet normal 0 -1 0
    outer loop
      vertex 18 -32 62
      vertex 9.522520350271456 -32 47.655353085362066
      vertex 9.700776466210565 -32 47.151973342624466
    endloop
  endfacet
  facet normal 0 -1 0
    outer loop
      vertex 18 -32 62
      vertex 9.700776466210565 -32 47.151973342624466
      vertex 9.852443428148495 -32 46.63995426004571
    endloop
  endfacet
  facet normal 0 -1 0
    outer loop
      vertex 18 -32 62
      vertex 7.212489168102785 -32 51.212489168102785
      vertex 7.580077219869421 -32 50.82513218486035
    endloop
  endfacet
  facet normal 0 -1 0
    outer loop
      vertex 18 -32 62
      vertex 7.580077219869421 -32 50.82513218486035
      vertex 7.926888806861102 -32 50.41906798870834
    endloop
  endfacet
  facet normal -0.8788171126619646 8.185440903669516e-20 0.4771587602596101
    outer loop
      vertex 8.833459118601272 -32 38.9
      vertex 9.088266546721352 -32 39.36929690265662
      vertex 9.088266546721352 32 39.36929690265662
    endloop
  endfacet
  facet normal -0.9025852843498628 3.2837534965683976e-20 0.4305110968082902
    outer loop
      vertex 9.088266546721352 -32 39.36929690265662
      vertex 9.318163667954527 -32 39.85128624062684
      vertex 9.318163667954527 32 39.85128624062684
    endloop
  endfacet
  facet normal -0.9238795325112851 -3.31412712802024e-20 0.3826834323650943
    outer loop
      vertex 9.318163667954527 -32 39.85128624062684
      vertex 9.522520350271456 -32 40.344646914637934
      vertex 9.522520350271456 32 40.344646914637934
    endloop
  endfacet
  facet normal -0.9426414910921788 1.3112802041329916e-19 0.3338068592337698
    outer loop
      vertex 9.522520350271456 -32 40.344646914637934
      vertex 9.700776466210565 -32 40.848026657375534
      vertex 9.700776466210565 32 40.848026657375534
    endloop
  endfacet
  facet normal -0.9588197348681929 -8.648359006938498e-20 0.2840153447039231
    outer loop
      vertex 9.700776466210565 -32 40.848026657375534
      vertex 9.852443428148495 -32 41.36004573995429
      vertex 9.852443428148495 32 41.36004573995429
    endloop
  endfacet
  facet normal -0.9723699203976766 -3.9593207578497844e-20 0.2334453638559062
    outer loop
      vertex 9.852443428148495 -32 41.36004573995429
      vertex 9.977105527484817 -32 41.87930075365885
      vertex 9.977105527484817 32 41.87930075365885
    endloop
  endfacet
  facet normal -0.9832549075639545 1.0579952016998507e-20 0.18223552549214764
    outer loop
      vertex 9.977105527484817 -32 41.87930075365885
      vertex 10.074421074070404 -32 42.404368456589644
      vertex 10.074421074070404 32 42.404368456589644
    endloop
  endfacet
  facet normal -0.9914448613738108 -1.0045141326417237e-19 0.13052619222004896
    outer loop
      vertex 10.074421074070404 -32 42.404368456589644
      vertex 10.144123332756386 -32 42.93380967466994
      vertex 10.144123332756386 32 42.93380967466994
    endloop
  endfacet
  facet normal -0.9914448613738108 1.0045141326417237e-19 -0.13052619222004896
    outer loop
      vertex 10.144123332756386 -32 45.06619032533006
      vertex 10.074421074070404 -32 45.595631543410356
      vertex 10.074421074070404 32 45.595631543410356
    endloop
  endfacet
  facet normal -0.9832549075639545 -1.0579952016998507e-20 -0.18223552549214764
    outer loop
      vertex 10.074421074070404 -32 45.595631543410356
      vertex 9.977105527484817 -32 46.12069924634115
      vertex 9.977105527484817 32 46.12069924634115
    endloop
  endfacet
  facet normal -0.9723699203976766 3.9593207578497844e-20 -0.2334453638559062
    outer loop
      vertex 9.977105527484817 -32 46.12069924634115
      vertex 9.852443428148495 -32 46.63995426004571
      vertex 9.852443428148495 32 46.63995426004571
    endloop
  endfacet
  facet normal -0.996917333733128 -7.775938971307575e-21 0.07845909572784479
    outer loop
      vertex 10.144123332756386 -32 42.93380967466994
      vertex 10.186021254496652 -32 43.46617324632197
      vertex 10.186021254496652 32 43.46617324632197
    endloop
  endfacet
  facet normal -0.9996573249755571 -1.069871425710675e-20 0.026176948307875505
    outer loop
      vertex 10.186021254496652 -32 43.46617324632197
      vertex 10.2 -32 44
      vertex 10.2 32 44
    endloop
  endfacet
  facet normal -0.9996573249755571 1.069871425710675e-20 -0.026176948307875505
    outer loop
      vertex 10.2 -32 44
      vertex 10.186021254496652 -32 44.53382675367803
      vertex 10.186021254496652 32 44.53382675367803
    endloop
  endfacet
  facet normal -0.996917333733128 7.775938971307575e-21 -0.07845909572784479
    outer loop
      vertex 10.186021254496652 -32 44.53382675367803
      vertex 10.144123332756386 -32 45.06619032533006
      vertex 10.144123332756386 32 45.06619032533006
    endloop
  endfacet
  facet normal 1 0 0
    outer loop
      vertex 18 -32 62
      vertex 18 -1.5692432518870032 15.509878040718663
      vertex 18 -1.5404077037203827 15.591307116749746
    endloop
  endfacet
  facet normal 1 0 0
    outer loop
      vertex 18 -32 62
      vertex 18 -1.5404077037203827 15.591307116749746
      vertex 18 -1.5073500051102913 15.67111546107507
    endloop
  endfacet
  facet normal 1 0 0
    outer loop
      vertex 18 -32 62
      vertex 18 -1.5073500051102913 15.67111546107507
      vertex 18 -1.470160764910807 15.749084324570251
    endloop
  endfacet
  facet normal 1 0 0
    outer loop
      vertex 18 -32 62
      vertex 18 -1.470160764910807 15.749084324570251
      vertex 18 -1.4289419162443235 15.825
    endloop
  endfacet
  facet normal 1 0 0
    outer loop
      vertex 18 -32 62
      vertex 18 -1.4289419162443235 15.825
      vertex 18 -1.3838064371099497 15.898654407774794
    endloop
  endfacet
  facet normal 1 0 0
    outer loop
      vertex 18 -32 62
      vertex 18 -1.3838064371099497 15.898654407774794
      vertex 18 -1.3348780407186631 15.96984566628258
    endloop
  endfacet
  facet normal 1 0 0
    outer loop
      vertex 18 -32 62
      vertex 18 -1.3348780407186631 15.96984566628258
      vertex 18 -1.282290836404002 16.038378645232232
    endloop
  endfacet
  facet normal 1 0 0
    outer loop
      vertex 18 -32 62
      vertex 18 -1.282290836404002 16.038378645232232
      vertex 18 -1.2261889620377004 16.104065500492116
    endloop
  endfacet
  facet normal 1 0 0
    outer loop
      vertex 18 -32 62
      vertex 18 -1.2261889620377004 16.104065500492116
      vertex 18 -1.1667261889578033 16.166726188957803
    endloop
  endfacet
  facet normal 1 0 0
    outer loop
      vertex 18 -32 62
      vertex 18 -1.1667261889578033 16.166726188957803
      vertex 18 -1.104065500492116 16.2261889620377
    endloop
  endfacet
  facet normal 1 0 0
    outer loop
      vertex 18 -32 62
      vertex 18 -1.104065500492116 16.2261889620377
      vertex 18 -1.0383786452322317 16.282290836404
    endloop
  endfacet
  facet normal 1 0 0
    outer loop
      vertex 18 -32 62
      vertex 18 -1.0383786452322317 16.282290836404
      vertex 18 -0.9698456662825806 16.334878040718664
    endloop
  endfacet
  facet normal 1 0 0
    outer loop
      vertex 18 -32 62
      vertex 18 -0.9698456662825806 16.334878040718664
      vertex 18 -0.8986544077747947 16.38380643710995
    endloop
  endfacet
  facet normal 1 0 0
    outer loop
      vertex 18 -32 62
      vertex 18 -0.8986544077747947 16.38380643710995
      vertex 18 -0.825 16.428941916244323
    endloop
  endfacet
  facet normal 1 0 0
    outer loop
      vertex 18 -32 62
      vertex 18 -0.825 16.428941916244323
      vertex 18 -0.7490843245702522 16.47016076491081
    endloop
  endfacet
  facet normal 1 0 0
    outer loop
      vertex 18 -32 62
      vertex 18 -0.7490843245702522 16.47016076491081
      vertex 18 -0.6711154610750703 16.50735000511029
    endloop
  endfacet
  facet normal 1 0 0
    outer loop
      vertex 18 -32 62
      vertex 18 -0.6711154610750703 16.50735000511029
      vertex 18 -0.5913071167497455 16.540407703720383
    endloop
  endfacet
  facet normal 1 0 0
    outer loop
      vertex 18 -32 62
      vertex 18 -0.5913071167497455 16.540407703720383
      vertex 18 -0.5098780407186632 16.569243251887002
    endloop
  endfacet
  facet normal 1 0 0
    outer loop
      vertex 18 -32 62
      vertex 18 -0.5098780407186632 16.569243251887002
      vertex 18 -0.4270514244191592 16.59377761337696
    endloop
  endfacet
  facet normal 1 0 0
    outer loop
      vertex 18 -32 62
      vertex 18 -0.4270514244191592 16.59377761337696
      vertex 18 -0.3430542898493029 16.61394354121078
    endloop
  endfacet
  facet normal 1 0 0
    outer loop
      vertex 18 -32 62
      vertex 18 -0.3430542898493029 16.61394354121078
      vertex 18 -0.2581168673163809 16.62968576198198
    endloop
  endfacet
  facet normal 1 0 0
    outer loop
      vertex 18 -32 62
      vertex 18 -0.2581168673163809 16.62968576198198
      vertex 18 -0.1724719643916282 16.640961127357652
    endloop
  endfacet
  facet normal 1 0 0
    outer loop
      vertex 18 -32 62
      vertex 18 -0.1724719643916282 16.640961127357652
      vertex 18 -0.08635432780085732 16.647738732345047
    endloop
  endfacet
  facet normal 1 0 0
    outer loop
      vertex 18 -32 62
      vertex 18 -0.08635432780085732 16.647738732345047
      vertex 18 0 16.65
    endloop
  endfacet
  facet normal 1 0 0
    outer loop
      vertex 18 -32 62
      vertex 18 0 16.65
      vertex 18 0.08635432780085732 16.647738732345047
    endloop
  endfacet
  facet normal 1 0 0
    outer loop
      vertex 18 -32 62
      vertex 18 0.08635432780085732 16.647738732345047
      vertex 18 0.1724719643916282 16.640961127357652
    endloop
  endfacet
  facet normal 1 0 0
    outer loop
      vertex 18 -32 62
      vertex 18 0.1724719643916282 16.640961127357652
      vertex 18 0.2581168673163809 16.62968576198198
    endloop
  endfacet
  facet normal 1 0 0
    outer loop
      vertex 18 -32 62
      vertex 18 0.4270514244191592 16.59377761337696
      vertex 18 0.5098780407186632 16.569243251887002
    endloop
  endfacet
  facet normal 1 0 0
    outer loop
      vertex 18 -32 62
      vertex 18 0.5098780407186632 16.569243251887002
      vertex 18 0.5913071167497455 16.540407703720383
    endloop
  endfacet
  facet normal 1 0 0
    outer loop
      vertex 18 -32 62
      vertex 18 0.2581168673163809 16.62968576198198
      vertex 18 0.3430542898493029 16.61394354121078
    endloop
  endfacet
  facet normal 1 0 0
    outer loop
      vertex 18 -32 62
      vertex 18 0.3430542898493029 16.61394354121078
      vertex 18 0.4270514244191592 16.59377761337696
    endloop
  endfacet
  facet normal 1 0 0
    outer loop
      vertex 18 -32 62
      vertex 18 0.6711154610750703 16.50735000511029
      vertex 18 0.7490843245702522 16.47016076491081
    endloop
  endfacet
  facet normal 1 0 0
    outer loop
      vertex 18 -32 62
      vertex 18 0.5913071167497455 16.540407703720383
      vertex 18 0.6711154610750703 16.50735000511029
    endloop
  endfacet
  facet normal -0.9238795325112851 3.31412712802024e-20 -0.3826834323650943
    outer loop
      vertex 9.522520350271456 -32 47.655353085362066
      vertex 9.318163667954527 -32 48.14871375937316
      vertex 9.318163667954527 32 48.14871375937316
    endloop
  endfacet
  facet normal -0.9588197348681929 8.648359006938498e-20 -0.2840153447039231
    outer loop
      vertex 9.852443428148495 -32 46.63995426004571
      vertex 9.700776466210565 -32 47.151973342624466
      vertex 9.700776466210565 32 47.151973342624466
    endloop
  endfacet
  facet normal -0.9426414910921788 -1.3112802041329916e-19 -0.3338068592337698
    outer loop
      vertex 9.700776466210565 -32 47.151973342624466
      vertex 9.522520350271456 -32 47.655353085362066
      vertex 9.522520350271456 32 47.655353085362066
    endloop
  endfacet
  facet normal -0.9025852843498628 -3.2837534965683976e-20 -0.4305110968082902
    outer loop
      vertex 9.318163667954527 -32 48.14871375937316
      vertex 9.088266546721352 -32 48.63070309734338
      vertex 9.088266546721352 32 48.63070309734338
    endloop
  endfacet
  facet normal -0.026176948307875546 -0.9996573249755571 0
    outer loop
      vertex 0.5338267536780271 10.186021254496652 30
      vertex 0 10.2 0
      vertex 0.5338267536780271 10.186021254496652 0
    endloop
  endfacet
  facet normal -0.07845909572784421 -0.996917333733128 0
    outer loop
      vertex 1.0661903253300653 10.144123332756386 30
      vertex 0.5338267536780271 10.186021254496652 0
      vertex 1.0661903253300653 10.144123332756386 0
    endloop
  endfacet
  facet normal -0.13052619222004996 -0.9914448613738105 0
    outer loop
      vertex 1.5956315434103547 10.074421074070404 30
      vertex 1.0661903253300653 10.144123332756386 0
      vertex 1.5956315434103547 10.074421074070404 0
    endloop
  endfacet
  facet normal -0.18223552549214786 -0.9832549075639544 0
    outer loop
      vertex 2.120699246341145 9.977105527484817 30
      vertex 1.5956315434103547 10.074421074070404 0
      vertex 2.120699246341145 9.977105527484817 0
    endloop
  endfacet
  facet normal -0.23344536385590578 -0.9723699203976764 0
    outer loop
      vertex 2.6399542600457115 9.852443428148495 30
      vertex 2.120699246341145 9.977105527484817 0
      vertex 2.6399542600457115 9.852443428148495 0
    endloop
  endfacet
  facet normal -0.2840153447039237 -0.9588197348681926 0
    outer loop
      vertex 3.1519733426244634 9.700776466210565 30
      vertex 2.6399542600457115 9.852443428148495 0
      vertex 3.1519733426244634 9.700776466210565 0
    endloop
  endfacet
  facet normal -0.33380685923377035 -0.9426414910921787 0
    outer loop
      vertex 3.6553530853620626 9.522520350271456 30
      vertex 3.1519733426244634 9.700776466210565 0
      vertex 3.6553530853620626 9.522520350271456 0
    endloop
  endfacet
  facet normal -0.38268343236509034 -0.9238795325112864 0
    outer loop
      vertex 4.148713759373162 9.318163667954527 30
      vertex 3.6553530853620626 9.522520350271456 0
      vertex 4.148713759373162 9.318163667954527 0
    endloop
  endfacet
  facet normal -0.43051109680829275 -0.9025852843498616 0
    outer loop
      vertex 4.630703097343377 9.088266546721352 30
      vertex 4.148713759373162 9.318163667954527 0
      vertex 4.630703097343377 9.088266546721352 0
    endloop
  endfacet
  facet normal -0.6494480483301828 -0.7604059656000316 0
    outer loop
      vertex 6.825132184860354 7.580077219869421 30
      vertex 6.419067988708341 7.926888806861102 0
      vertex 6.825132184860354 7.580077219869421 0
    endloop
  endfacet
  facet normal -0.6883545756937534 -0.7253743710122883 0
    outer loop
      vertex 7.212489168102785 7.212489168102785 30
      vertex 6.825132184860354 7.580077219869421 0
      vertex 7.212489168102785 7.212489168102785 0
    endloop
  endfacet
  facet normal -0.7253743710122883 -0.6883545756937534 0
    outer loop
      vertex 7.580077219869421 6.825132184860354 30
      vertex 7.212489168102785 7.212489168102785 0
      vertex 7.580077219869421 6.825132184860354 0
    endloop
  endfacet
  facet normal -0.7604059656000316 -0.6494480483301828 0
    outer loop
      vertex 7.926888806861102 6.419067988708341 30
      vertex 7.580077219869421 6.825132184860354 0
      vertex 7.926888806861102 6.419067988708341 0
    endloop
  endfacet
  facet normal -0.824126188622015 -0.5664062369248335 0
    outer loop
      vertex 8.554439793043326 5.555318157153276 30
      vertex 8.251973342624463 5.995409573383226 0
      vertex 8.554439793043326 5.555318157153276 0
    endloop
  endfacet
  facet normal -0.8526401643540942 -0.5224985647159456 0
    outer loop
      vertex 8.833459118601272 5.1 30
      vertex 8.554439793043326 5.555318157153276 0
      vertex 8.833459118601272 5.1 0
    endloop
  endfacet
  facet normal -0.7933533402912343 -0.6087614290087219 0
    outer loop
      vertex 8.251973342624463 5.995409573383226 30
      vertex 7.926888806861102 6.419067988708341 0
      vertex 8.251973342624463 5.995409573383226 0
    endloop
  endfacet
  facet normal -0.4771587602596108 -0.878817112661964 0
    outer loop
      vertex 5.1 8.833459118601272 30
      vertex 4.630703097343377 9.088266546721352 0
      vertex 5.1 8.833459118601272 0
    endloop
  endfacet
  facet normal -0.5224985647159456 -0.8526401643540942 0
    outer loop
      vertex 5.555318157153276 8.554439793043326 30
      vertex 5.1 8.833459118601272 0
      vertex 5.555318157153276 8.554439793043326 0
    endloop
  endfacet
  facet normal -0.5664062369248335 -0.824126188622015 0
    outer loop
      vertex 5.995409573383226 8.251973342624463 30
      vertex 5.555318157153276 8.554439793043326 0
      vertex 5.995409573383226 8.251973342624463 0
    endloop
  endfacet
  facet normal -0.6087614290087219 -0.7933533402912343 0
    outer loop
      vertex 6.419067988708341 7.926888806861102 30
      vertex 5.995409573383226 8.251973342624463 0
      vertex 6.419067988708341 7.926888806861102 0
    endloop
  endfacet
  facet normal 0 0 -1
    outer loop
      vertex 0.5338267536780271 -10.186021254496652 30
      vertex 0 10.2 30
      vertex 0.5338267536780271 10.186021254496652 30
    endloop
  endfacet
  facet normal 0 0 -1
    outer loop
      vertex 1.0661903253300653 -10.144123332756386 30
      vertex 0.5338267536780271 10.186021254496652 30
      vertex 1.0661903253300653 10.144123332756386 30
    endloop
  endfacet
  facet normal 0 0 -1
    outer loop
      vertex 1.5956315434103547 -10.074421074070404 30
      vertex 1.0661903253300653 10.144123332756386 30
      vertex 1.5956315434103547 10.074421074070404 30
    endloop
  endfacet
  facet normal 0 0 -1
    outer loop
      vertex 2.120699246341145 -9.977105527484817 30
      vertex 1.5956315434103547 10.074421074070404 30
      vertex 2.120699246341145 9.977105527484817 30
    endloop
  endfacet
  facet normal 0 0 -1
    outer loop
      vertex 2.6399542600457115 -9.852443428148495 30
      vertex 2.120699246341145 9.977105527484817 30
      vertex 2.6399542600457115 9.852443428148495 30
    endloop
  endfacet
  facet normal 0 0 -1
    outer loop
      vertex 3.1519733426244634 -9.700776466210565 30
      vertex 2.6399542600457115 9.852443428148495 30
      vertex 3.1519733426244634 9.700776466210565 30
    endloop
  endfacet
  facet normal 0 0 -1
    outer loop
      vertex 3.6553530853620626 -9.522520350271456 30
      vertex 3.1519733426244634 9.700776466210565 30
      vertex 3.6553530853620626 9.522520350271456 30
    endloop
  endfacet
  facet normal 0 0 -1
    outer loop
      vertex 4.148713759373162 -9.318163667954527 30
      vertex 3.6553530853620626 9.522520350271456 30
      vertex 4.148713759373162 9.318163667954527 30
    endloop
  endfacet
  facet normal 0 0 -1
    outer loop
      vertex 4.630703097343377 -9.088266546721352 30
      vertex 4.148713759373162 9.318163667954527 30
      vertex 4.630703097343377 9.088266546721352 30
    endloop
  endfacet
  facet normal -0.026176948307875546 -0.9996573249755571 0
    outer loop
      vertex 0 10.2 30
      vertex 0 10.2 0
      vertex 0.5338267536780271 10.186021254496652 30
    endloop
  endfacet
  facet normal -0.07845909572784421 -0.996917333733128 0
    outer loop
      vertex 0.5338267536780271 10.186021254496652 30
      vertex 0.5338267536780271 10.186021254496652 0
      vertex 1.0661903253300653 10.144123332756386 30
    endloop
  endfacet
  facet normal -0.13052619222004996 -0.9914448613738105 0
    outer loop
      vertex 1.0661903253300653 10.144123332756386 30
      vertex 1.0661903253300653 10.144123332756386 0
      vertex 1.5956315434103547 10.074421074070404 30
    endloop
  endfacet
  facet normal -0.18223552549214786 -0.9832549075639544 0
    outer loop
      vertex 1.5956315434103547 10.074421074070404 30
      vertex 1.5956315434103547 10.074421074070404 0
      vertex 2.120699246341145 9.977105527484817 30
    endloop
  endfacet
  facet normal -0.23344536385590578 -0.9723699203976764 0
    outer loop
      vertex 2.120699246341145 9.977105527484817 30
      vertex 2.120699246341145 9.977105527484817 0
      vertex 2.6399542600457115 9.852443428148495 30
    endloop
  endfacet
  facet normal -0.2840153447039237 -0.9588197348681926 0
    outer loop
      vertex 2.6399542600457115 9.852443428148495 30
      vertex 2.6399542600457115 9.852443428148495 0
      vertex 3.1519733426244634 9.700776466210565 30
    endloop
  endfacet
  facet normal -0.33380685923377035 -0.9426414910921787 0
    outer loop
      vertex 3.1519733426244634 9.700776466210565 30
      vertex 3.1519733426244634 9.700776466210565 0
      vertex 3.6553530853620626 9.522520350271456 30
    endloop
  endfacet
  facet normal -0.38268343236509034 -0.9238795325112864 0
    outer loop
      vertex 3.6553530853620626 9.522520350271456 30
      vertex 3.6553530853620626 9.522520350271456 0
      vertex 4.148713759373162 9.318163667954527 30
    endloop
  endfacet
  facet normal -0.43051109680829275 -0.9025852843498616 0
    outer loop
      vertex 4.148713759373162 9.318163667954527 30
      vertex 4.148713759373162 9.318163667954527 0
      vertex 4.630703097343377 9.088266546721352 30
    endloop
  endfacet
  facet normal -0.6494480483301828 -0.7604059656000316 0
    outer loop
      vertex 6.419067988708341 7.926888806861102 30
      vertex 6.419067988708341 7.926888806861102 0
      vertex 6.825132184860354 7.580077219869421 30
    endloop
  endfacet
  facet normal -0.6883545756937534 -0.7253743710122883 0
    outer loop
      vertex 6.825132184860354 7.580077219869421 30
      vertex 6.825132184860354 7.580077219869421 0
      vertex 7.212489168102785 7.212489168102785 30
    endloop
  endfacet
  facet normal -0.7604059656000316 -0.6494480483301828 0
    outer loop
      vertex 7.580077219869421 6.825132184860354 30
      vertex 7.580077219869421 6.825132184860354 0
      vertex 7.926888806861102 6.419067988708341 30
    endloop
  endfacet
  facet normal -0.7253743710122883 -0.6883545756937534 0
    outer loop
      vertex 7.212489168102785 7.212489168102785 30
      vertex 7.212489168102785 7.212489168102785 0
      vertex 7.580077219869421 6.825132184860354 30
    endloop
  endfacet
  facet normal -0.824126188622015 -0.5664062369248335 3.085577645810242e-19
    outer loop
      vertex 8.554439793043326 5.555318157153276 30
      vertex 8.251973342624463 5.995409573383226 30
      vertex 8.251973342624463 5.995409573383226 0
    endloop
  endfacet
  facet normal -0.878817112661964 -0.4771587602596108 0
    outer loop
      vertex 8.833459118601272 5.1 30
      vertex 8.833459118601272 5.1 0
      vertex 9.088266546721352 4.630703097343377 30
    endloop
  endfacet
  facet normal -0.8526401643540942 -0.5224985647159456 0
    outer loop
      vertex 8.554439793043326 5.555318157153276 30
      vertex 8.554439793043326 5.555318157153276 0
      vertex 8.833459118601272 5.1 30
    endloop
  endfacet
  facet normal -0.7933533402912343 -0.6087614290087219 9.04254644836465e-20
    outer loop
      vertex 8.251973342624463 5.995409573383226 30
      vertex 7.926888806861102 6.419067988708341 30
      vertex 7.926888806861102 6.419067988708341 0
    endloop
  endfacet
  facet normal 0 0 -1
    outer loop
      vertex 5.1 -8.833459118601272 30
      vertex 4.630703097343377 9.088266546721352 30
      vertex 5.1 8.833459118601272 30
    endloop
  endfacet
  facet normal 0 0 -1
    outer loop
      vertex 5.555318157153276 -8.554439793043326 30
      vertex 5.1 8.833459118601272 30
      vertex 5.555318157153276 8.554439793043326 30
    endloop
  endfacet
  facet normal 0 0 -1
    outer loop
      vertex 5.995409573383226 -8.251973342624463 30
      vertex 5.555318157153276 8.554439793043326 30
      vertex 5.995409573383226 8.251973342624463 30
    endloop
  endfacet
  facet normal 0 0 -1
    outer loop
      vertex 6.419067988708341 -7.926888806861102 30
      vertex 5.995409573383226 8.251973342624463 30
      vertex 6.419067988708341 7.926888806861102 30
    endloop
  endfacet
  facet normal 0 0 -1
    outer loop
      vertex 6.825132184860354 -7.580077219869421 30
      vertex 6.419067988708341 7.926888806861102 30
      vertex 6.825132184860354 7.580077219869421 30
    endloop
  endfacet
  facet normal 0 0 -1
    outer loop
      vertex 7.212489168102785 -7.212489168102785 30
      vertex 6.825132184860354 7.580077219869421 30
      vertex 7.212489168102785 7.212489168102785 30
    endloop
  endfacet
  facet normal 0 0 -1
    outer loop
      vertex 7.580077219869421 -6.825132184860354 30
      vertex 7.212489168102785 7.212489168102785 30
      vertex 7.580077219869421 6.825132184860354 30
    endloop
  endfacet
  facet normal 0 0 -1
    outer loop
      vertex 7.926888806861102 -6.419067988708341 30
      vertex 7.580077219869421 6.825132184860354 30
      vertex 7.926888806861102 6.419067988708341 30
    endloop
  endfacet
  facet normal 0 0 -1
    outer loop
      vertex 8.554439793043326 -5.555318157153276 30
      vertex 8.251973342624463 5.995409573383226 30
      vertex 8.554439793043326 5.555318157153276 30
    endloop
  endfacet
  facet normal 0 0 -1
    outer loop
      vertex 8.833459118601272 -5.1 30
      vertex 8.554439793043326 5.555318157153276 30
      vertex 8.833459118601272 5.1 30
    endloop
  endfacet
  facet normal 0 0 -1
    outer loop
      vertex 8.251973342624463 -5.995409573383226 30
      vertex 7.926888806861102 6.419067988708341 30
      vertex 8.251973342624463 5.995409573383226 30
    endloop
  endfacet
  facet normal -0.4771587602596108 -0.878817112661964 0
    outer loop
      vertex 4.630703097343377 9.088266546721352 30
      vertex 4.630703097343377 9.088266546721352 0
      vertex 5.1 8.833459118601272 30
    endloop
  endfacet
  facet normal -0.5224985647159456 -0.8526401643540942 0
    outer loop
      vertex 5.1 8.833459118601272 30
      vertex 5.1 8.833459118601272 0
      vertex 5.555318157153276 8.554439793043326 30
    endloop
  endfacet
  facet normal -0.5664062369248335 -0.824126188622015 0
    outer loop
      vertex 5.555318157153276 8.554439793043326 30
      vertex 5.555318157153276 8.554439793043326 0
      vertex 5.995409573383226 8.251973342624463 30
    endloop
  endfacet
  facet normal -0.6087614290087219 -0.7933533402912343 9.04254644836465e-20
    outer loop
      vertex 6.419067988708341 7.926888806861102 30
      vertex 5.995409573383226 8.251973342624463 30
      vertex 5.995409573383226 8.251973342624463 0
    endloop
  endfacet
  facet normal 0 0 -1
    outer loop
      vertex -18 32 0
      vertex 18 32 0
      vertex 2.6399542600457115 9.852443428148495 0
    endloop
  endfacet
  facet normal 0 0 -1
    outer loop
      vertex 18 32 0
      vertex 3.1519733426244634 9.700776466210565 0
      vertex 2.6399542600457115 9.852443428148495 0
    endloop
  endfacet
  facet normal 0 0 -1
    outer loop
      vertex 18 32 0
      vertex 3.6553530853620626 9.522520350271456 0
      vertex 3.1519733426244634 9.700776466210565 0
    endloop
  endfacet
  facet normal 0 0 -1
    outer loop
      vertex 18 32 0
      vertex 4.148713759373162 9.318163667954527 0
      vertex 3.6553530853620626 9.522520350271456 0
    endloop
  endfacet
  facet normal 0 0 -1
    outer loop
      vertex 18 32 0
      vertex 4.630703097343377 9.088266546721352 0
      vertex 4.148713759373162 9.318163667954527 0
    endloop
  endfacet
  facet normal 0 1 0
    outer loop
      vertex 18 32 0
      vertex -1.5956315434103547 32 33.9255789259296
      vertex -1.0661903253300653 32 33.855876667243614
    endloop
  endfacet
  facet normal 0 1 0
    outer loop
      vertex 18 32 0
      vertex -1.0661903253300653 32 33.855876667243614
      vertex -0.5338267536780271 32 33.81397874550335
    endloop
  endfacet
  facet normal 0 1 0
    outer loop
      vertex 18 32 0
      vertex -0.5338267536780271 32 33.81397874550335
      vertex 0 32 33.8
    endloop
  endfacet
  facet normal 0 1 0
    outer loop
      vertex 18 32 0
      vertex 0 32 33.8
      vertex 0.5338267536780271 32 33.81397874550335
    endloop
  endfacet
  facet normal 0 1 0
    outer loop
      vertex 18 32 0
      vertex 0.5338267536780271 32 33.81397874550335
      vertex 1.0661903253300653 32 33.855876667243614
    endloop
  endfacet
  facet normal 0 1 0
    outer loop
      vertex 18 32 0
      vertex 1.0661903253300653 32 33.855876667243614
      vertex 1.5956315434103547 32 33.9255789259296
    endloop
  endfacet
  facet normal 0 1 0
    outer loop
      vertex 18 32 0
      vertex 1.5956315434103547 32 33.9255789259296
      vertex 2.120699246341145 32 34.02289447251518
    endloop
  endfacet
  facet normal 0 1 0
    outer loop
      vertex 18 32 0
      vertex 2.120699246341145 32 34.02289447251518
      vertex 2.6399542600457115 32 34.1475565718515
    endloop
  endfacet
  facet normal 0 1 0
    outer loop
      vertex 18 32 0
      vertex 2.6399542600457115 32 34.1475565718515
      vertex 3.1519733426244634 32 34.29922353378944
    endloop
  endfacet
  facet normal 0 1 0
    outer loop
      vertex 18 32 0
      vertex 3.1519733426244634 32 34.29922353378944
      vertex 3.6553530853620626 32 34.477479649728544
    endloop
  endfacet
  facet normal 0 1 0
    outer loop
      vertex 18 32 0
      vertex 3.6553530853620626 32 34.477479649728544
      vertex 4.148713759373162 32 34.68183633204547
    endloop
  endfacet
  facet normal 0 1 0
    outer loop
      vertex 18 32 0
      vertex 4.148713759373162 32 34.68183633204547
      vertex 4.630703097343377 32 34.91173345327865
    endloop
  endfacet
  facet normal -0.9914448613738106 -0.13052619222004996 0
    outer loop
      vertex 10.144123332756386 1.0661903253300653 13.741462582397848
      vertex 10.074421074070404 1.5956315434103547 0
      vertex 10.144123332756386 1.0661903253300653 0
    endloop
  endfacet
  facet normal -0.9832549075639546 -0.18223552549214786 0
    outer loop
      vertex 10.074421074070404 1.5956315434103547 14.580670749922692
      vertex 9.977105527484817 2.120699246341145 0
      vertex 10.074421074070404 1.5956315434103547 0
    endloop
  endfacet
  facet normal -0.9996573249755571 -0.026176948307875546 0
    outer loop
      vertex 10.2 0 13.35
      vertex 10.186021254496652 0.5338267536780271 0
      vertex 10.2 0 0
    endloop
  endfacet
  facet normal -0.9969173337331281 -0.07845909572784422 0
    outer loop
      vertex 10.186021254496652 0.5338267536780271 13.439237432160112
      vertex 10.144123332756386 1.0661903253300653 0
      vertex 10.186021254496652 0.5338267536780271 0
    endloop
  endfacet
  facet normal -0.9914448613738115 -0.13052619222004264 2.748610798749143e-16
    outer loop
      vertex 10.139136971349743 1.104065500492116 13.7738110379623
      vertex 10.13088753521269 1.1667261889578033 13.833273811042197
      vertex 10.074421074070404 1.5956315434103547 0
    endloop
  endfacet
  facet normal -0.991444861373811 -0.13052619222004655 1.3459063194438209e-16
    outer loop
      vertex 10.144123332756386 1.0661903253300653 13.741462582397848
      vertex 10.139136971349743 1.104065500492116 13.7738110379623
      vertex 10.074421074070404 1.5956315434103547 0
    endloop
  endfacet
  facet normal -0.9914448613738109 -0.13052619222004677 1.446707835157289e-16
    outer loop
      vertex 10.13088753521269 1.1667261889578033 13.833273811042197
      vertex 10.123059112623249 1.2261889620377004 13.895934499507884
      vertex 10.074421074070404 1.5956315434103547 0
    endloop
  endfacet
  facet normal -0.9914448613738083 -0.1305261922200676 -4.1747107431786025e-16
    outer loop
      vertex 10.123059112623249 1.2261889620377004 13.895934499507884
      vertex 10.11567316074359 1.282290836404002 13.961621354767768
      vertex 10.074421074070404 1.5956315434103547 0
    endloop
  endfacet
  facet normal -0.9914448613738125 -0.13052619222003603 3.0296467350552973e-16
    outer loop
      vertex 10.11567316074359 1.282290836404002 13.961621354767768
      vertex 10.108749923954427 1.3348780407186631 14.03015433371742
      vertex 10.074421074070404 1.5956315434103547 0
    endloop
  endfacet
  facet normal -0.991444861373808 -0.13052619222006948 -3.293141772378486e-16
    outer loop
      vertex 10.108749923954427 1.3348780407186631 14.03015433371742
      vertex 10.102308378366567 1.3838064371099497 14.101345592225206
      vertex 10.074421074070404 1.5956315434103547 0
    endloop
  endfacet
  facet normal -0.991444861373813 -0.13052619222003164 2.4900618125096603e-16
    outer loop
      vertex 10.102308378366567 1.3838064371099497 14.101345592225206
      vertex 10.096366179808724 1.4289419162443235 14.175
      vertex 10.074421074070404 1.5956315434103547 0
    endloop
  endfacet
  facet normal -0.9914448613738092 -0.13052619222006093 -1.0150210356257196e-16
    outer loop
      vertex 10.096366179808724 1.4289419162443235 14.175
      vertex 10.090939615434104 1.470160764910807 14.250915675429749
      vertex 10.074421074070404 1.5956315434103547 0
    endloop
  endfacet
  facet normal -0.9914448613738133 -0.13052619222002976 1.7760223859510377e-16
    outer loop
      vertex 10.090939615434104 1.470160764910807 14.250915675429749
      vertex 10.086043559078465 1.5073500051102913 14.32888453892493
      vertex 10.074421074070404 1.5956315434103547 0
    endloop
  endfacet
  facet normal -0.9914448613738058 -0.13052619222008666 -1.791951553313254e-16
    outer loop
      vertex 10.086043559078465 1.5073500051102913 14.32888453892493
      vertex 10.081691430491954 1.5404077037203827 14.408692883250254
      vertex 10.074421074070404 1.5956315434103547 0
    endloop
  endfacet
  facet normal -0.9914448613738107 -0.1305261922200498 -3.531940422217459e-17
    outer loop
      vertex 10.081691430491954 1.5404077037203827 14.408692883250254
      vertex 10.077895158556517 1.5692432518870032 14.490121959281337
      vertex 10.074421074070404 1.5956315434103547 0
    endloop
  endfacet
  facet normal -0.9914448613738345 -0.13052619221986844 -2.2661924370292205e-22
    outer loop
      vertex 10.074665148589652 1.5937776133769626 14.57294857558084
      vertex 10.074421074070404 1.5956315434103547 14.580670749922692
      vertex 10.074421074070404 1.5956315434103547 0
    endloop
  endfacet
  facet normal -0.9914448613738117 -0.1305261922200429 -2.259637451622948e-17
    outer loop
      vertex 10.077895158556517 1.5692432518870032 14.490121959281337
      vertex 10.074665148589652 1.5937776133769626 14.57294857558084
      vertex 10.074421074070404 1.5956315434103547 0
    endloop
  endfacet
  facet normal -0.9832549075639566 -0.18223552549213662 4.200482348655049e-16
    outer loop
      vertex 10.074421074070404 1.5956315434103547 14.580670749922692
      vertex 10.071027145887285 1.6139435412107792 14.656945710150698
      vertex 9.977105527484817 2.120699246341145 0
    endloop
  endfacet
  facet normal -0.9832549075639523 -0.18223552549215966 -4.054891144519329e-16
    outer loop
      vertex 10.071027145887285 1.6139435412107792 14.656945710150698
      vertex 10.06810949772445 1.6296857619819773 14.741883132683618
      vertex 9.977105527484817 2.120699246341145 0
    endloop
  endfacet
  facet normal -0.9832549075639434 -0.1822355254922076 -2.055983588651936e-15
    outer loop
      vertex 10.06810949772445 1.6296857619819773 14.741883132683618
      vertex 10.066019732274468 1.6409611273576508 14.827528035608372
      vertex 9.977105527484817 2.120699246341145 0
    endloop
  endfacet
  facet normal -0.9832549075639831 -0.18223552549199307 5.12283025760121e-15
    outer loop
      vertex 10.066019732274468 1.6409611273576508 14.827528035608372
      vertex 10.064763577439182 1.6477387323450468 14.913645672199143
      vertex 9.977105527484817 2.120699246341145 0
    endloop
  endfacet
  facet normal -0.983254907563952 -0.1822355254921613 -3.9576563483230584e-16
    outer loop
      vertex 10.064763577439182 1.6477387323450468 14.913645672199143
      vertex 10.064344476251678 1.65 15
      vertex 9.977105527484817 2.120699246341145 0
    endloop
  endfacet
  facet normal -0.9832549075639793 -0.18223552549201388 4.3850082874405914e-15
    outer loop
      vertex 10.064344476251678 1.65 15
      vertex 10.064763577439182 1.6477387323450468 15.086354327800857
      vertex 9.977105527484817 2.120699246341145 0
    endloop
  endfacet
  facet normal -0.9238795325112864 -0.38268343236509034 0
    outer loop
      vertex 9.522520350271456 3.6553530853620626 30
      vertex 9.318163667954527 4.148713759373162 0
      vertex 9.522520350271456 3.6553530853620626 0
    endloop
  endfacet
  facet normal -0.9588197348681926 -0.2840153447039237 0
    outer loop
      vertex 9.852443428148495 2.6399542600457115 30
      vertex 9.700776466210565 3.1519733426244634 0
      vertex 9.852443428148495 2.6399542600457115 0
    endloop
  endfacet
  facet normal -0.9723699203976764 -0.23344536385590578 0
    outer loop
      vertex 9.977105527484817 2.120699246341145 30
      vertex 9.852443428148495 2.6399542600457115 0
      vertex 9.977105527484817 2.120699246341145 0
    endloop
  endfacet
  facet normal -0.9426414910921787 -0.33380685923377035 0
    outer loop
      vertex 9.700776466210565 3.1519733426244634 30
      vertex 9.522520350271456 3.6553530853620626 0
      vertex 9.700776466210565 3.1519733426244634 0
    endloop
  endfacet
  facet normal -0.9996573249755574 -0.02617694830787374 7.239381525293377e-17
    outer loop
      vertex 10.2 0 13.35
      vertex 10.197738732345046 0.08635432780085732 13.352261267654953
      vertex 10.186021254496652 0.5338267536780271 0
    endloop
  endfacet
  facet normal -0.999657324975557 -0.026176948307880924 -1.686450976118221e-16
    outer loop
      vertex 10.197738732345046 0.08635432780085732 13.352261267654953
      vertex 10.195483662667556 0.1724719643916282 13.35903887264235
      vertex 10.186021254496652 0.5338267536780271 0
    endloop
  endfacet
  facet normal -0.9996573249755571 -0.02617694830788085 -1.6667842470875794e-16
    outer loop
      vertex 10.195483662667556 0.1724719643916282 13.35903887264235
      vertex 10.193240971956767 0.2581168673163809 13.370314238018022
      vertex 10.186021254496652 0.5338267536780271 0
    endloop
  endfacet
  facet normal -0.9996573249755576 -0.026176948307863768 1.858318681023569e-16
    outer loop
      vertex 10.191016807272032 0.3430542898493029 13.38605645878922
      vertex 10.186021254496652 0.5338267536780271 0
      vertex 10.193240971956767 0.2581168673163809 13.370314238018022
    endloop
  endfacet
  facet normal -0.999657324975557 -0.026176948307888612 -1.6850132679690862e-16
    outer loop
      vertex 10.191016807272032 0.3430542898493029 13.38605645878922
      vertex 10.188817264894148 0.4270514244191592 13.406222386623037
      vertex 10.186021254496652 0.5338267536780271 0
    endloop
  endfacet
  facet normal -0.9996573249755574 -0.026176948307866113 1.0822016631357735e-17
    outer loop
      vertex 10.188817264894148 0.4270514244191592 13.406222386623037
      vertex 10.186648373615888 0.5098780407186632 13.430756748112996
      vertex 10.186021254496652 0.5338267536780271 0
    endloop
  endfacet
  facet normal -0.9996573249755574 -0.02617694830787218 -1.3333361569664667e-21
    outer loop
      vertex 10.186648373615888 0.5098780407186632 13.430756748112996
      vertex 10.186021254496652 0.5338267536780271 13.439237432160112
      vertex 10.186021254496652 0.5338267536780271 0
    endloop
  endfacet
  facet normal -0.9969173337331283 -0.07845909572784242 7.238607859881458e-17
    outer loop
      vertex 10.186021254496652 0.5338267536780271 13.439237432160112
      vertex 10.181497451814009 0.5913071167497455 13.459592296279617
      vertex 10.144123332756386 1.0661903253300653 0
    endloop
  endfacet
  facet normal -0.9969173337331273 -0.07845909572785287 -2.993341809070975e-16
    outer loop
      vertex 10.181497451814009 0.5913071167497455 13.459592296279617
      vertex 10.175216398896758 0.6711154610750703 13.492649994889709
      vertex 10.144123332756386 1.0661903253300653 0
    endloop
  endfacet
  facet normal -0.996917333733128 -0.07845909572784546 -8.077911907012021e-17
    outer loop
      vertex 10.175216398896758 0.6711154610750703 13.492649994889709
      vertex 10.169080116260512 0.7490843245702522 13.529839235089193
      vertex 10.144123332756386 1.0661903253300653 0
    endloop
  endfacet
  facet normal -0.9969173337331292 -0.0784590957278309 2.6276855020051394e-16
    outer loop
      vertex 10.169080116260512 0.7490843245702522 13.529839235089193
      vertex 10.163105423029448 0.825 13.571058083755677
      vertex 10.144123332756386 1.0661903253300653 0
    endloop
  endfacet
  facet normal -0.9969173337331284 -0.07845909572784157 7.174614961782328e-17
    outer loop
      vertex 10.163105423029448 0.825 13.571058083755677
      vertex 10.157308695422415 0.8986544077747947 13.61619356289005
      vertex 10.144123332756386 1.0661903253300653 0
    endloop
  endfacet
  facet normal -0.9969173337331269 -0.07845909572785945 -1.4936477862681792e-16
    outer loop
      vertex 10.157308695422415 0.8986544077747947 13.61619356289005
      vertex 10.151705821866859 0.9698456662825806 13.665121959281336
      vertex 10.144123332756386 1.0661903253300653 0
    endloop
  endfacet
  facet normal -0.9969173337331283 -0.07845909572784113 -1.9541686652860486e-17
    outer loop
      vertex 10.151705821866859 0.9698456662825806 13.665121959281336
      vertex 10.146312159449746 1.0383786452322317 13.717709163595998
      vertex 10.144123332756386 1.0661903253300653 0
    endloop
  endfacet
  facet normal -0.9969173337331291 -0.07845909572783157 -6.620302974698914e-21
    outer loop
      vertex 10.146312159449746 1.0383786452322317 13.717709163595998
      vertex 10.144123332756386 1.0661903253300653 13.741462582397848
      vertex 10.144123332756386 1.0661903253300653 0
    endloop
  endfacet
  facet normal -0.983254907563954 -0.182235525492151 -5.638711526797877e-17
    outer loop
      vertex 10.064763577439182 1.6477387323450468 15.086354327800857
      vertex 10.074421074070404 1.5956315434103547 30
      vertex 9.977105527484817 2.120699246341145 0
    endloop
  endfacet
  facet normal -0.9025852843498616 -0.43051109680829275 0
    outer loop
      vertex 9.318163667954527 4.148713759373162 30
      vertex 9.088266546721352 4.630703097343377 0
      vertex 9.318163667954527 4.148713759373162 0
    endloop
  endfacet
  facet normal -0.878817112661964 -0.4771587602596108 0
    outer loop
      vertex 9.088266546721352 4.630703097343377 30
      vertex 8.833459118601272 5.1 0
      vertex 9.088266546721352 4.630703097343377 0
    endloop
  endfacet
  facet normal 2.6766329248549364e-20 -0.13052619222003511 0.9914448613738126
    outer loop
      vertex 10.195483662667556 0.1724719643916282 13.35903887264235
      vertex 18 0.2581168673163809 13.370314238018022
      vertex 10.193240971956767 0.2581168673163809 13.370314238018022
    endloop
  endfacet
  facet normal 0 -0.18223552549214944 0.9832549075639542
    outer loop
      vertex 10.191016807272032 0.3430542898493029 13.38605645878922
      vertex 10.193240971956767 0.2581168673163809 13.370314238018022
      vertex 18 0.3430542898493029 13.38605645878922
    endloop
  endfacet
  facet normal -9.789089614002687e-20 -0.2334453638559131 0.9723699203976747
    outer loop
      vertex 10.191016807272032 0.3430542898493029 13.38605645878922
      vertex 18 0.4270514244191592 13.406222386623037
      vertex 10.188817264894148 0.4270514244191592 13.406222386623037
    endloop
  endfacet
  facet normal -6.038413112931442e-20 -0.28401534470391887 0.9588197348681942
    outer loop
      vertex 10.188817264894148 0.4270514244191592 13.406222386623037
      vertex 18 0.5098780407186632 13.430756748112996
      vertex 10.186648373615888 0.5098780407186632 13.430756748112996
    endloop
  endfacet
  facet normal 1.9182634104018098e-20 -0.026176948307873735 0.9996573249755573
    outer loop
      vertex 10.2 0 13.35
      vertex 18 0.08635432780085732 13.352261267654953
      vertex 10.197738732345046 0.08635432780085732 13.352261267654953
    endloop
  endfacet
  facet normal 3.5110897537518165e-20 -0.07845909572785384 0.9969173337331273
    outer loop
      vertex 10.197738732345046 0.08635432780085732 13.352261267654953
      vertex 18 0.1724719643916282 13.35903887264235
      vertex 10.195483662667556 0.1724719643916282 13.35903887264235
    endloop
  endfacet
  facet normal 0 -0.3338068592337336 0.9426414910921916
    outer loop
      vertex 10.186648373615888 0.5098780407186632 13.430756748112996
      vertex 18 0.5098780407186632 13.430756748112996
      vertex 10.186021254496652 0.5338267536780271 13.439237432160112
    endloop
  endfacet
  facet normal -6.431084744928789e-20 -0.33380685923378567 0.9426414910921732
    outer loop
      vertex 10.186021254496652 0.5338267536780271 13.439237432160112
      vertex 18 0.5913071167497455 13.459592296279617
      vertex 10.181497451814009 0.5913071167497455 13.459592296279617
    endloop
  endfacet
  facet normal 2.7100731648302254e-19 -0.38268343236509494 0.9238795325112847
    outer loop
      vertex 10.181497451814009 0.5913071167497455 13.459592296279617
      vertex 18 0.6711154610750703 13.492649994889709
      vertex 10.175216398896758 0.6711154610750703 13.492649994889709
    endloop
  endfacet
  facet normal 3.05341235543429e-19 -0.43051109680829835 0.9025852843498591
    outer loop
      vertex 10.175216398896758 0.6711154610750703 13.492649994889709
      vertex 18 0.7490843245702522 13.529839235089193
      vertex 10.169080116260512 0.7490843245702522 13.529839235089193
    endloop
  endfacet
  facet normal 1.0789929731148162e-20 -0.4771587602596114 0.8788171126619638
    outer loop
      vertex 10.169080116260512 0.7490843245702522 13.529839235089193
      vertex 18 0.825 13.571058083755677
      vertex 10.163105423029448 0.825 13.571058083755677
    endloop
  endfacet
  facet normal -1.8554221299110626e-20 -0.5224985647159411 0.852640164354097
    outer loop
      vertex 10.163105423029448 0.825 13.571058083755677
      vertex 18 0.8986544077747947 13.61619356289005
      vertex 10.157308695422415 0.8986544077747947 13.61619356289005
    endloop
  endfacet
  facet normal -1.3172622396659635e-19 -0.5664062369248306 0.8241261886220173
    outer loop
      vertex 10.157308695422415 0.8986544077747947 13.61619356289005
      vertex 18 0.9698456662825806 13.665121959281336
      vertex 10.151705821866859 0.9698456662825806 13.665121959281336
    endloop
  endfacet
  facet normal -1.5622255270960463e-19 -0.6494480483301777 0.760405965600036
    outer loop
      vertex 10.144123332756386 1.0661903253300653 13.741462582397848
      vertex 18 1.104065500492116 13.7738110379623
      vertex 10.139136971349743 1.104065500492116 13.7738110379623
    endloop
  endfacet
  facet normal 1.6163904434553387e-20 -0.6087614290087264 0.7933533402912307
    outer loop
      vertex 10.151705821866859 0.9698456662825806 13.665121959281336
      vertex 18 1.0383786452322317 13.717709163595998
      vertex 10.146312159449746 1.0383786452322317 13.717709163595998
    endloop
  endfacet
  facet normal 0 -0.6494480483301983 0.7604059656000184
    outer loop
      vertex 10.146312159449746 1.0383786452322317 13.717709163595998
      vertex 18 1.0383786452322317 13.717709163595998
      vertex 10.144123332756386 1.0661903253300653 13.741462582397848
    endloop
  endfacet
  facet normal -2.3273348737995677e-19 -0.6883545756937534 0.7253743710122883
    outer loop
      vertex 10.139136971349743 1.104065500492116 13.7738110379623
      vertex 18 1.1667261889578033 13.833273811042197
      vertex 10.13088753521269 1.1667261889578033 13.833273811042197
    endloop
  endfacet
  facet normal 0 -0.725374371012287 0.6883545756937547
    outer loop
      vertex 10.13088753521269 1.1667261889578033 13.833273811042197
      vertex 18 1.1667261889578033 13.833273811042197
      vertex 10.123059112623249 1.2261889620377004 13.895934499507884
    endloop
  endfacet
  facet normal 0 -0.7604059656000278 0.6494480483301872
    outer loop
      vertex 10.123059112623249 1.2261889620377004 13.895934499507884
      vertex 18 1.2261889620377004 13.895934499507884
      vertex 10.11567316074359 1.282290836404002 13.961621354767768
    endloop
  endfacet
  facet normal 0 -0.7933533402912372 0.608761429008718
    outer loop
      vertex 10.11567316074359 1.282290836404002 13.961621354767768
      vertex 18 1.282290836404002 13.961621354767768
      vertex 10.108749923954427 1.3348780407186631 14.03015433371742
    endloop
  endfacet
  facet normal 0 -0.9025852843498609 0.43051109680829464
    outer loop
      vertex 10.090939615434104 1.470160764910807 14.250915675429749
      vertex 18 1.470160764910807 14.250915675429749
      vertex 10.086043559078465 1.5073500051102913 14.32888453892493
    endloop
  endfacet
  facet normal 0 -0.8241261886220168 0.566406236924831
    outer loop
      vertex 10.108749923954427 1.3348780407186631 14.03015433371742
      vertex 18 1.3348780407186631 14.03015433371742
      vertex 10.102308378366567 1.3838064371099497 14.101345592225206
    endloop
  endfacet
  facet normal 0 -0.8526401643540935 0.5224985647159467
    outer loop
      vertex 10.102308378366567 1.3838064371099497 14.101345592225206
      vertex 18 1.3838064371099497 14.101345592225206
      vertex 10.096366179808724 1.4289419162443235 14.175
    endloop
  endfacet
  facet normal 0 -0.878817112661964 0.47715876025961074
    outer loop
      vertex 10.096366179808724 1.4289419162443235 14.175
      vertex 18 1.4289419162443235 14.175
      vertex 10.090939615434104 1.470160764910807 14.250915675429749
    endloop
  endfacet
  facet normal 0 -0.9238795325112845 0.38268343236509506
    outer loop
      vertex 10.086043559078465 1.5073500051102913 14.32888453892493
      vertex 18 1.5073500051102913 14.32888453892493
      vertex 10.081691430491954 1.5404077037203827 14.408692883250254
    endloop
  endfacet
  facet normal 0 -0.9426414910921803 0.33380685923376546
    outer loop
      vertex 10.081691430491954 1.5404077037203827 14.408692883250254
      vertex 18 1.5404077037203827 14.408692883250254
      vertex 10.077895158556517 1.5692432518870032 14.490121959281337
    endloop
  endfacet
  facet normal 0 -0.9588197348681917 0.2840153447039271
    outer loop
      vertex 10.077895158556517 1.5692432518870032 14.490121959281337
      vertex 18 1.5692432518870032 14.490121959281337
      vertex 10.074665148589652 1.5937776133769626 14.57294857558084
    endloop
  endfacet
  facet normal 0 -0.9723699203976774 0.23344536385590195
    outer loop
      vertex 10.074665148589652 1.5937776133769626 14.57294857558084
      vertex 18 1.5937776133769626 14.57294857558084
      vertex 10.074421074070404 1.5956315434103547 14.580670749922692
    endloop
  endfacet
  facet normal 6.179168454520156e-19 -0.9723699203976773 0.23344536385590253
    outer loop
      vertex 10.074421074070404 1.5956315434103547 14.580670749922692
      vertex 18 1.5937776133769626 14.57294857558084
      vertex 10.071027145887285 1.6139435412107792 14.656945710150698
    endloop
  endfacet
  facet normal 0 -0.9832549075639536 0.18223552549215222
    outer loop
      vertex 10.071027145887285 1.6139435412107792 14.656945710150698
      vertex 18 1.6139435412107792 14.656945710150698
      vertex 10.06810949772445 1.6296857619819773 14.741883132683618
    endloop
  endfacet
  facet normal 0 -0.9914448613738112 0.1305261922200459
    outer loop
      vertex 10.06810949772445 1.6296857619819773 14.741883132683618
      vertex 18 1.6296857619819773 14.741883132683618
      vertex 10.066019732274468 1.6409611273576508 14.827528035608372
    endloop
  endfacet
  facet normal 0 -0.996917333733128 0.0784590957278461
    outer loop
      vertex 10.066019732274468 1.6409611273576508 14.827528035608372
      vertex 18 1.6409611273576508 14.827528035608372
      vertex 10.064763577439182 1.6477387323450468 14.913645672199143
    endloop
  endfacet
  facet normal 0 -0.9996573249755573 0.026176948307873916
    outer loop
      vertex 10.064763577439182 1.6477387323450468 14.913645672199143
      vertex 18 1.6477387323450468 14.913645672199143
      vertex 10.064344476251678 1.65 15
    endloop
  endfacet
  facet normal 0 -0.9996573249755573 -0.02617694830787392
    outer loop
      vertex 10.064344476251678 1.65 15
      vertex 18 1.65 15
      vertex 10.064763577439182 1.6477387323450468 15.086354327800857
    endloop
  endfacet
  facet normal 0 -0.9969173337331279 -0.07845909572784608
    outer loop
      vertex 10.064763577439182 1.6477387323450468 15.086354327800857
      vertex 18 1.6477387323450468 15.086354327800857
      vertex 10.066019732274468 1.6409611273576508 15.172471964391628
    endloop
  endfacet
  facet normal 0 -0.991444861373811 -0.1305261922200459
    outer loop
      vertex 10.066019732274468 1.6409611273576508 15.172471964391628
      vertex 18 1.6409611273576508 15.172471964391628
      vertex 10.06810949772445 1.6296857619819773 15.258116867316382
    endloop
  endfacet
  facet normal 0 -0.9832549075639537 -0.18223552549215222
    outer loop
      vertex 10.06810949772445 1.6296857619819773 15.258116867316382
      vertex 18 1.6296857619819773 15.258116867316382
      vertex 10.071027145887285 1.6139435412107792 15.343054289849302
    endloop
  endfacet
  facet normal 1.5421847685738004e-19 -0.9723699203976773 -0.23344536385590256
    outer loop
      vertex 10.074421074070404 1.5956315434103547 15.419329250077308
      vertex 10.071027145887285 1.6139435412107792 15.343054289849302
      vertex 18 1.6139435412107792 15.343054289849302
    endloop
  endfacet
  facet normal 5.953660785594161e-18 -0.9723699203976774 -0.23344536385590195
    outer loop
      vertex 10.074665148589652 1.5937776133769626 15.42705142441916
      vertex 10.074421074070404 1.5956315434103547 15.419329250077308
      vertex 18 1.6139435412107792 15.343054289849302
    endloop
  endfacet
  facet normal 0 -0.9588197348681917 -0.2840153447039271
    outer loop
      vertex 10.074665148589652 1.5937776133769626 15.42705142441916
      vertex 18 1.5937776133769626 15.42705142441916
      vertex 10.077895158556517 1.5692432518870032 15.509878040718663
    endloop
  endfacet
  facet normal 0 0 -1
    outer loop
      vertex 18 32 0
      vertex 6.825132184860354 7.580077219869421 0
      vertex 6.419067988708341 7.926888806861102 0
    endloop
  endfacet
  facet normal 0 0 -1
    outer loop
      vertex 18 32 0
      vertex 7.212489168102785 7.212489168102785 0
      vertex 6.825132184860354 7.580077219869421 0
    endloop
  endfacet
  facet normal 0 0 -1
    outer loop
      vertex 18 32 0
      vertex 7.580077219869421 6.825132184860354 0
      vertex 7.212489168102785 7.212489168102785 0
    endloop
  endfacet
  facet normal 0 0 -1
    outer loop
      vertex 18 32 0
      vertex 7.926888806861102 6.419067988708341 0
      vertex 7.580077219869421 6.825132184860354 0
    endloop
  endfacet
  facet normal 0 0 -1
    outer loop
      vertex 18 32 0
      vertex 9.088266546721352 4.630703097343377 0
      vertex 8.833459118601272 5.1 0
    endloop
  endfacet
  facet normal 0 0 -1
    outer loop
      vertex 18 32 0
      vertex 9.522520350271456 3.6553530853620626 0
      vertex 9.318163667954527 4.148713759373162 0
    endloop
  endfacet
  facet normal 0 0 -1
    outer loop
      vertex 18 32 0
      vertex 9.318163667954527 4.148713759373162 0
      vertex 9.088266546721352 4.630703097343377 0
    endloop
  endfacet
  facet normal 0 0 -1
    outer loop
      vertex 18 32 0
      vertex 8.251973342624463 5.995409573383226 0
      vertex 7.926888806861102 6.419067988708341 0
    endloop
  endfacet
  facet normal 0 0 -1
    outer loop
      vertex 18 32 0
      vertex 8.833459118601272 5.1 0
      vertex 8.554439793043326 5.555318157153276 0
    endloop
  endfacet
  facet normal 0 0 -1
    outer loop
      vertex 18 32 0
      vertex 8.554439793043326 5.555318157153276 0
      vertex 8.251973342624463 5.995409573383226 0
    endloop
  endfacet
  facet normal 0 0 -1
    outer loop
      vertex 18 32 0
      vertex 9.977105527484817 2.120699246341145 0
      vertex 9.852443428148495 2.6399542600457115 0
    endloop
  endfacet
  facet normal 0 0 -1
    outer loop
      vertex 18 32 0
      vertex 9.700776466210565 3.1519733426244634 0
      vertex 9.522520350271456 3.6553530853620626 0
    endloop
  endfacet
  facet normal 0 0 -1
    outer loop
      vertex 18 32 0
      vertex 9.852443428148495 2.6399542600457115 0
      vertex 9.700776466210565 3.1519733426244634 0
    endloop
  endfacet
  facet normal 0 0 -1
    outer loop
      vertex 18 -32 0
      vertex 9.977105527484817 2.120699246341145 0
      vertex 18 32 0
    endloop
  endfacet
  facet normal 1 0 0
    outer loop
      vertex 18 -32 0
      vertex 18 32 0
      vertex 18 0.5913071167497455 13.459592296279617
    endloop
  endfacet
  facet normal 0 -0.02617694830787374 0.9996573249755573
    outer loop
      vertex 10.2 0 13.35
      vertex 18 0 13.35
      vertex 18 0.08635432780085732 13.352261267654953
    endloop
  endfacet
  facet normal 0 -0.07845909572785383 0.9969173337331272
    outer loop
      vertex 10.197738732345046 0.08635432780085732 13.352261267654953
      vertex 18 0.08635432780085732 13.352261267654953
      vertex 18 0.1724719643916282 13.35903887264235
    endloop
  endfacet
  facet normal 0 -0.13052619222003511 0.9914448613738125
    outer loop
      vertex 10.195483662667556 0.1724719643916282 13.35903887264235
      vertex 18 0.1724719643916282 13.35903887264235
      vertex 18 0.2581168673163809 13.370314238018022
    endloop
  endfacet
  facet normal 0 -0.18223552549214947 0.9832549075639542
    outer loop
      vertex 10.193240971956767 0.2581168673163809 13.370314238018022
      vertex 18 0.2581168673163809 13.370314238018022
      vertex 18 0.3430542898493029 13.38605645878922
    endloop
  endfacet
  facet normal 0 -0.23344536385591308 0.9723699203976747
    outer loop
      vertex 10.191016807272032 0.3430542898493029 13.38605645878922
      vertex 18 0.3430542898493029 13.38605645878922
      vertex 18 0.4270514244191592 13.406222386623037
    endloop
  endfacet
  facet normal 0 -0.28401534470391887 0.9588197348681942
    outer loop
      vertex 10.188817264894148 0.4270514244191592 13.406222386623037
      vertex 18 0.4270514244191592 13.406222386623037
      vertex 18 0.5098780407186632 13.430756748112996
    endloop
  endfacet
  facet normal -1.268085328769569e-16 -0.3338068592337703 0.9426414910921785
    outer loop
      vertex 10.186021254496652 0.5338267536780271 13.439237432160112
      vertex 18 0.5098780407186632 13.430756748112996
      vertex 18 0.5913071167497455 13.459592296279617
    endloop
  endfacet
  facet normal 0 -0.38268343236509494 0.9238795325112846
    outer loop
      vertex 10.181497451814009 0.5913071167497455 13.459592296279617
      vertex 18 0.5913071167497455 13.459592296279617
      vertex 18 0.6711154610750703 13.492649994889709
    endloop
  endfacet
  facet normal 0 -0.43051109680829835 0.9025852843498591
    outer loop
      vertex 10.175216398896758 0.6711154610750703 13.492649994889709
      vertex 18 0.6711154610750703 13.492649994889709
      vertex 18 0.7490843245702522 13.529839235089193
    endloop
  endfacet
  facet normal 0 -0.4771587602596113 0.8788171126619637
    outer loop
      vertex 10.169080116260512 0.7490843245702522 13.529839235089193
      vertex 18 0.7490843245702522 13.529839235089193
      vertex 18 0.825 13.571058083755677
    endloop
  endfacet
  facet normal 0 -0.5224985647159411 0.8526401643540968
    outer loop
      vertex 10.163105423029448 0.825 13.571058083755677
      vertex 18 0.825 13.571058083755677
      vertex 18 0.8986544077747947 13.61619356289005
    endloop
  endfacet
  facet normal 0 -0.5664062369248306 0.8241261886220173
    outer loop
      vertex 10.157308695422415 0.8986544077747947 13.61619356289005
      vertex 18 0.8986544077747947 13.61619356289005
      vertex 18 0.9698456662825806 13.665121959281336
    endloop
  endfacet
  facet normal 0 -0.6087614290087263 0.7933533402912307
    outer loop
      vertex 10.151705821866859 0.9698456662825806 13.665121959281336
      vertex 18 0.9698456662825806 13.665121959281336
      vertex 18 1.0383786452322317 13.717709163595998
    endloop
  endfacet
  facet normal 7.306875075178012e-17 -0.6494480483301864 0.7604059656000286
    outer loop
      vertex 10.144123332756386 1.0661903253300653 13.741462582397848
      vertex 18 1.0383786452322317 13.717709163595998
      vertex 18 1.104065500492116 13.7738110379623
    endloop
  endfacet
  facet normal 0 -0.6883545756937534 0.7253743710122883
    outer loop
      vertex 10.139136971349743 1.104065500492116 13.7738110379623
      vertex 18 1.104065500492116 13.7738110379623
      vertex 18 1.1667261889578033 13.833273811042197
    endloop
  endfacet
  facet normal 0 -0.725374371012287 0.6883545756937547
    outer loop
      vertex 10.123059112623249 1.2261889620377004 13.895934499507884
      vertex 18 1.1667261889578033 13.833273811042197
      vertex 18 1.2261889620377004 13.895934499507884
    endloop
  endfacet
  facet normal 0 -0.7604059656000278 0.6494480483301873
    outer loop
      vertex 10.11567316074359 1.282290836404002 13.961621354767768
      vertex 18 1.2261889620377004 13.895934499507884
      vertex 18 1.282290836404002 13.961621354767768
    endloop
  endfacet
  facet normal 0 -0.7933533402912372 0.6087614290087181
    outer loop
      vertex 10.108749923954427 1.3348780407186631 14.03015433371742
      vertex 18 1.282290836404002 13.961621354767768
      vertex 18 1.3348780407186631 14.03015433371742
    endloop
  endfacet
  facet normal 0 -0.8241261886220169 0.5664062369248312
    outer loop
      vertex 10.102308378366567 1.3838064371099497 14.101345592225206
      vertex 18 1.3348780407186631 14.03015433371742
      vertex 18 1.3838064371099497 14.101345592225206
    endloop
  endfacet
  facet normal 0 -0.8526401643540935 0.5224985647159468
    outer loop
      vertex 10.096366179808724 1.4289419162443235 14.175
      vertex 18 1.3838064371099497 14.101345592225206
      vertex 18 1.4289419162443235 14.175
    endloop
  endfacet
  facet normal 0 -0.8788171126619642 0.47715876025961085
    outer loop
      vertex 10.090939615434104 1.470160764910807 14.250915675429749
      vertex 18 1.4289419162443235 14.175
      vertex 18 1.470160764910807 14.250915675429749
    endloop
  endfacet
  facet normal 0 -0.9025852843498609 0.4305110968082946
    outer loop
      vertex 10.086043559078465 1.5073500051102913 14.32888453892493
      vertex 18 1.470160764910807 14.250915675429749
      vertex 18 1.5073500051102913 14.32888453892493
    endloop
  endfacet
  facet normal 0 -0.9238795325112846 0.38268343236509506
    outer loop
      vertex 10.081691430491954 1.5404077037203827 14.408692883250254
      vertex 18 1.5073500051102913 14.32888453892493
      vertex 18 1.5404077037203827 14.408692883250254
    endloop
  endfacet
  facet normal 0 -0.9426414910921802 0.33380685923376546
    outer loop
      vertex 10.077895158556517 1.5692432518870032 14.490121959281337
      vertex 18 1.5404077037203827 14.408692883250254
      vertex 18 1.5692432518870032 14.490121959281337
    endloop
  endfacet
  facet normal 0 -0.9588197348681917 0.2840153447039271
    outer loop
      vertex 10.074665148589652 1.5937776133769626 14.57294857558084
      vertex 18 1.5692432518870032 14.490121959281337
      vertex 18 1.5937776133769626 14.57294857558084
    endloop
  endfacet
  facet normal 0 -0.9723699203976773 0.23344536385590245
    outer loop
      vertex 10.071027145887285 1.6139435412107792 14.656945710150698
      vertex 18 1.5937776133769626 14.57294857558084
      vertex 18 1.6139435412107792 14.656945710150698
    endloop
  endfacet
  facet normal 0 -0.9832549075639537 0.18223552549215222
    outer loop
      vertex 10.06810949772445 1.6296857619819773 14.741883132683618
      vertex 18 1.6139435412107792 14.656945710150698
      vertex 18 1.6296857619819773 14.741883132683618
    endloop
  endfacet
  facet normal 0 -0.991444861373811 0.1305261922200459
    outer loop
      vertex 10.066019732274468 1.6409611273576508 14.827528035608372
      vertex 18 1.6296857619819773 14.741883132683618
      vertex 18 1.6409611273576508 14.827528035608372
    endloop
  endfacet
  facet normal 0 -0.9969173337331279 0.07845909572784608
    outer loop
      vertex 10.064763577439182 1.6477387323450468 14.913645672199143
      vertex 18 1.6409611273576508 14.827528035608372
      vertex 18 1.6477387323450468 14.913645672199143
    endloop
  endfacet
  facet normal 0 -0.9996573249755573 0.02617694830787392
    outer loop
      vertex 10.064344476251678 1.65 15
      vertex 18 1.6477387323450468 14.913645672199143
      vertex 18 1.65 15
    endloop
  endfacet
  facet normal 0 -0.9996573249755573 -0.026176948307873916
    outer loop
      vertex 10.064763577439182 1.6477387323450468 15.086354327800857
      vertex 18 1.65 15
      vertex 18 1.6477387323450468 15.086354327800857
    endloop
  endfacet
  facet normal 0 -0.996917333733128 -0.0784590957278461
    outer loop
      vertex 10.066019732274468 1.6409611273576508 15.172471964391628
      vertex 18 1.6477387323450468 15.086354327800857
      vertex 18 1.6409611273576508 15.172471964391628
    endloop
  endfacet
  facet normal 0 -0.9914448613738112 -0.1305261922200459
    outer loop
      vertex 10.06810949772445 1.6296857619819773 15.258116867316382
      vertex 18 1.6409611273576508 15.172471964391628
      vertex 18 1.6296857619819773 15.258116867316382
    endloop
  endfacet
  facet normal 0 -0.9832549075639536 -0.18223552549215222
    outer loop
      vertex 10.071027145887285 1.6139435412107792 15.343054289849302
      vertex 18 1.6296857619819773 15.258116867316382
      vertex 18 1.6139435412107792 15.343054289849302
    endloop
  endfacet
  facet normal 0 -0.9723699203976773 -0.23344536385590248
    outer loop
      vertex 10.074665148589652 1.5937776133769626 15.42705142441916
      vertex 18 1.6139435412107792 15.343054289849302
      vertex 18 1.5937776133769626 15.42705142441916
    endloop
  endfacet
  facet normal 0 -0.9588197348681917 -0.2840153447039271
    outer loop
      vertex 10.077895158556517 1.5692432518870032 15.509878040718663
      vertex 18 1.5937776133769626 15.42705142441916
      vertex 18 1.5692432518870032 15.509878040718663
    endloop
  endfacet
  facet normal 1 0 0
    outer loop
      vertex 18 32 0
      vertex 18 0.6711154610750703 13.492649994889709
      vertex 18 0.5913071167497455 13.459592296279617
    endloop
  endfacet
  facet normal 1 0 0
    outer loop
      vertex 18 32 0
      vertex 18 0.7490843245702522 13.529839235089193
      vertex 18 0.6711154610750703 13.492649994889709
    endloop
  endfacet
  facet normal 1 0 0
    outer loop
      vertex 18 32 0
      vertex 18 0.8986544077747947 13.61619356289005
      vertex 18 0.825 13.571058083755677
    endloop
  endfacet
  facet normal 1 0 0
    outer loop
      vertex 18 32 0
      vertex 18 0.825 13.571058083755677
      vertex 18 0.7490843245702522 13.529839235089193
    endloop
  endfacet
  facet normal 1 0 0
    outer loop
      vertex 18 32 0
      vertex 18 0.9698456662825806 13.665121959281336
      vertex 18 0.8986544077747947 13.61619356289005
    endloop
  endfacet
  facet normal 1 0 0
    outer loop
      vertex 18 32 0
      vertex 18 1.0383786452322317 13.717709163595998
      vertex 18 0.9698456662825806 13.665121959281336
    endloop
  endfacet
  facet normal 1 0 0
    outer loop
      vertex 18 32 0
      vertex 18 1.1667261889578033 13.833273811042197
      vertex 18 1.104065500492116 13.7738110379623
    endloop
  endfacet
  facet normal 1 0 0
    outer loop
      vertex 18 32 0
      vertex 18 1.104065500492116 13.7738110379623
      vertex 18 1.0383786452322317 13.717709163595998
    endloop
  endfacet
  facet normal 1 0 0
    outer loop
      vertex 18 32 0
      vertex 18 1.2261889620377004 13.895934499507884
      vertex 18 1.1667261889578033 13.833273811042197
    endloop
  endfacet
  facet normal 1 0 0
    outer loop
      vertex 18 32 0
      vertex 18 1.282290836404002 13.961621354767768
      vertex 18 1.2261889620377004 13.895934499507884
    endloop
  endfacet
  facet normal 1 0 0
    outer loop
      vertex 18 32 0
      vertex 18 1.3348780407186631 14.03015433371742
      vertex 18 1.282290836404002 13.961621354767768
    endloop
  endfacet
  facet normal 1 0 0
    outer loop
      vertex 18 32 0
      vertex 18 1.3838064371099497 14.101345592225206
      vertex 18 1.3348780407186631 14.03015433371742
    endloop
  endfacet
  facet normal 1 0 0
    outer loop
      vertex 18 32 0
      vertex 18 1.4289419162443235 14.175
      vertex 18 1.3838064371099497 14.101345592225206
    endloop
  endfacet
  facet normal 1 0 0
    outer loop
      vertex 18 32 0
      vertex 18 1.470160764910807 14.250915675429749
      vertex 18 1.4289419162443235 14.175
    endloop
  endfacet
  facet normal 1 0 0
    outer loop
      vertex 18 32 0
      vertex 18 1.5073500051102913 14.32888453892493
      vertex 18 1.470160764910807 14.250915675429749
    endloop
  endfacet
  facet normal 1 0 0
    outer loop
      vertex 18 32 0
      vertex 18 1.5404077037203827 14.408692883250254
      vertex 18 1.5073500051102913 14.32888453892493
    endloop
  endfacet
  facet normal 1 0 0
    outer loop
      vertex 18 32 0
      vertex 18 1.5692432518870032 14.490121959281337
      vertex 18 1.5404077037203827 14.408692883250254
    endloop
  endfacet
  facet normal 1 0 0
    outer loop
      vertex 18 32 0
      vertex 18 1.6139435412107792 14.656945710150698
      vertex 18 1.5937776133769626 14.57294857558084
    endloop
  endfacet
  facet normal 1 0 0
    outer loop
      vertex 18 32 0
      vertex 18 1.5937776133769626 14.57294857558084
      vertex 18 1.5692432518870032 14.490121959281337
    endloop
  endfacet
  facet normal 1 0 0
    outer loop
      vertex 18 32 0
      vertex 18 1.6296857619819773 14.741883132683618
      vertex 18 1.6139435412107792 14.656945710150698
    endloop
  endfacet
  facet normal 1 0 0
    outer loop
      vertex 18 32 0
      vertex 18 1.6409611273576508 14.827528035608372
      vertex 18 1.6296857619819773 14.741883132683618
    endloop
  endfacet
  facet normal 1 0 0
    outer loop
      vertex 18 32 0
      vertex 18 1.6477387323450468 14.913645672199143
      vertex 18 1.6409611273576508 14.827528035608372
    endloop
  endfacet
  facet normal 1 0 0
    outer loop
      vertex 18 32 0
      vertex 18 1.65 15
      vertex 18 1.6477387323450468 14.913645672199143
    endloop
  endfacet
  facet normal 1 0 0
    outer loop
      vertex 18 32 0
      vertex 18 1.6477387323450468 15.086354327800857
      vertex 18 1.65 15
    endloop
  endfacet
  facet normal 1 0 0
    outer loop
      vertex 18 32 0
      vertex 18 1.6409611273576508 15.172471964391628
      vertex 18 1.6477387323450468 15.086354327800857
    endloop
  endfacet
  facet normal 1 0 0
    outer loop
      vertex 18 32 0
      vertex 18 1.6296857619819773 15.258116867316382
      vertex 18 1.6409611273576508 15.172471964391628
    endloop
  endfacet
  facet normal 1 0 0
    outer loop
      vertex 18 32 0
      vertex 18 1.6139435412107792 15.343054289849302
      vertex 18 1.6296857619819773 15.258116867316382
    endloop
  endfacet
  facet normal 1 0 0
    outer loop
      vertex 18 32 0
      vertex 18 1.5937776133769626 15.42705142441916
      vertex 18 1.6139435412107792 15.343054289849302
    endloop
  endfacet
  facet normal 1 0 0
    outer loop
      vertex 18 32 0
      vertex 18 1.5692432518870032 15.509878040718663
      vertex 18 1.5937776133769626 15.42705142441916
    endloop
  endfacet
  facet normal 1 0 0
    outer loop
      vertex 18 32 0
      vertex 18 1.5404077037203827 15.591307116749746
      vertex 18 1.5692432518870032 15.509878040718663
    endloop
  endfacet
  facet normal 1 0 0
    outer loop
      vertex 18 32 0
      vertex 18 1.3838064371099497 15.898654407774794
      vertex 18 1.4289419162443235 15.825
    endloop
  endfacet
  facet normal 1 0 0
    outer loop
      vertex 18 32 0
      vertex 18 1.3348780407186631 15.96984566628258
      vertex 18 1.3838064371099497 15.898654407774794
    endloop
  endfacet
  facet normal 1 0 0
    outer loop
      vertex 18 32 0
      vertex 18 1.5073500051102913 15.67111546107507
      vertex 18 1.5404077037203827 15.591307116749746
    endloop
  endfacet
  facet normal 1 0 0
    outer loop
      vertex 18 32 0
      vertex 18 1.470160764910807 15.749084324570251
      vertex 18 1.5073500051102913 15.67111546107507
    endloop
  endfacet
  facet normal 1 0 0
    outer loop
      vertex 18 32 0
      vertex 18 1.4289419162443235 15.825
      vertex 18 1.470160764910807 15.749084324570251
    endloop
  endfacet
  facet normal 1 0 0
    outer loop
      vertex 18 32 0
      vertex 18 0.825 16.428941916244323
      vertex 18 0.8986544077747947 16.38380643710995
    endloop
  endfacet
  facet normal 1 0 0
    outer loop
      vertex 18 32 0
      vertex 18 0.7490843245702522 16.47016076491081
      vertex 18 0.825 16.428941916244323
    endloop
  endfacet
  facet normal 1 0 0
    outer loop
      vertex 18 32 0
      vertex 18 0.9698456662825806 16.334878040718664
      vertex 18 1.0383786452322317 16.282290836404
    endloop
  endfacet
  facet normal 1 0 0
    outer loop
      vertex 18 32 0
      vertex 18 1.1667261889578033 16.166726188957803
      vertex 18 1.2261889620377004 16.104065500492116
    endloop
  endfacet
  facet normal 1 0 0
    outer loop
      vertex 18 32 0
      vertex 18 1.0383786452322317 16.282290836404
      vertex 18 1.104065500492116 16.2261889620377
    endloop
  endfacet
  facet normal 1 0 0
    outer loop
      vertex 18 32 0
      vertex 18 1.104065500492116 16.2261889620377
      vertex 18 1.1667261889578033 16.166726188957803
    endloop
  endfacet
  facet normal 1 0 0
    outer loop
      vertex 18 32 0
      vertex 18 0.8986544077747947 16.38380643710995
      vertex 18 0.9698456662825806 16.334878040718664
    endloop
  endfacet
  facet normal 1 0 0
    outer loop
      vertex 18 32 0
      vertex 18 1.2261889620377004 16.104065500492116
      vertex 18 1.282290836404002 16.038378645232232
    endloop
  endfacet
  facet normal 1 0 0
    outer loop
      vertex 18 32 0
      vertex 18 1.282290836404002 16.038378645232232
      vertex 18 1.3348780407186631 15.96984566628258
    endloop
  endfacet
  facet normal -0.9832549075639966 -0.18223552549192062 7.761922436196691e-16
    outer loop
      vertex 10.064763577439182 1.6477387323450468 15.086354327800857
      vertex 10.066019732274468 1.6409611273576508 15.172471964391628
      vertex 10.074421074070404 1.5956315434103547 30
    endloop
  endfacet
  facet normal -0.9832549075639404 -0.18223552549222402 -1.8319790411148607e-16
    outer loop
      vertex 10.066019732274468 1.6409611273576508 15.172471964391628
      vertex 10.06810949772445 1.6296857619819773 15.258116867316382
      vertex 10.074421074070404 1.5956315434103547 30
    endloop
  endfacet
  facet normal -0.983254907563952 -0.182235525492162 -3.500952042192039e-17
    outer loop
      vertex 10.06810949772445 1.6296857619819773 15.258116867316382
      vertex 10.071027145887285 1.6139435412107792 15.343054289849302
      vertex 10.074421074070404 1.5956315434103547 30
    endloop
  endfacet
  facet normal -0.9832549075639571 -0.18223552549213495 0
    outer loop
      vertex 10.074421074070404 1.5956315434103547 15.419329250077308
      vertex 10.074421074070404 1.5956315434103547 30
      vertex 10.071027145887285 1.6139435412107792 15.343054289849302
    endloop
  endfacet
  facet normal -0.9914448613738345 -0.13052619221986844 -2.2661924370292205e-22
    outer loop
      vertex 10.074665148589652 1.5937776133769626 15.42705142441916
      vertex 10.074421074070404 1.5956315434103547 30
      vertex 10.074421074070404 1.5956315434103547 15.419329250077308
    endloop
  endfacet
  facet normal -0.9914448613738117 -0.13052619222004294 2.2579131550737382e-17
    outer loop
      vertex 10.074665148589652 1.5937776133769626 15.42705142441916
      vertex 10.077895158556517 1.5692432518870032 15.509878040718663
      vertex 10.074421074070404 1.5956315434103547 30
    endloop
  endfacet
  facet normal -0.9832549075639544 -0.18223552549214786 0
    outer loop
      vertex 9.977105527484817 2.120699246341145 30
      vertex 9.977105527484817 2.120699246341145 0
      vertex 10.074421074070404 1.5956315434103547 30
    endloop
  endfacet
  facet normal -0.9914448613738092 -0.13052619222006093 1.0164268459582002e-16
    outer loop
      vertex 10.096366179808724 1.4289419162443235 15.825
      vertex 10.074421074070404 1.5956315434103547 30
      vertex 10.090939615434104 1.470160764910807 15.749084324570251
    endloop
  endfacet
  facet normal -0.991444861373813 -0.13052619222003162 -2.487992699112814e-16
    outer loop
      vertex 10.102308378366567 1.3838064371099497 15.898654407774794
      vertex 10.074421074070404 1.5956315434103547 30
      vertex 10.096366179808724 1.4289419162443235 15.825
    endloop
  endfacet
  facet normal -0.9914448613738125 -0.13052619222003603 -3.0261589912265486e-16
    outer loop
      vertex 10.11567316074359 1.282290836404002 16.038378645232232
      vertex 10.074421074070404 1.5956315434103547 30
      vertex 10.108749923954427 1.3348780407186631 15.96984566628258
    endloop
  endfacet
  facet normal -0.991444861373808 -0.13052619222006948 3.2901294321750475e-16
    outer loop
      vertex 10.102308378366567 1.3838064371099497 15.898654407774794
      vertex 10.108749923954427 1.3348780407186631 15.96984566628258
      vertex 10.074421074070404 1.5956315434103547 30
    endloop
  endfacet
  facet normal -0.9914448613738058 -0.13052619222008666 1.7914008605891267e-16
    outer loop
      vertex 10.081691430491954 1.5404077037203827 15.591307116749746
      vertex 10.086043559078465 1.5073500051102913 15.67111546107507
      vertex 10.074421074070404 1.5956315434103547 30
    endloop
  endfacet
  facet normal -0.9914448613738107 -0.1305261922200498 3.533365612818811e-17
    outer loop
      vertex 10.081691430491954 1.5404077037203827 15.591307116749746
      vertex 10.074421074070404 1.5956315434103547 30
      vertex 10.077895158556517 1.5692432518870032 15.509878040718663
    endloop
  endfacet
  facet normal -0.9914448613738133 -0.13052619222002976 -1.776617169271078e-16
    outer loop
      vertex 10.086043559078465 1.5073500051102913 15.67111546107507
      vertex 10.090939615434104 1.470160764910807 15.749084324570251
      vertex 10.074421074070404 1.5956315434103547 30
    endloop
  endfacet
  facet normal -0.9238795325112864 -0.38268343236509034 5.997717707290404e-20
    outer loop
      vertex 9.522520350271456 3.6553530853620626 30
      vertex 9.318163667954527 4.148713759373162 30
      vertex 9.318163667954527 4.148713759373162 0
    endloop
  endfacet
  facet normal -0.9588197348681926 -0.2840153447039237 -1.9663287463660233e-19
    outer loop
      vertex 9.852443428148495 2.6399542600457115 30
      vertex 9.700776466210565 3.1519733426244634 30
      vertex 9.700776466210565 3.1519733426244634 0
    endloop
  endfacet
  facet normal -0.9723699203976764 -0.23344536385590578 1.0319900516086269e-19
    outer loop
      vertex 9.977105527484817 2.120699246341145 30
      vertex 9.852443428148495 2.6399542600457115 30
      vertex 9.852443428148495 2.6399542600457115 0
    endloop
  endfacet
  facet normal -0.9426414910921787 -0.33380685923377035 0
    outer loop
      vertex 9.522520350271456 3.6553530853620626 30
      vertex 9.522520350271456 3.6553530853620626 0
      vertex 9.700776466210565 3.1519733426244634 30
    endloop
  endfacet
  facet normal -0.9996573249755573 -0.026176948307873735 0
    outer loop
      vertex 10.2 0 16.65
      vertex 10.2 0 30
      vertex 10.197738732345046 0.08635432780085732 16.647738732345047
    endloop
  endfacet
  facet normal -0.9996573249755571 -0.026176948307880945 -4.664300942259301e-17
    outer loop
      vertex 10.197738732345046 0.08635432780085732 16.647738732345047
      vertex 10.2 0 30
      vertex 10.195483662667556 0.1724719643916282 16.640961127357652
    endloop
  endfacet
  facet normal -0.9996573249755568 -0.026176948307888612 1.6849623655766195e-16
    outer loop
      vertex 10.191016807272032 0.3430542898493029 16.61394354121078
      vertex 10.186021254496652 0.5338267536780271 30
      vertex 10.188817264894148 0.4270514244191592 16.59377761337696
    endloop
  endfacet
  facet normal -0.9996573249755574 -0.026176948307866117 -1.0833251504607434e-17
    outer loop
      vertex 10.188817264894148 0.4270514244191592 16.59377761337696
      vertex 10.186021254496652 0.5338267536780271 30
      vertex 10.186648373615888 0.5098780407186632 16.569243251887002
    endloop
  endfacet
  facet normal -0.9996573249755569 -0.026176948307880848 1.6666220945491445e-16
    outer loop
      vertex 10.195483662667556 0.1724719643916282 16.640961127357652
      vertex 10.186021254496652 0.5338267536780271 30
      vertex 10.193240971956767 0.2581168673163809 16.62968576198198
    endloop
  endfacet
  facet normal -0.9996573249755576 -0.02617694830786377 -1.8582291072219153e-16
    outer loop
      vertex 10.191016807272032 0.3430542898493029 16.61394354121078
      vertex 10.193240971956767 0.2581168673163809 16.62968576198198
      vertex 10.186021254496652 0.5338267536780271 30
    endloop
  endfacet
  facet normal -0.9969173337331282 -0.07845909572784239 -3.1582566529056065e-21
    outer loop
      vertex 10.181497451814009 0.5913071167497455 16.540407703720383
      vertex 10.186021254496652 0.5338267536780271 16.560762567839884
      vertex 10.186021254496652 0.5338267536780271 30
    endloop
  endfacet
  facet normal -0.9996573249755574 -0.026176948307872178 -1.3333361569664661e-21
    outer loop
      vertex 10.186648373615888 0.5098780407186632 16.569243251887002
      vertex 10.186021254496652 0.5338267536780271 30
      vertex 10.186021254496652 0.5338267536780271 16.560762567839884
    endloop
  endfacet
  facet normal -0.9969173337331274 -0.07845909572785302 -4.567227004462289e-17
    outer loop
      vertex 10.181497451814009 0.5913071167497455 16.540407703720383
      vertex 10.186021254496652 0.5338267536780271 30
      vertex 10.175216398896758 0.6711154610750703 16.50735000511029
    endloop
  endfacet
  facet normal -0.996917333733128 -0.07845909572784548 3.15277013784644e-17
    outer loop
      vertex 10.175216398896758 0.6711154610750703 16.50735000511029
      vertex 10.186021254496652 0.5338267536780271 30
      vertex 10.169080116260512 0.7490843245702522 16.47016076491081
    endloop
  endfacet
  facet normal -0.9969173337331284 -0.07845909572784159 -7.156667607955857e-17
    outer loop
      vertex 10.163105423029448 0.825 16.428941916244323
      vertex 10.144123332756386 1.0661903253300653 30
      vertex 10.157308695422415 0.8986544077747947 16.38380643710995
    endloop
  endfacet
  facet normal -0.9969173337331269 -0.07845909572785942 1.4938642678674986e-16
    outer loop
      vertex 10.157308695422415 0.8986544077747947 16.38380643710995
      vertex 10.144123332756386 1.0661903253300653 30
      vertex 10.151705821866859 0.9698456662825806 16.334878040718664
    endloop
  endfacet
  facet normal -0.9969173337331292 -0.07845909572783089 -2.6261992681700973e-16
    outer loop
      vertex 10.169080116260512 0.7490843245702522 16.47016076491081
      vertex 10.144123332756386 1.0661903253300653 30
      vertex 10.163105423029448 0.825 16.428941916244323
    endloop
  endfacet
  facet normal -0.9914448613738116 -0.1305261922200424 1.1260520105202898e-17
    outer loop
      vertex 10.139136971349743 1.104065500492116 16.2261889620377
      vertex 10.144123332756386 1.0661903253300653 30
      vertex 10.13088753521269 1.1667261889578033 16.166726188957803
    endloop
  endfacet
  facet normal -0.9914448613738109 -0.13052619222004666 -2.0324010636892958e-17
    outer loop
      vertex 10.123059112623249 1.2261889620377004 16.104065500492116
      vertex 10.13088753521269 1.1667261889578033 16.166726188957803
      vertex 10.144123332756386 1.0661903253300653 30
    endloop
  endfacet
  facet normal -0.9914448613738083 -0.13052619222006837 -2.7467990506016226e-16
    outer loop
      vertex 10.123059112623249 1.2261889620377004 16.104065500492116
      vertex 10.144123332756386 1.0661903253300653 30
      vertex 10.11567316074359 1.282290836404002 16.038378645232232
    endloop
  endfacet
  facet normal -0.9969173337331283 -0.07845909572784113 1.9505859399024424e-17
    outer loop
      vertex 10.151705821866859 0.9698456662825806 16.334878040718664
      vertex 10.144123332756386 1.0661903253300653 30
      vertex 10.146312159449746 1.0383786452322317 16.282290836404
    endloop
  endfacet
  facet normal -0.996917333733129 -0.07845909572783154 -6.6203029746989124e-21
    outer loop
      vertex 10.146312159449746 1.0383786452322317 16.282290836404
      vertex 10.144123332756386 1.0661903253300653 30
      vertex 10.144123332756386 1.0661903253300653 16.258537417602152
    endloop
  endfacet
  facet normal -0.991444861373811 -0.1305261922200464 0
    outer loop
      vertex 10.144123332756386 1.0661903253300653 16.258537417602152
      vertex 10.144123332756386 1.0661903253300653 30
      vertex 10.139136971349743 1.104065500492116 16.2261889620377
    endloop
  endfacet
  facet normal -0.9025852843498616 -0.43051109680829275 0
    outer loop
      vertex 9.088266546721352 4.630703097343377 30
      vertex 9.088266546721352 4.630703097343377 0
      vertex 9.318163667954527 4.148713759373162 30
    endloop
  endfacet
  facet normal 2.0851971898810154e-20 -0.4771587602596272 -0.8788171126619552
    outer loop
      vertex 10.169080116260512 0.7490843245702522 16.47016076491081
      vertex 10.163105423029448 0.825 16.428941916244323
      vertex 18 0.825 16.428941916244323
    endloop
  endfacet
  facet normal 1.8554221299110626e-20 -0.522498564715941 -0.852640164354097
    outer loop
      vertex 10.163105423029448 0.825 16.428941916244323
      vertex 10.157308695422415 0.8986544077747947 16.38380643710995
      vertex 18 0.8986544077747947 16.38380643710995
    endloop
  endfacet
  facet normal 1.3172622396659635e-19 -0.5664062369248306 -0.8241261886220173
    outer loop
      vertex 10.157308695422415 0.8986544077747947 16.38380643710995
      vertex 10.151705821866859 0.9698456662825806 16.334878040718664
      vertex 18 0.9698456662825806 16.334878040718664
    endloop
  endfacet
  facet normal -5.989945811902947e-20 -0.13052619222005538 -0.9914448613738099
    outer loop
      vertex 10.195483662667556 0.1724719643916282 16.640961127357652
      vertex 10.193240971956767 0.2581168673163809 16.62968576198198
      vertex 18 0.2581168673163809 16.62968576198198
    endloop
  endfacet
  facet normal 0 -0.18223552549214944 -0.9832549075639542
    outer loop
      vertex 10.191016807272032 0.3430542898493029 16.61394354121078
      vertex 18 0.3430542898493029 16.61394354121078
      vertex 10.193240971956767 0.2581168673163809 16.62968576198198
    endloop
  endfacet
  facet normal 6.038413112931442e-20 -0.28401534470391887 -0.9588197348681942
    outer loop
      vertex 10.188817264894148 0.4270514244191592 16.59377761337696
      vertex 10.186648373615888 0.5098780407186632 16.569243251887002
      vertex 18 0.5098780407186632 16.569243251887002
    endloop
  endfacet
  facet normal 6.430039421638678e-20 -0.2334453638559325 -0.97236992039767
    outer loop
      vertex 10.191016807272032 0.3430542898493029 16.61394354121078
      vertex 10.188817264894148 0.4270514244191592 16.59377761337696
      vertex 18 0.4270514244191592 16.59377761337696
    endloop
  endfacet
  facet normal -6.425102615545146e-21 -0.026176948307853182 -0.9996573249755578
    outer loop
      vertex 10.2 0 16.65
      vertex 10.197738732345046 0.08635432780085732 16.647738732345047
      vertex 18 0.08635432780085732 16.647738732345047
    endloop
  endfacet
  facet normal -4.2933362229992523e-20 -0.07845909572783338 -0.9969173337331289
    outer loop
      vertex 10.197738732345046 0.08635432780085732 16.647738732345047
      vertex 10.195483662667556 0.1724719643916282 16.640961127357652
      vertex 18 0.1724719643916282 16.640961127357652
    endloop
  endfacet
  facet normal 5.11418749315692e-16 -0.33380685923379566 -0.9426414910921697
    outer loop
      vertex 10.186648373615888 0.5098780407186632 16.569243251887002
      vertex 10.186021254496652 0.5338267536780271 16.560762567839884
      vertex 18 0.5913071167497455 16.540407703720383
    endloop
  endfacet
  facet normal 0 -0.3338068592337339 -0.9426414910921915
    outer loop
      vertex 10.181497451814009 0.5913071167497455 16.540407703720383
      vertex 18 0.5913071167497455 16.540407703720383
      vertex 10.186021254496652 0.5338267536780271 16.560762567839884
    endloop
  endfacet
  facet normal -2.0362533411231423e-19 -0.38268343236511243 -0.9238795325112772
    outer loop
      vertex 10.181497451814009 0.5913071167497455 16.540407703720383
      vertex 10.175216398896758 0.6711154610750703 16.50735000511029
      vertex 18 0.6711154610750703 16.50735000511029
    endloop
  endfacet
  facet normal 1.5684550013819817e-19 -0.4305110968082649 -0.9025852843498751
    outer loop
      vertex 10.175216398896758 0.6711154610750703 16.50735000511029
      vertex 10.169080116260512 0.7490843245702522 16.47016076491081
      vertex 18 0.7490843245702522 16.47016076491081
    endloop
  endfacet
  facet normal 0 -0.9025852843498609 -0.4305110968082946
    outer loop
      vertex 10.086043559078465 1.5073500051102913 15.67111546107507
      vertex 18 1.5073500051102913 15.67111546107507
      vertex 10.090939615434104 1.470160764910807 15.749084324570251
    endloop
  endfacet
  facet normal 0 -0.8241261886220169 -0.5664062369248312
    outer loop
      vertex 10.102308378366567 1.3838064371099497 15.898654407774794
      vertex 18 1.3838064371099497 15.898654407774794
      vertex 10.108749923954427 1.3348780407186631 15.96984566628258
    endloop
  endfacet
  facet normal -6.617864767655753e-20 -0.8526401643540935 -0.5224985647159468
    outer loop
      vertex 10.102308378366567 1.3838064371099497 15.898654407774794
      vertex 10.096366179808724 1.4289419162443235 15.825
      vertex 18 1.4289419162443235 15.825
    endloop
  endfacet
  facet normal 2.736668460721959e-19 -0.8788171126619642 -0.47715876025961085
    outer loop
      vertex 10.096366179808724 1.4289419162443235 15.825
      vertex 10.090939615434104 1.470160764910807 15.749084324570251
      vertex 18 1.470160764910807 15.749084324570251
    endloop
  endfacet
  facet normal 2.3273348737995677e-19 -0.6883545756937532 -0.7253743710122883
    outer loop
      vertex 10.139136971349743 1.104065500492116 16.2261889620377
      vertex 10.13088753521269 1.1667261889578033 16.166726188957803
      vertex 18 1.1667261889578033 16.166726188957803
    endloop
  endfacet
  facet normal 0 -0.725374371012287 -0.6883545756937547
    outer loop
      vertex 10.123059112623249 1.2261889620377004 16.104065500492116
      vertex 18 1.2261889620377004 16.104065500492116
      vertex 10.13088753521269 1.1667261889578033 16.166726188957803
    endloop
  endfacet
  facet normal 1.5622255270960463e-19 -0.6494480483301777 -0.760405965600036
    outer loop
      vertex 10.144123332756386 1.0661903253300653 16.258537417602152
      vertex 10.139136971349743 1.104065500492116 16.2261889620377
      vertex 18 1.104065500492116 16.2261889620377
    endloop
  endfacet
  facet normal -1.6163904434553387e-20 -0.6087614290087264 -0.7933533402912307
    outer loop
      vertex 10.151705821866859 0.9698456662825806 16.334878040718664
      vertex 10.146312159449746 1.0383786452322317 16.282290836404
      vertex 18 1.0383786452322317 16.282290836404
    endloop
  endfacet
  facet normal 1.7268554104140103e-16 -0.6494480483301984 -0.7604059656000185
    outer loop
      vertex 10.146312159449746 1.0383786452322317 16.282290836404
      vertex 10.144123332756386 1.0661903253300653 16.258537417602152
      vertex 18 1.104065500492116 16.2261889620377
    endloop
  endfacet
  facet normal -2.18043104168625e-19 -0.7604059656000278 -0.6494480483301872
    outer loop
      vertex 10.123059112623249 1.2261889620377004 16.104065500492116
      vertex 10.11567316074359 1.282290836404002 16.038378645232232
      vertex 18 1.282290836404002 16.038378645232232
    endloop
  endfacet
  facet normal -3.6083919094506185e-20 -0.7933533402912372 -0.6087614290087181
    outer loop
      vertex 10.11567316074359 1.282290836404002 16.038378645232232
      vertex 10.108749923954427 1.3348780407186631 15.96984566628258
      vertex 18 1.3348780407186631 15.96984566628258
    endloop
  endfacet
  facet normal 2.809331169861646e-20 -0.9426414910921802 -0.33380685923376546
    outer loop
      vertex 10.081691430491954 1.5404077037203827 15.591307116749746
      vertex 10.077895158556517 1.5692432518870032 15.509878040718663
      vertex 18 1.5692432518870032 15.509878040718663
    endloop
  endfacet
  facet normal 0 -0.9238795325112846 -0.38268343236509506
    outer loop
      vertex 10.081691430491954 1.5404077037203827 15.591307116749746
      vertex 18 1.5404077037203827 15.591307116749746
      vertex 10.086043559078465 1.5073500051102913 15.67111546107507
    endloop
  endfacet
  facet normal -0.9914448613738107 -0.13052619222005 1.5303782064398087e-17
    outer loop
      vertex 10.11567316074359 1.282290836404002 16.038378645232232
      vertex 10.144123332756386 1.0661903253300653 30
      vertex 10.074421074070404 1.5956315434103547 30
    endloop
  endfacet
  facet normal -0.9996573249755571 -0.026176948307875546 2.3081062470005265e-17
    outer loop
      vertex 10.195483662667556 0.1724719643916282 16.640961127357652
      vertex 10.2 0 30
      vertex 10.186021254496652 0.5338267536780271 30
    endloop
  endfacet
  facet normal -0.996917333733128 -0.07845909572784422 5.1667437304317286e-17
    outer loop
      vertex 10.169080116260512 0.7490843245702522 16.47016076491081
      vertex 10.186021254496652 0.5338267536780271 30
      vertex 10.144123332756386 1.0661903253300653 30
    endloop
  endfacet
  facet normal 0 0 -1
    outer loop
      vertex 9.088266546721352 -4.630703097343377 30
      vertex 8.833459118601272 5.1 30
      vertex 9.088266546721352 4.630703097343377 30
    endloop
  endfacet
  facet normal 0 0 -1
    outer loop
      vertex 9.318163667954527 -4.148713759373162 30
      vertex 9.088266546721352 4.630703097343377 30
      vertex 9.318163667954527 4.148713759373162 30
    endloop
  endfacet
  facet normal 0 0 -1
    outer loop
      vertex 9.522520350271456 -3.6553530853620626 30
      vertex 9.318163667954527 4.148713759373162 30
      vertex 9.522520350271456 3.6553530853620626 30
    endloop
  endfacet
  facet normal 0 0 -1
    outer loop
      vertex 9.977105527484817 -2.120699246341145 30
      vertex 9.852443428148495 2.6399542600457115 30
      vertex 9.977105527484817 2.120699246341145 30
    endloop
  endfacet
  facet normal 0 0 -1
    outer loop
      vertex 10.074421074070404 -1.5956315434103547 30
      vertex 9.977105527484817 2.120699246341145 30
      vertex 10.074421074070404 1.5956315434103547 30
    endloop
  endfacet
  facet normal 0 0 -1
    outer loop
      vertex 10.144123332756386 -1.0661903253300653 30
      vertex 10.074421074070404 1.5956315434103547 30
      vertex 10.144123332756386 1.0661903253300653 30
    endloop
  endfacet
  facet normal 0 0 -1
    outer loop
      vertex 9.700776466210565 -3.1519733426244634 30
      vertex 9.522520350271456 3.6553530853620626 30
      vertex 9.700776466210565 3.1519733426244634 30
    endloop
  endfacet
  facet normal 0 0 -1
    outer loop
      vertex 9.852443428148495 -2.6399542600457115 30
      vertex 9.700776466210565 3.1519733426244634 30
      vertex 9.852443428148495 2.6399542600457115 30
    endloop
  endfacet
  facet normal 0 0 -1
    outer loop
      vertex 10.186021254496652 -0.5338267536780271 30
      vertex 10.186021254496652 0.5338267536780271 30
      vertex 10.2 0 30
    endloop
  endfacet
  facet normal 0 0 -1
    outer loop
      vertex 10.186021254496652 -0.5338267536780271 30
      vertex 10.144123332756386 1.0661903253300653 30
      vertex 10.186021254496652 0.5338267536780271 30
    endloop
  endfacet
  facet normal 0 -0.4771587602596272 -0.8788171126619553
    outer loop
      vertex 10.169080116260512 0.7490843245702522 16.47016076491081
      vertex 18 0.825 16.428941916244323
      vertex 18 0.7490843245702522 16.47016076491081
    endloop
  endfacet
  facet normal 0 -0.5224985647159411 -0.8526401643540968
    outer loop
      vertex 10.163105423029448 0.825 16.428941916244323
      vertex 18 0.8986544077747947 16.38380643710995
      vertex 18 0.825 16.428941916244323
    endloop
  endfacet
  facet normal 0 -0.6087614290087263 -0.7933533402912307
    outer loop
      vertex 10.151705821866859 0.9698456662825806 16.334878040718664
      vertex 18 1.0383786452322317 16.282290836404
      vertex 18 0.9698456662825806 16.334878040718664
    endloop
  endfacet
  facet normal 0 -0.5664062369248306 -0.8241261886220173
    outer loop
      vertex 10.157308695422415 0.8986544077747947 16.38380643710995
      vertex 18 0.9698456662825806 16.334878040718664
      vertex 18 0.8986544077747947 16.38380643710995
    endloop
  endfacet
  facet normal 0 -0.026176948307853186 -0.9996573249755578
    outer loop
      vertex 10.2 0 16.65
      vertex 18 0.08635432780085732 16.647738732345047
      vertex 18 0 16.65
    endloop
  endfacet
  facet normal 0 -0.0784590957278334 -0.9969173337331289
    outer loop
      vertex 10.197738732345046 0.08635432780085732 16.647738732345047
      vertex 18 0.1724719643916282 16.640961127357652
      vertex 18 0.08635432780085732 16.647738732345047
    endloop
  endfacet
  facet normal 0 -0.13052619222005535 -0.9914448613738098
    outer loop
      vertex 10.195483662667556 0.1724719643916282 16.640961127357652
      vertex 18 0.2581168673163809 16.62968576198198
      vertex 18 0.1724719643916282 16.640961127357652
    endloop
  endfacet
  facet normal 0 -0.18223552549214947 -0.9832549075639542
    outer loop
      vertex 10.193240971956767 0.2581168673163809 16.62968576198198
      vertex 18 0.3430542898493029 16.61394354121078
      vertex 18 0.2581168673163809 16.62968576198198
    endloop
  endfacet
  facet normal 0 -0.23344536385593254 -0.97236992039767
    outer loop
      vertex 10.191016807272032 0.3430542898493029 16.61394354121078
      vertex 18 0.4270514244191592 16.59377761337696
      vertex 18 0.3430542898493029 16.61394354121078
    endloop
  endfacet
  facet normal 0 -0.28401534470391887 -0.9588197348681942
    outer loop
      vertex 10.188817264894148 0.4270514244191592 16.59377761337696
      vertex 18 0.5098780407186632 16.569243251887002
      vertex 18 0.4270514244191592 16.59377761337696
    endloop
  endfacet
  facet normal 0 -0.33380685923375203 -0.9426414910921851
    outer loop
      vertex 10.186648373615888 0.5098780407186632 16.569243251887002
      vertex 18 0.5913071167497455 16.540407703720383
      vertex 18 0.5098780407186632 16.569243251887002
    endloop
  endfacet
  facet normal 0 -0.3826834323651125 -0.9238795325112773
    outer loop
      vertex 10.181497451814009 0.5913071167497455 16.540407703720383
      vertex 18 0.6711154610750703 16.50735000511029
      vertex 18 0.5913071167497455 16.540407703720383
    endloop
  endfacet
  facet normal 0 -0.4305110968082649 -0.9025852843498751
    outer loop
      vertex 10.175216398896758 0.6711154610750703 16.50735000511029
      vertex 18 0.7490843245702522 16.47016076491081
      vertex 18 0.6711154610750703 16.50735000511029
    endloop
  endfacet
  facet normal 0 -0.9025852843498609 -0.43051109680829464
    outer loop
      vertex 10.090939615434104 1.470160764910807 15.749084324570251
      vertex 18 1.5073500051102913 15.67111546107507
      vertex 18 1.470160764910807 15.749084324570251
    endloop
  endfacet
  facet normal 0 -0.8241261886220168 -0.566406236924831
    outer loop
      vertex 10.108749923954427 1.3348780407186631 15.96984566628258
      vertex 18 1.3838064371099497 15.898654407774794
      vertex 18 1.3348780407186631 15.96984566628258
    endloop
  endfacet
  facet normal 0 -0.878817112661964 -0.47715876025961074
    outer loop
      vertex 10.096366179808724 1.4289419162443235 15.825
      vertex 18 1.470160764910807 15.749084324570251
      vertex 18 1.4289419162443235 15.825
    endloop
  endfacet
  facet normal 0 -0.8526401643540935 -0.5224985647159467
    outer loop
      vertex 10.102308378366567 1.3838064371099497 15.898654407774794
      vertex 18 1.4289419162443235 15.825
      vertex 18 1.3838064371099497 15.898654407774794
    endloop
  endfacet
  facet normal 0 -0.6883545756937534 -0.7253743710122883
    outer loop
      vertex 10.139136971349743 1.104065500492116 16.2261889620377
      vertex 18 1.1667261889578033 16.166726188957803
      vertex 18 1.104065500492116 16.2261889620377
    endloop
  endfacet
  facet normal 0 -0.7604059656000278 -0.6494480483301872
    outer loop
      vertex 10.123059112623249 1.2261889620377004 16.104065500492116
      vertex 18 1.282290836404002 16.038378645232232
      vertex 18 1.2261889620377004 16.104065500492116
    endloop
  endfacet
  facet normal 0 -0.725374371012287 -0.6883545756937547
    outer loop
      vertex 10.13088753521269 1.1667261889578033 16.166726188957803
      vertex 18 1.2261889620377004 16.104065500492116
      vertex 18 1.1667261889578033 16.166726188957803
    endloop
  endfacet
  facet normal 0 -0.6494480483301865 -0.7604059656000286
    outer loop
      vertex 10.146312159449746 1.0383786452322317 16.282290836404
      vertex 18 1.104065500492116 16.2261889620377
      vertex 18 1.0383786452322317 16.282290836404
    endloop
  endfacet
  facet normal 0 -0.7933533402912372 -0.608761429008718
    outer loop
      vertex 10.11567316074359 1.282290836404002 16.038378645232232
      vertex 18 1.3348780407186631 15.96984566628258
      vertex 18 1.282290836404002 16.038378645232232
    endloop
  endfacet
  facet normal 0 -0.9426414910921803 -0.33380685923376546
    outer loop
      vertex 10.081691430491954 1.5404077037203827 15.591307116749746
      vertex 18 1.5692432518870032 15.509878040718663
      vertex 18 1.5404077037203827 15.591307116749746
    endloop
  endfacet
  facet normal 0 -0.9238795325112845 -0.38268343236509506
    outer loop
      vertex 10.086043559078465 1.5073500051102913 15.67111546107507
      vertex 18 1.5404077037203827 15.591307116749746
      vertex 18 1.5073500051102913 15.67111546107507
    endloop
  endfacet
  facet normal 1 0 0
    outer loop
      vertex 18 -32 62
      vertex 18 0.7490843245702522 16.47016076491081
      vertex 18 32 0
    endloop
  endfacet
  facet normal 0 0 -1
    outer loop
      vertex 18 32 0
      vertex 5.1 8.833459118601272 0
      vertex 4.630703097343377 9.088266546721352 0
    endloop
  endfacet
  facet normal 0 0 -1
    outer loop
      vertex 18 32 0
      vertex 5.555318157153276 8.554439793043326 0
      vertex 5.1 8.833459118601272 0
    endloop
  endfacet
  facet normal 0 0 -1
    outer loop
      vertex 18 32 0
      vertex 5.995409573383226 8.251973342624463 0
      vertex 5.555318157153276 8.554439793043326 0
    endloop
  endfacet
  facet normal 0 0 -1
    outer loop
      vertex 18 32 0
      vertex 6.419067988708341 7.926888806861102 0
      vertex 5.995409573383226 8.251973342624463 0
    endloop
  endfacet
  facet normal 0 1 0
    outer loop
      vertex 18 32 0
      vertex 4.630703097343377 32 34.91173345327865
      vertex 5.1 32 35.16654088139873
    endloop
  endfacet
  facet normal 0 1 0
    outer loop
      vertex 18 32 0
      vertex 5.1 32 35.16654088139873
      vertex 5.555318157153276 32 35.44556020695667
    endloop
  endfacet
  facet normal 0 1 0
    outer loop
      vertex 18 32 0
      vertex 5.555318157153276 32 35.44556020695667
      vertex 5.995409573383226 32 35.74802665737553
    endloop
  endfacet
  facet normal 0 1 0
    outer loop
      vertex 18 32 0
      vertex 5.995409573383226 32 35.74802665737553
      vertex 6.419067988708341 32 36.0731111931389
    endloop
  endfacet
  facet normal 0 1 0
    outer loop
      vertex 18 32 0
      vertex 6.419067988708341 32 36.0731111931389
      vertex 6.825132184860354 32 36.41992278013058
    endloop
  endfacet
  facet normal 0 1 0
    outer loop
      vertex 18 32 0
      vertex 6.825132184860354 32 36.41992278013058
      vertex 7.212489168102785 32 36.787510831897215
    endloop
  endfacet
  facet normal 0 1 0
    outer loop
      vertex 18 32 0
      vertex 7.212489168102785 32 36.787510831897215
      vertex 7.580077219869421 32 37.17486781513965
    endloop
  endfacet
  facet normal 0 1 0
    outer loop
      vertex 18 32 0
      vertex 7.580077219869421 32 37.17486781513965
      vertex 7.926888806861102 32 37.58093201129166
    endloop
  endfacet
  facet normal 0 1 0
    outer loop
      vertex 18 32 0
      vertex 7.926888806861102 32 37.58093201129166
      vertex 8.251973342624463 32 38.00459042661677
    endloop
  endfacet
  facet normal 0 1 0
    outer loop
      vertex 18 32 0
      vertex 8.251973342624463 32 38.00459042661677
      vertex 8.554439793043326 32 38.44468184284673
    endloop
  endfacet
  facet normal 0 1 0
    outer loop
      vertex 18 32 0
      vertex 8.554439793043326 32 38.44468184284673
      vertex 8.833459118601272 32 38.9
    endloop
  endfacet
  facet normal 0 1 0
    outer loop
      vertex 18 32 0
      vertex 8.833459118601272 32 38.9
      vertex 9.088266546721352 32 39.36929690265662
    endloop
  endfacet
  facet normal 0 1 0
    outer loop
      vertex 18 32 0
      vertex 9.088266546721352 32 39.36929690265662
      vertex 9.318163667954527 32 39.85128624062684
    endloop
  endfacet
  facet normal 0 1 0
    outer loop
      vertex 18 32 0
      vertex 9.318163667954527 32 39.85128624062684
      vertex 9.522520350271456 32 40.344646914637934
    endloop
  endfacet
  facet normal 0 1 0
    outer loop
      vertex 18 32 0
      vertex 9.522520350271456 32 40.344646914637934
      vertex 9.700776466210565 32 40.848026657375534
    endloop
  endfacet
  facet normal 0 1 0
    outer loop
      vertex 18 32 0
      vertex 9.700776466210565 32 40.848026657375534
      vertex 9.852443428148495 32 41.36004573995429
    endloop
  endfacet
  facet normal 0 1 0
    outer loop
      vertex 18 32 0
      vertex 9.852443428148495 32 41.36004573995429
      vertex 9.977105527484817 32 41.87930075365885
    endloop
  endfacet
  facet normal 0 1 0
    outer loop
      vertex 18 32 0
      vertex 9.977105527484817 32 41.87930075365885
      vertex 10.074421074070404 32 42.404368456589644
    endloop
  endfacet
  facet normal 0 1 0
    outer loop
      vertex 18 32 0
      vertex 10.074421074070404 32 42.404368456589644
      vertex 10.144123332756386 32 42.93380967466994
    endloop
  endfacet
  facet normal 0 1 0
    outer loop
      vertex 18 32 0
      vertex 10.144123332756386 32 42.93380967466994
      vertex 10.186021254496652 32 43.46617324632197
    endloop
  endfacet
  facet normal 0 1 0
    outer loop
      vertex 18 32 0
      vertex 10.186021254496652 32 43.46617324632197
      vertex 10.2 32 44
    endloop
  endfacet
  facet normal 0 1 0
    outer loop
      vertex 18 32 0
      vertex 10.2 32 44
      vertex 10.186021254496652 32 44.53382675367803
    endloop
  endfacet
  facet normal 0 1 0
    outer loop
      vertex 18 32 0
      vertex 10.186021254496652 32 44.53382675367803
      vertex 10.144123332756386 32 45.06619032533006
    endloop
  endfacet
  facet normal 0 1 0
    outer loop
      vertex 18 32 0
      vertex 10.144123332756386 32 45.06619032533006
      vertex 10.074421074070404 32 45.595631543410356
    endloop
  endfacet
  facet normal -0.026176948307882197 0 0.9996573249755571
    outer loop
      vertex 0 -32 33.8
      vertex 0.5338267536780271 32 33.81397874550335
      vertex 0 32 33.8
    endloop
  endfacet
  facet normal -0.07845909572784421 0 0.996917333733128
    outer loop
      vertex 0.5338267536780271 -32 33.81397874550335
      vertex 1.0661903253300653 32 33.855876667243614
      vertex 0.5338267536780271 32 33.81397874550335
    endloop
  endfacet
  facet normal -0.13052619222005651 0 0.9914448613738097
    outer loop
      vertex 1.0661903253300653 -32 33.855876667243614
      vertex 1.5956315434103547 32 33.9255789259296
      vertex 1.0661903253300653 32 33.855876667243614
    endloop
  endfacet
  facet normal -0.18223552549214145 0 0.9832549075639557
    outer loop
      vertex 1.5956315434103547 -32 33.9255789259296
      vertex 2.120699246341145 32 34.02289447251518
      vertex 1.5956315434103547 32 33.9255789259296
    endloop
  endfacet
  facet normal -0.23344536385590262 0 0.9723699203976771
    outer loop
      vertex 2.120699246341145 -32 34.02289447251518
      vertex 2.6399542600457115 32 34.1475565718515
      vertex 2.120699246341145 32 34.02289447251518
    endloop
  endfacet
  facet normal -0.28401534470392986 0 0.9588197348681908
    outer loop
      vertex 2.6399542600457115 -32 34.1475565718515
      vertex 3.1519733426244634 32 34.29922353378944
      vertex 2.6399542600457115 32 34.1475565718515
    endloop
  endfacet
  facet normal -0.33380685923376735 0 0.9426414910921797
    outer loop
      vertex 3.1519733426244634 -32 34.29922353378944
      vertex 3.6553530853620626 32 34.477479649728544
      vertex 3.1519733426244634 32 34.29922353378944
    endloop
  endfacet
  facet normal -0.3826834323650875 0 0.9238795325112876
    outer loop
      vertex 3.6553530853620626 -32 34.477479649728544
      vertex 4.148713759373162 32 34.68183633204547
      vertex 3.6553530853620626 32 34.477479649728544
    endloop
  endfacet
  facet normal -0.4305110968082983 0 0.9025852843498592
    outer loop
      vertex 4.148713759373162 -32 34.68183633204547
      vertex 4.630703097343377 32 34.91173345327865
      vertex 4.148713759373162 32 34.68183633204547
    endloop
  endfacet
  facet normal -0.47715876025961335 0 0.8788171126619627
    outer loop
      vertex 4.630703097343377 -32 34.91173345327865
      vertex 5.1 32 35.16654088139873
      vertex 4.630703097343377 32 34.91173345327865
    endloop
  endfacet
  facet normal -0.5224985647159359 0 0.8526401643541001
    outer loop
      vertex 5.1 -32 35.16654088139873
      vertex 5.555318157153276 32 35.44556020695667
      vertex 5.1 32 35.16654088139873
    endloop
  endfacet
  facet normal -0.5664062369248336 0 0.8241261886220151
    outer loop
      vertex 5.555318157153276 -32 35.44556020695667
      vertex 5.995409573383226 32 35.74802665737553
      vertex 5.555318157153276 32 35.44556020695667
    endloop
  endfacet
  facet normal -0.6087614290087281 0 0.7933533402912294
    outer loop
      vertex 5.995409573383226 -32 35.74802665737553
      vertex 6.419067988708341 32 36.0731111931389
      vertex 5.995409573383226 32 35.74802665737553
    endloop
  endfacet
  facet normal -0.649448048330178 0 0.7604059656000358
    outer loop
      vertex 6.419067988708341 -32 36.0731111931389
      vertex 6.825132184860354 32 36.41992278013058
      vertex 6.419067988708341 32 36.0731111931389
    endloop
  endfacet
  facet normal -0.6883545756937559 0 0.7253743710122857
    outer loop
      vertex 6.825132184860354 -32 36.41992278013058
      vertex 7.212489168102785 32 36.787510831897215
      vertex 6.825132184860354 32 36.41992278013058
    endloop
  endfacet
  facet normal -0.7253743710122905 0 0.6883545756937508
    outer loop
      vertex 7.212489168102785 -32 36.787510831897215
      vertex 7.580077219869421 32 37.17486781513965
      vertex 7.212489168102785 32 36.787510831897215
    endloop
  endfacet
  facet normal -0.7604059656000289 0 0.6494480483301861
    outer loop
      vertex 7.580077219869421 -32 37.17486781513965
      vertex 7.926888806861102 32 37.58093201129166
      vertex 7.580077219869421 32 37.17486781513965
    endloop
  endfacet
  facet normal -0.7933533402912336 0 0.6087614290087227
    outer loop
      vertex 7.926888806861102 -32 37.58093201129166
      vertex 8.251973342624463 32 38.00459042661677
      vertex 7.926888806861102 32 37.58093201129166
    endloop
  endfacet
  facet normal -0.8241261886220178 0 0.5664062369248297
    outer loop
      vertex 8.251973342624463 -32 38.00459042661677
      vertex 8.554439793043326 32 38.44468184284673
      vertex 8.251973342624463 32 38.00459042661677
    endloop
  endfacet
  facet normal -0.852640164354092 0 0.5224985647159494
    outer loop
      vertex 8.554439793043326 -32 38.44468184284673
      vertex 8.833459118601272 32 38.9
      vertex 8.554439793043326 32 38.44468184284673
    endloop
  endfacet
  facet normal -0.8788171126619646 0 0.4771587602596101
    outer loop
      vertex 8.833459118601272 -32 38.9
      vertex 9.088266546721352 32 39.36929690265662
      vertex 8.833459118601272 32 38.9
    endloop
  endfacet
  facet normal -0.7071000000618809 0 -0.7071135622461839
    outer loop
      vertex 0.3430542898493029 -18.38605645878922 58.08179229306088
      vertex 0.3430542898493029 18.38605645878922 58.08179229306088
      vertex 0.4270514244191592 18.40622238662304 57.99779676952591
    endloop
  endfacet
  facet normal -0.707100000061877 0 -0.7071135622461877
    outer loop
      vertex 0.4270514244191592 -18.40622238662304 57.99779676952591
      vertex 0.4270514244191592 18.40622238662304 57.99779676952591
      vertex 0.5098780407186632 18.430756748112998 57.91497174181118
    endloop
  endfacet
  facet normal -0.7071000000618562 0 -0.7071135622462088
    outer loop
      vertex 0.5098780407186632 -18.430756748112998 57.91497174181118
      vertex 0.5098780407186632 18.430756748112998 57.91497174181118
      vertex 0.5913071167497455 18.459592296279617 57.83354422756055
    endloop
  endfacet
  facet normal -0.7071000000618546 0 -0.7071135622462106
    outer loop
      vertex 0.5913071167497455 -18.459592296279617 57.83354422756055
      vertex 0.5913071167497455 18.459592296279617 57.83354422756055
      vertex 0.6711154610750703 18.49264999488971 57.75373741393063
    endloop
  endfacet
  facet normal -0.7071000000618723 0 -0.7071135622461925
    outer loop
      vertex 0.6711154610750703 -18.49264999488971 57.75373741393063
      vertex 0.6711154610750703 18.49264999488971 57.75373741393063
      vertex 0.7490843245702522 18.52983923508919 57.675770045850264
    endloop
  endfacet
  facet normal -0.7071000000618746 0 -0.7071135622461903
    outer loop
      vertex 0.7490843245702522 -18.52983923508919 57.675770045850264
      vertex 0.7490843245702522 18.52983923508919 57.675770045850264
      vertex 0.825 18.571058083755677 57.59985582645592
    endloop
  endfacet
  facet normal -0.70710000006187 0 -0.7071135622461949
    outer loop
      vertex 0.825 -18.571058083755677 57.59985582645592
      vertex 0.825 18.571058083755677 57.59985582645592
      vertex 0.8986544077747947 18.61619356289005 57.52620283134623
    endloop
  endfacet
  facet normal -0.7071000000618621 0 -0.7071135622462028
    outer loop
      vertex 0.8986544077747947 -18.61619356289005 57.52620283134623
      vertex 0.8986544077747947 18.61619356289005 57.52620283134623
      vertex 0.9698456662825806 18.665121959281336 57.455012938261234
    endloop
  endfacet
  facet normal -0.7071000000618909 0 -0.707113562246174
    outer loop
      vertex 0.9698456662825806 -18.665121959281336 57.455012938261234
      vertex 0.9698456662825806 18.665121959281336 57.455012938261234
      vertex 1.0383786452322317 18.717709163596 57.38648127374952
    endloop
  endfacet
  facet normal -0.7071000000618651 0 -0.7071135622461998
    outer loop
      vertex 1.0383786452322317 -18.717709163596 57.38648127374952
      vertex 1.0383786452322317 18.717709163596 57.38648127374952
      vertex 1.104065500492116 18.7738110379623 57.32079567833994
    endloop
  endfacet
  facet normal -0.7071000000618718 0 -0.7071135622461932
    outer loop
      vertex 1.104065500492116 -18.7738110379623 57.32079567833994
      vertex 1.104065500492116 18.7738110379623 57.32079567833994
      vertex 1.1667261889578033 18.833273811042197 57.25813619168377
    endloop
  endfacet
  facet normal -0.7071000000618515 0 -0.7071135622462136
    outer loop
      vertex 1.1667261889578033 -18.833273811042197 57.25813619168377
      vertex 1.1667261889578033 18.833273811042197 57.25813619168377
      vertex 1.2261889620377004 18.895934499507884 57.19867455907852
    endloop
  endfacet
  facet normal -0.7071000000618789 0 -0.7071135622461862
    outer loop
      vertex 1.2261889620377004 -18.895934499507884 57.19867455907852
      vertex 1.2261889620377004 18.895934499507884 57.19867455907852
      vertex 1.282290836404002 18.961621354767768 57.14257376072603
    endloop
  endfacet
  facet normal -0.7071000000618677 0 -0.7071135622461974
    outer loop
      vertex 0.08635432780085732 -18.352261267654953 58.338487331696186
      vertex 0.08635432780085732 18.352261267654953 58.338487331696186
      vertex 0.1724719643916282 18.359038872642348 58.252371346810776
    endloop
  endfacet
  facet normal -0.7071000000618658 0 -0.707113562246199
    outer loop
      vertex 0 -18.35 58.42484000325203
      vertex 0 18.35 58.42484000325203
      vertex 0.08635432780085732 18.352261267654953 58.338487331696186
    endloop
  endfacet
  facet normal -0.7071000000618682 0 -0.7071135622461969
    outer loop
      vertex 0.1724719643916282 -18.359038872642348 58.252371346810776
      vertex 0.1724719643916282 18.359038872642348 58.252371346810776
      vertex 0.2581168673163809 18.37031423801802 58.16672808652452
    endloop
  endfacet
  facet normal -0.7071000000618668 0 -0.7071135622461983
    outer loop
      vertex 0.2581168673163809 -18.37031423801802 58.16672808652452
      vertex 0.2581168673163809 18.37031423801802 58.16672808652452
      vertex 0.3430542898493029 18.38605645878922 58.08179229306088
    endloop
  endfacet
  facet normal -0.7071000000618771 -1.9039498951788637e-15 -0.7071135622461878
    outer loop
      vertex 1.3348780407186631 19.03015433371742 57.08998756501507
      vertex 7.212489168102785 -32 51.212489168102785
      vertex 1.282290836404002 18.961621354767768 57.14257376072603
    endloop
  endfacet
  facet normal -0.707100000061873 -8.668183764805032e-16 -0.7071135622461919
    outer loop
      vertex 1.3838064371099497 19.101345592225204 57.04106010705287
      vertex 1.4289419162443235 19.175 56.99592549360079
      vertex 7.212489168102785 -32 51.212489168102785
    endloop
  endfacet
  facet normal -0.7071000000618407 6.495981389625498e-15 -0.7071135622462242
    outer loop
      vertex 1.3348780407186631 19.03015433371742 57.08998756501507
      vertex 1.3838064371099497 19.101345592225204 57.04106010705287
      vertex 7.212489168102785 -32 51.212489168102785
    endloop
  endfacet
  facet normal -0.7071000000619092 -9.053969916221217e-15 -0.7071135622461557
    outer loop
      vertex 1.4289419162443235 19.175 56.99592549360079
      vertex 1.470160764910807 19.25091567542975 56.95470743549702
      vertex 7.212489168102785 -32 51.212489168102785
    endloop
  endfacet
  facet normal -0.7071000000618478 4.6916582450188756e-15 -0.707113562246217
    outer loop
      vertex 1.5073500051102913 19.328884538924928 56.91751890857382
      vertex 7.212489168102785 -32 51.212489168102785
      vertex 1.470160764910807 19.25091567542975 56.95470743549702
    endloop
  endfacet
  facet normal -0.707100000061869 -2.8072625873456214e-18 -0.707113562246196
    outer loop
      vertex 1.5073500051102913 19.328884538924928 56.91751890857382
      vertex 7.212489168102785 32 51.212489168102785
      vertex 7.212489168102785 -32 51.212489168102785
    endloop
  endfacet
  facet normal 0 0 1
    outer loop
      vertex 18 -32 62
      vertex -1.282290836404002 18.961621354767768 62
      vertex -1.3348780407186631 19.03015433371742 62
    endloop
  endfacet
  facet normal 0 0 1
    outer loop
      vertex 18 -32 62
      vertex -1.2261889620377004 18.895934499507884 62
      vertex -1.282290836404002 18.961621354767768 62
    endloop
  endfacet
  facet normal 0 0 1
    outer loop
      vertex 18 -32 62
      vertex -1.1667261889578033 18.833273811042197 62
      vertex -1.2261889620377004 18.895934499507884 62
    endloop
  endfacet
  facet normal 0 0 1
    outer loop
      vertex 18 -32 62
      vertex -1.104065500492116 18.7738110379623 62
      vertex -1.1667261889578033 18.833273811042197 62
    endloop
  endfacet
  facet normal 0 0 1
    outer loop
      vertex 18 -32 62
      vertex -1.0383786452322317 18.717709163596 62
      vertex -1.104065500492116 18.7738110379623 62
    endloop
  endfacet
  facet normal 0 0 1
    outer loop
      vertex 18 -32 62
      vertex -0.9698456662825806 18.665121959281336 62
      vertex -1.0383786452322317 18.717709163596 62
    endloop
  endfacet
  facet normal 0 0 1
    outer loop
      vertex 18 -32 62
      vertex -0.825 18.571058083755677 62
      vertex -0.8986544077747947 18.61619356289005 62
    endloop
  endfacet
  facet normal 0 0 1
    outer loop
      vertex 18 -32 62
      vertex -0.7490843245702522 18.52983923508919 62
      vertex -0.825 18.571058083755677 62
    endloop
  endfacet
  facet normal 0 0 1
    outer loop
      vertex 18 -32 62
      vertex -0.8986544077747947 18.61619356289005 62
      vertex -0.9698456662825806 18.665121959281336 62
    endloop
  endfacet
  facet normal 0 0 1
    outer loop
      vertex 18 -32 62
      vertex -0.6711154610750703 18.49264999488971 62
      vertex -0.7490843245702522 18.52983923508919 62
    endloop
  endfacet
  facet normal 0 0 1
    outer loop
      vertex 18 -32 62
      vertex -0.5913071167497455 18.459592296279617 62
      vertex -0.6711154610750703 18.49264999488971 62
    endloop
  endfacet
  facet normal 0 0 1
    outer loop
      vertex 18 -32 62
      vertex -1.5073500051102913 19.328884538924928 62
      vertex -1.5404077037203827 19.408692883250254 62
    endloop
  endfacet
  facet normal 0 0 1
    outer loop
      vertex 18 -32 62
      vertex -1.3838064371099497 19.101345592225204 62
      vertex -1.4289419162443235 19.175 62
    endloop
  endfacet
  facet normal 0 0 1
    outer loop
      vertex 18 -32 62
      vertex -1.470160764910807 19.25091567542975 62
      vertex -1.5073500051102913 19.328884538924928 62
    endloop
  endfacet
  facet normal 0 0 1
    outer loop
      vertex 18 -32 62
      vertex -1.4289419162443235 19.175 62
      vertex -1.470160764910807 19.25091567542975 62
    endloop
  endfacet
  facet normal 0 0 1
    outer loop
      vertex 18 -32 62
      vertex -1.3348780407186631 19.03015433371742 62
      vertex -1.3838064371099497 19.101345592225204 62
    endloop
  endfacet
  facet normal 0 0 1
    outer loop
      vertex 18 -32 62
      vertex -0.4270514244191592 18.40622238662304 62
      vertex -0.5098780407186632 18.430756748112998 62
    endloop
  endfacet
  facet normal 0 0 1
    outer loop
      vertex 18 -32 62
      vertex -0.5098780407186632 18.430756748112998 62
      vertex -0.5913071167497455 18.459592296279617 62
    endloop
  endfacet
  facet normal 0 0 1
    outer loop
      vertex 18 -32 62
      vertex -0.3430542898493029 18.38605645878922 62
      vertex -0.4270514244191592 18.40622238662304 62
    endloop
  endfacet
  facet normal 0 0 1
    outer loop
      vertex 18 -32 62
      vertex -0.2581168673163809 18.37031423801802 62
      vertex -0.3430542898493029 18.38605645878922 62
    endloop
  endfacet
  facet normal 0 0 1
    outer loop
      vertex 18 -32 62
      vertex -0.1724719643916282 18.359038872642348 62
      vertex -0.2581168673163809 18.37031423801802 62
    endloop
  endfacet
  facet normal 0 0 1
    outer loop
      vertex 18 -32 62
      vertex -0.08635432780085732 18.352261267654953 62
      vertex -0.1724719643916282 18.359038872642348 62
    endloop
  endfacet
  facet normal 0 0 1
    outer loop
      vertex 18 -32 62
      vertex 0 18.35 62
      vertex -0.08635432780085732 18.352261267654953 62
    endloop
  endfacet
  facet normal 0 0 1
    outer loop
      vertex 18 -32 62
      vertex 0.08635432780085732 18.352261267654953 62
      vertex 0 18.35 62
    endloop
  endfacet
  facet normal 0 0 1
    outer loop
      vertex 18 -32 62
      vertex 0.1724719643916282 18.359038872642348 62
      vertex 0.08635432780085732 18.352261267654953 62
    endloop
  endfacet
  facet normal 0 0 1
    outer loop
      vertex 18 -32 62
      vertex 0.2581168673163809 18.37031423801802 62
      vertex 0.1724719643916282 18.359038872642348 62
    endloop
  endfacet
  facet normal 0 0 1
    outer loop
      vertex 18 -32 62
      vertex 0.3430542898493029 18.38605645878922 62
      vertex 0.2581168673163809 18.37031423801802 62
    endloop
  endfacet
  facet normal 0 0 1
    outer loop
      vertex 18 -32 62
      vertex 0.4270514244191592 18.40622238662304 62
      vertex 0.3430542898493029 18.38605645878922 62
    endloop
  endfacet
  facet normal 0 0 1
    outer loop
      vertex 18 -32 62
      vertex 0.5098780407186632 18.430756748112998 62
      vertex 0.4270514244191592 18.40622238662304 62
    endloop
  endfacet
  facet normal 0 0 1
    outer loop
      vertex 18 -32 62
      vertex 0.5913071167497455 18.459592296279617 62
      vertex 0.5098780407186632 18.430756748112998 62
    endloop
  endfacet
  facet normal 0 0 1
    outer loop
      vertex 18 -32 62
      vertex 0.6711154610750703 18.49264999488971 62
      vertex 0.5913071167497455 18.459592296279617 62
    endloop
  endfacet
  facet normal 0 0 1
    outer loop
      vertex 18 -32 62
      vertex 0.7490843245702522 18.52983923508919 62
      vertex 0.6711154610750703 18.49264999488971 62
    endloop
  endfacet
  facet normal 0 0 1
    outer loop
      vertex 18 -32 62
      vertex 0.825 18.571058083755677 62
      vertex 0.7490843245702522 18.52983923508919 62
    endloop
  endfacet
  facet normal 0 0 1
    outer loop
      vertex 18 -32 62
      vertex 0.8986544077747947 18.61619356289005 62
      vertex 0.825 18.571058083755677 62
    endloop
  endfacet
  facet normal 0 0 1
    outer loop
      vertex 18 -32 62
      vertex 0.9698456662825806 18.665121959281336 62
      vertex 0.8986544077747947 18.61619356289005 62
    endloop
  endfacet
  facet normal 0 0 1
    outer loop
      vertex 18 -32 62
      vertex 1.0383786452322317 18.717709163596 62
      vertex 0.9698456662825806 18.665121959281336 62
    endloop
  endfacet
  facet normal 0 0 1
    outer loop
      vertex 18 -32 62
      vertex 1.104065500492116 18.7738110379623 62
      vertex 1.0383786452322317 18.717709163596 62
    endloop
  endfacet
  facet normal 0 0 1
    outer loop
      vertex 18 -32 62
      vertex 1.1667261889578033 18.833273811042197 62
      vertex 1.104065500492116 18.7738110379623 62
    endloop
  endfacet
  facet normal 0 0 1
    outer loop
      vertex 18 -32 62
      vertex 1.2261889620377004 18.895934499507884 62
      vertex 1.1667261889578033 18.833273811042197 62
    endloop
  endfacet
  facet normal 0 0 1
    outer loop
      vertex 18 -32 62
      vertex 1.282290836404002 18.961621354767768 62
      vertex 1.2261889620377004 18.895934499507884 62
    endloop
  endfacet
  facet normal 0 0 1
    outer loop
      vertex 18 -32 62
      vertex 1.3348780407186631 19.03015433371742 62
      vertex 1.282290836404002 18.961621354767768 62
    endloop
  endfacet
  facet normal 0 0 1
    outer loop
      vertex 18 -32 62
      vertex 1.3838064371099497 19.101345592225204 62
      vertex 1.3348780407186631 19.03015433371742 62
    endloop
  endfacet
  facet normal 0 0 1
    outer loop
      vertex 18 -32 62
      vertex 1.4289419162443235 19.175 62
      vertex 1.3838064371099497 19.101345592225204 62
    endloop
  endfacet
  facet normal 0 0 1
    outer loop
      vertex 18 -32 62
      vertex 1.470160764910807 19.25091567542975 62
      vertex 1.4289419162443235 19.175 62
    endloop
  endfacet
  facet normal 0 0 1
    outer loop
      vertex 18 -32 62
      vertex 1.5073500051102913 19.328884538924928 62
      vertex 1.470160764910807 19.25091567542975 62
    endloop
  endfacet
  facet normal 0 0 1
    outer loop
      vertex 18 -32 62
      vertex 1.5404077037203827 19.408692883250254 62
      vertex 1.5073500051102913 19.328884538924928 62
    endloop
  endfacet
  facet normal 0 0 1
    outer loop
      vertex 18 -32 62
      vertex 1.5692432518870032 19.490121959281336 62
      vertex 1.5404077037203827 19.408692883250254 62
    endloop
  endfacet
  facet normal 0 0 1
    outer loop
      vertex 18 -32 62
      vertex 1.5937776133769626 19.572948575580842 62
      vertex 1.5692432518870032 19.490121959281336 62
    endloop
  endfacet
  facet normal 0 0 1
    outer loop
      vertex 18 -32 62
      vertex 1.6139435412107792 19.656945710150698 62
      vertex 1.5937776133769626 19.572948575580842 62
    endloop
  endfacet
  facet normal 0 0 1
    outer loop
      vertex 18 -32 62
      vertex 1.6296857619819773 19.74188313268362 62
      vertex 1.6139435412107792 19.656945710150698 62
    endloop
  endfacet
  facet normal 0 0 1
    outer loop
      vertex 18 -32 62
      vertex 1.6409611273576508 19.82752803560837 62
      vertex 1.6296857619819773 19.74188313268362 62
    endloop
  endfacet
  facet normal 0 0 1
    outer loop
      vertex 18 -32 62
      vertex 1.6477387323450468 19.91364567219914 62
      vertex 1.6409611273576508 19.82752803560837 62
    endloop
  endfacet
  facet normal 0 0 1
    outer loop
      vertex 18 -32 62
      vertex 1.65 20 62
      vertex 1.6477387323450468 19.91364567219914 62
    endloop
  endfacet
  facet normal -0.7933533402912336 0 -0.6087614290087227
    outer loop
      vertex 8.251973342624463 -32 49.99540957338323
      vertex 7.926888806861102 32 50.41906798870834
      vertex 8.251973342624463 32 49.99540957338323
    endloop
  endfacet
  facet normal -0.852640164354092 0 -0.5224985647159494
    outer loop
      vertex 8.833459118601272 -32 49.1
      vertex 8.554439793043326 32 49.55531815715327
      vertex 8.833459118601272 32 49.1
    endloop
  endfacet
  facet normal -0.8241261886220178 0 -0.5664062369248297
    outer loop
      vertex 8.554439793043326 -32 49.55531815715327
      vertex 8.251973342624463 32 49.99540957338323
      vertex 8.554439793043326 32 49.55531815715327
    endloop
  endfacet
  facet normal -0.7253743710122905 0 -0.6883545756937508
    outer loop
      vertex 7.580077219869421 -32 50.82513218486035
      vertex 7.212489168102785 32 51.212489168102785
      vertex 7.580077219869421 32 50.82513218486035
    endloop
  endfacet
  facet normal -0.7604059656000289 0 -0.6494480483301861
    outer loop
      vertex 7.926888806861102 -32 50.41906798870834
      vertex 7.580077219869421 32 50.82513218486035
      vertex 7.926888806861102 32 50.41906798870834
    endloop
  endfacet
  facet normal -0.07845909572783341 0.996917333733129 8.940963952109851e-20
    outer loop
      vertex 0.08635432780085732 18.352261267654953 58.338487331696186
      vertex 0.1724719643916282 18.359038872642348 62
      vertex 0.1724719643916282 18.359038872642348 58.252371346810776
    endloop
  endfacet
  facet normal -0.13052619222005535 0.9914448613738099 1.2198994644803515e-19
    outer loop
      vertex 0.1724719643916282 18.359038872642348 58.252371346810776
      vertex 0.2581168673163809 18.37031423801802 62
      vertex 0.2581168673163809 18.37031423801802 58.16672808652452
    endloop
  endfacet
  facet normal -0.026176948307853186 0.9996573249755579 0
    outer loop
      vertex 0.08635432780085732 18.352261267654953 58.338487331696186
      vertex 0 18.35 58.42484000325203
      vertex 0.08635432780085732 18.352261267654953 62
    endloop
  endfacet
  facet normal -0.18223552549214947 0.9832549075639542 -2.535608917182563e-19
    outer loop
      vertex 0.2581168673163809 18.37031423801802 58.16672808652452
      vertex 0.3430542898493029 18.38605645878922 62
      vertex 0.3430542898493029 18.38605645878922 58.08179229306088
    endloop
  endfacet
  facet normal -0.23344536385593256 0.9723699203976702 -1.254964079133094e-19
    outer loop
      vertex 0.3430542898493029 18.38605645878922 58.08179229306088
      vertex 0.4270514244191592 18.40622238662304 62
      vertex 0.4270514244191592 18.40622238662304 57.99779676952591
    endloop
  endfacet
  facet normal -0.2840153447039188 0.9588197348681942 0
    outer loop
      vertex 0.5098780407186632 18.430756748112998 57.91497174181118
      vertex 0.4270514244191592 18.40622238662304 57.99779676952591
      vertex 0.5098780407186632 18.430756748112998 62
    endloop
  endfacet
  facet normal -0.47715876025962717 0.8788171126619552 -3.713848888758251e-20
    outer loop
      vertex 0.7490843245702522 18.52983923508919 57.675770045850264
      vertex 0.825 18.571058083755677 62
      vertex 0.825 18.571058083755677 57.59985582645592
    endloop
  endfacet
  facet normal -0.5224985647159411 0.8526401643540968 0
    outer loop
      vertex 0.8986544077747947 18.61619356289005 57.52620283134623
      vertex 0.825 18.571058083755677 57.59985582645592
      vertex 0.8986544077747947 18.61619356289005 62
    endloop
  endfacet
  facet normal -0.5664062369248305 0.8241261886220173 -2.2746514844180696e-19
    outer loop
      vertex 0.8986544077747947 18.61619356289005 57.52620283134623
      vertex 0.9698456662825806 18.665121959281336 62
      vertex 0.9698456662825806 18.665121959281336 57.455012938261234
    endloop
  endfacet
  facet normal -0.6087614290087264 0.7933533402912308 2.7516147055208884e-20
    outer loop
      vertex 0.9698456662825806 18.665121959281336 57.455012938261234
      vertex 1.0383786452322317 18.717709163596 62
      vertex 1.0383786452322317 18.717709163596 57.38648127374952
    endloop
  endfacet
  facet normal -0.6494480483301864 0.7604059656000286 -2.3792197552586394e-19
    outer loop
      vertex 1.0383786452322317 18.717709163596 57.38648127374952
      vertex 1.104065500492116 18.7738110379623 62
      vertex 1.104065500492116 18.7738110379623 57.32079567833994
    endloop
  endfacet
  facet normal -0.3338068592337521 0.9426414910921851 -1.9355209991376818e-19
    outer loop
      vertex 0.5098780407186632 18.430756748112998 57.91497174181118
      vertex 0.5913071167497455 18.459592296279617 62
      vertex 0.5913071167497455 18.459592296279617 57.83354422756055
    endloop
  endfacet
  facet normal -0.3826834323651125 0.9238795325112774 3.7522977979703655e-19
    outer loop
      vertex 0.5913071167497455 18.459592296279617 57.83354422756055
      vertex 0.6711154610750703 18.49264999488971 62
      vertex 0.6711154610750703 18.49264999488971 57.75373741393063
    endloop
  endfacet
  facet normal -0.4305110968082648 0.9025852843498751 -2.8403774977984214e-19
    outer loop
      vertex 0.6711154610750703 18.49264999488971 57.75373741393063
      vertex 0.7490843245702522 18.52983923508919 62
      vertex 0.7490843245702522 18.52983923508919 57.675770045850264
    endloop
  endfacet
  facet normal -0.0784590957278334 0.9969173337331289 0
    outer loop
      vertex 0.08635432780085732 18.352261267654953 58.338487331696186
      vertex 0.08635432780085732 18.352261267654953 62
      vertex 0.1724719643916282 18.359038872642348 62
    endloop
  endfacet
  facet normal -0.02617694830785319 0.9996573249755579 0
    outer loop
      vertex 0 18.35 58.42484000325203
      vertex 0 18.35 62
      vertex 0.08635432780085732 18.352261267654953 62
    endloop
  endfacet
  facet normal -0.13052619222005535 0.99144486137381 0
    outer loop
      vertex 0.1724719643916282 18.359038872642348 58.252371346810776
      vertex 0.1724719643916282 18.359038872642348 62
      vertex 0.2581168673163809 18.37031423801802 62
    endloop
  endfacet
  facet normal -0.18223552549214947 0.9832549075639543 0
    outer loop
      vertex 0.2581168673163809 18.37031423801802 58.16672808652452
      vertex 0.2581168673163809 18.37031423801802 62
      vertex 0.3430542898493029 18.38605645878922 62
    endloop
  endfacet
  facet normal -0.23344536385593254 0.9723699203976701 0
    outer loop
      vertex 0.3430542898493029 18.38605645878922 58.08179229306088
      vertex 0.3430542898493029 18.38605645878922 62
      vertex 0.4270514244191592 18.40622238662304 62
    endloop
  endfacet
  facet normal -0.28401534470391887 0.9588197348681943 0
    outer loop
      vertex 0.4270514244191592 18.40622238662304 57.99779676952591
      vertex 0.4270514244191592 18.40622238662304 62
      vertex 0.5098780407186632 18.430756748112998 62
    endloop
  endfacet
  facet normal -0.33380685923375214 0.9426414910921851 0
    outer loop
      vertex 0.5098780407186632 18.430756748112998 57.91497174181118
      vertex 0.5098780407186632 18.430756748112998 62
      vertex 0.5913071167497455 18.459592296279617 62
    endloop
  endfacet
  facet normal -0.38268343236511243 0.9238795325112773 0
    outer loop
      vertex 0.5913071167497455 18.459592296279617 57.83354422756055
      vertex 0.5913071167497455 18.459592296279617 62
      vertex 0.6711154610750703 18.49264999488971 62
    endloop
  endfacet
  facet normal -0.4305110968082648 0.9025852843498751 0
    outer loop
      vertex 0.6711154610750703 18.49264999488971 57.75373741393063
      vertex 0.6711154610750703 18.49264999488971 62
      vertex 0.7490843245702522 18.52983923508919 62
    endloop
  endfacet
  facet normal -0.4771587602596272 0.8788171126619552 0
    outer loop
      vertex 0.7490843245702522 18.52983923508919 57.675770045850264
      vertex 0.7490843245702522 18.52983923508919 62
      vertex 0.825 18.571058083755677 62
    endloop
  endfacet
  facet normal -0.5224985647159411 0.852640164354097 0
    outer loop
      vertex 0.825 18.571058083755677 57.59985582645592
      vertex 0.825 18.571058083755677 62
      vertex 0.8986544077747947 18.61619356289005 62
    endloop
  endfacet
  facet normal -0.5664062369248305 0.8241261886220171 0
    outer loop
      vertex 0.8986544077747947 18.61619356289005 57.52620283134623
      vertex 0.8986544077747947 18.61619356289005 62
      vertex 0.9698456662825806 18.665121959281336 62
    endloop
  endfacet
  facet normal -0.6087614290087264 0.7933533402912308 0
    outer loop
      vertex 0.9698456662825806 18.665121959281336 57.455012938261234
      vertex 0.9698456662825806 18.665121959281336 62
      vertex 1.0383786452322317 18.717709163596 62
    endloop
  endfacet
  facet normal -0.6494480483301864 0.7604059656000286 0
    outer loop
      vertex 1.0383786452322317 18.717709163596 57.38648127374952
      vertex 1.0383786452322317 18.717709163596 62
      vertex 1.104065500492116 18.7738110379623 62
    endloop
  endfacet
  facet normal -0.6883545756937534 0.7253743710122882 0
    outer loop
      vertex 1.104065500492116 18.7738110379623 57.32079567833994
      vertex 1.104065500492116 18.7738110379623 62
      vertex 1.1667261889578033 18.833273811042197 62
    endloop
  endfacet
  facet normal -0.725374371012287 0.6883545756937547 0
    outer loop
      vertex 1.1667261889578033 18.833273811042197 57.25813619168377
      vertex 1.1667261889578033 18.833273811042197 62
      vertex 1.2261889620377004 18.895934499507884 57.19867455907852
    endloop
  endfacet
  facet normal -0.7604059656000277 0.6494480483301872 0
    outer loop
      vertex 1.2261889620377004 18.895934499507884 57.19867455907852
      vertex 1.2261889620377004 18.895934499507884 62
      vertex 1.282290836404002 18.961621354767768 57.14257376072603
    endloop
  endfacet
  facet normal -0.6883545756937534 0.7253743710122883 -3.86220705728228e-19
    outer loop
      vertex 1.104065500492116 18.7738110379623 57.32079567833994
      vertex 1.1667261889578033 18.833273811042197 62
      vertex 1.1667261889578033 18.833273811042197 57.25813619168377
    endloop
  endfacet
  facet normal -0.7933533402912372 0.608761429008718 5.862100941364058e-20
    outer loop
      vertex 1.3348780407186631 19.03015433371742 57.08998756501507
      vertex 1.282290836404002 18.961621354767768 57.14257376072603
      vertex 1.282290836404002 18.961621354767768 62
    endloop
  endfacet
  facet normal -0.8241261886220103 0.5664062369248406 0
    outer loop
      vertex 1.3348780407186631 19.03015433371742 57.08998756501507
      vertex 1.3348780407186631 19.03015433371742 62
      vertex 1.3838064371099497 19.101345592225204 57.04106010705287
    endloop
  endfacet
  facet normal -0.8526401643540992 0.5224985647159376 0
    outer loop
      vertex 1.3838064371099497 19.101345592225204 57.04106010705287
      vertex 1.3838064371099497 19.101345592225204 62
      vertex 1.4289419162443235 19.175 56.99592549360079
    endloop
  endfacet
  facet normal -0.9238795325112877 0.38268343236508784 0
    outer loop
      vertex 1.5073500051102913 19.328884538924928 56.91751890857382
      vertex 1.5073500051102913 19.328884538924928 62
      vertex 1.5404077037203827 19.408692883250254 56.88446184399852
    endloop
  endfacet
  facet normal -0.9426414910921781 0.33380685923377196 0
    outer loop
      vertex 1.5404077037203827 19.408692883250254 56.88446184399852
      vertex 1.5404077037203827 19.408692883250254 62
      vertex 1.5692432518870032 19.490121959281336 56.85562684888737
    endloop
  endfacet
  facet normal -0.8788171126619642 0.4771587602596108 0
    outer loop
      vertex 1.4289419162443235 19.175 56.99592549360079
      vertex 1.4289419162443235 19.175 62
      vertex 1.470160764910807 19.25091567542975 56.95470743549702
    endloop
  endfacet
  facet normal -0.9025852843498571 0.4305110968083026 -2.1219855527599135e-19
    outer loop
      vertex 1.5073500051102913 19.328884538924928 56.91751890857382
      vertex 1.470160764910807 19.25091567542975 56.95470743549702
      vertex 1.470160764910807 19.25091567542975 62
    endloop
  endfacet
  facet normal -0.958819734868195 0.2840153447039159 0
    outer loop
      vertex 1.5692432518870032 19.490121959281336 56.85562684888737
      vertex 1.5692432518870032 19.490121959281336 62
      vertex 1.5937776133769626 19.572948575580842 56.83109295795765
    endloop
  endfacet
  facet normal -0.9723699203976762 0.23344536385590717 0
    outer loop
      vertex 1.5937776133769626 19.572948575580842 56.83109295795765
      vertex 1.5937776133769626 19.572948575580842 62
      vertex 1.6139435412107792 19.656945710150698 56.8109274168991
    endloop
  endfacet
  facet normal -0.9832549075639536 0.18223552549215224 0
    outer loop
      vertex 1.6139435412107792 19.656945710150698 56.8109274168991
      vertex 1.6139435412107792 19.656945710150698 62
      vertex 1.6296857619819773 19.74188313268362 56.79518549805804
    endloop
  endfacet
  facet normal -0.9914448613738108 0.1305261922200486 0
    outer loop
      vertex 1.6296857619819773 19.74188313268362 56.79518549805804
      vertex 1.6296857619819773 19.74188313268362 62
      vertex 1.6409611273576508 19.82752803560837 56.78391034893983
    endloop
  endfacet
  facet normal -0.9969173337331279 0.07845909572784608 0
    outer loop
      vertex 1.6409611273576508 19.82752803560837 56.78391034893983
      vertex 1.6409611273576508 19.82752803560837 62
      vertex 1.6477387323450468 19.91364567219914 56.77713287394446
    endloop
  endfacet
  facet normal -0.9996573249755573 0.026176948307873378 0
    outer loop
      vertex 1.6477387323450468 19.91364567219914 56.77713287394446
      vertex 1.6477387323450468 19.91364567219914 62
      vertex 1.65 20 56.774871649659815
    endloop
  endfacet
  facet normal -0.7253743710122871 0.6883545756937546 0
    outer loop
      vertex 1.2261889620377004 18.895934499507884 57.19867455907852
      vertex 1.1667261889578033 18.833273811042197 62
      vertex 1.2261889620377004 18.895934499507884 62
    endloop
  endfacet
  facet normal -0.7604059656000278 0.6494480483301872 0
    outer loop
      vertex 1.282290836404002 18.961621354767768 57.14257376072603
      vertex 1.2261889620377004 18.895934499507884 62
      vertex 1.282290836404002 18.961621354767768 62
    endloop
  endfacet
  facet normal -0.7933533402912372 0.608761429008718 0
    outer loop
      vertex 1.3348780407186631 19.03015433371742 57.08998756501507
      vertex 1.282290836404002 18.961621354767768 62
      vertex 1.3348780407186631 19.03015433371742 62
    endloop
  endfacet
  facet normal -0.8241261886220103 0.5664062369248406 0
    outer loop
      vertex 1.3838064371099497 19.101345592225204 57.04106010705287
      vertex 1.3348780407186631 19.03015433371742 62
      vertex 1.3838064371099497 19.101345592225204 62
    endloop
  endfacet
  facet normal -0.8526401643540992 0.5224985647159376 0
    outer loop
      vertex 1.4289419162443235 19.175 56.99592549360079
      vertex 1.3838064371099497 19.101345592225204 62
      vertex 1.4289419162443235 19.175 62
    endloop
  endfacet
  facet normal -0.878817112661964 0.4771587602596108 0
    outer loop
      vertex 1.470160764910807 19.25091567542975 56.95470743549702
      vertex 1.4289419162443235 19.175 62
      vertex 1.470160764910807 19.25091567542975 62
    endloop
  endfacet
  facet normal -0.9238795325112875 0.3826834323650878 0
    outer loop
      vertex 1.5404077037203827 19.408692883250254 56.88446184399852
      vertex 1.5073500051102913 19.328884538924928 62
      vertex 1.5404077037203827 19.408692883250254 62
    endloop
  endfacet
  facet normal -0.9025852843498571 0.4305110968083026 0
    outer loop
      vertex 1.5073500051102913 19.328884538924928 56.91751890857382
      vertex 1.470160764910807 19.25091567542975 62
      vertex 1.5073500051102913 19.328884538924928 62
    endloop
  endfacet
  facet normal -0.9426414910921781 0.333806859233772 0
    outer loop
      vertex 1.5692432518870032 19.490121959281336 56.85562684888737
      vertex 1.5404077037203827 19.408692883250254 62
      vertex 1.5692432518870032 19.490121959281336 62
    endloop
  endfacet
  facet normal -0.958819734868195 0.28401534470391593 0
    outer loop
      vertex 1.5937776133769626 19.572948575580842 56.83109295795765
      vertex 1.5692432518870032 19.490121959281336 62
      vertex 1.5937776133769626 19.572948575580842 62
    endloop
  endfacet
  facet normal -0.9723699203976762 0.23344536385590714 0
    outer loop
      vertex 1.6139435412107792 19.656945710150698 56.8109274168991
      vertex 1.5937776133769626 19.572948575580842 62
      vertex 1.6139435412107792 19.656945710150698 62
    endloop
  endfacet
  facet normal -0.9832549075639536 0.18223552549215222 0
    outer loop
      vertex 1.6296857619819773 19.74188313268362 56.79518549805804
      vertex 1.6139435412107792 19.656945710150698 62
      vertex 1.6296857619819773 19.74188313268362 62
    endloop
  endfacet
  facet normal -0.9914448613738108 0.1305261922200486 0
    outer loop
      vertex 1.6409611273576508 19.82752803560837 56.78391034893983
      vertex 1.6296857619819773 19.74188313268362 62
      vertex 1.6409611273576508 19.82752803560837 62
    endloop
  endfacet
  facet normal -0.9969173337331279 0.07845909572784608 0
    outer loop
      vertex 1.6477387323450468 19.91364567219914 56.77713287394446
      vertex 1.6409611273576508 19.82752803560837 62
      vertex 1.6477387323450468 19.91364567219914 62
    endloop
  endfacet
  facet normal -0.9996573249755574 0.02617694830787338 0
    outer loop
      vertex 1.65 20 56.774871649659815
      vertex 1.6477387323450468 19.91364567219914 62
      vertex 1.65 20 62
    endloop
  endfacet
  facet normal -0.07845909572783338 -0.996917333733129 -8.94096395210985e-20
    outer loop
      vertex 0.08635432780085732 21.647738732345047 58.338487331696186
      vertex 0.1724719643916282 21.640961127357652 58.252371346810776
      vertex 0.1724719643916282 21.640961127357652 62
    endloop
  endfacet
  facet normal -0.13052619222005535 -0.9914448613738099 -1.2198994644803515e-19
    outer loop
      vertex 0.1724719643916282 21.640961127357652 58.252371346810776
      vertex 0.2581168673163809 21.62968576198198 58.16672808652452
      vertex 0.2581168673163809 21.62968576198198 62
    endloop
  endfacet
  facet normal -0.026176948307853186 -0.9996573249755579 0
    outer loop
      vertex 0.08635432780085732 21.647738732345047 58.338487331696186
      vertex 0.08635432780085732 21.647738732345047 62
      vertex 0 21.65 58.42484000325203
    endloop
  endfacet
  facet normal -0.18223552549214944 -0.9832549075639542 2.535608917182563e-19
    outer loop
      vertex 0.2581168673163809 21.62968576198198 58.16672808652452
      vertex 0.3430542898493029 21.61394354121078 58.08179229306088
      vertex 0.3430542898493029 21.61394354121078 62
    endloop
  endfacet
  facet normal -0.23344536385593256 -0.9723699203976702 1.254964079133094e-19
    outer loop
      vertex 0.3430542898493029 21.61394354121078 58.08179229306088
      vertex 0.4270514244191592 21.59377761337696 57.99779676952591
      vertex 0.4270514244191592 21.59377761337696 62
    endloop
  endfacet
  facet normal -0.2840153447039188 -0.9588197348681942 0
    outer loop
      vertex 0.5098780407186632 21.569243251887002 57.91497174181118
      vertex 0.5098780407186632 21.569243251887002 62
      vertex 0.4270514244191592 21.59377761337696 57.99779676952591
    endloop
  endfacet
  facet normal -0.47715876025962717 -0.8788171126619552 3.713848888758251e-20
    outer loop
      vertex 0.7490843245702522 21.47016076491081 57.675770045850264
      vertex 0.825 21.428941916244323 57.59985582645592
      vertex 0.825 21.428941916244323 62
    endloop
  endfacet
  facet normal -0.5224985647159411 -0.8526401643540968 0
    outer loop
      vertex 0.8986544077747947 21.38380643710995 57.52620283134623
      vertex 0.8986544077747947 21.38380643710995 62
      vertex 0.825 21.428941916244323 57.59985582645592
    endloop
  endfacet
  facet normal -0.5664062369248307 -0.8241261886220173 2.2746514844180696e-19
    outer loop
      vertex 0.8986544077747947 21.38380643710995 57.52620283134623
      vertex 0.9698456662825806 21.334878040718664 57.455012938261234
      vertex 0.9698456662825806 21.334878040718664 62
    endloop
  endfacet
  facet normal -0.6494480483301864 -0.7604059656000286 2.3792197552586394e-19
    outer loop
      vertex 1.0383786452322317 21.282290836404 57.38648127374952
      vertex 1.104065500492116 21.2261889620377 57.32079567833994
      vertex 1.104065500492116 21.2261889620377 62
    endloop
  endfacet
  facet normal -0.6087614290087264 -0.7933533402912308 -2.7516147055208884e-20
    outer loop
      vertex 0.9698456662825806 21.334878040718664 57.455012938261234
      vertex 1.0383786452322317 21.282290836404 57.38648127374952
      vertex 1.0383786452322317 21.282290836404 62
    endloop
  endfacet
  facet normal -0.4305110968082649 -0.9025852843498751 2.8403774977984214e-19
    outer loop
      vertex 0.6711154610750703 21.50735000511029 57.75373741393063
      vertex 0.7490843245702522 21.47016076491081 57.675770045850264
      vertex 0.7490843245702522 21.47016076491081 62
    endloop
  endfacet
  facet normal -0.3338068592337521 -0.9426414910921851 1.9355209991376818e-19
    outer loop
      vertex 0.5098780407186632 21.569243251887002 57.91497174181118
      vertex 0.5913071167497455 21.540407703720383 57.83354422756055
      vertex 0.5913071167497455 21.540407703720383 62
    endloop
  endfacet
  facet normal -0.3826834323651125 -0.9238795325112774 -3.7522977979703655e-19
    outer loop
      vertex 0.5913071167497455 21.540407703720383 57.83354422756055
      vertex 0.6711154610750703 21.50735000511029 57.75373741393063
      vertex 0.6711154610750703 21.50735000511029 62
    endloop
  endfacet
  facet normal -0.0784590957278334 -0.9969173337331289 0
    outer loop
      vertex 0.08635432780085732 21.647738732345047 58.338487331696186
      vertex 0.1724719643916282 21.640961127357652 62
      vertex 0.08635432780085732 21.647738732345047 62
    endloop
  endfacet
  facet normal -0.02617694830785319 -0.9996573249755579 0
    outer loop
      vertex 0 21.65 58.42484000325203
      vertex 0.08635432780085732 21.647738732345047 62
      vertex 0 21.65 62
    endloop
  endfacet
  facet normal -0.13052619222005535 -0.99144486137381 0
    outer loop
      vertex 0.1724719643916282 21.640961127357652 58.252371346810776
      vertex 0.2581168673163809 21.62968576198198 62
      vertex 0.1724719643916282 21.640961127357652 62
    endloop
  endfacet
  facet normal -0.18223552549214947 -0.9832549075639543 0
    outer loop
      vertex 0.2581168673163809 21.62968576198198 58.16672808652452
      vertex 0.3430542898493029 21.61394354121078 62
      vertex 0.2581168673163809 21.62968576198198 62
    endloop
  endfacet
  facet normal -0.23344536385593254 -0.9723699203976701 0
    outer loop
      vertex 0.3430542898493029 21.61394354121078 58.08179229306088
      vertex 0.4270514244191592 21.59377761337696 62
      vertex 0.3430542898493029 21.61394354121078 62
    endloop
  endfacet
  facet normal -0.28401534470391887 -0.9588197348681943 0
    outer loop
      vertex 0.4270514244191592 21.59377761337696 57.99779676952591
      vertex 0.5098780407186632 21.569243251887002 62
      vertex 0.4270514244191592 21.59377761337696 62
    endloop
  endfacet
  facet normal -0.33380685923375214 -0.9426414910921851 0
    outer loop
      vertex 0.5098780407186632 21.569243251887002 57.91497174181118
      vertex 0.5913071167497455 21.540407703720383 62
      vertex 0.5098780407186632 21.569243251887002 62
    endloop
  endfacet
  facet normal -0.4305110968082648 -0.9025852843498751 0
    outer loop
      vertex 0.6711154610750703 21.50735000511029 57.75373741393063
      vertex 0.7490843245702522 21.47016076491081 62
      vertex 0.6711154610750703 21.50735000511029 62
    endloop
  endfacet
  facet normal -0.4771587602596272 -0.8788171126619552 0
    outer loop
      vertex 0.7490843245702522 21.47016076491081 57.675770045850264
      vertex 0.825 21.428941916244323 62
      vertex 0.7490843245702522 21.47016076491081 62
    endloop
  endfacet
  facet normal -0.38268343236511243 -0.9238795325112773 0
    outer loop
      vertex 0.5913071167497455 21.540407703720383 57.83354422756055
      vertex 0.6711154610750703 21.50735000511029 62
      vertex 0.5913071167497455 21.540407703720383 62
    endloop
  endfacet
  facet normal -0.5224985647159411 -0.852640164354097 0
    outer loop
      vertex 0.825 21.428941916244323 57.59985582645592
      vertex 0.8986544077747947 21.38380643710995 62
      vertex 0.825 21.428941916244323 62
    endloop
  endfacet
  facet normal -0.5664062369248305 -0.8241261886220171 0
    outer loop
      vertex 0.8986544077747947 21.38380643710995 57.52620283134623
      vertex 0.9698456662825806 21.334878040718664 62
      vertex 0.8986544077747947 21.38380643710995 62
    endloop
  endfacet
  facet normal -0.6883545756937534 -0.7253743710122882 0
    outer loop
      vertex 1.104065500492116 21.2261889620377 57.32079567833994
      vertex 1.1667261889578033 21.166726188957803 62
      vertex 1.104065500492116 21.2261889620377 62
    endloop
  endfacet
  facet normal -0.6087614290087264 -0.7933533402912308 0
    outer loop
      vertex 0.9698456662825806 21.334878040718664 57.455012938261234
      vertex 1.0383786452322317 21.282290836404 62
      vertex 0.9698456662825806 21.334878040718664 62
    endloop
  endfacet
  facet normal -0.6494480483301864 -0.7604059656000286 0
    outer loop
      vertex 1.0383786452322317 21.282290836404 57.38648127374952
      vertex 1.104065500492116 21.2261889620377 62
      vertex 1.0383786452322317 21.282290836404 62
    endloop
  endfacet
  facet normal -0.7933533402912372 -0.608761429008718 0
    outer loop
      vertex 1.3348780407186631 20.96984566628258 57.08998756501507
      vertex 1.3348780407186631 20.96984566628258 62
      vertex 1.282290836404002 21.038378645232232 57.14257376072603
    endloop
  endfacet
  facet normal -0.8241261886220103 -0.5664062369248406 8.953697491597037e-20
    outer loop
      vertex 1.3348780407186631 20.96984566628258 57.08998756501507
      vertex 1.3838064371099497 20.898654407774796 57.04106010705287
      vertex 1.3838064371099497 20.898654407774796 62
    endloop
  endfacet
  facet normal -0.9996573249755574 -0.02617694830787338 0
    outer loop
      vertex 1.65 20 56.774871649659815
      vertex 1.65 20 62
      vertex 1.6477387323450468 20.08635432780086 56.77713287394446
    endloop
  endfacet
  facet normal -0.9969173337331279 -0.07845909572784608 0
    outer loop
      vertex 1.6477387323450468 20.08635432780086 56.77713287394446
      vertex 1.6477387323450468 20.08635432780086 62
      vertex 1.6409611273576508 20.17247196439163 56.78391034893983
    endloop
  endfacet
  facet normal -0.9914448613738108 -0.1305261922200486 0
    outer loop
      vertex 1.6409611273576508 20.17247196439163 56.78391034893983
      vertex 1.6409611273576508 20.17247196439163 62
      vertex 1.6296857619819773 20.25811686731638 56.79518549805804
    endloop
  endfacet
  facet normal -0.9723699203976762 -0.23344536385590714 0
    outer loop
      vertex 1.6139435412107792 20.343054289849302 56.8109274168991
      vertex 1.6139435412107792 20.343054289849302 62
      vertex 1.5937776133769626 20.427051424419158 56.83109295795765
    endloop
  endfacet
  facet normal -0.958819734868195 -0.28401534470391593 0
    outer loop
      vertex 1.5937776133769626 20.427051424419158 56.83109295795765
      vertex 1.5937776133769626 20.427051424419158 62
      vertex 1.5692432518870032 20.509878040718664 56.85562684888737
    endloop
  endfacet
  facet normal -0.9832549075639536 -0.18223552549215222 5.594109199303217e-20
    outer loop
      vertex 1.6139435412107792 20.343054289849302 56.8109274168991
      vertex 1.6296857619819773 20.25811686731638 56.79518549805804
      vertex 1.6296857619819773 20.25811686731638 62
    endloop
  endfacet
  facet normal -0.9238795325112875 -0.3826834323650878 0
    outer loop
      vertex 1.5404077037203827 20.591307116749746 56.88446184399852
      vertex 1.5404077037203827 20.591307116749746 62
      vertex 1.5073500051102913 20.671115461075072 56.91751890857382
    endloop
  endfacet
  facet normal -0.9426414910921781 -0.333806859233772 0
    outer loop
      vertex 1.5692432518870032 20.509878040718664 56.85562684888737
      vertex 1.5692432518870032 20.509878040718664 62
      vertex 1.5404077037203827 20.591307116749746 56.88446184399852
    endloop
  endfacet
  facet normal -0.9025852843498571 -0.4305110968083026 0
    outer loop
      vertex 1.5073500051102913 20.671115461075072 56.91751890857382
      vertex 1.5073500051102913 20.671115461075072 62
      vertex 1.470160764910807 20.74908432457025 56.95470743549702
    endloop
  endfacet
  facet normal -0.8526401643540992 -0.5224985647159376 0
    outer loop
      vertex 1.4289419162443235 20.825 56.99592549360079
      vertex 1.4289419162443235 20.825 62
      vertex 1.3838064371099497 20.898654407774796 57.04106010705287
    endloop
  endfacet
  facet normal -0.878817112661964 -0.47715876025961085 4.290033894301868e-19
    outer loop
      vertex 1.4289419162443235 20.825 56.99592549360079
      vertex 1.470160764910807 20.74908432457025 56.95470743549702
      vertex 1.470160764910807 20.74908432457025 62
    endloop
  endfacet
  facet normal -0.7253743710122871 -0.6883545756937546 0
    outer loop
      vertex 1.2261889620377004 21.104065500492116 57.19867455907852
      vertex 1.2261889620377004 21.104065500492116 62
      vertex 1.1667261889578033 21.166726188957803 57.25813619168377
    endloop
  endfacet
  facet normal -0.7604059656000278 -0.6494480483301873 -3.5391645979341214e-19
    outer loop
      vertex 1.2261889620377004 21.104065500492116 57.19867455907852
      vertex 1.282290836404002 21.038378645232232 57.14257376072603
      vertex 1.282290836404002 21.038378645232232 62
    endloop
  endfacet
  facet normal -0.6883545756937534 -0.7253743710122883 3.86220705728228e-19
    outer loop
      vertex 1.104065500492116 21.2261889620377 57.32079567833994
      vertex 1.1667261889578033 21.166726188957803 57.25813619168377
      vertex 1.1667261889578033 21.166726188957803 62
    endloop
  endfacet
  facet normal -0.8526401643540992 -0.5224985647159376 0
    outer loop
      vertex 1.3838064371099497 20.898654407774796 57.04106010705287
      vertex 1.4289419162443235 20.825 62
      vertex 1.3838064371099497 20.898654407774796 62
    endloop
  endfacet
  facet normal -0.8241261886220103 -0.5664062369248406 0
    outer loop
      vertex 1.3348780407186631 20.96984566628258 57.08998756501507
      vertex 1.3838064371099497 20.898654407774796 62
      vertex 1.3348780407186631 20.96984566628258 62
    endloop
  endfacet
  facet normal -0.9996573249755573 -0.026176948307873378 0
    outer loop
      vertex 1.6477387323450468 20.08635432780086 56.77713287394446
      vertex 1.65 20 62
      vertex 1.6477387323450468 20.08635432780086 62
    endloop
  endfacet
  facet normal -0.9969173337331279 -0.07845909572784608 0
    outer loop
      vertex 1.6409611273576508 20.17247196439163 56.78391034893983
      vertex 1.6477387323450468 20.08635432780086 62
      vertex 1.6409611273576508 20.17247196439163 62
    endloop
  endfacet
  facet normal -0.9914448613738108 -0.1305261922200486 0
    outer loop
      vertex 1.6296857619819773 20.25811686731638 56.79518549805804
      vertex 1.6409611273576508 20.17247196439163 62
      vertex 1.6296857619819773 20.25811686731638 62
    endloop
  endfacet
  facet normal -0.958819734868195 -0.2840153447039159 0
    outer loop
      vertex 1.5692432518870032 20.509878040718664 56.85562684888737
      vertex 1.5937776133769626 20.427051424419158 62
      vertex 1.5692432518870032 20.509878040718664 62
    endloop
  endfacet
  facet normal -0.9723699203976762 -0.23344536385590717 0
    outer loop
      vertex 1.5937776133769626 20.427051424419158 56.83109295795765
      vertex 1.6139435412107792 20.343054289849302 62
      vertex 1.5937776133769626 20.427051424419158 62
    endloop
  endfacet
  facet normal -0.9832549075639536 -0.18223552549215224 0
    outer loop
      vertex 1.6139435412107792 20.343054289849302 56.8109274168991
      vertex 1.6296857619819773 20.25811686731638 62
      vertex 1.6139435412107792 20.343054289849302 62
    endloop
  endfacet
  facet normal -0.9025852843498571 -0.4305110968083026 0
    outer loop
      vertex 1.470160764910807 20.74908432457025 56.95470743549702
      vertex 1.5073500051102913 20.671115461075072 62
      vertex 1.470160764910807 20.74908432457025 62
    endloop
  endfacet
  facet normal -0.9238795325112877 -0.38268343236508784 0
    outer loop
      vertex 1.5073500051102913 20.671115461075072 56.91751890857382
      vertex 1.5404077037203827 20.591307116749746 62
      vertex 1.5073500051102913 20.671115461075072 62
    endloop
  endfacet
  facet normal -0.8788171126619642 -0.4771587602596108 0
    outer loop
      vertex 1.4289419162443235 20.825 56.99592549360079
      vertex 1.470160764910807 20.74908432457025 62
      vertex 1.4289419162443235 20.825 62
    endloop
  endfacet
  facet normal -0.9426414910921781 -0.33380685923377196 0
    outer loop
      vertex 1.5404077037203827 20.591307116749746 56.88446184399852
      vertex 1.5692432518870032 20.509878040718664 62
      vertex 1.5404077037203827 20.591307116749746 62
    endloop
  endfacet
  facet normal -0.725374371012287 -0.6883545756937547 0
    outer loop
      vertex 1.1667261889578033 21.166726188957803 57.25813619168377
      vertex 1.2261889620377004 21.104065500492116 62
      vertex 1.1667261889578033 21.166726188957803 62
    endloop
  endfacet
  facet normal -0.7604059656000277 -0.6494480483301872 0
    outer loop
      vertex 1.2261889620377004 21.104065500492116 57.19867455907852
      vertex 1.282290836404002 21.038378645232232 62
      vertex 1.2261889620377004 21.104065500492116 62
    endloop
  endfacet
  facet normal -0.7933533402912372 -0.608761429008718 0
    outer loop
      vertex 1.282290836404002 21.038378645232232 57.14257376072603
      vertex 1.3348780407186631 20.96984566628258 62
      vertex 1.282290836404002 21.038378645232232 62
    endloop
  endfacet
  facet normal -0.7071000000617144 -1.396250349874365e-13 -0.7071135622463505
    outer loop
      vertex 1.5692432518870032 19.490121959281336 56.85562684888737
      vertex 1.5937776133769626 19.572948575580842 56.83109295795765
      vertex 7.212489168102785 32 51.212489168102785
    endloop
  endfacet
  facet normal -0.7071000000619817 1.019692649037011e-13 -0.7071135622460832
    outer loop
      vertex 1.5937776133769626 19.572948575580842 56.83109295795765
      vertex 1.6139435412107792 19.656945710150698 56.8109274168991
      vertex 7.212489168102785 32 51.212489168102785
    endloop
  endfacet
  facet normal -0.7071000000620524 1.6516559926215005e-13 -0.7071135622460126
    outer loop
      vertex 1.5073500051102913 19.328884538924928 56.91751890857382
      vertex 1.5404077037203827 19.408692883250254 56.88446184399852
      vertex 7.212489168102785 32 51.212489168102785
    endloop
  endfacet
  facet normal -0.7071000000619649 8.639094142545333e-14 -0.7071135622461
    outer loop
      vertex 1.5404077037203827 19.408692883250254 56.88446184399852
      vertex 1.5692432518870032 19.490121959281336 56.85562684888737
      vertex 7.212489168102785 32 51.212489168102785
    endloop
  endfacet
  facet normal -0.7071000000617973 -6.520331896492023e-14 -0.7071135622462676
    outer loop
      vertex 1.6139435412107792 19.656945710150698 56.8109274168991
      vertex 1.6296857619819773 19.74188313268362 56.79518549805804
      vertex 7.212489168102785 32 51.212489168102785
    endloop
  endfacet
  facet normal -0.7071000000618701 1.0736584455816448e-15 -0.7071135622461948
    outer loop
      vertex 1.6296857619819773 19.74188313268362 56.79518549805804
      vertex 1.6409611273576508 19.82752803560837 56.78391034893983
      vertex 7.212489168102785 32 51.212489168102785
    endloop
  endfacet
  facet normal -0.707100000061846 -2.1080743240592702e-14 -0.7071135622462191
    outer loop
      vertex 1.6409611273576508 19.82752803560837 56.78391034893983
      vertex 1.6477387323450468 19.91364567219914 56.77713287394446
      vertex 7.212489168102785 32 51.212489168102785
    endloop
  endfacet
  facet normal -0.7071000000619275 5.403782234054221e-14 -0.7071135622461375
    outer loop
      vertex 1.6477387323450468 19.91364567219914 56.77713287394446
      vertex 1.65 20 56.774871649659815
      vertex 7.212489168102785 32 51.212489168102785
    endloop
  endfacet
  facet normal -0.7071000000618725 -6.794575951762564e-16 -0.7071135622461924
    outer loop
      vertex 0.6711154610750703 21.50735000511029 57.75373741393063
      vertex 0 32 58.42484000325203
      vertex 0.7490843245702522 21.47016076491081 57.675770045850264
    endloop
  endfacet
  facet normal -0.7071000000618749 -1.009651426933939e-15 -0.70711356224619
    outer loop
      vertex 0.7490843245702522 21.47016076491081 57.675770045850264
      vertex 0 32 58.42484000325203
      vertex 0.825 21.428941916244323 57.59985582645592
    endloop
  endfacet
  facet normal -0.7071000000618771 -6.106712153175561e-16 -0.7071135622461876
    outer loop
      vertex 0.5098780407186632 21.569243251887002 57.91497174181118
      vertex 0.4270514244191592 21.59377761337696 57.99779676952591
      vertex 0 32 58.42484000325203
    endloop
  endfacet
  facet normal -0.7071000000618558 1.4737619184385283e-15 -0.707113562246209
    outer loop
      vertex 0.5098780407186632 21.569243251887002 57.91497174181118
      vertex 0 32 58.42484000325203
      vertex 0.5913071167497455 21.540407703720383 57.83354422756055
    endloop
  endfacet
  facet normal -0.7071000000618541 1.6722571302517208e-15 -0.7071135622462108
    outer loop
      vertex 0.5913071167497455 21.540407703720383 57.83354422756055
      vertex 0 32 58.42484000325203
      vertex 0.6711154610750703 21.50735000511029 57.75373741393063
    endloop
  endfacet
  facet normal -0.7071000000618805 -2.6625830801956977e-15 -0.7071135622461845
    outer loop
      vertex 1.2261889620377004 21.104065500492116 57.19867455907852
      vertex 0 32 58.42484000325203
      vertex 1.282290836404002 21.038378645232232 57.14257376072603
    endloop
  endfacet
  facet normal -0.7071000000618491 4.376130385023729e-15 -0.7071135622462158
    outer loop
      vertex 1.2261889620377004 21.104065500492116 57.19867455907852
      vertex 1.1667261889578033 21.166726188957803 57.25813619168377
      vertex 0 32 58.42484000325203
    endloop
  endfacet
  facet normal -0.70710000006187 -2.6937393110132305e-16 -0.7071135622461948
    outer loop
      vertex 0.8986544077747947 21.38380643710995 57.52620283134623
      vertex 0.825 21.428941916244323 57.59985582645592
      vertex 0 32 58.42484000325203
    endloop
  endfacet
  facet normal -0.7071000000618617 1.14274157935597e-15 -0.7071135622462033
    outer loop
      vertex 0.8986544077747947 21.38380643710995 57.52620283134623
      vertex 0 32 58.42484000325203
      vertex 0.9698456662825806 21.334878040718664 57.455012938261234
    endloop
  endfacet
  facet normal -0.7071000000618927 -4.478040718544816e-15 -0.7071135622461723
    outer loop
      vertex 0.9698456662825806 21.334878040718664 57.455012938261234
      vertex 0 32 58.42484000325203
      vertex 1.0383786452322317 21.282290836404 57.38648127374952
    endloop
  endfacet
  facet normal -0.7071000000618647 9.430031403324889e-16 -0.7071135622462003
    outer loop
      vertex 1.0383786452322317 21.282290836404 57.38648127374952
      vertex 0 32 58.42484000325203
      vertex 1.104065500492116 21.2261889620377 57.32079567833994
    endloop
  endfacet
  facet normal -0.7071000000618719 -5.564854955485272e-16 -0.7071135622461929
    outer loop
      vertex 1.104065500492116 21.2261889620377 57.32079567833994
      vertex 0 32 58.42484000325203
      vertex 1.1667261889578033 21.166726188957803 57.25813619168377
    endloop
  endfacet
  facet normal -0.7071000000622832 -1.14893502497798e-13 -0.7071135622457817
    outer loop
      vertex 1.6139435412107792 20.343054289849302 56.8109274168991
      vertex 0 32 58.42484000325203
      vertex 1.6296857619819773 20.25811686731638 56.79518549805804
    endloop
  endfacet
  facet normal -0.7071000000620201 -4.1485231530728043e-14 -0.7071135622460448
    outer loop
      vertex 1.5937776133769626 20.427051424419158 56.83109295795765
      vertex 1.5692432518870032 20.509878040718664 56.85562684888737
      vertex 0 32 58.42484000325203
    endloop
  endfacet
  facet normal -0.7071000000618273 1.123268424408601e-14 -0.7071135622462379
    outer loop
      vertex 1.5692432518870032 20.509878040718664 56.85562684888737
      vertex 1.5404077037203827 20.591307116749746 56.88446184399852
      vertex 0 32 58.42484000325203
    endloop
  endfacet
  facet normal -0.7071000000616343 6.479084384640537e-14 -0.7071135622464307
    outer loop
      vertex 1.6139435412107792 20.343054289849302 56.8109274168991
      vertex 1.5937776133769626 20.427051424419158 56.83109295795765
      vertex 0 32 58.42484000325203
    endloop
  endfacet
  facet normal -0.7071000000618454 6.297317395634735e-15 -0.7071135622462195
    outer loop
      vertex 1.5404077037203827 20.591307116749746 56.88446184399852
      vertex 1.5073500051102913 20.671115461075072 56.91751890857382
      vertex 0 32 58.42484000325203
    endloop
  endfacet
  facet normal -0.7071000000618328 9.640087413332742e-15 -0.7071135622462321
    outer loop
      vertex 1.5073500051102913 20.671115461075072 56.91751890857382
      vertex 1.470160764910807 20.74908432457025 56.95470743549702
      vertex 0 32 58.42484000325203
    endloop
  endfacet
  facet normal -0.7071000000618289 9.81559350441854e-15 -0.7071135622462362
    outer loop
      vertex 1.3348780407186631 20.96984566628258 57.08998756501507
      vertex 0 32 58.42484000325203
      vertex 1.3838064371099497 20.898654407774796 57.04106010705287
    endloop
  endfacet
  facet normal -0.7071000000618801 -2.5830842640731407e-15 -0.7071135622461849
    outer loop
      vertex 1.3348780407186631 20.96984566628258 57.08998756501507
      vertex 1.282290836404002 21.038378645232232 57.14257376072603
      vertex 0 32 58.42484000325203
    endloop
  endfacet
  facet normal -0.7071000000618751 -1.7223062032949612e-15 -0.7071135622461899
    outer loop
      vertex 1.4289419162443235 20.825 56.99592549360079
      vertex 1.3838064371099497 20.898654407774796 57.04106010705287
      vertex 0 32 58.42484000325203
    endloop
  endfacet
  facet normal -0.7071000000619326 -1.6437918716818278e-14 -0.7071135622461323
    outer loop
      vertex 1.4289419162443235 20.825 56.99592549360079
      vertex 0 32 58.42484000325203
      vertex 1.470160764910807 20.74908432457025 56.95470743549702
    endloop
  endfacet
  facet normal -0.7071000000618677 -3.02351061946445e-17 -0.7071135622461974
    outer loop
      vertex 0.08635432780085732 21.647738732345047 58.338487331696186
      vertex 0 32 58.42484000325203
      vertex 0.1724719643916282 21.640961127357652 58.252371346810776
    endloop
  endfacet
  facet normal -0.7071000000618658 5.499353808085372e-20 -0.707113562246199
    outer loop
      vertex 0.08635432780085732 21.647738732345047 58.338487331696186
      vertex 0 21.65 58.42484000325203
      vertex 0 32 58.42484000325203
    endloop
  endfacet
  facet normal -0.7071000000618667 2.6206755959649113e-17 -0.7071135622461983
    outer loop
      vertex 0.2581168673163809 21.62968576198198 58.16672808652452
      vertex 0 32 58.42484000325203
      vertex 0.3430542898493029 21.61394354121078 58.08179229306088
    endloop
  endfacet
  facet normal -0.7071000000618681 -4.712421596175131e-17 -0.7071135622461968
    outer loop
      vertex 0.1724719643916282 21.640961127357652 58.252371346810776
      vertex 0 32 58.42484000325203
      vertex 0.2581168673163809 21.62968576198198 58.16672808652452
    endloop
  endfacet
  facet normal -0.707100000061881 -9.238680123306368e-16 -0.7071135622461838
    outer loop
      vertex 0.3430542898493029 21.61394354121078 58.08179229306088
      vertex 0 32 58.42484000325203
      vertex 0.4270514244191592 21.59377761337696 57.99779676952591
    endloop
  endfacet
  facet normal 0 0 1
    outer loop
      vertex -18 32 62
      vertex 0.825 21.428941916244323 62
      vertex 18 32 62
    endloop
  endfacet
  facet normal 0 1 0
    outer loop
      vertex -18 32 62
      vertex 18 32 62
      vertex 0 32 58.42484000325203
    endloop
  endfacet
  facet normal -0.7071000000618173 -4.825766432007898e-14 -0.7071135622462478
    outer loop
      vertex 1.65 20 56.774871649659815
      vertex 1.6477387323450468 20.08635432780086 56.77713287394446
      vertex 7.212489168102785 32 51.212489168102785
    endloop
  endfacet
  facet normal -0.7071000000618849 1.495178330355012e-14 -0.7071135622461802
    outer loop
      vertex 1.6477387323450468 20.08635432780086 56.77713287394446
      vertex 1.6409611273576508 20.17247196439163 56.78391034893983
      vertex 7.212489168102785 32 51.212489168102785
    endloop
  endfacet
  facet normal -0.7071000000618682 -5.895124000425399e-16 -0.7071135622461966
    outer loop
      vertex 1.6409611273576508 20.17247196439163 56.78391034893983
      vertex 1.6296857619819773 20.25811686731638 56.79518549805804
      vertex 7.212489168102785 32 51.212489168102785
    endloop
  endfacet
  facet normal -0.707100000061869 8.136035766280403e-17 -0.707113562246196
    outer loop
      vertex 1.6296857619819773 20.25811686731638 56.79518549805804
      vertex 0 32 58.42484000325203
      vertex 7.212489168102785 32 51.212489168102785
    endloop
  endfacet
  facet normal 0 0 1
    outer loop
      vertex 18 32 62
      vertex 0.825 21.428941916244323 62
      vertex 0.8986544077747947 21.38380643710995 62
    endloop
  endfacet
  facet normal 0 0 1
    outer loop
      vertex 18 32 62
      vertex 0.9698456662825806 21.334878040718664 62
      vertex 1.0383786452322317 21.282290836404 62
    endloop
  endfacet
  facet normal 0 0 1
    outer loop
      vertex 18 32 62
      vertex 0.8986544077747947 21.38380643710995 62
      vertex 0.9698456662825806 21.334878040718664 62
    endloop
  endfacet
  facet normal 0 0 1
    outer loop
      vertex 18 32 62
      vertex 1.0383786452322317 21.282290836404 62
      vertex 1.104065500492116 21.2261889620377 62
    endloop
  endfacet
  facet normal 0 0 1
    outer loop
      vertex 18 32 62
      vertex 1.470160764910807 20.74908432457025 62
      vertex 1.5073500051102913 20.671115461075072 62
    endloop
  endfacet
  facet normal 0 0 1
    outer loop
      vertex 18 32 62
      vertex 1.5073500051102913 20.671115461075072 62
      vertex 1.5404077037203827 20.591307116749746 62
    endloop
  endfacet
  facet normal 0 0 1
    outer loop
      vertex 18 32 62
      vertex 1.2261889620377004 21.104065500492116 62
      vertex 1.282290836404002 21.038378645232232 62
    endloop
  endfacet
  facet normal 0 0 1
    outer loop
      vertex 18 32 62
      vertex 1.282290836404002 21.038378645232232 62
      vertex 1.3348780407186631 20.96984566628258 62
    endloop
  endfacet
  facet normal 0 0 1
    outer loop
      vertex 18 32 62
      vertex 1.104065500492116 21.2261889620377 62
      vertex 1.1667261889578033 21.166726188957803 62
    endloop
  endfacet
  facet normal 0 0 1
    outer loop
      vertex 18 32 62
      vertex 1.1667261889578033 21.166726188957803 62
      vertex 1.2261889620377004 21.104065500492116 62
    endloop
  endfacet
  facet normal 0 0 1
    outer loop
      vertex 18 32 62
      vertex 1.3348780407186631 20.96984566628258 62
      vertex 1.3838064371099497 20.898654407774796 62
    endloop
  endfacet
  facet normal 0 0 1
    outer loop
      vertex 18 32 62
      vertex 1.3838064371099497 20.898654407774796 62
      vertex 1.4289419162443235 20.825 62
    endloop
  endfacet
  facet normal 0 0 1
    outer loop
      vertex 18 32 62
      vertex 1.4289419162443235 20.825 62
      vertex 1.470160764910807 20.74908432457025 62
    endloop
  endfacet
  facet normal 0 0 1
    outer loop
      vertex 18 32 62
      vertex 1.6477387323450468 20.08635432780086 62
      vertex 1.65 20 62
    endloop
  endfacet
  facet normal 0 0 1
    outer loop
      vertex 18 32 62
      vertex 1.6409611273576508 20.17247196439163 62
      vertex 1.6477387323450468 20.08635432780086 62
    endloop
  endfacet
  facet normal 0 0 1
    outer loop
      vertex 18 32 62
      vertex 1.6296857619819773 20.25811686731638 62
      vertex 1.6409611273576508 20.17247196439163 62
    endloop
  endfacet
  facet normal 0 0 1
    outer loop
      vertex 18 32 62
      vertex 1.6139435412107792 20.343054289849302 62
      vertex 1.6296857619819773 20.25811686731638 62
    endloop
  endfacet
  facet normal 0 0 1
    outer loop
      vertex 18 32 62
      vertex 1.5692432518870032 20.509878040718664 62
      vertex 1.5937776133769626 20.427051424419158 62
    endloop
  endfacet
  facet normal 0 0 1
    outer loop
      vertex 18 32 62
      vertex 1.5404077037203827 20.591307116749746 62
      vertex 1.5692432518870032 20.509878040718664 62
    endloop
  endfacet
  facet normal 0 0 1
    outer loop
      vertex 18 32 62
      vertex 1.5937776133769626 20.427051424419158 62
      vertex 1.6139435412107792 20.343054289849302 62
    endloop
  endfacet
  facet normal 0 1 0
    outer loop
      vertex 18 32 62
      vertex 7.212489168102785 32 51.212489168102785
      vertex 0 32 58.42484000325203
    endloop
  endfacet
  facet normal -0.9025852843498628 0 0.4305110968082902
    outer loop
      vertex 9.088266546721352 -32 39.36929690265662
      vertex 9.318163667954527 32 39.85128624062684
      vertex 9.088266546721352 32 39.36929690265662
    endloop
  endfacet
  facet normal -0.9238795325112851 0 0.3826834323650943
    outer loop
      vertex 9.318163667954527 -32 39.85128624062684
      vertex 9.522520350271456 32 40.344646914637934
      vertex 9.318163667954527 32 39.85128624062684
    endloop
  endfacet
  facet normal -0.9426414910921788 0 0.3338068592337698
    outer loop
      vertex 9.522520350271456 -32 40.344646914637934
      vertex 9.700776466210565 32 40.848026657375534
      vertex 9.522520350271456 32 40.344646914637934
    endloop
  endfacet
  facet normal -0.9588197348681929 0 0.2840153447039231
    outer loop
      vertex 9.700776466210565 -32 40.848026657375534
      vertex 9.852443428148495 32 41.36004573995429
      vertex 9.700776466210565 32 40.848026657375534
    endloop
  endfacet
  facet normal -0.9723699203976766 0 0.2334453638559062
    outer loop
      vertex 9.852443428148495 -32 41.36004573995429
      vertex 9.977105527484817 32 41.87930075365885
      vertex 9.852443428148495 32 41.36004573995429
    endloop
  endfacet
  facet normal -0.9832549075639545 0 0.18223552549214764
    outer loop
      vertex 9.977105527484817 -32 41.87930075365885
      vertex 10.074421074070404 32 42.404368456589644
      vertex 9.977105527484817 32 41.87930075365885
    endloop
  endfacet
  facet normal -0.9914448613738108 0 0.13052619222004896
    outer loop
      vertex 10.074421074070404 -32 42.404368456589644
      vertex 10.144123332756386 32 42.93380967466994
      vertex 10.074421074070404 32 42.404368456589644
    endloop
  endfacet
  facet normal -0.9914448613738108 0 -0.13052619222004896
    outer loop
      vertex 10.144123332756386 -32 45.06619032533006
      vertex 10.074421074070404 32 45.595631543410356
      vertex 10.144123332756386 32 45.06619032533006
    endloop
  endfacet
  facet normal -0.9832549075639545 0 -0.18223552549214764
    outer loop
      vertex 10.074421074070404 -32 45.595631543410356
      vertex 9.977105527484817 32 46.12069924634115
      vertex 10.074421074070404 32 45.595631543410356
    endloop
  endfacet
  facet normal -0.9723699203976766 0 -0.2334453638559062
    outer loop
      vertex 9.977105527484817 -32 46.12069924634115
      vertex 9.852443428148495 32 46.63995426004571
      vertex 9.977105527484817 32 46.12069924634115
    endloop
  endfacet
  facet normal -0.996917333733128 0 0.07845909572784479
    outer loop
      vertex 10.144123332756386 -32 42.93380967466994
      vertex 10.186021254496652 32 43.46617324632197
      vertex 10.144123332756386 32 42.93380967466994
    endloop
  endfacet
  facet normal -0.9996573249755571 0 0.026176948307875505
    outer loop
      vertex 10.186021254496652 -32 43.46617324632197
      vertex 10.2 32 44
      vertex 10.186021254496652 32 43.46617324632197
    endloop
  endfacet
  facet normal -0.9996573249755571 0 -0.026176948307875505
    outer loop
      vertex 10.2 -32 44
      vertex 10.186021254496652 32 44.53382675367803
      vertex 10.2 32 44
    endloop
  endfacet
  facet normal -0.996917333733128 0 -0.07845909572784479
    outer loop
      vertex 10.186021254496652 -32 44.53382675367803
      vertex 10.144123332756386 32 45.06619032533006
      vertex 10.186021254496652 32 44.53382675367803
    endloop
  endfacet
  facet normal 1 0 0
    outer loop
      vertex 18 -32 62
      vertex 18 32 0
      vertex 18 32 62
    endloop
  endfacet
  facet normal 0 0 1
    outer loop
      vertex 18 -32 62
      vertex 18 32 62
      vertex 1.65 20 62
    endloop
  endfacet
  facet normal -0.9025852843498628 0 -0.4305110968082902
    outer loop
      vertex 9.318163667954527 -32 48.14871375937316
      vertex 9.088266546721352 32 48.63070309734338
      vertex 9.318163667954527 32 48.14871375937316
    endloop
  endfacet
  facet normal -0.9238795325112851 0 -0.3826834323650943
    outer loop
      vertex 9.522520350271456 -32 47.655353085362066
      vertex 9.318163667954527 32 48.14871375937316
      vertex 9.522520350271456 32 47.655353085362066
    endloop
  endfacet
  facet normal -0.9588197348681929 0 -0.2840153447039231
    outer loop
      vertex 9.852443428148495 -32 46.63995426004571
      vertex 9.700776466210565 32 47.151973342624466
      vertex 9.852443428148495 32 46.63995426004571
    endloop
  endfacet
  facet normal -0.9426414910921788 0 -0.3338068592337698
    outer loop
      vertex 9.700776466210565 -32 47.151973342624466
      vertex 9.522520350271456 32 47.655353085362066
      vertex 9.700776466210565 32 47.151973342624466
    endloop
  endfacet
  facet normal -0.8788171126619646 0 -0.4771587602596101
    outer loop
      vertex 9.088266546721352 -32 48.63070309734338
      vertex 8.833459118601272 32 49.1
      vertex 9.088266546721352 32 48.63070309734338
    endloop
  endfacet
  facet normal 0 1 0
    outer loop
      vertex 18 32 0
      vertex 10.074421074070404 32 45.595631543410356
      vertex 18 32 62
    endloop
  endfacet
  facet normal 0 1 0
    outer loop
      vertex 18 32 62
      vertex 8.251973342624463 32 49.99540957338323
      vertex 7.926888806861102 32 50.41906798870834
    endloop
  endfacet
  facet normal 0 1 0
    outer loop
      vertex 18 32 62
      vertex 8.833459118601272 32 49.1
      vertex 8.554439793043326 32 49.55531815715327
    endloop
  endfacet
  facet normal 0 1 0
    outer loop
      vertex 18 32 62
      vertex 8.554439793043326 32 49.55531815715327
      vertex 8.251973342624463 32 49.99540957338323
    endloop
  endfacet
  facet normal 0 1 0
    outer loop
      vertex 18 32 62
      vertex 9.088266546721352 32 48.63070309734338
      vertex 8.833459118601272 32 49.1
    endloop
  endfacet
  facet normal 0 1 0
    outer loop
      vertex 18 32 62
      vertex 9.522520350271456 32 47.655353085362066
      vertex 9.318163667954527 32 48.14871375937316
    endloop
  endfacet
  facet normal 0 1 0
    outer loop
      vertex 18 32 62
      vertex 9.318163667954527 32 48.14871375937316
      vertex 9.088266546721352 32 48.63070309734338
    endloop
  endfacet
  facet normal 0 1 0
    outer loop
      vertex 18 32 62
      vertex 10.074421074070404 32 45.595631543410356
      vertex 9.977105527484817 32 46.12069924634115
    endloop
  endfacet
  facet normal 0 1 0
    outer loop
      vertex 18 32 62
      vertex 9.977105527484817 32 46.12069924634115
      vertex 9.852443428148495 32 46.63995426004571
    endloop
  endfacet
  facet normal 0 1 0
    outer loop
      vertex 18 32 62
      vertex 9.700776466210565 32 47.151973342624466
      vertex 9.522520350271456 32 47.655353085362066
    endloop
  endfacet
  facet normal 0 1 0
    outer loop
      vertex 18 32 62
      vertex 9.852443428148495 32 46.63995426004571
      vertex 9.700776466210565 32 47.151973342624466
    endloop
  endfacet
  facet normal 0 1 0
    outer loop
      vertex 18 32 62
      vertex 7.580077219869421 32 50.82513218486035
      vertex 7.212489168102785 32 51.212489168102785
    endloop
  endfacet
  facet normal 0 1 0
    outer loop
      vertex 18 32 62
      vertex 7.926888806861102 32 50.41906798870834
      vertex 7.580077219869421 32 50.82513218486035
    endloop
  endfacet
endsolid OpenSCAD_Model
