solid OpenSCAD_Model
  facet normal 0 0 -1
    outer loop
      vertex 5 -25 0
      vertex 0.4 -25 0
      vertex 0.4 -15.83519839354405 0
    endloop
  endfacet
  facet normal 0 0 -1
    outer loop
      vertex 5 -25 0
      vertex 5.313585393130779 -24.98356568813324 0
      vertex 5.1570078656077385 -24.995888605713844 0
    endloop
  endfacet
  facet normal 0 0 -1
    outer loop
      vertex 5 -25 0
      vertex 0.4 -15.83519839354405 0
      vertex 5.313585393130779 -24.98356568813324 0
    endloop
  endfacet
  facet normal 0 0 -1
    outer loop
      vertex 5.313585393130779 -24.98356568813324 0
      vertex 0.4 -15.83519839354405 0
      vertex 5.4693033918738365 -24.963065020740032 0
    endloop
  endfacet
  facet normal 0 0 -1
    outer loop
      vertex 5.4693033918738365 -24.963065020740032 0
      vertex 0.4 -15.83519839354405 0
      vertex 5.623735070228577 -24.934442803263664 0
    endloop
  endfacet
  facet normal 0 0 -1
    outer loop
      vertex 5.623735070228577 -24.934442803263664 0
      vertex 0.4 -15.83519839354405 0
      vertex 5.776457138359547 -24.89777747541666 0
    endloop
  endfacet
  facet normal -1 0 0
    outer loop
      vertex 0.4 -21.200832101651063 14.53219869566004
      vertex 0.4 -25 0
      vertex 0.4 -21.22229876633906 14.64802245365948
    endloop
  endfacet
  facet normal -1 0 0
    outer loop
      vertex 0.4 -21.22229876633906 14.64802245365948
      vertex 0.4 -25 0
      vertex 0.4 -21.237674264578615 14.76481095764778
    endloop
  endfacet
  facet normal -1 0 0
    outer loop
      vertex 0.4 -21.237674264578615 14.76481095764778
      vertex 0.4 -25 0
      vertex 0.4 -21.24691645319779 14.882244098453377
    endloop
  endfacet
  facet normal -1 0 0
    outer loop
      vertex 0.4 -21.24691645319779 14.882244098453377
      vertex 0.4 -25 0
      vertex 0.4 -21.25 15
    endloop
  endfacet
  facet normal -1 0 0
    outer loop
      vertex 0.4 -21.100555959618703 14.193672113523075
      vertex 0.4 -25 0
      vertex 0.4 -21.139877161664096 14.304711762656368
    endloop
  endfacet
  facet normal -1 0 0
    outer loop
      vertex 0.4 -21.139877161664096 14.304711762656368
      vertex 0.4 -25 0
      vertex 0.4 -21.173333109150406 14.417657148519329
    endloop
  endfacet
  facet normal -1 0 0
    outer loop
      vertex 0.4 -21.173333109150406 14.417657148519329
      vertex 0.4 -25 0
      vertex 0.4 -21.200832101651063 14.53219869566004
    endloop
  endfacet
  facet normal -1 0 0
    outer loop
      vertex 0.4 -15.83519839354405 0
      vertex 0.4 -25 0
      vertex 0.4 -21.100555959618703 14.193672113523075
    endloop
  endfacet
  facet normal 0 0 -1
    outer loop
      vertex 5.776457138359547 -24.89777747541666 0
      vertex 0.4 -15.83519839354405 0
      vertex 5.927050985395908 -24.853169545531273 0
    endloop
  endfacet
  facet normal 0 0 -1
    outer loop
      vertex 5.927050985395908 -24.853169545531273 0
      vertex 0.4 -15.83519839354405 0
      vertex 6.075103849172592 -24.800741277635098 0
    endloop
  endfacet
  facet normal 0 0 -1
    outer loop
      vertex 6.075103849172592 -24.800741277635098 0
      vertex 0.4 -15.83519839354405 0
      vertex 6.220209926366806 -24.740636371076107 0
    endloop
  endfacet
  facet normal 0 0 -1
    outer loop
      vertex 6.220209926366806 -24.740636371076107 0
      vertex 0.4 -15.83519839354405 0
      vertex 6.361971497535706 -24.67301957309246 0
    endloop
  endfacet
  facet normal 0 0 -1
    outer loop
      vertex 6.361971497535706 -24.67301957309246 0
      vertex 0.4 -15.83519839354405 0
      vertex 6.5 -24.598076209425926 0
    endloop
  endfacet
  facet normal 0 0 -1
    outer loop
      vertex 6.5 -24.598076209425926 0
      vertex 0.4 -15.83519839354405 0
      vertex 6.633917108178139 -24.516011707484722 0
    endloop
  endfacet
  facet normal 0 0 -1
    outer loop
      vertex 6.633917108178139 -24.516011707484722 0
      vertex 0.4 -15.83519839354405 0
      vertex 6.763355754315853 -24.42705098539591 0
    endloop
  endfacet
  facet normal 0 0 -1
    outer loop
      vertex 6.763355754315853 -24.42705098539591 0
      vertex 0.4 -15.83519839354405 0
      vertex 6.88796117156744 -24.33143788576126 0
    endloop
  endfacet
  facet normal 0 0 -1
    outer loop
      vertex 6.88796117156744 -24.33143788576126 0
      vertex 0.4 -15.83519839354405 0
      vertex 7.007391817867756 -24.229434475302696 0
    endloop
  endfacet
  facet normal 0 0 -1
    outer loop
      vertex 7.007391817867756 -24.229434475302696 0
      vertex 0.4 -15.83519839354405 0
      vertex 7.121320344507694 -24.121320344507694 0
    endloop
  endfacet
  facet normal 0 0 -1
    outer loop
      vertex 7.121320344507694 -24.121320344507694 0
      vertex 0.4 -15.83519839354405 0
      vertex 7.229434475302696 -24.007391817867756 0
    endloop
  endfacet
  facet normal 0 0 -1
    outer loop
      vertex 7.229434475302696 -24.007391817867756 0
      vertex 0.4 -15.83519839354405 0
      vertex 7.331437885761261 -23.88796117156744 0
    endloop
  endfacet
  facet normal 0 0 -1
    outer loop
      vertex 7.331437885761261 -23.88796117156744 0
      vertex 0.4 -15.83519839354405 0
      vertex 7.427050985395908 -23.763355754315853 0
    endloop
  endfacet
  facet normal 0 0 -1
    outer loop
      vertex 7.427050985395908 -23.763355754315853 0
      vertex 0.4 -15.83519839354405 0
      vertex 7.516011707484722 -23.63391710817814 0
    endloop
  endfacet
  facet normal 0 0 -1
    outer loop
      vertex 7.516011707484722 -23.63391710817814 0
      vertex 0.4 -15.83519839354405 0
      vertex 7.598076209425926 -23.5 0
    endloop
  endfacet
  facet normal 0 0 -1
    outer loop
      vertex 7.598076209425926 -23.5 0
      vertex 0.4 -15.83519839354405 0
      vertex 7.673019573092461 -23.361971497535706 0
    endloop
  endfacet
  facet normal 0 0 -1
    outer loop
      vertex 7.673019573092461 -23.361971497535706 0
      vertex 0.4 -15.83519839354405 0
      vertex 7.740636371076107 -23.220209926366806 0
    endloop
  endfacet
  facet normal 0 0 -1
    outer loop
      vertex 7.740636371076107 -23.220209926366806 0
      vertex 0.4 -15.83519839354405 0
      vertex 7.8007412776350975 -23.075103849172592 0
    endloop
  endfacet
  facet normal 0 0 -1
    outer loop
      vertex 7.8007412776350975 -23.075103849172592 0
      vertex 0.4 -15.83519839354405 0
      vertex 7.853169545531273 -22.92705098539591 0
    endloop
  endfacet
  facet normal 0 0 -1
    outer loop
      vertex 7.853169545531273 -22.92705098539591 0
      vertex 0.4 -15.83519839354405 0
      vertex 7.89777747541666 -22.776457138359547 0
    endloop
  endfacet
  facet normal 0 0 -1
    outer loop
      vertex 7.89777747541666 -22.776457138359547 0
      vertex 0.4 -15.83519839354405 0
      vertex 7.934442803263664 -22.623735070228577 0
    endloop
  endfacet
  facet normal 0 0 -1
    outer loop
      vertex 7.934442803263664 -22.623735070228577 0
      vertex 0.4 -15.83519839354405 0
      vertex 7.963065020740032 -22.469303391873837 0
    endloop
  endfacet
  facet normal 0 0 -1
    outer loop
      vertex 7.963065020740032 -22.469303391873837 0
      vertex 0.4 -15.83519839354405 0
      vertex 7.98356568813324 -22.31358539313078 0
    endloop
  endfacet
  facet normal 0 0 -1
    outer loop
      vertex 7.98356568813324 -22.31358539313078 0
      vertex 0.4 -15.83519839354405 0
      vertex 7.995888605713844 -22.15700786560774 0
    endloop
  endfacet
  facet normal 0 0 -1
    outer loop
      vertex 7.995888605713844 -22.15700786560774 0
      vertex 0.4 -15.83519839354405 0
      vertex 8 -22 0
    endloop
  endfacet
  facet normal -1 0 0
    outer loop
      vertex 0.4 -15.83519839354405 0
      vertex 0.4 -21.05547727969585 14.084842553079449
      vertex 0.4 -21.00476467942383 13.97852137558602
    endloop
  endfacet
  facet normal -1 0 0
    outer loop
      vertex 0.4 -15.83519839354405 0
      vertex 0.4 -21.00476467942383 13.97852137558602
      vertex 0.4 -20.948557158514987 13.875
    endloop
  endfacet
  facet normal -1 0 0
    outer loop
      vertex 0.4 -15.83519839354405 0
      vertex 0.4 -20.948557158514987 13.875
      vertex 0.4 -20.887008777877206 13.77456217121619
    endloop
  endfacet
  facet normal -1 0 0
    outer loop
      vertex 0.4 -15.83519839354405 0
      vertex 0.4 -20.887008777877206 13.77456217121619
      vertex 0.4 -20.820288237343632 13.677483182341936
    endloop
  endfacet
  facet normal -1 0 0
    outer loop
      vertex 0.4 -15.83519839354405 0
      vertex 0.4 -21.100555959618703 14.193672113523075
      vertex 0.4 -21.05547727969585 14.084842553079449
    endloop
  endfacet
  facet normal -1 0 0
    outer loop
      vertex 0.4 -15.83519839354405 0
      vertex 0.4 -20.748578413278185 13.584029120137865
      vertex 0.4 -20.67207585732414 13.49445613569257
    endloop
  endfacet
  facet normal -1 0 0
    outer loop
      vertex 0.4 -15.83519839354405 0
      vertex 0.4 -20.67207585732414 13.49445613569257
      vertex 0.4 -20.59099025766973 13.409009742330268
    endloop
  endfacet
  facet normal -1 0 0
    outer loop
      vertex 0.4 -15.83519839354405 0
      vertex 0.4 -20.59099025766973 13.409009742330268
      vertex 0.4 -20.50554386430743 13.327924142675863
    endloop
  endfacet
  facet normal -1 0 0
    outer loop
      vertex 0.4 -15.83519839354405 0
      vertex 0.4 -20.820288237343632 13.677483182341936
      vertex 0.4 -20.748578413278185 13.584029120137865
    endloop
  endfacet
  facet normal -1 0 0
    outer loop
      vertex 0.4 -15.83519839354405 0
      vertex 0.4 -20.50554386430743 13.327924142675863
      vertex 0.4 -20.415970879862133 13.251421586721815
    endloop
  endfacet
  facet normal -1 0 0
    outer loop
      vertex 0.4 -15.83519839354405 0
      vertex 0.4 -20.415970879862133 13.251421586721815
      vertex 0.4 -20.322516817658066 13.179711762656368
    endloop
  endfacet
  facet normal -1 0 0
    outer loop
      vertex 0.4 -15.83519839354405 0
      vertex 0.4 -20.322516817658066 13.179711762656368
      vertex 0.4 -20.22543782878381 13.112991222122796
    endloop
  endfacet
  facet normal 1 0 0
    outer loop
      vertex 8 -22 0
      vertex 8 -16 0
      vertex 8 -18.64802245365948 12.77770123366094
    endloop
  endfacet
  facet normal 1 0 0
    outer loop
      vertex 8 -22 0
      vertex 8 -21.22229876633906 14.64802245365948
      vertex 8 -21.237674264578615 14.76481095764778
    endloop
  endfacet
  facet normal 1 0 0
    outer loop
      vertex 8 -22 0
      vertex 8 -21.237674264578615 14.76481095764778
      vertex 8 -21.24691645319779 14.882244098453377
    endloop
  endfacet
  facet normal 1 0 0
    outer loop
      vertex 8 -22 0
      vertex 8 -21.24691645319779 14.882244098453377
      vertex 8 -21.25 15
    endloop
  endfacet
  facet normal 1 0 0
    outer loop
      vertex 8 -22 0
      vertex 8 -21.00476467942383 13.97852137558602
      vertex 8 -21.05547727969585 14.084842553079449
    endloop
  endfacet
  facet normal 1 0 0
    outer loop
      vertex 8 -22 0
      vertex 8 -20.948557158514987 13.875
      vertex 8 -21.00476467942383 13.97852137558602
    endloop
  endfacet
  facet normal 1 0 0
    outer loop
      vertex 8 -22 0
      vertex 8 -20.67207585732414 13.49445613569257
      vertex 8 -20.748578413278185 13.584029120137865
    endloop
  endfacet
  facet normal 1 0 0
    outer loop
      vertex 8 -22 0
      vertex 8 -20.887008777877206 13.77456217121619
      vertex 8 -20.948557158514987 13.875
    endloop
  endfacet
  facet normal 1 0 0
    outer loop
      vertex 8 -22 0
      vertex 8 -20.820288237343632 13.677483182341936
      vertex 8 -20.887008777877206 13.77456217121619
    endloop
  endfacet
  facet normal 1 0 0
    outer loop
      vertex 8 -22 0
      vertex 8 -20.748578413278185 13.584029120137865
      vertex 8 -20.820288237343632 13.677483182341936
    endloop
  endfacet
  facet normal 1 0 0
    outer loop
      vertex 8 -22 0
      vertex 8 -21.100555959618703 14.193672113523075
      vertex 8 -21.139877161664096 14.304711762656368
    endloop
  endfacet
  facet normal 1 0 0
    outer loop
      vertex 8 -22 0
      vertex 8 -21.139877161664096 14.304711762656368
      vertex 8 -21.173333109150406 14.417657148519329
    endloop
  endfacet
  facet normal 1 0 0
    outer loop
      vertex 8 -22 0
      vertex 8 -21.173333109150406 14.417657148519329
      vertex 8 -21.200832101651063 14.53219869566004
    endloop
  endfacet
  facet normal 1 0 0
    outer loop
      vertex 8 -22 0
      vertex 8 -21.05547727969585 14.084842553079449
      vertex 8 -21.100555959618703 14.193672113523075
    endloop
  endfacet
  facet normal 1 0 0
    outer loop
      vertex 8 -22 0
      vertex 8 -21.200832101651063 14.53219869566004
      vertex 8 -21.22229876633906 14.64802245365948
    endloop
  endfacet
  facet normal 1 0 0
    outer loop
      vertex 8 -22 0
      vertex 8 -20.125 13.051442841485013
      vertex 8 -20.22543782878381 13.112991222122796
    endloop
  endfacet
  facet normal 1 0 0
    outer loop
      vertex 8 -22 0
      vertex 8 -20.02147862441398 12.995235320576173
      vertex 8 -20.125 13.051442841485013
    endloop
  endfacet
  facet normal 1 0 0
    outer loop
      vertex 8 -22 0
      vertex 8 -19.91515744692055 12.944522720304148
      vertex 8 -20.02147862441398 12.995235320576173
    endloop
  endfacet
  facet normal 1 0 0
    outer loop
      vertex 8 -22 0
      vertex 8 -19.806327886476925 12.899444040381296
      vertex 8 -19.91515744692055 12.944522720304148
    endloop
  endfacet
  facet normal 1 0 0
    outer loop
      vertex 8 -22 0
      vertex 8 -19.695288237343632 12.860122838335904
      vertex 8 -19.806327886476925 12.899444040381296
    endloop
  endfacet
  facet normal 1 0 0
    outer loop
      vertex 8 -22 0
      vertex 8 -19.58234285148067 12.826666890849596
      vertex 8 -19.695288237343632 12.860122838335904
    endloop
  endfacet
  facet normal 1 0 0
    outer loop
      vertex 8 -22 0
      vertex 8 -19.467801304339957 12.799167898348937
      vertex 8 -19.58234285148067 12.826666890849596
    endloop
  endfacet
  facet normal 1 0 0
    outer loop
      vertex 8 -22 0
      vertex 8 -20.59099025766973 13.409009742330268
      vertex 8 -20.67207585732414 13.49445613569257
    endloop
  endfacet
  facet normal 1 0 0
    outer loop
      vertex 8 -22 0
      vertex 8 -20.50554386430743 13.327924142675863
      vertex 8 -20.59099025766973 13.409009742330268
    endloop
  endfacet
  facet normal 1 0 0
    outer loop
      vertex 8 -22 0
      vertex 8 -20.415970879862133 13.251421586721815
      vertex 8 -20.50554386430743 13.327924142675863
    endloop
  endfacet
  facet normal 1 0 0
    outer loop
      vertex 8 -22 0
      vertex 8 -20.322516817658066 13.179711762656368
      vertex 8 -20.415970879862133 13.251421586721815
    endloop
  endfacet
  facet normal 1 0 0
    outer loop
      vertex 8 -22 0
      vertex 8 -20.22543782878381 13.112991222122796
      vertex 8 -20.322516817658066 13.179711762656368
    endloop
  endfacet
  facet normal 1 0 0
    outer loop
      vertex 8 -22 0
      vertex 8 -19.35197754634052 12.77770123366094
      vertex 8 -19.467801304339957 12.799167898348937
    endloop
  endfacet
  facet normal 1 0 0
    outer loop
      vertex 8 -22 0
      vertex 8 -19.23518904235222 12.762325735421385
      vertex 8 -19.35197754634052 12.77770123366094
    endloop
  endfacet
  facet normal 1 0 0
    outer loop
      vertex 8 -22 0
      vertex 8 -19.117755901546623 12.753083546802209
      vertex 8 -19.23518904235222 12.762325735421385
    endloop
  endfacet
  facet normal 1 0 0
    outer loop
      vertex 8 -22 0
      vertex 8 -19 12.75
      vertex 8 -19.117755901546623 12.753083546802209
    endloop
  endfacet
  facet normal 1 0 0
    outer loop
      vertex 8 -22 0
      vertex 8 -18.882244098453377 12.753083546802209
      vertex 8 -19 12.75
    endloop
  endfacet
  facet normal 1 0 0
    outer loop
      vertex 8 -22 0
      vertex 8 -18.76481095764778 12.762325735421385
      vertex 8 -18.882244098453377 12.753083546802209
    endloop
  endfacet
  facet normal 1 0 0
    outer loop
      vertex 8 -22 0
      vertex 8 -18.64802245365948 12.77770123366094
      vertex 8 -18.76481095764778 12.762325735421385
    endloop
  endfacet
  facet normal -1 0 0
    outer loop
      vertex 0.4 -21.25 15
      vertex 0.4 -25 0
      vertex 0.4 -21.24691645319779 15.117755901546623
    endloop
  endfacet
  facet normal 0 -1 0
    outer loop
      vertex 5 -25 0
      vertex 5 -25 30
      vertex 0.4 -25 0
    endloop
  endfacet
  facet normal 0.026176939601381188 -0.9996573252035448 0
    outer loop
      vertex 5 -25 0
      vertex 5.1570078656077385 -24.995888605713844 0
      vertex 5 -25 30
    endloop
  endfacet
  facet normal 0.07845908885695775 -0.9969173342738785 0
    outer loop
      vertex 5.1570078656077385 -24.995888605713844 0
      vertex 5.313585393130779 -24.98356568813324 0
      vertex 5.1570078656077385 -24.995888605713844 30
    endloop
  endfacet
  facet normal 0.13052621687442656 -0.991444858128 0
    outer loop
      vertex 5.313585393130779 -24.98356568813324 0
      vertex 5.4693033918738365 -24.963065020740032 0
      vertex 5.313585393130779 -24.98356568813324 30
    endloop
  endfacet
  facet normal 0.18223551135255572 -0.9832549101845729 0
    outer loop
      vertex 5.4693033918738365 -24.963065020740032 0
      vertex 5.623735070228577 -24.934442803263664 0
      vertex 5.4693033918738365 -24.963065020740032 30
    endloop
  endfacet
  facet normal 0.23344538339648674 -0.9723699157063979 0
    outer loop
      vertex 5.623735070228577 -24.934442803263664 0
      vertex 5.776457138359547 -24.89777747541666 0
      vertex 5.623735070228577 -24.934442803263664 30
    endloop
  endfacet
  facet normal 0.28401534549389984 -0.9588197346341911 0
    outer loop
      vertex 5.776457138359547 -24.89777747541666 0
      vertex 5.927050985395908 -24.853169545531273 0
      vertex 5.776457138359547 -24.89777747541666 30
    endloop
  endfacet
  facet normal 0.3338068542353568 -0.9426414928622097 0
    outer loop
      vertex 5.927050985395908 -24.853169545531273 0
      vertex 6.075103849172592 -24.800741277635098 0
      vertex 5.927050985395908 -24.853169545531273 30
    endloop
  endfacet
  facet normal 0.38268343998639204 -0.92387952935444 0
    outer loop
      vertex 6.075103849172592 -24.800741277635098 0
      vertex 6.220209926366806 -24.740636371076107 0
      vertex 6.075103849172592 -24.800741277635098 30
    endloop
  endfacet
  facet normal 0.4305110815548853 -0.9025852916253637 0
    outer loop
      vertex 6.220209926366806 -24.740636371076107 0
      vertex 6.361971497535706 -24.67301957309246 0
      vertex 6.220209926366806 -24.740636371076107 30
    endloop
  endfacet
  facet normal -1 0 0
    outer loop
      vertex 0.4 -21.24691645319779 15.117755901546623
      vertex 0.4 -25 0
      vertex 0.4 -25 30
    endloop
  endfacet
  facet normal 0 0.9588197348681897 0.2840153447039341
    outer loop
      vertex 8 -21.139877161664096 14.304711762656368
      vertex 0.4 -21.139877161664096 14.304711762656368
      vertex 0.4 -21.173333109150406 14.417657148519329
    endloop
  endfacet
  facet normal 0 0.9426414910921735 0.33380685923378467
    outer loop
      vertex 8 -21.100555959618703 14.193672113523075
      vertex 0.4 -21.100555959618703 14.193672113523075
      vertex 0.4 -21.139877161664096 14.304711762656368
    endloop
  endfacet
  facet normal 0 0.9832549075639575 0.1822355254921324
    outer loop
      vertex 8 -21.200832101651063 14.53219869566004
      vertex 0.4 -21.200832101651063 14.53219869566004
      vertex 0.4 -21.22229876633906 14.64802245365948
    endloop
  endfacet
  facet normal 0 0.9914448613738086 0.13052619222006553
    outer loop
      vertex 8 -21.22229876633906 14.64802245365948
      vertex 0.4 -21.22229876633906 14.64802245365948
      vertex 0.4 -21.237674264578615 14.76481095764778
    endloop
  endfacet
  facet normal 0 0.9723699203976797 0.2334453638558927
    outer loop
      vertex 8 -21.173333109150406 14.417657148519329
      vertex 0.4 -21.173333109150406 14.417657148519329
      vertex 0.4 -21.200832101651063 14.53219869566004
    endloop
  endfacet
  facet normal 0 0.9969173337331282 0.0784590957278416
    outer loop
      vertex 8 -21.237674264578615 14.76481095764778
      vertex 0.4 -21.237674264578615 14.76481095764778
      vertex 0.4 -21.24691645319779 14.882244098453377
    endloop
  endfacet
  facet normal 0 0.9996573249755573 0.02617694830787525
    outer loop
      vertex 8 -21.24691645319779 14.882244098453377
      vertex 0.4 -21.24691645319779 14.882244098453377
      vertex 0.4 -21.25 15
    endloop
  endfacet
  facet normal 0 0.8241261886220103 0.5664062369248407
    outer loop
      vertex 8 -20.820288237343632 13.677483182341936
      vertex 0.4 -20.820288237343632 13.677483182341936
      vertex 0.4 -20.887008777877206 13.77456217121619
    endloop
  endfacet
  facet normal 0 0.7933533402912382 0.6087614290087167
    outer loop
      vertex 8 -20.748578413278185 13.584029120137865
      vertex 0.4 -20.748578413278185 13.584029120137865
      vertex 0.4 -20.820288237343632 13.677483182341936
    endloop
  endfacet
  facet normal 0 0.7253743710122805 0.6883545756937616
    outer loop
      vertex 8 -20.59099025766973 13.409009742330268
      vertex 0.4 -20.59099025766973 13.409009742330268
      vertex 0.4 -20.67207585732414 13.49445613569257
    endloop
  endfacet
  facet normal 0 0.6883545756937532 0.7253743710122885
    outer loop
      vertex 8 -20.50554386430743 13.327924142675863
      vertex 0.4 -20.50554386430743 13.327924142675863
      vertex 0.4 -20.59099025766973 13.409009742330268
    endloop
  endfacet
  facet normal 0 0.760405965600029 0.6494480483301859
    outer loop
      vertex 8 -20.67207585732414 13.49445613569257
      vertex 0.4 -20.67207585732414 13.49445613569257
      vertex 0.4 -20.748578413278185 13.584029120137865
    endloop
  endfacet
  facet normal 0 0.6494480483301872 0.7604059656000279
    outer loop
      vertex 8 -20.415970879862133 13.251421586721815
      vertex 0.4 -20.415970879862133 13.251421586721815
      vertex 0.4 -20.50554386430743 13.327924142675863
    endloop
  endfacet
  facet normal 0 0.6087614290087312 0.7933533402912271
    outer loop
      vertex 8 -20.322516817658066 13.179711762656368
      vertex 0.4 -20.322516817658066 13.179711762656368
      vertex 0.4 -20.415970879862133 13.251421586721815
    endloop
  endfacet
  facet normal 0 0.9025852843498696 0.4305110968082762
    outer loop
      vertex 8 -21.00476467942383 13.97852137558602
      vertex 0.4 -21.00476467942383 13.97852137558602
      vertex 0.4 -21.05547727969585 14.084842553079449
    endloop
  endfacet
  facet normal 0 0.8526401643540991 0.5224985647159378
    outer loop
      vertex 8 -20.887008777877206 13.77456217121619
      vertex 0.4 -20.887008777877206 13.77456217121619
      vertex 0.4 -20.948557158514987 13.875
    endloop
  endfacet
  facet normal 0 0.8788171126619613 0.4771587602596161
    outer loop
      vertex 8 -20.948557158514987 13.875
      vertex 0.4 -20.948557158514987 13.875
      vertex 0.4 -21.00476467942383 13.97852137558602
    endloop
  endfacet
  facet normal 0 0.9238795325112864 0.38268343236509056
    outer loop
      vertex 8 -21.05547727969585 14.084842553079449
      vertex 0.4 -21.05547727969585 14.084842553079449
      vertex 0.4 -21.100555959618703 14.193672113523075
    endloop
  endfacet
  facet normal 0 0.5224985647159488 0.8526401643540924
    outer loop
      vertex 8 -20.125 13.051442841485013
      vertex 0.4 -20.125 13.051442841485013
      vertex 0.4 -20.22543782878381 13.112991222122796
    endloop
  endfacet
  facet normal 0 0.4771587602596044 0.8788171126619676
    outer loop
      vertex 8 -20.02147862441398 12.995235320576173
      vertex 0.4 -20.02147862441398 12.995235320576173
      vertex 0.4 -20.125 13.051442841485013
    endloop
  endfacet
  facet normal 0 0.430511096808295 0.9025852843498606
    outer loop
      vertex 8 -19.91515744692055 12.944522720304148
      vertex 0.4 -19.91515744692055 12.944522720304148
      vertex 0.4 -20.02147862441398 12.995235320576173
    endloop
  endfacet
  facet normal 0 0.5664062369248234 0.8241261886220221
    outer loop
      vertex 8 -20.22543782878381 13.112991222122796
      vertex 0.4 -20.22543782878381 13.112991222122796
      vertex 0.4 -20.322516817658066 13.179711762656368
    endloop
  endfacet
  facet normal 0 0.3826834323650959 0.9238795325112842
    outer loop
      vertex 8 -19.806327886476925 12.899444040381296
      vertex 0.4 -19.806327886476925 12.899444040381296
      vertex 0.4 -19.91515744692055 12.944522720304148
    endloop
  endfacet
  facet normal 0 0.33380685923377124 0.9426414910921783
    outer loop
      vertex 8 -19.695288237343632 12.860122838335904
      vertex 0.4 -19.695288237343632 12.860122838335904
      vertex 0.4 -19.806327886476925 12.899444040381296
    endloop
  endfacet
  facet normal 0 0.28401534470392015 0.9588197348681938
    outer loop
      vertex 8 -19.58234285148067 12.826666890849596
      vertex 0.4 -19.58234285148067 12.826666890849596
      vertex 0.4 -19.695288237343632 12.860122838335904
    endloop
  endfacet
  facet normal 0 0.2334453638559035 0.972369920397677
    outer loop
      vertex 8 -19.467801304339957 12.799167898348937
      vertex 0.4 -19.467801304339957 12.799167898348937
      vertex 0.4 -19.58234285148067 12.826666890849596
    endloop
  endfacet
  facet normal 0 0.18223552549215236 0.9832549075639536
    outer loop
      vertex 8 -19.35197754634052 12.77770123366094
      vertex 0.4 -19.35197754634052 12.77770123366094
      vertex 0.4 -19.467801304339957 12.799167898348937
    endloop
  endfacet
  facet normal 0 0.1305261922200507 0.9914448613738105
    outer loop
      vertex 8 -19.23518904235222 12.762325735421385
      vertex 0.4 -19.23518904235222 12.762325735421385
      vertex 0.4 -19.35197754634052 12.77770123366094
    endloop
  endfacet
  facet normal 0 0.07845909572784042 0.9969173337331284
    outer loop
      vertex 8 -19.117755901546623 12.753083546802209
      vertex 0.4 -19.117755901546623 12.753083546802209
      vertex 0.4 -19.23518904235222 12.762325735421385
    endloop
  endfacet
  facet normal 0 0.02617694830787525 0.9996573249755573
    outer loop
      vertex 8 -19 12.75
      vertex 0.4 -19 12.75
      vertex 0.4 -19.117755901546623 12.753083546802209
    endloop
  endfacet
  facet normal 0 -0.02617694830787525 0.9996573249755573
    outer loop
      vertex 8 -18.882244098453377 12.753083546802209
      vertex 0.4 -18.882244098453377 12.753083546802209
      vertex 0.4 -19 12.75
    endloop
  endfacet
  facet normal 0 -0.07845909572784042 0.9969173337331284
    outer loop
      vertex 8 -18.76481095764778 12.762325735421385
      vertex 0.4 -18.76481095764778 12.762325735421385
      vertex 0.4 -18.882244098453377 12.753083546802209
    endloop
  endfacet
  facet normal -4.50721692523357e-19 0.9426414910921735 0.33380685923378467
    outer loop
      vertex 8 -21.100555959618703 14.193672113523075
      vertex 0.4 -21.139877161664096 14.304711762656368
      vertex 8 -21.139877161664096 14.304711762656368
    endloop
  endfacet
  facet normal 0 0.9723699203976797 0.2334453638558927
    outer loop
      vertex 8 -21.200832101651063 14.53219869566004
      vertex 8 -21.173333109150406 14.417657148519329
      vertex 0.4 -21.200832101651063 14.53219869566004
    endloop
  endfacet
  facet normal -4.011785267279111e-20 0.9832549075639575 0.1822355254921324
    outer loop
      vertex 8 -21.200832101651063 14.53219869566004
      vertex 0.4 -21.22229876633906 14.64802245365948
      vertex 8 -21.22229876633906 14.64802245365948
    endloop
  endfacet
  facet normal 6.219881366035082e-20 0.9588197348681897 0.2840153447039341
    outer loop
      vertex 8 -21.139877161664096 14.304711762656368
      vertex 0.4 -21.173333109150406 14.417657148519329
      vertex 8 -21.173333109150406 14.417657148519329
    endloop
  endfacet
  facet normal 1.762382562724886e-20 0.9969173337331282 0.0784590957278416
    outer loop
      vertex 8 -21.237674264578615 14.76481095764778
      vertex 0.4 -21.24691645319779 14.882244098453377
      vertex 8 -21.24691645319779 14.882244098453377
    endloop
  endfacet
  facet normal 4.2427013461150393e-20 0.9914448613738086 0.13052619222006553
    outer loop
      vertex 8 -21.22229876633906 14.64802245365948
      vertex 0.4 -21.237674264578615 14.76481095764778
      vertex 8 -21.237674264578615 14.76481095764778
    endloop
  endfacet
  facet normal 2.8879549025599e-20 0.9996573249755573 0.02617694830787525
    outer loop
      vertex 8 -21.24691645319779 14.882244098453377
      vertex 0.4 -21.25 15
      vertex 8 -21.25 15
    endloop
  endfacet
  facet normal -2.3981347663282734e-20 0.8241261886220103 0.5664062369248407
    outer loop
      vertex 8 -20.820288237343632 13.677483182341936
      vertex 0.4 -20.887008777877206 13.77456217121619
      vertex 8 -20.887008777877206 13.77456217121619
    endloop
  endfacet
  facet normal 0 0.760405965600029 0.6494480483301859
    outer loop
      vertex 8 -20.748578413278185 13.584029120137865
      vertex 8 -20.67207585732414 13.49445613569257
      vertex 0.4 -20.748578413278185 13.584029120137865
    endloop
  endfacet
  facet normal 0 0.7933533402912382 0.6087614290087167
    outer loop
      vertex 8 -20.820288237343632 13.677483182341936
      vertex 8 -20.748578413278185 13.584029120137865
      vertex 0.4 -20.820288237343632 13.677483182341936
    endloop
  endfacet
  facet normal 0 0.6883545756937532 0.7253743710122885
    outer loop
      vertex 8 -20.59099025766973 13.409009742330268
      vertex 8 -20.50554386430743 13.327924142675863
      vertex 0.4 -20.59099025766973 13.409009742330268
    endloop
  endfacet
  facet normal -3.2179909720150586e-19 0.7253743710122805 0.6883545756937616
    outer loop
      vertex 8 -20.59099025766973 13.409009742330268
      vertex 0.4 -20.67207585732414 13.49445613569257
      vertex 8 -20.67207585732414 13.49445613569257
    endloop
  endfacet
  facet normal 3.9277423330408206e-19 0.6494480483301872 0.7604059656000279
    outer loop
      vertex 8 -20.415970879862133 13.251421586721815
      vertex 0.4 -20.50554386430743 13.327924142675863
      vertex 8 -20.50554386430743 13.327924142675863
    endloop
  endfacet
  facet normal 0 0.6087614290087312 0.7933533402912271
    outer loop
      vertex 8 -20.415970879862133 13.251421586721815
      vertex 8 -20.322516817658066 13.179711762656368
      vertex 0.4 -20.415970879862133 13.251421586721815
    endloop
  endfacet
  facet normal -3.2711819010772937e-19 0.9025852843498696 0.4305110968082762
    outer loop
      vertex 8 -21.00476467942383 13.97852137558602
      vertex 0.4 -21.05547727969585 14.084842553079449
      vertex 8 -21.05547727969585 14.084842553079449
    endloop
  endfacet
  facet normal 0 0.8526401643540991 0.5224985647159378
    outer loop
      vertex 8 -20.948557158514987 13.875
      vertex 8 -20.887008777877206 13.77456217121619
      vertex 0.4 -20.948557158514987 13.875
    endloop
  endfacet
  facet normal 0 0.8788171126619613 0.4771587602596161
    outer loop
      vertex 8 -21.00476467942383 13.97852137558602
      vertex 8 -20.948557158514987 13.875
      vertex 0.4 -21.00476467942383 13.97852137558602
    endloop
  endfacet
  facet normal 0 0.9238795325112864 0.38268343236509056
    outer loop
      vertex 8 -21.100555959618703 14.193672113523075
      vertex 8 -21.05547727969585 14.084842553079449
      vertex 0.4 -21.100555959618703 14.193672113523075
    endloop
  endfacet
  facet normal 0 0.5224985647159488 0.8526401643540924
    outer loop
      vertex 8 -20.22543782878381 13.112991222122796
      vertex 8 -20.125 13.051442841485013
      vertex 0.4 -20.22543782878381 13.112991222122796
    endloop
  endfacet
  facet normal 0 0.4771587602596044 0.8788171126619676
    outer loop
      vertex 8 -20.125 13.051442841485013
      vertex 8 -20.02147862441398 12.995235320576173
      vertex 0.4 -20.125 13.051442841485013
    endloop
  endfacet
  facet normal 0 0.430511096808295 0.9025852843498606
    outer loop
      vertex 8 -20.02147862441398 12.995235320576173
      vertex 8 -19.91515744692055 12.944522720304148
      vertex 0.4 -20.02147862441398 12.995235320576173
    endloop
  endfacet
  facet normal 0 0.5664062369248234 0.8241261886220221
    outer loop
      vertex 8 -20.322516817658066 13.179711762656368
      vertex 8 -20.22543782878381 13.112991222122796
      vertex 0.4 -20.322516817658066 13.179711762656368
    endloop
  endfacet
  facet normal 0 0.3826834323650959 0.9238795325112842
    outer loop
      vertex 8 -19.91515744692055 12.944522720304148
      vertex 8 -19.806327886476925 12.899444040381296
      vertex 0.4 -19.91515744692055 12.944522720304148
    endloop
  endfacet
  facet normal 0 0.33380685923377124 0.9426414910921783
    outer loop
      vertex 8 -19.806327886476925 12.899444040381296
      vertex 8 -19.695288237343632 12.860122838335904
      vertex 0.4 -19.806327886476925 12.899444040381296
    endloop
  endfacet
  facet normal 0 0.28401534470392015 0.9588197348681938
    outer loop
      vertex 8 -19.695288237343632 12.860122838335904
      vertex 8 -19.58234285148067 12.826666890849596
      vertex 0.4 -19.695288237343632 12.860122838335904
    endloop
  endfacet
  facet normal 0 0.2334453638559035 0.972369920397677
    outer loop
      vertex 8 -19.58234285148067 12.826666890849596
      vertex 8 -19.467801304339957 12.799167898348937
      vertex 0.4 -19.58234285148067 12.826666890849596
    endloop
  endfacet
  facet normal 0 0.18223552549215236 0.9832549075639536
    outer loop
      vertex 8 -19.467801304339957 12.799167898348937
      vertex 8 -19.35197754634052 12.77770123366094
      vertex 0.4 -19.467801304339957 12.799167898348937
    endloop
  endfacet
  facet normal 0 0.1305261922200507 0.9914448613738105
    outer loop
      vertex 8 -19.35197754634052 12.77770123366094
      vertex 8 -19.23518904235222 12.762325735421385
      vertex 0.4 -19.35197754634052 12.77770123366094
    endloop
  endfacet
  facet normal 0 0.07845909572784042 0.9969173337331284
    outer loop
      vertex 8 -19.23518904235222 12.762325735421385
      vertex 8 -19.117755901546623 12.753083546802209
      vertex 0.4 -19.23518904235222 12.762325735421385
    endloop
  endfacet
  facet normal 0 0.02617694830787525 0.9996573249755573
    outer loop
      vertex 8 -19.117755901546623 12.753083546802209
      vertex 8 -19 12.75
      vertex 0.4 -19.117755901546623 12.753083546802209
    endloop
  endfacet
  facet normal 0 -0.02617694830787525 0.9996573249755573
    outer loop
      vertex 8 -19 12.75
      vertex 8 -18.882244098453377 12.753083546802209
      vertex 0.4 -19 12.75
    endloop
  endfacet
  facet normal 0 -0.07845909572784042 0.9969173337331284
    outer loop
      vertex 8 -18.882244098453377 12.753083546802209
      vertex 8 -18.76481095764778 12.762325735421385
      vertex 0.4 -18.882244098453377 12.753083546802209
    endloop
  endfacet
  facet normal 0 0.9996573249755573 -0.02617694830787525
    outer loop
      vertex 8 -21.25 15
      vertex 0.4 -21.25 15
      vertex 0.4 -21.24691645319779 15.117755901546623
    endloop
  endfacet
  facet normal 0 0.9969173337331282 -0.0784590957278416
    outer loop
      vertex 8 -21.24691645319779 15.117755901546623
      vertex 0.4 -21.24691645319779 15.117755901546623
      vertex 0.4 -21.237674264578615 15.23518904235222
    endloop
  endfacet
  facet normal 0 0.9914448613738086 -0.13052619222006553
    outer loop
      vertex 8 -21.237674264578615 15.23518904235222
      vertex 0.4 -21.237674264578615 15.23518904235222
      vertex 0.4 -21.22229876633906 15.35197754634052
    endloop
  endfacet
  facet normal 0 0.9832549075639575 -0.1822355254921324
    outer loop
      vertex 8 -21.22229876633906 15.35197754634052
      vertex 0.4 -21.22229876633906 15.35197754634052
      vertex 0.4 -21.200832101651063 15.46780130433996
    endloop
  endfacet
  facet normal 0 0.9723699203976797 -0.2334453638558927
    outer loop
      vertex 8 -21.200832101651063 15.46780130433996
      vertex 0.4 -21.200832101651063 15.46780130433996
      vertex 0.4 -21.173333109150406 15.582342851480671
    endloop
  endfacet
  facet normal 0 0.9588197348681897 -0.2840153447039341
    outer loop
      vertex 8 -21.173333109150406 15.582342851480671
      vertex 0.4 -21.173333109150406 15.582342851480671
      vertex 0.4 -21.139877161664096 15.695288237343632
    endloop
  endfacet
  facet normal 0 0.9426414910921735 -0.33380685923378467
    outer loop
      vertex 8 -21.139877161664096 15.695288237343632
      vertex 0.4 -21.139877161664096 15.695288237343632
      vertex 0.4 -21.100555959618703 15.806327886476925
    endloop
  endfacet
  facet normal 0 0.9238795325112864 -0.38268343236509056
    outer loop
      vertex 8 -21.100555959618703 15.806327886476925
      vertex 0.4 -21.100555959618703 15.806327886476925
      vertex 0.4 -21.05547727969585 15.915157446920551
    endloop
  endfacet
  facet normal 0 0.9025852843498696 -0.4305110968082762
    outer loop
      vertex 8 -21.05547727969585 15.915157446920551
      vertex 0.4 -21.05547727969585 15.915157446920551
      vertex 0.4 -21.00476467942383 16.02147862441398
    endloop
  endfacet
  facet normal 0 0.8788171126619613 -0.4771587602596161
    outer loop
      vertex 8 -21.00476467942383 16.02147862441398
      vertex 0.4 -21.00476467942383 16.02147862441398
      vertex 0.4 -20.948557158514987 16.125
    endloop
  endfacet
  facet normal 0 0.8526401643540991 -0.5224985647159378
    outer loop
      vertex 8 -20.948557158514987 16.125
      vertex 0.4 -20.948557158514987 16.125
      vertex 0.4 -20.887008777877206 16.22543782878381
    endloop
  endfacet
  facet normal 0 0.824126188622015 -0.5664062369248336
    outer loop
      vertex 8 -20.887008777877206 16.22543782878381
      vertex 0.4 -20.887008777877206 16.22543782878381
      vertex 0.4 -20.820288237343632 16.322516817658066
    endloop
  endfacet
  facet normal 0 0.7933533402912271 -0.6087614290087312
    outer loop
      vertex 8 -20.820288237343632 16.322516817658066
      vertex 0.4 -20.820288237343632 16.322516817658066
      vertex 0.4 -20.748578413278185 16.415970879862133
    endloop
  endfacet
  facet normal 0 0.7604059656000354 -0.6494480483301784
    outer loop
      vertex 8 -20.748578413278185 16.415970879862133
      vertex 0.4 -20.748578413278185 16.415970879862133
      vertex 0.4 -20.67207585732414 16.50554386430743
    endloop
  endfacet
  facet normal 0 0.7253743710122733 -0.6883545756937691
    outer loop
      vertex 8 -20.67207585732414 16.50554386430743
      vertex 0.4 -20.67207585732414 16.50554386430743
      vertex 0.4 -20.59099025766973 16.59099025766973
    endloop
  endfacet
  facet normal 0 0.6883545756937691 -0.7253743710122733
    outer loop
      vertex 8 -20.59099025766973 16.59099025766973
      vertex 0.4 -20.59099025766973 16.59099025766973
      vertex 0.4 -20.50554386430743 16.67207585732414
    endloop
  endfacet
  facet normal 0 0.6494480483301784 -0.7604059656000354
    outer loop
      vertex 8 -20.50554386430743 16.67207585732414
      vertex 0.4 -20.50554386430743 16.67207585732414
      vertex 0.4 -20.415970879862133 16.748578413278185
    endloop
  endfacet
  facet normal 0 0.6087614290087312 -0.7933533402912271
    outer loop
      vertex 8 -20.415970879862133 16.748578413278185
      vertex 0.4 -20.415970879862133 16.748578413278185
      vertex 0.4 -20.322516817658066 16.820288237343632
    endloop
  endfacet
  facet normal 0 0.5664062369248336 -0.824126188622015
    outer loop
      vertex 8 -20.322516817658066 16.820288237343632
      vertex 0.4 -20.322516817658066 16.820288237343632
      vertex 0.4 -20.22543782878381 16.887008777877206
    endloop
  endfacet
  facet normal 0 0.5224985647159378 -0.8526401643540991
    outer loop
      vertex 8 -20.22543782878381 16.887008777877206
      vertex 0.4 -20.22543782878381 16.887008777877206
      vertex 0.4 -20.125 16.948557158514987
    endloop
  endfacet
  facet normal 0 0.4771587602596161 -0.8788171126619613
    outer loop
      vertex 8 -20.125 16.948557158514987
      vertex 0.4 -20.125 16.948557158514987
      vertex 0.4 -20.02147862441398 17.00476467942383
    endloop
  endfacet
  facet normal 0 0.43051109680827043 -0.9025852843498724
    outer loop
      vertex 8 -20.02147862441398 17.00476467942383
      vertex 0.4 -20.02147862441398 17.00476467942383
      vertex 0.4 -19.91515744692055 17.05547727969585
    endloop
  endfacet
  facet normal 0 0.3826834323650959 -0.9238795325112842
    outer loop
      vertex 8 -19.91515744692055 17.05547727969585
      vertex 0.4 -19.91515744692055 17.05547727969585
      vertex 0.4 -19.806327886476925 17.100555959618703
    endloop
  endfacet
  facet normal 0 0.33380685923378467 -0.9426414910921735
    outer loop
      vertex 8 -19.806327886476925 17.100555959618703
      vertex 0.4 -19.806327886476925 17.100555959618703
      vertex 0.4 -19.695288237343632 17.139877161664096
    endloop
  endfacet
  facet normal 0 0.2840153447039341 -0.9588197348681897
    outer loop
      vertex 8 -19.695288237343632 17.139877161664096
      vertex 0.4 -19.695288237343632 17.139877161664096
      vertex 0.4 -19.58234285148067 17.173333109150406
    endloop
  endfacet
  facet normal 0 0.23344536385588927 -0.9723699203976804
    outer loop
      vertex 8 -19.58234285148067 17.173333109150406
      vertex 0.4 -19.58234285148067 17.173333109150406
      vertex 0.4 -19.467801304339957 17.200832101651063
    endloop
  endfacet
  facet normal 0 0.18223552549213778 -0.9832549075639564
    outer loop
      vertex 8 -19.467801304339957 17.200832101651063
      vertex 0.4 -19.467801304339957 17.200832101651063
      vertex 0.4 -19.35197754634052 17.22229876633906
    endloop
  endfacet
  facet normal 0 0.13052619222006553 -0.9914448613738086
    outer loop
      vertex 8 -19.35197754634052 17.22229876633906
      vertex 0.4 -19.35197754634052 17.22229876633906
      vertex 0.4 -19.23518904235222 17.237674264578615
    endloop
  endfacet
  facet normal 0 0.07845909572784042 -0.9969173337331284
    outer loop
      vertex 8 -19.23518904235222 17.237674264578615
      vertex 0.4 -19.23518904235222 17.237674264578615
      vertex 0.4 -19.117755901546623 17.24691645319779
    endloop
  endfacet
  facet normal 0 0.02617694830787525 -0.9996573249755573
    outer loop
      vertex 8 -19.117755901546623 17.24691645319779
      vertex 0.4 -19.117755901546623 17.24691645319779
      vertex 0.4 -19 17.25
    endloop
  endfacet
  facet normal 0 -0.02617694830787525 -0.9996573249755573
    outer loop
      vertex 8 -19 17.25
      vertex 0.4 -19 17.25
      vertex 0.4 -18.882244098453377 17.24691645319779
    endloop
  endfacet
  facet normal 0 -0.07845909572784042 -0.9969173337331284
    outer loop
      vertex 8 -18.882244098453377 17.24691645319779
      vertex 0.4 -18.882244098453377 17.24691645319779
      vertex 0.4 -18.76481095764778 17.237674264578615
    endloop
  endfacet
  facet normal -2.8879549025599e-20 0.9996573249755573 -0.02617694830787525
    outer loop
      vertex 8 -21.25 15
      vertex 0.4 -21.24691645319779 15.117755901546623
      vertex 8 -21.24691645319779 15.117755901546623
    endloop
  endfacet
  facet normal -1.762382562724886e-20 0.9969173337331282 -0.0784590957278416
    outer loop
      vertex 8 -21.24691645319779 15.117755901546623
      vertex 0.4 -21.237674264578615 15.23518904235222
      vertex 8 -21.237674264578615 15.23518904235222
    endloop
  endfacet
  facet normal -4.2427013461150393e-20 0.9914448613738086 -0.13052619222006553
    outer loop
      vertex 8 -21.237674264578615 15.23518904235222
      vertex 0.4 -21.22229876633906 15.35197754634052
      vertex 8 -21.22229876633906 15.35197754634052
    endloop
  endfacet
  facet normal 4.011785267279111e-20 0.9832549075639575 -0.1822355254921324
    outer loop
      vertex 8 -21.22229876633906 15.35197754634052
      vertex 0.4 -21.200832101651063 15.46780130433996
      vertex 8 -21.200832101651063 15.46780130433996
    endloop
  endfacet
  facet normal 2.057820999914029e-19 0.9723699203976797 -0.2334453638558927
    outer loop
      vertex 8 -21.200832101651063 15.46780130433996
      vertex 0.4 -21.173333109150406 15.582342851480671
      vertex 8 -21.173333109150406 15.582342851480671
    endloop
  endfacet
  facet normal -6.219881366035082e-20 0.9588197348681897 -0.2840153447039341
    outer loop
      vertex 8 -21.173333109150406 15.582342851480671
      vertex 0.4 -21.139877161664096 15.695288237343632
      vertex 8 -21.139877161664096 15.695288237343632
    endloop
  endfacet
  facet normal 4.50721692523357e-19 0.9426414910921735 -0.33380685923378467
    outer loop
      vertex 8 -21.139877161664096 15.695288237343632
      vertex 0.4 -21.100555959618703 15.806327886476925
      vertex 8 -21.100555959618703 15.806327886476925
    endloop
  endfacet
  facet normal -9.040203900880359e-20 0.9238795325112864 -0.38268343236509056
    outer loop
      vertex 8 -21.100555959618703 15.806327886476925
      vertex 0.4 -21.05547727969585 15.915157446920551
      vertex 8 -21.05547727969585 15.915157446920551
    endloop
  endfacet
  facet normal 3.2711819010772937e-19 0.9025852843498696 -0.4305110968082762
    outer loop
      vertex 8 -21.05547727969585 15.915157446920551
      vertex 0.4 -21.00476467942383 16.02147862441398
      vertex 8 -21.00476467942383 16.02147862441398
    endloop
  endfacet
  facet normal 3.0543058136285643e-19 0.8788171126619613 -0.4771587602596161
    outer loop
      vertex 8 -21.00476467942383 16.02147862441398
      vertex 0.4 -20.948557158514987 16.125
      vertex 8 -20.948557158514987 16.125
    endloop
  endfacet
  facet normal 2.283889288458602e-19 0.8526401643540991 -0.5224985647159378
    outer loop
      vertex 8 -20.948557158514987 16.125
      vertex 0.4 -20.887008777877206 16.22543782878381
      vertex 8 -20.887008777877206 16.22543782878381
    endloop
  endfacet
  facet normal -3.21250750245487e-19 0.824126188622015 -0.5664062369248336
    outer loop
      vertex 8 -20.887008777877206 16.22543782878381
      vertex 0.4 -20.820288237343632 16.322516817658066
      vertex 8 -20.820288237343632 16.322516817658066
    endloop
  endfacet
  facet normal 1.6222152618456276e-19 0.7933533402912271 -0.6087614290087312
    outer loop
      vertex 8 -20.820288237343632 16.322516817658066
      vertex 0.4 -20.748578413278185 16.415970879862133
      vertex 8 -20.748578413278185 16.415970879862133
    endloop
  endfacet
  facet normal 1.4447834207101083e-19 0.7604059656000354 -0.6494480483301784
    outer loop
      vertex 8 -20.748578413278185 16.415970879862133
      vertex 0.4 -20.67207585732414 16.50554386430743
      vertex 8 -20.67207585732414 16.50554386430743
    endloop
  endfacet
  facet normal 2.604632504606131e-19 0.7253743710122733 -0.6883545756937691
    outer loop
      vertex 8 -20.67207585732414 16.50554386430743
      vertex 0.4 -20.59099025766973 16.59099025766973
      vertex 8 -20.59099025766973 16.59099025766973
    endloop
  endfacet
  facet normal 2.604632504606131e-19 0.6883545756937691 -0.7253743710122733
    outer loop
      vertex 8 -20.59099025766973 16.59099025766973
      vertex 0.4 -20.50554386430743 16.67207585732414
      vertex 8 -20.50554386430743 16.67207585732414
    endloop
  endfacet
  facet normal 1.4447834207101083e-19 0.6494480483301784 -0.7604059656000354
    outer loop
      vertex 8 -20.50554386430743 16.67207585732414
      vertex 0.4 -20.415970879862133 16.748578413278185
      vertex 8 -20.415970879862133 16.748578413278185
    endloop
  endfacet
  facet normal 1.6222152618456276e-19 0.6087614290087312 -0.7933533402912271
    outer loop
      vertex 8 -20.415970879862133 16.748578413278185
      vertex 0.4 -20.322516817658066 16.820288237343632
      vertex 8 -20.322516817658066 16.820288237343632
    endloop
  endfacet
  facet normal -3.21250750245487e-19 0.5664062369248336 -0.824126188622015
    outer loop
      vertex 8 -20.322516817658066 16.820288237343632
      vertex 0.4 -20.22543782878381 16.887008777877206
      vertex 8 -20.22543782878381 16.887008777877206
    endloop
  endfacet
  facet normal 2.283889288458602e-19 0.5224985647159378 -0.8526401643540991
    outer loop
      vertex 8 -20.22543782878381 16.887008777877206
      vertex 0.4 -20.125 16.948557158514987
      vertex 8 -20.125 16.948557158514987
    endloop
  endfacet
  facet normal 3.0543058136285643e-19 0.4771587602596161 -0.8788171126619613
    outer loop
      vertex 8 -20.125 16.948557158514987
      vertex 0.4 -20.02147862441398 17.00476467942383
      vertex 8 -20.02147862441398 17.00476467942383
    endloop
  endfacet
  facet normal 1.9090351097007275e-19 0.43051109680827043 -0.9025852843498724
    outer loop
      vertex 8 -20.02147862441398 17.00476467942383
      vertex 0.4 -19.91515744692055 17.05547727969585
      vertex 8 -19.91515744692055 17.05547727969585
    endloop
  endfacet
  facet normal -4.015341131252602e-19 0.3826834323650959 -0.9238795325112842
    outer loop
      vertex 8 -19.91515744692055 17.05547727969585
      vertex 0.4 -19.806327886476925 17.100555959618703
      vertex 8 -19.806327886476925 17.100555959618703
    endloop
  endfacet
  facet normal 4.50721692523357e-19 0.33380685923378467 -0.9426414910921735
    outer loop
      vertex 8 -19.806327886476925 17.100555959618703
      vertex 0.4 -19.695288237343632 17.139877161664096
      vertex 8 -19.695288237343632 17.139877161664096
    endloop
  endfacet
  facet normal -6.219881366035082e-20 0.2840153447039341 -0.9588197348681897
    outer loop
      vertex 8 -19.695288237343632 17.139877161664096
      vertex 0.4 -19.58234285148067 17.173333109150406
      vertex 8 -19.58234285148067 17.173333109150406
    endloop
  endfacet
  facet normal 2.939058556261819e-20 0.23344536385588927 -0.9723699203976804
    outer loop
      vertex 8 -19.58234285148067 17.173333109150406
      vertex 0.4 -19.467801304339957 17.200832101651063
      vertex 8 -19.467801304339957 17.200832101651063
    endloop
  endfacet
  facet normal 1.1039939749891164e-19 0.18223552549213778 -0.9832549075639564
    outer loop
      vertex 8 -19.467801304339957 17.200832101651063
      vertex 0.4 -19.35197754634052 17.22229876633906
      vertex 8 -19.35197754634052 17.22229876633906
    endloop
  endfacet
  facet normal -4.2427013461150393e-20 0.13052619222006553 -0.9914448613738086
    outer loop
      vertex 8 -19.35197754634052 17.22229876633906
      vertex 0.4 -19.23518904235222 17.237674264578615
      vertex 8 -19.23518904235222 17.237674264578615
    endloop
  endfacet
  facet normal -8.737857930587647e-20 0.07845909572784042 -0.9969173337331284
    outer loop
      vertex 8 -19.23518904235222 17.237674264578615
      vertex 0.4 -19.117755901546623 17.24691645319779
      vertex 8 -19.117755901546623 17.24691645319779
    endloop
  endfacet
  facet normal -2.8879549025599e-20 0.02617694830787525 -0.9996573249755573
    outer loop
      vertex 8 -19.117755901546623 17.24691645319779
      vertex 0.4 -19 17.25
      vertex 8 -19 17.25
    endloop
  endfacet
  facet normal 2.8879549025599e-20 -0.02617694830787525 -0.9996573249755573
    outer loop
      vertex 8 -19 17.25
      vertex 0.4 -18.882244098453377 17.24691645319779
      vertex 8 -18.882244098453377 17.24691645319779
    endloop
  endfacet
  facet normal 8.737857930587647e-20 -0.07845909572784042 -0.9969173337331284
    outer loop
      vertex 8 -18.882244098453377 17.24691645319779
      vertex 0.4 -18.76481095764778 17.237674264578615
      vertex 8 -18.76481095764778 17.237674264578615
    endloop
  endfacet
  facet normal 0.4771587678371079 -0.8788171085477189 0
    outer loop
      vertex 6.361971497535706 -24.67301957309246 0
      vertex 6.5 -24.598076209425926 0
      vertex 6.361971497535706 -24.67301957309246 30
    endloop
  endfacet
  facet normal 0.5224985300200504 -0.8526401856157652 0
    outer loop
      vertex 6.5 -24.598076209425926 0
      vertex 6.633917108178139 -24.516011707484722 0
      vertex 6.5 -24.598076209425926 30
    endloop
  endfacet
  facet normal 0.5664062598055991 -0.8241261728965004 0
    outer loop
      vertex 6.633917108178139 -24.516011707484722 0
      vertex 6.763355754315853 -24.42705098539591 0
      vertex 6.633917108178139 -24.516011707484722 30
    endloop
  endfacet
  facet normal 0.608761429526179 -0.7933533398941754 0
    outer loop
      vertex 6.763355754315853 -24.42705098539591 0
      vertex 6.88796117156744 -24.33143788576126 0
      vertex 6.763355754315853 -24.42705098539591 30
    endloop
  endfacet
  facet normal 0.6494480564332595 -0.7604059586793502 0
    outer loop
      vertex 6.88796117156744 -24.33143788576126 0
      vertex 7.007391817867756 -24.229434475302696 0
      vertex 6.88796117156744 -24.33143788576126 30
    endloop
  endfacet
  facet normal 0.6883545618769452 -0.7253743841239492 0
    outer loop
      vertex 7.007391817867756 -24.229434475302696 0
      vertex 7.121320344507694 -24.121320344507694 0
      vertex 7.007391817867756 -24.229434475302696 30
    endloop
  endfacet
  facet normal 0.7253743841239492 -0.6883545618769452 0
    outer loop
      vertex 7.121320344507694 -24.121320344507694 0
      vertex 7.229434475302696 -24.007391817867756 0
      vertex 7.121320344507694 -24.121320344507694 30
    endloop
  endfacet
  facet normal 0.7604059586793502 -0.6494480564332595 0
    outer loop
      vertex 7.229434475302696 -24.007391817867756 0
      vertex 7.331437885761261 -23.88796117156744 0
      vertex 7.229434475302696 -24.007391817867756 30
    endloop
  endfacet
  facet normal 0.7933533398941754 -0.608761429526179 0
    outer loop
      vertex 7.331437885761261 -23.88796117156744 0
      vertex 7.427050985395908 -23.763355754315853 0
      vertex 7.331437885761261 -23.88796117156744 30
    endloop
  endfacet
  facet normal 0.8241261728965004 -0.5664062598055991 0
    outer loop
      vertex 7.427050985395908 -23.763355754315853 0
      vertex 7.516011707484722 -23.63391710817814 0
      vertex 7.427050985395908 -23.763355754315853 30
    endloop
  endfacet
  facet normal 0.8526401856157652 -0.5224985300200504 0
    outer loop
      vertex 7.516011707484722 -23.63391710817814 0
      vertex 7.598076209425926 -23.5 0
      vertex 7.516011707484722 -23.63391710817814 30
    endloop
  endfacet
  facet normal 0.8788171085477189 -0.4771587678371079 0
    outer loop
      vertex 7.598076209425926 -23.5 0
      vertex 7.673019573092461 -23.361971497535706 0
      vertex 7.598076209425926 -23.5 30
    endloop
  endfacet
  facet normal 0.9025852916253637 -0.4305110815548853 0
    outer loop
      vertex 7.673019573092461 -23.361971497535706 0
      vertex 7.740636371076107 -23.220209926366806 0
      vertex 7.673019573092461 -23.361971497535706 30
    endloop
  endfacet
  facet normal 0.92387952935444 -0.38268343998639204 0
    outer loop
      vertex 7.740636371076107 -23.220209926366806 0
      vertex 7.8007412776350975 -23.075103849172592 0
      vertex 7.740636371076107 -23.220209926366806 30
    endloop
  endfacet
  facet normal 0.9426414928622097 -0.3338068542353568 0
    outer loop
      vertex 7.8007412776350975 -23.075103849172592 0
      vertex 7.853169545531273 -22.92705098539591 0
      vertex 7.8007412776350975 -23.075103849172592 30
    endloop
  endfacet
  facet normal 0.9588197346341911 -0.28401534549389984 0
    outer loop
      vertex 7.853169545531273 -22.92705098539591 0
      vertex 7.89777747541666 -22.776457138359547 0
      vertex 7.853169545531273 -22.92705098539591 30
    endloop
  endfacet
  facet normal 0.9723699157063979 -0.23344538339648674 0
    outer loop
      vertex 7.89777747541666 -22.776457138359547 0
      vertex 7.934442803263664 -22.623735070228577 0
      vertex 7.89777747541666 -22.776457138359547 30
    endloop
  endfacet
  facet normal 0.9832549101845729 -0.18223551135255572 0
    outer loop
      vertex 7.934442803263664 -22.623735070228577 0
      vertex 7.963065020740032 -22.469303391873837 0
      vertex 7.934442803263664 -22.623735070228577 30
    endloop
  endfacet
  facet normal 0.991444858128 -0.13052621687442656 0
    outer loop
      vertex 7.963065020740032 -22.469303391873837 0
      vertex 7.98356568813324 -22.31358539313078 0
      vertex 7.963065020740032 -22.469303391873837 30
    endloop
  endfacet
  facet normal 0.9969173342738785 -0.07845908885695775 0
    outer loop
      vertex 7.98356568813324 -22.31358539313078 0
      vertex 7.995888605713844 -22.15700786560774 0
      vertex 7.98356568813324 -22.31358539313078 30
    endloop
  endfacet
  facet normal 0.9996573252035448 -0.026176939601381188 0
    outer loop
      vertex 7.995888605713844 -22.15700786560774 0
      vertex 8 -22 0
      vertex 7.995888605713844 -22.15700786560774 30
    endloop
  endfacet
  facet normal 1 0 0
    outer loop
      vertex 8 -22 0
      vertex 8 -21.25 15
      vertex 8 -21.24691645319779 15.117755901546623
    endloop
  endfacet
  facet normal 1 0 0
    outer loop
      vertex 8 -22 0
      vertex 8 -21.24691645319779 15.117755901546623
      vertex 8 -22 30
    endloop
  endfacet
  facet normal 0 0 -1
    outer loop
      vertex 3.2198513512341305 -15.67014390478187 0
      vertex 3.3265870530841495 -15.621426323922199 0
      vertex 3.4578068452466306 -15.618858526871772 0
    endloop
  endfacet
  facet normal 0 0 -1
    outer loop
      vertex 8 -22 0
      vertex 0.4 -15.83519839354405 0
      vertex 8 -16 0
    endloop
  endfacet
  facet normal 0 0 -1
    outer loop
      vertex 2.5577026669842193 -15.792865909523421 0
      vertex 7.995888605713844 -15.842992134392262 0
      vertex 0.4 -15.83519839354405 0
    endloop
  endfacet
  facet normal 0 0 -1
    outer loop
      vertex 2.5577026669842193 -15.792865909523421 0
      vertex 3.2198513512341305 -15.67014390478187 0
      vertex 7.98356568813324 -15.68641460686922 0
    endloop
  endfacet
  facet normal 0 0 -1
    outer loop
      vertex 8 -16 0
      vertex 0.4 -15.83519839354405 0
      vertex 7.995888605713844 -15.842992134392262 0
    endloop
  endfacet
  facet normal 0 0 -1
    outer loop
      vertex 7.995888605713844 -15.842992134392262 0
      vertex 2.5577026669842193 -15.792865909523421 0
      vertex 7.98356568813324 -15.68641460686922 0
    endloop
  endfacet
  facet normal -1 0 0
    outer loop
      vertex 0.4 -15.83519839354405 0
      vertex 0.4 -20.22543782878381 13.112991222122796
      vertex 0.4 -20.125 13.051442841485013
    endloop
  endfacet
  facet normal -1 0 0
    outer loop
      vertex 0.4 -15.83519839354405 0
      vertex 0.4 -20.125 13.051442841485013
      vertex 0.4 -20.02147862441398 12.995235320576173
    endloop
  endfacet
  facet normal -1 0 0
    outer loop
      vertex 0.4 -15.83519839354405 0
      vertex 0.4 -20.02147862441398 12.995235320576173
      vertex 0.4 -19.91515744692055 12.944522720304148
    endloop
  endfacet
  facet normal -1 0 0
    outer loop
      vertex 0.4 -15.83519839354405 0
      vertex 0.4 -19.91515744692055 12.944522720304148
      vertex 0.4 -19.806327886476925 12.899444040381296
    endloop
  endfacet
  facet normal -1 0 0
    outer loop
      vertex 0.4 -15.83519839354405 0
      vertex 0.4 -19.806327886476925 12.899444040381296
      vertex 0.4 -19.695288237343632 12.860122838335904
    endloop
  endfacet
  facet normal -1 0 0
    outer loop
      vertex 0.4 -15.83519839354405 0
      vertex 0.4 -19.695288237343632 12.860122838335904
      vertex 0.4 -19.58234285148067 12.826666890849596
    endloop
  endfacet
  facet normal -1 0 0
    outer loop
      vertex 0.4 -15.83519839354405 0
      vertex 0.4 -19.58234285148067 12.826666890849596
      vertex 0.4 -19.467801304339957 12.799167898348937
    endloop
  endfacet
  facet normal -1 0 0
    outer loop
      vertex 0.4 -19.35197754634052 12.77770123366094
      vertex 0.4 -15.83519839354405 0
      vertex 0.4 -19.467801304339957 12.799167898348937
    endloop
  endfacet
  facet normal -1 0 0
    outer loop
      vertex 0.4 -19.23518904235222 12.762325735421385
      vertex 0.4 -15.83519839354405 0
      vertex 0.4 -19.35197754634052 12.77770123366094
    endloop
  endfacet
  facet normal -1 0 0
    outer loop
      vertex 0.4 -19.117755901546623 12.753083546802209
      vertex 0.4 -15.83519839354405 0
      vertex 0.4 -19.23518904235222 12.762325735421385
    endloop
  endfacet
  facet normal -1 0 0
    outer loop
      vertex 0.4 -19 12.75
      vertex 0.4 -15.83519839354405 0
      vertex 0.4 -19.117755901546623 12.753083546802209
    endloop
  endfacet
  facet normal -1 0 0
    outer loop
      vertex 0.4 -15.83519839354405 0
      vertex 0.4 -19 12.75
      vertex 0.4 -18.882244098453377 12.753083546802209
    endloop
  endfacet
  facet normal -1 0 0
    outer loop
      vertex 0.4 -18.76481095764778 12.762325735421385
      vertex 0.4 -15.83519839354405 0
      vertex 0.4 -18.882244098453377 12.753083546802209
    endloop
  endfacet
  facet normal -1 0 0
    outer loop
      vertex 0.4 -18.64802245365948 12.77770123366094
      vertex 0.4 -15.83519839354405 0
      vertex 0.4 -18.76481095764778 12.762325735421385
    endloop
  endfacet
  facet normal -1 0 0
    outer loop
      vertex 0.4 -18.532198695660043 12.799167898348937
      vertex 0.4 -15.83519839354405 0
      vertex 0.4 -18.64802245365948 12.77770123366094
    endloop
  endfacet
  facet normal -1 0 0
    outer loop
      vertex 0.4 -15.83519839354405 0
      vertex 0.4 -18.532198695660043 12.799167898348937
      vertex 0.4 -18.41765714851933 12.826666890849596
    endloop
  endfacet
  facet normal -1 0 0
    outer loop
      vertex 0.4 -15.83519839354405 0
      vertex 0.4 -18.41765714851933 12.826666890849596
      vertex 0.4 -18.304711762656368 12.860122838335904
    endloop
  endfacet
  facet normal -1 0 0
    outer loop
      vertex 0.4 -15.83519839354405 0
      vertex 0.4 -18.304711762656368 12.860122838335904
      vertex 0.4 -10.189525631372323 0
    endloop
  endfacet
  facet normal 0 0 -1
    outer loop
      vertex 2.5577026669842193 -15.792865909523421 0
      vertex 0.4 -15.83519839354405 0
      vertex 1.0661903253300653 -10.144123332756386 0
    endloop
  endfacet
  facet normal 0 0 -1
    outer loop
      vertex 2.5577026669842193 -15.792865909523421 0
      vertex 3.1519733426244634 -9.700776466210565 0
      vertex 3.2198513512341305 -15.67014390478187 0
    endloop
  endfacet
  facet normal 0 0 -1
    outer loop
      vertex 3.986493758180913 -15.491932028872611 0
      vertex 4.141104721640332 -15.450175091446114 0
      vertex 4.157865249998969 -15.44984852594257 0
    endloop
  endfacet
  facet normal 0 0 -1
    outer loop
      vertex 3.2198513512341305 -15.67014390478187 0
      vertex 3.4578068452466306 -15.618858526871772 0
      vertex 7.963065020740032 -15.530696608126163 0
    endloop
  endfacet
  facet normal 0 0 -1
    outer loop
      vertex 3.4578068452466306 -15.618858526871772 0
      vertex 3.986493758180913 -15.491932028872611 0
      vertex 7.963065020740032 -15.530696608126163 0
    endloop
  endfacet
  facet normal 0 0 -1
    outer loop
      vertex 3.986493758180913 -15.491932028872611 0
      vertex 4.157865249998969 -15.44984852594257 0
      vertex 7.934442803263664 -15.376264929771423 0
    endloop
  endfacet
  facet normal 0 0 -1
    outer loop
      vertex 4.157865249998969 -15.44984852594257 0
      vertex 4.713694716797307 -15.285204336979325 0
      vertex 7.934442803263664 -15.376264929771423 0
    endloop
  endfacet
  facet normal 0 0 -1
    outer loop
      vertex 4.713694716797307 -15.285204336979325 0
      vertex 4.944271909999158 -15.15713725086776 0
      vertex 7.89777747541666 -15.223542861640453 0
    endloop
  endfacet
  facet normal 0 0 -1
    outer loop
      vertex 4.944271909999158 -15.15713725086776 0
      vertex 5.128070334364353 -15.151817825052863 0
      vertex 7.89777747541666 -15.223542861640453 0
    endloop
  endfacet
  facet normal 0 0 -1
    outer loop
      vertex 5.128070334364353 -15.151817825052863 0
      vertex 5.653525110041175 -14.965744529960748 0
      vertex 7.853169545531273 -15.072949014604092 0
    endloop
  endfacet
  facet normal 0 0 -1
    outer loop
      vertex 3.2198513512341305 -15.67014390478187 0
      vertex 3.6553530853620626 -9.522520350271456 0
      vertex 3.3265870530841495 -15.621426323922199 0
    endloop
  endfacet
  facet normal 0 0 -1
    outer loop
      vertex 3.3265870530841495 -15.621426323922199 0
      vertex 3.6553530853620626 -9.522520350271456 0
      vertex 3.4578068452466306 -15.618858526871772 0
    endloop
  endfacet
  facet normal 0 0 -1
    outer loop
      vertex 3.4578068452466306 -15.618858526871772 0
      vertex 3.6553530853620626 -9.522520350271456 0
      vertex 3.986493758180913 -15.491932028872611 0
    endloop
  endfacet
  facet normal 0 0 -1
    outer loop
      vertex 3.986493758180913 -15.491932028872611 0
      vertex 4.148713759373162 -9.318163667954527 0
      vertex 4.141104721640332 -15.450175091446114 0
    endloop
  endfacet
  facet normal 0 0 -1
    outer loop
      vertex 4.157865249998969 -15.44984852594257 0
      vertex 4.141104721640332 -15.450175091446114 0
      vertex 4.148713759373162 -9.318163667954527 0
    endloop
  endfacet
  facet normal 0 0 -1
    outer loop
      vertex 4.157865249998969 -15.44984852594257 0
      vertex 4.630703097343377 -9.088266546721352 0
      vertex 4.713694716797307 -15.285204336979325 0
    endloop
  endfacet
  facet normal 0 0 -1
    outer loop
      vertex 4.713694716797307 -15.285204336979325 0
      vertex 5.1 -8.833459118601272 0
      vertex 4.944271909999158 -15.15713725086776 0
    endloop
  endfacet
  facet normal 0 0 -1
    outer loop
      vertex 4.944271909999158 -15.15713725086776 0
      vertex 5.1 -8.833459118601272 0
      vertex 5.128070334364353 -15.151817825052863 0
    endloop
  endfacet
  facet normal 0 0 -1
    outer loop
      vertex 5.128070334364353 -15.151817825052863 0
      vertex 5.555318157153276 -8.554439793043326 0
      vertex 5.653525110041175 -14.965744529960748 0
    endloop
  endfacet
  facet normal 0 0 -1
    outer loop
      vertex 5.653525110041175 -14.965744529960748 0
      vertex 5.995409573383226 -8.251973342624463 0
      vertex 5.733887192724804 -14.836733223460655 0
    endloop
  endfacet
  facet normal 0 0 -1
    outer loop
      vertex 5.733887192724804 -14.836733223460655 0
      vertex 5.995409573383226 -8.251973342624463 0
      vertex 5.994498296768348 -14.829338170155367 0
    endloop
  endfacet
  facet normal -1 0 0
    outer loop
      vertex 0.4 -18.193672113523075 12.899444040381296
      vertex 0.4 -10.189525631372323 0
      vertex 0.4 -18.304711762656368 12.860122838335904
    endloop
  endfacet
  facet normal -1 0 0
    outer loop
      vertex 0.4 -18.08484255307945 12.944522720304148
      vertex 0.4 -10.189525631372323 0
      vertex 0.4 -18.193672113523075 12.899444040381296
    endloop
  endfacet
  facet normal -1 0 0
    outer loop
      vertex 0.4 -17.97852137558602 12.995235320576173
      vertex 0.4 -10.189525631372323 0
      vertex 0.4 -18.08484255307945 12.944522720304148
    endloop
  endfacet
  facet normal -1 0 0
    outer loop
      vertex 0.4 -17.875 13.051442841485013
      vertex 0.4 -10.189525631372323 0
      vertex 0.4 -17.97852137558602 12.995235320576173
    endloop
  endfacet
  facet normal -1 0 0
    outer loop
      vertex 0.4 -17.77456217121619 13.112991222122796
      vertex 0.4 -10.189525631372323 0
      vertex 0.4 -17.875 13.051442841485013
    endloop
  endfacet
  facet normal -1 0 0
    outer loop
      vertex 0.4 -17.677483182341934 13.179711762656368
      vertex 0.4 -10.189525631372323 0
      vertex 0.4 -17.77456217121619 13.112991222122796
    endloop
  endfacet
  facet normal -1 0 0
    outer loop
      vertex 0.4 -17.584029120137867 13.251421586721815
      vertex 0.4 -10.189525631372323 0
      vertex 0.4 -17.677483182341934 13.179711762656368
    endloop
  endfacet
  facet normal -1 0 0
    outer loop
      vertex 0.4 -17.49445613569257 13.327924142675863
      vertex 0.4 -10.189525631372323 0
      vertex 0.4 -17.584029120137867 13.251421586721815
    endloop
  endfacet
  facet normal -1 0 0
    outer loop
      vertex 0.4 -17.40900974233027 13.409009742330268
      vertex 0.4 -10.189525631372323 0
      vertex 0.4 -17.49445613569257 13.327924142675863
    endloop
  endfacet
  facet normal -1 0 0
    outer loop
      vertex 0.4 -17.32792414267586 13.49445613569257
      vertex 0.4 -10.189525631372323 0
      vertex 0.4 -17.40900974233027 13.409009742330268
    endloop
  endfacet
  facet normal -1 0 0
    outer loop
      vertex 0.4 -17.251421586721815 13.584029120137865
      vertex 0.4 -10.189525631372323 0
      vertex 0.4 -17.32792414267586 13.49445613569257
    endloop
  endfacet
  facet normal -1 0 0
    outer loop
      vertex 0.4 -17.179711762656368 13.677483182341936
      vertex 0.4 -10.189525631372323 0
      vertex 0.4 -17.251421586721815 13.584029120137865
    endloop
  endfacet
  facet normal -1 0 0
    outer loop
      vertex 0.4 -17.112991222122794 13.77456217121619
      vertex 0.4 -10.189525631372323 0
      vertex 0.4 -17.179711762656368 13.677483182341936
    endloop
  endfacet
  facet normal -1 0 0
    outer loop
      vertex 0.4 -17.051442841485013 13.875
      vertex 0.4 -10.189525631372323 0
      vertex 0.4 -17.112991222122794 13.77456217121619
    endloop
  endfacet
  facet normal -1 0 0
    outer loop
      vertex 0.4 -16.99523532057617 13.97852137558602
      vertex 0.4 -10.189525631372323 0
      vertex 0.4 -17.051442841485013 13.875
    endloop
  endfacet
  facet normal -1 0 0
    outer loop
      vertex 0.4 -16.94452272030415 14.084842553079449
      vertex 0.4 -10.189525631372323 0
      vertex 0.4 -16.99523532057617 13.97852137558602
    endloop
  endfacet
  facet normal -1 0 0
    outer loop
      vertex 0.4 -16.899444040381297 14.193672113523075
      vertex 0.4 -10.189525631372323 0
      vertex 0.4 -16.94452272030415 14.084842553079449
    endloop
  endfacet
  facet normal 0 0 -1
    outer loop
      vertex 3.2198513512341305 -15.67014390478187 0
      vertex 7.963065020740032 -15.530696608126163 0
      vertex 7.98356568813324 -15.68641460686922 0
    endloop
  endfacet
  facet normal 1 0 0
    outer loop
      vertex 8 -16 0
      vertex 8 -18.532198695660043 12.799167898348937
      vertex 8 -18.64802245365948 12.77770123366094
    endloop
  endfacet
  facet normal 1 0 0
    outer loop
      vertex 8 -16 0
      vertex 8 -18.41765714851933 12.826666890849596
      vertex 8 -18.532198695660043 12.799167898348937
    endloop
  endfacet
  facet normal 1 0 0
    outer loop
      vertex 8 -16 0
      vertex 8 -18.304711762656368 12.860122838335904
      vertex 8 -18.41765714851933 12.826666890849596
    endloop
  endfacet
  facet normal 1 0 0
    outer loop
      vertex 8 -16 0
      vertex 8 -18.193672113523075 12.899444040381296
      vertex 8 -18.304711762656368 12.860122838335904
    endloop
  endfacet
  facet normal 1 0 0
    outer loop
      vertex 8 -16 0
      vertex 8 -18.08484255307945 12.944522720304148
      vertex 8 -18.193672113523075 12.899444040381296
    endloop
  endfacet
  facet normal 1 0 0
    outer loop
      vertex 8 -16 0
      vertex 8 -17.97852137558602 12.995235320576173
      vertex 8 -18.08484255307945 12.944522720304148
    endloop
  endfacet
  facet normal 1 0 0
    outer loop
      vertex 8 -16 0
      vertex 8 -17.875 13.051442841485013
      vertex 8 -17.97852137558602 12.995235320576173
    endloop
  endfacet
  facet normal 1 0 0
    outer loop
      vertex 8 -16 0
      vertex 8 -17.77456217121619 13.112991222122796
      vertex 8 -17.875 13.051442841485013
    endloop
  endfacet
  facet normal 1 0 0
    outer loop
      vertex 8 -16 0
      vertex 8 -17.677483182341934 13.179711762656368
      vertex 8 -17.77456217121619 13.112991222122796
    endloop
  endfacet
  facet normal 1 0 0
    outer loop
      vertex 8 -16 0
      vertex 8 -17.584029120137867 13.251421586721815
      vertex 8 -17.677483182341934 13.179711762656368
    endloop
  endfacet
  facet normal 1 0 0
    outer loop
      vertex 8 -16 0
      vertex 8 -17.49445613569257 13.327924142675863
      vertex 8 -17.584029120137867 13.251421586721815
    endloop
  endfacet
  facet normal 1 0 0
    outer loop
      vertex 8 -16 0
      vertex 8 -17.40900974233027 13.409009742330268
      vertex 8 -17.49445613569257 13.327924142675863
    endloop
  endfacet
  facet normal 1 0 0
    outer loop
      vertex 8 -16 0
      vertex 8 -17.32792414267586 13.49445613569257
      vertex 8 -17.40900974233027 13.409009742330268
    endloop
  endfacet
  facet normal 1 0 0
    outer loop
      vertex 8 -16 0
      vertex 8 -17.251421586721815 13.584029120137865
      vertex 8 -17.32792414267586 13.49445613569257
    endloop
  endfacet
  facet normal 1 0 0
    outer loop
      vertex 8 -16 0
      vertex 8 -17.179711762656368 13.677483182341936
      vertex 8 -17.251421586721815 13.584029120137865
    endloop
  endfacet
  facet normal 1 0 0
    outer loop
      vertex 8 -16 0
      vertex 8 -17.112991222122794 13.77456217121619
      vertex 8 -17.179711762656368 13.677483182341936
    endloop
  endfacet
  facet normal 1 0 0
    outer loop
      vertex 8 -16 0
      vertex 8 -17.051442841485013 13.875
      vertex 8 -17.112991222122794 13.77456217121619
    endloop
  endfacet
  facet normal 1 0 0
    outer loop
      vertex 8 -16 0
      vertex 8 -16.99523532057617 13.97852137558602
      vertex 8 -17.051442841485013 13.875
    endloop
  endfacet
  facet normal 1 0 0
    outer loop
      vertex 8 -16 0
      vertex 8 -16.94452272030415 14.084842553079449
      vertex 8 -16.99523532057617 13.97852137558602
    endloop
  endfacet
  facet normal 1 0 0
    outer loop
      vertex 8 -16 0
      vertex 8 -16.899444040381297 14.193672113523075
      vertex 8 -16.94452272030415 14.084842553079449
    endloop
  endfacet
  facet normal 1 0 0
    outer loop
      vertex 8 -16 0
      vertex 8 -16.860122838335904 14.304711762656368
      vertex 8 -16.899444040381297 14.193672113523075
    endloop
  endfacet
  facet normal 1 0 0
    outer loop
      vertex 8 -16 0
      vertex 8 -16.826666890849594 14.417657148519329
      vertex 8 -16.860122838335904 14.304711762656368
    endloop
  endfacet
  facet normal 1 0 0
    outer loop
      vertex 8 -16 0
      vertex 8 -16.799167898348937 14.53219869566004
      vertex 8 -16.826666890849594 14.417657148519329
    endloop
  endfacet
  facet normal 1 0 0
    outer loop
      vertex 8 -16 0
      vertex 8 -16.77770123366094 14.64802245365948
      vertex 8 -16.799167898348937 14.53219869566004
    endloop
  endfacet
  facet normal 1 0 0
    outer loop
      vertex 8 -16 0
      vertex 8 -16.762325735421385 14.76481095764778
      vertex 8 -16.77770123366094 14.64802245365948
    endloop
  endfacet
  facet normal 1 0 0
    outer loop
      vertex 8 -16 0
      vertex 8 -16.75308354680221 14.882244098453377
      vertex 8 -16.762325735421385 14.76481095764778
    endloop
  endfacet
  facet normal 0 0 -1
    outer loop
      vertex 3.986493758180913 -15.491932028872611 0
      vertex 7.934442803263664 -15.376264929771423 0
      vertex 7.963065020740032 -15.530696608126163 0
    endloop
  endfacet
  facet normal 0 0 -1
    outer loop
      vertex 4.713694716797307 -15.285204336979325 0
      vertex 7.89777747541666 -15.223542861640453 0
      vertex 7.934442803263664 -15.376264929771423 0
    endloop
  endfacet
  facet normal 0 0 -1
    outer loop
      vertex 5.653525110041175 -14.965744529960748 0
      vertex 5.733887192724804 -14.836733223460655 0
      vertex 7.8007412776350975 -14.924896150827408 0
    endloop
  endfacet
  facet normal 0 0 -1
    outer loop
      vertex 5.733887192724804 -14.836733223460655 0
      vertex 5.994498296768348 -14.829338170155367 0
      vertex 7.8007412776350975 -14.924896150827408 0
    endloop
  endfacet
  facet normal 0 0 -1
    outer loop
      vertex 5.128070334364353 -15.151817825052863 0
      vertex 7.853169545531273 -15.072949014604092 0
      vertex 7.89777747541666 -15.223542861640453 0
    endloop
  endfacet
  facet normal 0 0 -1
    outer loop
      vertex 5.653525110041175 -14.965744529960748 0
      vertex 7.8007412776350975 -14.924896150827408 0
      vertex 7.853169545531273 -15.072949014604092 0
    endloop
  endfacet
  facet normal 0 0 -1
    outer loop
      vertex 5.994498296768348 -14.829338170155367 0
      vertex 7.740636371076107 -14.779790073633194 0
      vertex 7.8007412776350975 -14.924896150827408 0
    endloop
  endfacet
  facet normal 0 0 -1
    outer loop
      vertex 5.994498296768348 -14.829338170155367 0
      vertex 6.399355242957323 -14.661640932222939 0
      vertex 7.740636371076107 -14.779790073633194 0
    endloop
  endfacet
  facet normal 0 0 -1
    outer loop
      vertex 6.399355242957323 -14.661640932222939 0
      vertex 6.507786289212803 -14.530084127613938 0
      vertex 7.673019573092461 -14.638028502464294 0
    endloop
  endfacet
  facet normal 0 0 -1
    outer loop
      vertex 6.507786289212803 -14.530084127613938 0
      vertex 6.70059118379848 -14.524764104979798 0
      vertex 7.673019573092461 -14.638028502464294 0
    endloop
  endfacet
  facet normal 0 0 -1
    outer loop
      vertex 6.399355242957323 -14.661640932222939 0
      vertex 7.673019573092461 -14.638028502464294 0
      vertex 7.740636371076107 -14.779790073633194 0
    endloop
  endfacet
  facet normal 0 0 -1
    outer loop
      vertex 6.70059118379848 -14.524764104979798 0
      vertex 7.014446159313156 -14.375062960843719 0
      vertex 7.598076209425926 -14.5 0
    endloop
  endfacet
  facet normal 0 0 -1
    outer loop
      vertex 6.70059118379848 -14.524764104979798 0
      vertex 7.598076209425926 -14.5 0
      vertex 7.673019573092461 -14.638028502464294 0
    endloop
  endfacet
  facet normal 0 0 -1
    outer loop
      vertex 7.014446159313156 -14.375062960843719 0
      vertex 7.263847995832749 -14.240982444662514 0
      vertex 7.293132854990086 -14.240204005821301 0
    endloop
  endfacet
  facet normal 0 0 -1
    outer loop
      vertex 7.014446159313156 -14.375062960843719 0
      vertex 7.293132854990086 -14.240204005821301 0
      vertex 7.516011707484722 -14.366082891821861 0
    endloop
  endfacet
  facet normal 0 0 -1
    outer loop
      vertex 7.014446159313156 -14.375062960843719 0
      vertex 7.516011707484722 -14.366082891821861 0
      vertex 7.598076209425926 -14.5 0
    endloop
  endfacet
  facet normal 0 0 -1
    outer loop
      vertex 7.516011707484722 -14.366082891821861 0
      vertex 7.293132854990086 -14.240204005821301 0
      vertex 7.427050985395908 -14.236644245684147 0
    endloop
  endfacet
  facet normal 0 0 -1
    outer loop
      vertex 7.293132854990086 -14.240204005821301 0
      vertex 7.2954404685772785 -14.238951073871572 0
      vertex 7.427050985395908 -14.236644245684147 0
    endloop
  endfacet
  facet normal 0 0 -1
    outer loop
      vertex 7.2954404685772785 -14.238951073871572 0
      vertex 7.3895942845617615 -14.187829722840089 0
      vertex 7.427050985395908 -14.236644245684147 0
    endloop
  endfacet
  facet normal 0 -0.1305261922200507 0.9914448613738105
    outer loop
      vertex 8 -18.64802245365948 12.77770123366094
      vertex 0.4 -18.64802245365948 12.77770123366094
      vertex 0.4 -18.76481095764778 12.762325735421385
    endloop
  endfacet
  facet normal 0 -0.18223552549215236 0.9832549075639536
    outer loop
      vertex 8 -18.532198695660043 12.799167898348937
      vertex 0.4 -18.532198695660043 12.799167898348937
      vertex 0.4 -18.64802245365948 12.77770123366094
    endloop
  endfacet
  facet normal 0 -0.2334453638559035 0.972369920397677
    outer loop
      vertex 8 -18.41765714851933 12.826666890849596
      vertex 0.4 -18.41765714851933 12.826666890849596
      vertex 0.4 -18.532198695660043 12.799167898348937
    endloop
  endfacet
  facet normal 0 -0.28401534470392015 0.9588197348681938
    outer loop
      vertex 8 -18.304711762656368 12.860122838335904
      vertex 0.4 -18.304711762656368 12.860122838335904
      vertex 0.4 -18.41765714851933 12.826666890849596
    endloop
  endfacet
  facet normal 0 -0.33380685923377124 0.9426414910921783
    outer loop
      vertex 8 -18.193672113523075 12.899444040381296
      vertex 0.4 -18.193672113523075 12.899444040381296
      vertex 0.4 -18.304711762656368 12.860122838335904
    endloop
  endfacet
  facet normal 0 -0.3826834323650959 0.9238795325112842
    outer loop
      vertex 8 -18.08484255307945 12.944522720304148
      vertex 0.4 -18.08484255307945 12.944522720304148
      vertex 0.4 -18.193672113523075 12.899444040381296
    endloop
  endfacet
  facet normal 0 -0.430511096808295 0.9025852843498606
    outer loop
      vertex 8 -17.97852137558602 12.995235320576173
      vertex 0.4 -17.97852137558602 12.995235320576173
      vertex 0.4 -18.08484255307945 12.944522720304148
    endloop
  endfacet
  facet normal 0 -0.4771587602596044 0.8788171126619676
    outer loop
      vertex 8 -17.875 13.051442841485013
      vertex 0.4 -17.875 13.051442841485013
      vertex 0.4 -17.97852137558602 12.995235320576173
    endloop
  endfacet
  facet normal 0 -0.5224985647159488 0.8526401643540924
    outer loop
      vertex 8 -17.77456217121619 13.112991222122796
      vertex 0.4 -17.77456217121619 13.112991222122796
      vertex 0.4 -17.875 13.051442841485013
    endloop
  endfacet
  facet normal 0 -0.5664062369248234 0.8241261886220221
    outer loop
      vertex 8 -17.677483182341934 13.179711762656368
      vertex 0.4 -17.677483182341934 13.179711762656368
      vertex 0.4 -17.77456217121619 13.112991222122796
    endloop
  endfacet
  facet normal 0 -0.6087614290087312 0.7933533402912271
    outer loop
      vertex 8 -17.584029120137867 13.251421586721815
      vertex 0.4 -17.584029120137867 13.251421586721815
      vertex 0.4 -17.677483182341934 13.179711762656368
    endloop
  endfacet
  facet normal 0 -0.6494480483301872 0.7604059656000279
    outer loop
      vertex 8 -17.49445613569257 13.327924142675863
      vertex 0.4 -17.49445613569257 13.327924142675863
      vertex 0.4 -17.584029120137867 13.251421586721815
    endloop
  endfacet
  facet normal 0 -0.6883545756937532 0.7253743710122885
    outer loop
      vertex 8 -17.40900974233027 13.409009742330268
      vertex 0.4 -17.40900974233027 13.409009742330268
      vertex 0.4 -17.49445613569257 13.327924142675863
    endloop
  endfacet
  facet normal 0 -0.7253743710122805 0.6883545756937616
    outer loop
      vertex 8 -17.32792414267586 13.49445613569257
      vertex 0.4 -17.32792414267586 13.49445613569257
      vertex 0.4 -17.40900974233027 13.409009742330268
    endloop
  endfacet
  facet normal 0 -0.760405965600029 0.6494480483301859
    outer loop
      vertex 8 -17.251421586721815 13.584029120137865
      vertex 0.4 -17.251421586721815 13.584029120137865
      vertex 0.4 -17.32792414267586 13.49445613569257
    endloop
  endfacet
  facet normal 0 -0.7933533402912382 0.6087614290087167
    outer loop
      vertex 8 -17.179711762656368 13.677483182341936
      vertex 0.4 -17.179711762656368 13.677483182341936
      vertex 0.4 -17.251421586721815 13.584029120137865
    endloop
  endfacet
  facet normal 0 -0.8241261886220103 0.5664062369248407
    outer loop
      vertex 8 -17.112991222122794 13.77456217121619
      vertex 0.4 -17.112991222122794 13.77456217121619
      vertex 0.4 -17.179711762656368 13.677483182341936
    endloop
  endfacet
  facet normal 0 -0.8526401643540991 0.5224985647159378
    outer loop
      vertex 8 -17.051442841485013 13.875
      vertex 0.4 -17.051442841485013 13.875
      vertex 0.4 -17.112991222122794 13.77456217121619
    endloop
  endfacet
  facet normal 0 -0.8788171126619613 0.4771587602596161
    outer loop
      vertex 8 -16.99523532057617 13.97852137558602
      vertex 0.4 -16.99523532057617 13.97852137558602
      vertex 0.4 -17.051442841485013 13.875
    endloop
  endfacet
  facet normal 0 -0.9025852843498696 0.4305110968082762
    outer loop
      vertex 8 -16.94452272030415 14.084842553079449
      vertex 0.4 -16.94452272030415 14.084842553079449
      vertex 0.4 -16.99523532057617 13.97852137558602
    endloop
  endfacet
  facet normal 0 -0.9238795325112864 0.38268343236509056
    outer loop
      vertex 8 -16.899444040381297 14.193672113523075
      vertex 0.4 -16.899444040381297 14.193672113523075
      vertex 0.4 -16.94452272030415 14.084842553079449
    endloop
  endfacet
  facet normal 0 -0.9426414910921735 0.33380685923378467
    outer loop
      vertex 8 -16.860122838335904 14.304711762656368
      vertex 0.4 -16.860122838335904 14.304711762656368
      vertex 0.4 -16.899444040381297 14.193672113523075
    endloop
  endfacet
  facet normal 0 -0.9588197348681897 0.2840153447039341
    outer loop
      vertex 8 -16.826666890849594 14.417657148519329
      vertex 0.4 -16.826666890849594 14.417657148519329
      vertex 0.4 -16.860122838335904 14.304711762656368
    endloop
  endfacet
  facet normal 0 -0.9723699203976797 0.2334453638558927
    outer loop
      vertex 8 -16.799167898348937 14.53219869566004
      vertex 0.4 -16.799167898348937 14.53219869566004
      vertex 0.4 -16.826666890849594 14.417657148519329
    endloop
  endfacet
  facet normal 0 -0.9832549075639575 0.1822355254921324
    outer loop
      vertex 8 -16.77770123366094 14.64802245365948
      vertex 0.4 -16.77770123366094 14.64802245365948
      vertex 0.4 -16.799167898348937 14.53219869566004
    endloop
  endfacet
  facet normal 0 -0.9914448613738086 0.13052619222006553
    outer loop
      vertex 8 -16.762325735421385 14.76481095764778
      vertex 0.4 -16.762325735421385 14.76481095764778
      vertex 0.4 -16.77770123366094 14.64802245365948
    endloop
  endfacet
  facet normal 0 -0.9969173337331282 0.0784590957278416
    outer loop
      vertex 8 -16.75308354680221 14.882244098453377
      vertex 0.4 -16.75308354680221 14.882244098453377
      vertex 0.4 -16.762325735421385 14.76481095764778
    endloop
  endfacet
  facet normal 0 -0.9996573249755573 0.02617694830787525
    outer loop
      vertex 8 -16.75 15
      vertex 0.4 -16.75 15
      vertex 0.4 -16.75308354680221 14.882244098453377
    endloop
  endfacet
  facet normal 0 -0.1305261922200507 0.9914448613738105
    outer loop
      vertex 8 -18.76481095764778 12.762325735421385
      vertex 8 -18.64802245365948 12.77770123366094
      vertex 0.4 -18.76481095764778 12.762325735421385
    endloop
  endfacet
  facet normal 0 -0.18223552549215236 0.9832549075639536
    outer loop
      vertex 8 -18.64802245365948 12.77770123366094
      vertex 8 -18.532198695660043 12.799167898348937
      vertex 0.4 -18.64802245365948 12.77770123366094
    endloop
  endfacet
  facet normal 0 -0.2334453638559035 0.972369920397677
    outer loop
      vertex 8 -18.532198695660043 12.799167898348937
      vertex 8 -18.41765714851933 12.826666890849596
      vertex 0.4 -18.532198695660043 12.799167898348937
    endloop
  endfacet
  facet normal 0 -0.28401534470392015 0.9588197348681938
    outer loop
      vertex 8 -18.41765714851933 12.826666890849596
      vertex 8 -18.304711762656368 12.860122838335904
      vertex 0.4 -18.41765714851933 12.826666890849596
    endloop
  endfacet
  facet normal 0 -0.33380685923377124 0.9426414910921783
    outer loop
      vertex 8 -18.304711762656368 12.860122838335904
      vertex 8 -18.193672113523075 12.899444040381296
      vertex 0.4 -18.304711762656368 12.860122838335904
    endloop
  endfacet
  facet normal 0 -0.3826834323650959 0.9238795325112842
    outer loop
      vertex 8 -18.193672113523075 12.899444040381296
      vertex 8 -18.08484255307945 12.944522720304148
      vertex 0.4 -18.193672113523075 12.899444040381296
    endloop
  endfacet
  facet normal 0 -0.430511096808295 0.9025852843498606
    outer loop
      vertex 8 -18.08484255307945 12.944522720304148
      vertex 8 -17.97852137558602 12.995235320576173
      vertex 0.4 -18.08484255307945 12.944522720304148
    endloop
  endfacet
  facet normal 0 -0.4771587602596044 0.8788171126619676
    outer loop
      vertex 8 -17.97852137558602 12.995235320576173
      vertex 8 -17.875 13.051442841485013
      vertex 0.4 -17.97852137558602 12.995235320576173
    endloop
  endfacet
  facet normal 0 -0.5224985647159488 0.8526401643540924
    outer loop
      vertex 8 -17.875 13.051442841485013
      vertex 8 -17.77456217121619 13.112991222122796
      vertex 0.4 -17.875 13.051442841485013
    endloop
  endfacet
  facet normal 0 -0.5664062369248234 0.8241261886220221
    outer loop
      vertex 8 -17.77456217121619 13.112991222122796
      vertex 8 -17.677483182341934 13.179711762656368
      vertex 0.4 -17.77456217121619 13.112991222122796
    endloop
  endfacet
  facet normal 0 -0.6087614290087312 0.7933533402912271
    outer loop
      vertex 8 -17.677483182341934 13.179711762656368
      vertex 8 -17.584029120137867 13.251421586721815
      vertex 0.4 -17.677483182341934 13.179711762656368
    endloop
  endfacet
  facet normal 0 -0.6494480483301872 0.7604059656000279
    outer loop
      vertex 8 -17.584029120137867 13.251421586721815
      vertex 8 -17.49445613569257 13.327924142675863
      vertex 0.4 -17.584029120137867 13.251421586721815
    endloop
  endfacet
  facet normal 0 -0.6883545756937532 0.7253743710122885
    outer loop
      vertex 8 -17.49445613569257 13.327924142675863
      vertex 8 -17.40900974233027 13.409009742330268
      vertex 0.4 -17.49445613569257 13.327924142675863
    endloop
  endfacet
  facet normal 0 -0.7253743710122805 0.6883545756937616
    outer loop
      vertex 8 -17.40900974233027 13.409009742330268
      vertex 8 -17.32792414267586 13.49445613569257
      vertex 0.4 -17.40900974233027 13.409009742330268
    endloop
  endfacet
  facet normal 0 -0.760405965600029 0.6494480483301859
    outer loop
      vertex 8 -17.32792414267586 13.49445613569257
      vertex 8 -17.251421586721815 13.584029120137865
      vertex 0.4 -17.32792414267586 13.49445613569257
    endloop
  endfacet
  facet normal 0 -0.7933533402912382 0.6087614290087167
    outer loop
      vertex 8 -17.251421586721815 13.584029120137865
      vertex 8 -17.179711762656368 13.677483182341936
      vertex 0.4 -17.251421586721815 13.584029120137865
    endloop
  endfacet
  facet normal 0 -0.8241261886220103 0.5664062369248407
    outer loop
      vertex 8 -17.179711762656368 13.677483182341936
      vertex 8 -17.112991222122794 13.77456217121619
      vertex 0.4 -17.179711762656368 13.677483182341936
    endloop
  endfacet
  facet normal 0 -0.8526401643540991 0.5224985647159378
    outer loop
      vertex 8 -17.112991222122794 13.77456217121619
      vertex 8 -17.051442841485013 13.875
      vertex 0.4 -17.112991222122794 13.77456217121619
    endloop
  endfacet
  facet normal 0 -0.8788171126619613 0.4771587602596161
    outer loop
      vertex 8 -17.051442841485013 13.875
      vertex 8 -16.99523532057617 13.97852137558602
      vertex 0.4 -17.051442841485013 13.875
    endloop
  endfacet
  facet normal 0 -0.9025852843498696 0.4305110968082762
    outer loop
      vertex 8 -16.99523532057617 13.97852137558602
      vertex 8 -16.94452272030415 14.084842553079449
      vertex 0.4 -16.99523532057617 13.97852137558602
    endloop
  endfacet
  facet normal 0 -0.9238795325112864 0.38268343236509056
    outer loop
      vertex 8 -16.94452272030415 14.084842553079449
      vertex 8 -16.899444040381297 14.193672113523075
      vertex 0.4 -16.94452272030415 14.084842553079449
    endloop
  endfacet
  facet normal 0 -0.9426414910921735 0.33380685923378467
    outer loop
      vertex 8 -16.899444040381297 14.193672113523075
      vertex 8 -16.860122838335904 14.304711762656368
      vertex 0.4 -16.899444040381297 14.193672113523075
    endloop
  endfacet
  facet normal 0 -0.9588197348681897 0.2840153447039341
    outer loop
      vertex 8 -16.860122838335904 14.304711762656368
      vertex 8 -16.826666890849594 14.417657148519329
      vertex 0.4 -16.860122838335904 14.304711762656368
    endloop
  endfacet
  facet normal 0 -0.9723699203976797 0.2334453638558927
    outer loop
      vertex 8 -16.826666890849594 14.417657148519329
      vertex 8 -16.799167898348937 14.53219869566004
      vertex 0.4 -16.826666890849594 14.417657148519329
    endloop
  endfacet
  facet normal 0 -0.9832549075639575 0.1822355254921324
    outer loop
      vertex 8 -16.799167898348937 14.53219869566004
      vertex 8 -16.77770123366094 14.64802245365948
      vertex 0.4 -16.799167898348937 14.53219869566004
    endloop
  endfacet
  facet normal 0 -0.9914448613738086 0.13052619222006553
    outer loop
      vertex 8 -16.77770123366094 14.64802245365948
      vertex 8 -16.762325735421385 14.76481095764778
      vertex 0.4 -16.77770123366094 14.64802245365948
    endloop
  endfacet
  facet normal 0 -0.9969173337331282 0.0784590957278416
    outer loop
      vertex 8 -16.762325735421385 14.76481095764778
      vertex 8 -16.75308354680221 14.882244098453377
      vertex 0.4 -16.762325735421385 14.76481095764778
    endloop
  endfacet
  facet normal 0 -0.9996573249755573 0.02617694830787525
    outer loop
      vertex 8 -16.75308354680221 14.882244098453377
      vertex 8 -16.75 15
      vertex 0.4 -16.75308354680221 14.882244098453377
    endloop
  endfacet
  facet normal 0 -0.13052619222006553 -0.9914448613738086
    outer loop
      vertex 8 -18.76481095764778 17.237674264578615
      vertex 0.4 -18.76481095764778 17.237674264578615
      vertex 0.4 -18.64802245365948 17.22229876633906
    endloop
  endfacet
  facet normal 0 -0.18223552549213778 -0.9832549075639564
    outer loop
      vertex 8 -18.64802245365948 17.22229876633906
      vertex 0.4 -18.64802245365948 17.22229876633906
      vertex 0.4 -18.532198695660043 17.200832101651063
    endloop
  endfacet
  facet normal 0 -0.2840153447039341 -0.9588197348681897
    outer loop
      vertex 8 -18.41765714851933 17.173333109150406
      vertex 0.4 -18.41765714851933 17.173333109150406
      vertex 0.4 -18.304711762656368 17.139877161664096
    endloop
  endfacet
  facet normal 0 -0.23344536385588927 -0.9723699203976804
    outer loop
      vertex 8 -18.532198695660043 17.200832101651063
      vertex 0.4 -18.532198695660043 17.200832101651063
      vertex 0.4 -18.41765714851933 17.173333109150406
    endloop
  endfacet
  facet normal 0 -0.33380685923378467 -0.9426414910921735
    outer loop
      vertex 8 -18.304711762656368 17.139877161664096
      vertex 0.4 -18.304711762656368 17.139877161664096
      vertex 0.4 -18.193672113523075 17.100555959618703
    endloop
  endfacet
  facet normal 0 -0.3826834323650959 -0.9238795325112842
    outer loop
      vertex 8 -18.193672113523075 17.100555959618703
      vertex 0.4 -18.193672113523075 17.100555959618703
      vertex 0.4 -18.08484255307945 17.05547727969585
    endloop
  endfacet
  facet normal 0 -0.43051109680827043 -0.9025852843498724
    outer loop
      vertex 8 -18.08484255307945 17.05547727969585
      vertex 0.4 -18.08484255307945 17.05547727969585
      vertex 0.4 -17.97852137558602 17.00476467942383
    endloop
  endfacet
  facet normal 0 -0.5664062369248336 -0.824126188622015
    outer loop
      vertex 8 -17.77456217121619 16.887008777877206
      vertex 0.4 -17.77456217121619 16.887008777877206
      vertex 0.4 -17.677483182341934 16.820288237343632
    endloop
  endfacet
  facet normal 0 -0.6087614290087312 -0.7933533402912271
    outer loop
      vertex 8 -17.677483182341934 16.820288237343632
      vertex 0.4 -17.677483182341934 16.820288237343632
      vertex 0.4 -17.584029120137867 16.748578413278185
    endloop
  endfacet
  facet normal 0 -0.4771587602596161 -0.8788171126619613
    outer loop
      vertex 8 -17.97852137558602 17.00476467942383
      vertex 0.4 -17.97852137558602 17.00476467942383
      vertex 0.4 -17.875 16.948557158514987
    endloop
  endfacet
  facet normal 0 -0.5224985647159378 -0.8526401643540991
    outer loop
      vertex 8 -17.875 16.948557158514987
      vertex 0.4 -17.875 16.948557158514987
      vertex 0.4 -17.77456217121619 16.887008777877206
    endloop
  endfacet
  facet normal 0 -0.6494480483301784 -0.7604059656000354
    outer loop
      vertex 8 -17.584029120137867 16.748578413278185
      vertex 0.4 -17.584029120137867 16.748578413278185
      vertex 0.4 -17.49445613569257 16.67207585732414
    endloop
  endfacet
  facet normal 0 -0.6883545756937691 -0.7253743710122733
    outer loop
      vertex 8 -17.49445613569257 16.67207585732414
      vertex 0.4 -17.49445613569257 16.67207585732414
      vertex 0.4 -17.40900974233027 16.59099025766973
    endloop
  endfacet
  facet normal 0 -0.7604059656000354 -0.6494480483301784
    outer loop
      vertex 8 -17.32792414267586 16.50554386430743
      vertex 0.4 -17.32792414267586 16.50554386430743
      vertex 0.4 -17.251421586721815 16.415970879862133
    endloop
  endfacet
  facet normal 0 -0.7933533402912271 -0.6087614290087312
    outer loop
      vertex 8 -17.251421586721815 16.415970879862133
      vertex 0.4 -17.251421586721815 16.415970879862133
      vertex 0.4 -17.179711762656368 16.322516817658066
    endloop
  endfacet
  facet normal 0 -0.7253743710122733 -0.6883545756937691
    outer loop
      vertex 8 -17.40900974233027 16.59099025766973
      vertex 0.4 -17.40900974233027 16.59099025766973
      vertex 0.4 -17.32792414267586 16.50554386430743
    endloop
  endfacet
  facet normal 0 -0.9723699203976797 -0.2334453638558927
    outer loop
      vertex 8 -16.826666890849594 15.582342851480671
      vertex 0.4 -16.826666890849594 15.582342851480671
      vertex 0.4 -16.799167898348937 15.46780130433996
    endloop
  endfacet
  facet normal 0 -0.8526401643540991 -0.5224985647159378
    outer loop
      vertex 8 -17.112991222122794 16.22543782878381
      vertex 0.4 -17.112991222122794 16.22543782878381
      vertex 0.4 -17.051442841485013 16.125
    endloop
  endfacet
  facet normal 0 -0.8788171126619613 -0.4771587602596161
    outer loop
      vertex 8 -17.051442841485013 16.125
      vertex 0.4 -17.051442841485013 16.125
      vertex 0.4 -16.99523532057617 16.02147862441398
    endloop
  endfacet
  facet normal 0 -0.9238795325112864 -0.38268343236509056
    outer loop
      vertex 8 -16.94452272030415 15.915157446920551
      vertex 0.4 -16.94452272030415 15.915157446920551
      vertex 0.4 -16.899444040381297 15.806327886476925
    endloop
  endfacet
  facet normal 0 -0.9588197348681897 -0.2840153447039341
    outer loop
      vertex 8 -16.860122838335904 15.695288237343632
      vertex 0.4 -16.860122838335904 15.695288237343632
      vertex 0.4 -16.826666890849594 15.582342851480671
    endloop
  endfacet
  facet normal 0 -0.9426414910921735 -0.33380685923378467
    outer loop
      vertex 8 -16.899444040381297 15.806327886476925
      vertex 0.4 -16.899444040381297 15.806327886476925
      vertex 0.4 -16.860122838335904 15.695288237343632
    endloop
  endfacet
  facet normal 0 -0.9025852843498696 -0.4305110968082762
    outer loop
      vertex 8 -16.99523532057617 16.02147862441398
      vertex 0.4 -16.99523532057617 16.02147862441398
      vertex 0.4 -16.94452272030415 15.915157446920551
    endloop
  endfacet
  facet normal 0 -0.9996573249755573 -0.02617694830787525
    outer loop
      vertex 8 -16.75308354680221 15.117755901546623
      vertex 0.4 -16.75308354680221 15.117755901546623
      vertex 0.4 -16.75 15
    endloop
  endfacet
  facet normal 0 -0.9969173337331282 -0.0784590957278416
    outer loop
      vertex 8 -16.762325735421385 15.23518904235222
      vertex 0.4 -16.762325735421385 15.23518904235222
      vertex 0.4 -16.75308354680221 15.117755901546623
    endloop
  endfacet
  facet normal 0 -0.9914448613738086 -0.13052619222006553
    outer loop
      vertex 8 -16.77770123366094 15.35197754634052
      vertex 0.4 -16.77770123366094 15.35197754634052
      vertex 0.4 -16.762325735421385 15.23518904235222
    endloop
  endfacet
  facet normal 0 -0.9832549075639575 -0.1822355254921324
    outer loop
      vertex 8 -16.799167898348937 15.46780130433996
      vertex 0.4 -16.799167898348937 15.46780130433996
      vertex 0.4 -16.77770123366094 15.35197754634052
    endloop
  endfacet
  facet normal 0 -0.824126188622015 -0.5664062369248336
    outer loop
      vertex 8 -17.179711762656368 16.322516817658066
      vertex 0.4 -17.179711762656368 16.322516817658066
      vertex 0.4 -17.112991222122794 16.22543782878381
    endloop
  endfacet
  facet normal 4.2427013461150393e-20 -0.13052619222006553 -0.9914448613738086
    outer loop
      vertex 8 -18.76481095764778 17.237674264578615
      vertex 0.4 -18.64802245365948 17.22229876633906
      vertex 8 -18.64802245365948 17.22229876633906
    endloop
  endfacet
  facet normal -1.1039939749891164e-19 -0.18223552549213778 -0.9832549075639564
    outer loop
      vertex 8 -18.64802245365948 17.22229876633906
      vertex 0.4 -18.532198695660043 17.200832101651063
      vertex 8 -18.532198695660043 17.200832101651063
    endloop
  endfacet
  facet normal 0 -0.23344536385588927 -0.9723699203976804
    outer loop
      vertex 8 -18.41765714851933 17.173333109150406
      vertex 8 -18.532198695660043 17.200832101651063
      vertex 0.4 -18.41765714851933 17.173333109150406
    endloop
  endfacet
  facet normal 6.219881366035082e-20 -0.2840153447039341 -0.9588197348681897
    outer loop
      vertex 8 -18.41765714851933 17.173333109150406
      vertex 0.4 -18.304711762656368 17.139877161664096
      vertex 8 -18.304711762656368 17.139877161664096
    endloop
  endfacet
  facet normal -4.50721692523357e-19 -0.33380685923378467 -0.9426414910921735
    outer loop
      vertex 8 -18.304711762656368 17.139877161664096
      vertex 0.4 -18.193672113523075 17.100555959618703
      vertex 8 -18.193672113523075 17.100555959618703
    endloop
  endfacet
  facet normal 4.015341131252602e-19 -0.3826834323650959 -0.9238795325112842
    outer loop
      vertex 8 -18.193672113523075 17.100555959618703
      vertex 0.4 -18.08484255307945 17.05547727969585
      vertex 8 -18.08484255307945 17.05547727969585
    endloop
  endfacet
  facet normal -1.9090351097007275e-19 -0.43051109680827043 -0.9025852843498724
    outer loop
      vertex 8 -18.08484255307945 17.05547727969585
      vertex 0.4 -17.97852137558602 17.00476467942383
      vertex 8 -17.97852137558602 17.00476467942383
    endloop
  endfacet
  facet normal 0 -0.5664062369248336 -0.824126188622015
    outer loop
      vertex 8 -17.677483182341934 16.820288237343632
      vertex 8 -17.77456217121619 16.887008777877206
      vertex 0.4 -17.677483182341934 16.820288237343632
    endloop
  endfacet
  facet normal -1.6222152618456276e-19 -0.6087614290087312 -0.7933533402912271
    outer loop
      vertex 8 -17.677483182341934 16.820288237343632
      vertex 0.4 -17.584029120137867 16.748578413278185
      vertex 8 -17.584029120137867 16.748578413278185
    endloop
  endfacet
  facet normal -3.0543058136285643e-19 -0.4771587602596161 -0.8788171126619613
    outer loop
      vertex 8 -17.97852137558602 17.00476467942383
      vertex 0.4 -17.875 16.948557158514987
      vertex 8 -17.875 16.948557158514987
    endloop
  endfacet
  facet normal -2.283889288458602e-19 -0.5224985647159378 -0.8526401643540991
    outer loop
      vertex 8 -17.875 16.948557158514987
      vertex 0.4 -17.77456217121619 16.887008777877206
      vertex 8 -17.77456217121619 16.887008777877206
    endloop
  endfacet
  facet normal -1.4447834207101083e-19 -0.6494480483301784 -0.7604059656000354
    outer loop
      vertex 8 -17.584029120137867 16.748578413278185
      vertex 0.4 -17.49445613569257 16.67207585732414
      vertex 8 -17.49445613569257 16.67207585732414
    endloop
  endfacet
  facet normal -2.604632504606131e-19 -0.6883545756937691 -0.7253743710122733
    outer loop
      vertex 8 -17.49445613569257 16.67207585732414
      vertex 0.4 -17.40900974233027 16.59099025766973
      vertex 8 -17.40900974233027 16.59099025766973
    endloop
  endfacet
  facet normal -2.604632504606131e-19 -0.7253743710122733 -0.6883545756937691
    outer loop
      vertex 8 -17.40900974233027 16.59099025766973
      vertex 0.4 -17.32792414267586 16.50554386430743
      vertex 8 -17.32792414267586 16.50554386430743
    endloop
  endfacet
  facet normal -1.6222152618456276e-19 -0.7933533402912271 -0.6087614290087312
    outer loop
      vertex 8 -17.251421586721815 16.415970879862133
      vertex 0.4 -17.179711762656368 16.322516817658066
      vertex 8 -17.179711762656368 16.322516817658066
    endloop
  endfacet
  facet normal -1.4447834207101083e-19 -0.7604059656000354 -0.6494480483301784
    outer loop
      vertex 8 -17.32792414267586 16.50554386430743
      vertex 0.4 -17.251421586721815 16.415970879862133
      vertex 8 -17.251421586721815 16.415970879862133
    endloop
  endfacet
  facet normal 0 -0.9723699203976797 -0.2334453638558927
    outer loop
      vertex 8 -16.799167898348937 15.46780130433996
      vertex 8 -16.826666890849594 15.582342851480671
      vertex 0.4 -16.799167898348937 15.46780130433996
    endloop
  endfacet
  facet normal 0 -0.9588197348681897 -0.2840153447039341
    outer loop
      vertex 8 -16.826666890849594 15.582342851480671
      vertex 8 -16.860122838335904 15.695288237343632
      vertex 0.4 -16.826666890849594 15.582342851480671
    endloop
  endfacet
  facet normal 0 -0.8788171126619613 -0.4771587602596161
    outer loop
      vertex 8 -16.99523532057617 16.02147862441398
      vertex 8 -17.051442841485013 16.125
      vertex 0.4 -16.99523532057617 16.02147862441398
    endloop
  endfacet
  facet normal -2.283889288458602e-19 -0.8526401643540991 -0.5224985647159378
    outer loop
      vertex 8 -17.112991222122794 16.22543782878381
      vertex 0.4 -17.051442841485013 16.125
      vertex 8 -17.051442841485013 16.125
    endloop
  endfacet
  facet normal 9.040203900880359e-20 -0.9238795325112864 -0.38268343236509056
    outer loop
      vertex 8 -16.94452272030415 15.915157446920551
      vertex 0.4 -16.899444040381297 15.806327886476925
      vertex 8 -16.899444040381297 15.806327886476925
    endloop
  endfacet
  facet normal -4.50721692523357e-19 -0.9426414910921735 -0.33380685923378467
    outer loop
      vertex 8 -16.899444040381297 15.806327886476925
      vertex 0.4 -16.860122838335904 15.695288237343632
      vertex 8 -16.860122838335904 15.695288237343632
    endloop
  endfacet
  facet normal -3.2711819010772937e-19 -0.9025852843498696 -0.4305110968082762
    outer loop
      vertex 8 -16.99523532057617 16.02147862441398
      vertex 0.4 -16.94452272030415 15.915157446920551
      vertex 8 -16.94452272030415 15.915157446920551
    endloop
  endfacet
  facet normal 0 -0.9996573249755573 -0.02617694830787525
    outer loop
      vertex 8 -16.75 15
      vertex 8 -16.75308354680221 15.117755901546623
      vertex 0.4 -16.75 15
    endloop
  endfacet
  facet normal 0 -0.9969173337331282 -0.0784590957278416
    outer loop
      vertex 8 -16.75308354680221 15.117755901546623
      vertex 8 -16.762325735421385 15.23518904235222
      vertex 0.4 -16.75308354680221 15.117755901546623
    endloop
  endfacet
  facet normal 0 -0.9914448613738086 -0.13052619222006553
    outer loop
      vertex 8 -16.762325735421385 15.23518904235222
      vertex 8 -16.77770123366094 15.35197754634052
      vertex 0.4 -16.762325735421385 15.23518904235222
    endloop
  endfacet
  facet normal -4.011785267279111e-20 -0.9832549075639575 -0.1822355254921324
    outer loop
      vertex 8 -16.799167898348937 15.46780130433996
      vertex 0.4 -16.77770123366094 15.35197754634052
      vertex 8 -16.77770123366094 15.35197754634052
    endloop
  endfacet
  facet normal 0 -0.824126188622015 -0.5664062369248336
    outer loop
      vertex 8 -17.112991222122794 16.22543782878381
      vertex 8 -17.179711762656368 16.322516817658066
      vertex 0.4 -17.112991222122794 16.22543782878381
    endloop
  endfacet
  facet normal -1 0 0
    outer loop
      vertex 0.4 -16.860122838335904 14.304711762656368
      vertex 0.4 -10.189525631372323 30
      vertex 0.4 -16.899444040381297 14.193672113523075
    endloop
  endfacet
  facet normal -1 0 0
    outer loop
      vertex 0.4 -16.826666890849594 14.417657148519329
      vertex 0.4 -10.189525631372323 30
      vertex 0.4 -16.860122838335904 14.304711762656368
    endloop
  endfacet
  facet normal -1 0 0
    outer loop
      vertex 0.4 -16.799167898348937 14.53219869566004
      vertex 0.4 -10.189525631372323 30
      vertex 0.4 -16.826666890849594 14.417657148519329
    endloop
  endfacet
  facet normal -1 0 0
    outer loop
      vertex 0.4 -16.77770123366094 14.64802245365948
      vertex 0.4 -10.189525631372323 30
      vertex 0.4 -16.799167898348937 14.53219869566004
    endloop
  endfacet
  facet normal -1 0 0
    outer loop
      vertex 0.4 -16.762325735421385 14.76481095764778
      vertex 0.4 -10.189525631372323 30
      vertex 0.4 -16.77770123366094 14.64802245365948
    endloop
  endfacet
  facet normal -1 0 0
    outer loop
      vertex 0.4 -16.75308354680221 14.882244098453377
      vertex 0.4 -10.189525631372323 30
      vertex 0.4 -16.762325735421385 14.76481095764778
    endloop
  endfacet
  facet normal -1 0 0
    outer loop
      vertex 0.4 -16.75 15
      vertex 0.4 -10.189525631372323 30
      vertex 0.4 -16.75308354680221 14.882244098453377
    endloop
  endfacet
  facet normal 0.9996573252035448 0.026176939601381188 0
    outer loop
      vertex 8 -16 0
      vertex 7.995888605713844 -15.842992134392262 0
      vertex 8 -16 30
    endloop
  endfacet
  facet normal 0.9969173342738785 0.07845908885695775 0
    outer loop
      vertex 7.995888605713844 -15.842992134392262 0
      vertex 7.98356568813324 -15.68641460686922 0
      vertex 7.995888605713844 -15.842992134392262 30
    endloop
  endfacet
  facet normal 0.991444858128 0.13052621687442656 0
    outer loop
      vertex 7.98356568813324 -15.68641460686922 0
      vertex 7.963065020740032 -15.530696608126163 0
      vertex 7.98356568813324 -15.68641460686922 30
    endloop
  endfacet
  facet normal 1 0 0
    outer loop
      vertex 8 -16 0
      vertex 8 -16 30
      vertex 8 -16.75308354680221 14.882244098453377
    endloop
  endfacet
  facet normal 1 0 0
    outer loop
      vertex 8 -16.75308354680221 14.882244098453377
      vertex 8 -16 30
      vertex 8 -16.75 15
    endloop
  endfacet
  facet normal 0.9426414928622097 0.3338068542353568 0
    outer loop
      vertex 7.853169545531273 -15.072949014604092 0
      vertex 7.8007412776350975 -14.924896150827408 0
      vertex 7.853169545531273 -15.072949014604092 30
    endloop
  endfacet
  facet normal 0.92387952935444 0.38268343998639204 0
    outer loop
      vertex 7.8007412776350975 -14.924896150827408 0
      vertex 7.740636371076107 -14.779790073633194 0
      vertex 7.8007412776350975 -14.924896150827408 30
    endloop
  endfacet
  facet normal 0.9025852916253637 0.4305110815548853 0
    outer loop
      vertex 7.740636371076107 -14.779790073633194 0
      vertex 7.673019573092461 -14.638028502464294 0
      vertex 7.740636371076107 -14.779790073633194 30
    endloop
  endfacet
  facet normal 0.8788171085477189 0.4771587678371079 0
    outer loop
      vertex 7.673019573092461 -14.638028502464294 0
      vertex 7.598076209425926 -14.5 0
      vertex 7.673019573092461 -14.638028502464294 30
    endloop
  endfacet
  facet normal 0.8526401856157652 0.5224985300200504 0
    outer loop
      vertex 7.516011707484722 -14.366082891821861 0
      vertex 7.598076209425926 -14.5 30
      vertex 7.598076209425926 -14.5 0
    endloop
  endfacet
  facet normal 0.7933533398941722 0.6087614295261832 -1.0648659879258855e-20
    outer loop
      vertex 7.427050985395908 -14.236644245684147 0
      vertex 7.3895942845617615 -14.187829722840089 0
      vertex 7.3895942845617615 -14.187829722840089 30
    endloop
  endfacet
  facet normal 0.8241261728965004 0.5664062598055991 0
    outer loop
      vertex 7.516011707484722 -14.366082891821861 0
      vertex 7.427050985395908 -14.236644245684147 0
      vertex 7.516011707484722 -14.366082891821861 30
    endloop
  endfacet
  facet normal 0.47715876025961057 -0.8788171126619642 0
    outer loop
      vertex 7.3895942845617615 -14.187829722840089 0
      vertex 8 -13.856406460551018 0
      vertex 7.3895942845617615 -14.187829722840089 30
    endloop
  endfacet
  facet normal 0.9832549101845729 0.18223551135255572 0
    outer loop
      vertex 7.963065020740032 -15.530696608126163 0
      vertex 7.934442803263664 -15.376264929771423 0
      vertex 7.963065020740032 -15.530696608126163 30
    endloop
  endfacet
  facet normal 0.9723699157063979 0.23344538339648674 0
    outer loop
      vertex 7.934442803263664 -15.376264929771423 0
      vertex 7.89777747541666 -15.223542861640453 0
      vertex 7.934442803263664 -15.376264929771423 30
    endloop
  endfacet
  facet normal 0.9588197346341911 0.28401534549389984 0
    outer loop
      vertex 7.89777747541666 -15.223542861640453 0
      vertex 7.853169545531273 -15.072949014604092 0
      vertex 7.89777747541666 -15.223542861640453 30
    endloop
  endfacet
  facet normal 0.5224985647159479 -0.8526401643540928 5.32772705634627e-19
    outer loop
      vertex 8 -13.856406460551018 0
      vertex 8.714224560240433 -13.418729087126785 0
      vertex 8.714224560240433 -13.418729087126785 30
    endloop
  endfacet
  facet normal 0.5664062369248327 -0.8241261886220158 2.5622194938328465e-19
    outer loop
      vertex 8.714224560240433 -13.418729087126785 0
      vertex 9.40456403667957 -12.94427190999916 0
      vertex 9.40456403667957 -12.94427190999916 30
    endloop
  endfacet
  facet normal 0.6087614290087213 -0.7933533402912346 7.5502154235298205e-19
    outer loop
      vertex 9.40456403667957 -12.94427190999916 0
      vertex 10.069126256797398 -12.434335383311534 0
      vertex 10.069126256797398 -12.434335383311534 30
    endloop
  endfacet
  facet normal 0 -1 0
    outer loop
      vertex 5 -25 30
      vertex 0.4 -25 30
      vertex 0.4 -25 0
    endloop
  endfacet
  facet normal -1 0 0
    outer loop
      vertex 0.4 -21.24691645319779 15.117755901546623
      vertex 0.4 -25 30
      vertex 0.4 -21.237674264578615 15.23518904235222
    endloop
  endfacet
  facet normal -1 0 0
    outer loop
      vertex 0.4 -21.237674264578615 15.23518904235222
      vertex 0.4 -25 30
      vertex 0.4 -21.22229876633906 15.35197754634052
    endloop
  endfacet
  facet normal -1 0 0
    outer loop
      vertex 0.4 -21.22229876633906 15.35197754634052
      vertex 0.4 -25 30
      vertex 0.4 -21.200832101651063 15.46780130433996
    endloop
  endfacet
  facet normal -1 0 0
    outer loop
      vertex 0.4 -21.200832101651063 15.46780130433996
      vertex 0.4 -25 30
      vertex 0.4 -21.173333109150406 15.582342851480671
    endloop
  endfacet
  facet normal -1 0 0
    outer loop
      vertex 0.4 -21.173333109150406 15.582342851480671
      vertex 0.4 -25 30
      vertex 0.4 -21.139877161664096 15.695288237343632
    endloop
  endfacet
  facet normal -1 0 0
    outer loop
      vertex 0.4 -21.139877161664096 15.695288237343632
      vertex 0.4 -25 30
      vertex 0.4 -21.100555959618703 15.806327886476925
    endloop
  endfacet
  facet normal -1 0 0
    outer loop
      vertex 0.4 -21.100555959618703 15.806327886476925
      vertex 0.4 -25 30
      vertex 0.4 -21.05547727969585 15.915157446920551
    endloop
  endfacet
  facet normal -1 0 0
    outer loop
      vertex 0.4 -21.05547727969585 15.915157446920551
      vertex 0.4 -25 30
      vertex 0.4 -21.00476467942383 16.02147862441398
    endloop
  endfacet
  facet normal -1 0 0
    outer loop
      vertex 0.4 -21.00476467942383 16.02147862441398
      vertex 0.4 -25 30
      vertex 0.4 -20.948557158514987 16.125
    endloop
  endfacet
  facet normal -1 0 0
    outer loop
      vertex 0.4 -20.948557158514987 16.125
      vertex 0.4 -25 30
      vertex 0.4 -20.887008777877206 16.22543782878381
    endloop
  endfacet
  facet normal -1 0 0
    outer loop
      vertex 0.4 -20.887008777877206 16.22543782878381
      vertex 0.4 -25 30
      vertex 0.4 -20.820288237343632 16.322516817658066
    endloop
  endfacet
  facet normal -1 0 0
    outer loop
      vertex 0.4 -20.820288237343632 16.322516817658066
      vertex 0.4 -25 30
      vertex 0.4 -20.748578413278185 16.415970879862133
    endloop
  endfacet
  facet normal -1 0 0
    outer loop
      vertex 0.4 -20.748578413278185 16.415970879862133
      vertex 0.4 -25 30
      vertex 0.4 -20.67207585732414 16.50554386430743
    endloop
  endfacet
  facet normal -1 0 0
    outer loop
      vertex 0.4 -20.67207585732414 16.50554386430743
      vertex 0.4 -25 30
      vertex 0.4 -20.59099025766973 16.59099025766973
    endloop
  endfacet
  facet normal -1 0 0
    outer loop
      vertex 0.4 -20.59099025766973 16.59099025766973
      vertex 0.4 -25 30
      vertex 0.4 -20.50554386430743 16.67207585732414
    endloop
  endfacet
  facet normal -1 0 0
    outer loop
      vertex 0.4 -20.50554386430743 16.67207585732414
      vertex 0.4 -25 30
      vertex 0.4 -20.415970879862133 16.748578413278185
    endloop
  endfacet
  facet normal -1 0 0
    outer loop
      vertex 0.4 -20.415970879862133 16.748578413278185
      vertex 0.4 -25 30
      vertex 0.4 -20.322516817658066 16.820288237343632
    endloop
  endfacet
  facet normal 0.026176939601381188 -0.9996573252035448 0
    outer loop
      vertex 5.1570078656077385 -24.995888605713844 0
      vertex 5.1570078656077385 -24.995888605713844 30
      vertex 5 -25 30
    endloop
  endfacet
  facet normal 0.07845908885695775 -0.9969173342738785 0
    outer loop
      vertex 5.313585393130779 -24.98356568813324 0
      vertex 5.313585393130779 -24.98356568813324 30
      vertex 5.1570078656077385 -24.995888605713844 30
    endloop
  endfacet
  facet normal 0.13052621687442656 -0.991444858128 0
    outer loop
      vertex 5.4693033918738365 -24.963065020740032 0
      vertex 5.4693033918738365 -24.963065020740032 30
      vertex 5.313585393130779 -24.98356568813324 30
    endloop
  endfacet
  facet normal 0.18223551135255572 -0.9832549101845729 0
    outer loop
      vertex 5.623735070228577 -24.934442803263664 0
      vertex 5.623735070228577 -24.934442803263664 30
      vertex 5.4693033918738365 -24.963065020740032 30
    endloop
  endfacet
  facet normal 0.23344538339648674 -0.9723699157063979 0
    outer loop
      vertex 5.776457138359547 -24.89777747541666 0
      vertex 5.776457138359547 -24.89777747541666 30
      vertex 5.623735070228577 -24.934442803263664 30
    endloop
  endfacet
  facet normal 0.28401534549389984 -0.9588197346341911 0
    outer loop
      vertex 5.927050985395908 -24.853169545531273 0
      vertex 5.927050985395908 -24.853169545531273 30
      vertex 5.776457138359547 -24.89777747541666 30
    endloop
  endfacet
  facet normal 0.3338068542353568 -0.9426414928622097 0
    outer loop
      vertex 6.075103849172592 -24.800741277635098 0
      vertex 6.075103849172592 -24.800741277635098 30
      vertex 5.927050985395908 -24.853169545531273 30
    endloop
  endfacet
  facet normal 0.38268343998639204 -0.92387952935444 0
    outer loop
      vertex 6.220209926366806 -24.740636371076107 0
      vertex 6.220209926366806 -24.740636371076107 30
      vertex 6.075103849172592 -24.800741277635098 30
    endloop
  endfacet
  facet normal 0.4305110815548853 -0.9025852916253637 0
    outer loop
      vertex 6.361971497535706 -24.67301957309246 0
      vertex 6.361971497535706 -24.67301957309246 30
      vertex 6.220209926366806 -24.740636371076107 30
    endloop
  endfacet
  facet normal -1 0 0
    outer loop
      vertex 0.4 -20.322516817658066 16.820288237343632
      vertex 0.4 -25 30
      vertex 0.4 -20.22543782878381 16.887008777877206
    endloop
  endfacet
  facet normal -1 0 0
    outer loop
      vertex 0.4 -20.22543782878381 16.887008777877206
      vertex 0.4 -25 30
      vertex 0.4 -20.125 16.948557158514987
    endloop
  endfacet
  facet normal -1 0 0
    outer loop
      vertex 0.4 -20.125 16.948557158514987
      vertex 0.4 -25 30
      vertex 0.4 -20.02147862441398 17.00476467942383
    endloop
  endfacet
  facet normal -1 0 0
    outer loop
      vertex 0.4 -20.02147862441398 17.00476467942383
      vertex 0.4 -25 30
      vertex 0.4 -19.91515744692055 17.05547727969585
    endloop
  endfacet
  facet normal -1 0 0
    outer loop
      vertex 0.4 -19.91515744692055 17.05547727969585
      vertex 0.4 -25 30
      vertex 0.4 -19.806327886476925 17.100555959618703
    endloop
  endfacet
  facet normal -1 0 0
    outer loop
      vertex 0.4 -19.806327886476925 17.100555959618703
      vertex 0.4 -25 30
      vertex 0.4 -19.695288237343632 17.139877161664096
    endloop
  endfacet
  facet normal -1 0 0
    outer loop
      vertex 0.4 -19.695288237343632 17.139877161664096
      vertex 0.4 -25 30
      vertex 0.4 -19.58234285148067 17.173333109150406
    endloop
  endfacet
  facet normal -1 0 0
    outer loop
      vertex 0.4 -19.58234285148067 17.173333109150406
      vertex 0.4 -25 30
      vertex 0.4 -19.467801304339957 17.200832101651063
    endloop
  endfacet
  facet normal -1 0 0
    outer loop
      vertex 0.4 -19.467801304339957 17.200832101651063
      vertex 0.4 -25 30
      vertex 0.4 -19.35197754634052 17.22229876633906
    endloop
  endfacet
  facet normal -1 0 0
    outer loop
      vertex 0.4 -19.35197754634052 17.22229876633906
      vertex 0.4 -25 30
      vertex 0.4 -19.23518904235222 17.237674264578615
    endloop
  endfacet
  facet normal -1 0 0
    outer loop
      vertex 0.4 -19.23518904235222 17.237674264578615
      vertex 0.4 -25 30
      vertex 0.4 -19.117755901546623 17.24691645319779
    endloop
  endfacet
  facet normal -1 0 0
    outer loop
      vertex 0.4 -19.117755901546623 17.24691645319779
      vertex 0.4 -25 30
      vertex 0.4 -19 17.25
    endloop
  endfacet
  facet normal -1 0 0
    outer loop
      vertex 0.4 -19 17.25
      vertex 0.4 -25 30
      vertex 0.4 -18.882244098453377 17.24691645319779
    endloop
  endfacet
  facet normal -1 0 0
    outer loop
      vertex 0.4 -18.882244098453377 17.24691645319779
      vertex 0.4 -25 30
      vertex 0.4 -18.76481095764778 17.237674264578615
    endloop
  endfacet
  facet normal -1 0 0
    outer loop
      vertex 0.4 -18.76481095764778 17.237674264578615
      vertex 0.4 -25 30
      vertex 0.4 -18.64802245365948 17.22229876633906
    endloop
  endfacet
  facet normal -1 0 0
    outer loop
      vertex 0.4 -18.64802245365948 17.22229876633906
      vertex 0.4 -25 30
      vertex 0.4 -18.532198695660043 17.200832101651063
    endloop
  endfacet
  facet normal -1 0 0
    outer loop
      vertex 0.4 -18.532198695660043 17.200832101651063
      vertex 0.4 -25 30
      vertex 0.4 -18.41765714851933 17.173333109150406
    endloop
  endfacet
  facet normal -1 0 0
    outer loop
      vertex 0.4 -18.41765714851933 17.173333109150406
      vertex 0.4 -25 30
      vertex 0.4 -18.304711762656368 17.139877161664096
    endloop
  endfacet
  facet normal -1 0 0
    outer loop
      vertex 0.4 -18.193672113523075 17.100555959618703
      vertex 0.4 -25 30
      vertex 0.4 -18.08484255307945 17.05547727969585
    endloop
  endfacet
  facet normal -1 0 0
    outer loop
      vertex 0.4 -18.304711762656368 17.139877161664096
      vertex 0.4 -25 30
      vertex 0.4 -18.193672113523075 17.100555959618703
    endloop
  endfacet
  facet normal -1 0 0
    outer loop
      vertex 0.4 -18.08484255307945 17.05547727969585
      vertex 0.4 -25 30
      vertex 0.4 -17.97852137558602 17.00476467942383
    endloop
  endfacet
  facet normal -1 0 0
    outer loop
      vertex 0.4 -17.77456217121619 16.887008777877206
      vertex 0.4 -25 30
      vertex 0.4 -17.677483182341934 16.820288237343632
    endloop
  endfacet
  facet normal -1 0 0
    outer loop
      vertex 0.4 -17.677483182341934 16.820288237343632
      vertex 0.4 -25 30
      vertex 0.4 -17.584029120137867 16.748578413278185
    endloop
  endfacet
  facet normal -1 0 0
    outer loop
      vertex 0.4 -17.97852137558602 17.00476467942383
      vertex 0.4 -25 30
      vertex 0.4 -17.875 16.948557158514987
    endloop
  endfacet
  facet normal -1 0 0
    outer loop
      vertex 0.4 -17.875 16.948557158514987
      vertex 0.4 -25 30
      vertex 0.4 -17.77456217121619 16.887008777877206
    endloop
  endfacet
  facet normal 0.4771587678371079 -0.8788171085477189 0
    outer loop
      vertex 6.5 -24.598076209425926 0
      vertex 6.5 -24.598076209425926 30
      vertex 6.361971497535706 -24.67301957309246 30
    endloop
  endfacet
  facet normal 0.5224985300200504 -0.8526401856157652 0
    outer loop
      vertex 6.633917108178139 -24.516011707484722 0
      vertex 6.633917108178139 -24.516011707484722 30
      vertex 6.5 -24.598076209425926 30
    endloop
  endfacet
  facet normal 0.5664062598055991 -0.8241261728965004 0
    outer loop
      vertex 6.763355754315853 -24.42705098539591 0
      vertex 6.763355754315853 -24.42705098539591 30
      vertex 6.633917108178139 -24.516011707484722 30
    endloop
  endfacet
  facet normal 0.608761429526179 -0.7933533398941754 0
    outer loop
      vertex 6.88796117156744 -24.33143788576126 0
      vertex 6.88796117156744 -24.33143788576126 30
      vertex 6.763355754315853 -24.42705098539591 30
    endloop
  endfacet
  facet normal 0.6494480564332595 -0.7604059586793502 0
    outer loop
      vertex 7.007391817867756 -24.229434475302696 0
      vertex 7.007391817867756 -24.229434475302696 30
      vertex 6.88796117156744 -24.33143788576126 30
    endloop
  endfacet
  facet normal 0.6883545618769452 -0.7253743841239492 0
    outer loop
      vertex 7.121320344507694 -24.121320344507694 0
      vertex 7.121320344507694 -24.121320344507694 30
      vertex 7.007391817867756 -24.229434475302696 30
    endloop
  endfacet
  facet normal 0.7253743841239492 -0.6883545618769452 0
    outer loop
      vertex 7.229434475302696 -24.007391817867756 0
      vertex 7.229434475302696 -24.007391817867756 30
      vertex 7.121320344507694 -24.121320344507694 30
    endloop
  endfacet
  facet normal 0.7604059586793502 -0.6494480564332595 0
    outer loop
      vertex 7.331437885761261 -23.88796117156744 0
      vertex 7.331437885761261 -23.88796117156744 30
      vertex 7.229434475302696 -24.007391817867756 30
    endloop
  endfacet
  facet normal 0.7933533398941754 -0.608761429526179 0
    outer loop
      vertex 7.427050985395908 -23.763355754315853 0
      vertex 7.427050985395908 -23.763355754315853 30
      vertex 7.331437885761261 -23.88796117156744 30
    endloop
  endfacet
  facet normal 0.8241261728965004 -0.5664062598055991 0
    outer loop
      vertex 7.516011707484722 -23.63391710817814 0
      vertex 7.516011707484722 -23.63391710817814 30
      vertex 7.427050985395908 -23.763355754315853 30
    endloop
  endfacet
  facet normal 0.8526401856157652 -0.5224985300200504 0
    outer loop
      vertex 7.598076209425926 -23.5 0
      vertex 7.598076209425926 -23.5 30
      vertex 7.516011707484722 -23.63391710817814 30
    endloop
  endfacet
  facet normal 0.8788171085477189 -0.4771587678371079 0
    outer loop
      vertex 7.673019573092461 -23.361971497535706 0
      vertex 7.673019573092461 -23.361971497535706 30
      vertex 7.598076209425926 -23.5 30
    endloop
  endfacet
  facet normal 0.9025852916253637 -0.4305110815548853 0
    outer loop
      vertex 7.740636371076107 -23.220209926366806 0
      vertex 7.740636371076107 -23.220209926366806 30
      vertex 7.673019573092461 -23.361971497535706 30
    endloop
  endfacet
  facet normal 0.92387952935444 -0.38268343998639204 0
    outer loop
      vertex 7.8007412776350975 -23.075103849172592 0
      vertex 7.8007412776350975 -23.075103849172592 30
      vertex 7.740636371076107 -23.220209926366806 30
    endloop
  endfacet
  facet normal 0.9426414928622097 -0.3338068542353568 0
    outer loop
      vertex 7.853169545531273 -22.92705098539591 0
      vertex 7.853169545531273 -22.92705098539591 30
      vertex 7.8007412776350975 -23.075103849172592 30
    endloop
  endfacet
  facet normal 0.9588197346341911 -0.28401534549389984 0
    outer loop
      vertex 7.89777747541666 -22.776457138359547 0
      vertex 7.89777747541666 -22.776457138359547 30
      vertex 7.853169545531273 -22.92705098539591 30
    endloop
  endfacet
  facet normal 0.9723699157063979 -0.23344538339648674 0
    outer loop
      vertex 7.934442803263664 -22.623735070228577 0
      vertex 7.934442803263664 -22.623735070228577 30
      vertex 7.89777747541666 -22.776457138359547 30
    endloop
  endfacet
  facet normal 0.9832549101845729 -0.18223551135255572 0
    outer loop
      vertex 7.963065020740032 -22.469303391873837 0
      vertex 7.963065020740032 -22.469303391873837 30
      vertex 7.934442803263664 -22.623735070228577 30
    endloop
  endfacet
  facet normal 0.991444858128 -0.13052621687442656 0
    outer loop
      vertex 7.98356568813324 -22.31358539313078 0
      vertex 7.98356568813324 -22.31358539313078 30
      vertex 7.963065020740032 -22.469303391873837 30
    endloop
  endfacet
  facet normal 0.9969173342738785 -0.07845908885695775 0
    outer loop
      vertex 7.995888605713844 -22.15700786560774 0
      vertex 7.995888605713844 -22.15700786560774 30
      vertex 7.98356568813324 -22.31358539313078 30
    endloop
  endfacet
  facet normal 0.9996573252035448 -0.026176939601381188 0
    outer loop
      vertex 8 -22 0
      vertex 8 -22 30
      vertex 7.995888605713844 -22.15700786560774 30
    endloop
  endfacet
  facet normal 1 0 0
    outer loop
      vertex 8 -21.24691645319779 15.117755901546623
      vertex 8 -21.237674264578615 15.23518904235222
      vertex 8 -22 30
    endloop
  endfacet
  facet normal 1 0 0
    outer loop
      vertex 8 -21.237674264578615 15.23518904235222
      vertex 8 -21.22229876633906 15.35197754634052
      vertex 8 -22 30
    endloop
  endfacet
  facet normal 1 0 0
    outer loop
      vertex 8 -21.22229876633906 15.35197754634052
      vertex 8 -21.200832101651063 15.46780130433996
      vertex 8 -22 30
    endloop
  endfacet
  facet normal 1 0 0
    outer loop
      vertex 8 -21.200832101651063 15.46780130433996
      vertex 8 -21.173333109150406 15.582342851480671
      vertex 8 -22 30
    endloop
  endfacet
  facet normal 1 0 0
    outer loop
      vertex 8 -21.173333109150406 15.582342851480671
      vertex 8 -21.139877161664096 15.695288237343632
      vertex 8 -22 30
    endloop
  endfacet
  facet normal 1 0 0
    outer loop
      vertex 8 -21.139877161664096 15.695288237343632
      vertex 8 -21.100555959618703 15.806327886476925
      vertex 8 -22 30
    endloop
  endfacet
  facet normal 1 0 0
    outer loop
      vertex 8 -21.100555959618703 15.806327886476925
      vertex 8 -21.05547727969585 15.915157446920551
      vertex 8 -22 30
    endloop
  endfacet
  facet normal 1 0 0
    outer loop
      vertex 8 -21.05547727969585 15.915157446920551
      vertex 8 -21.00476467942383 16.02147862441398
      vertex 8 -22 30
    endloop
  endfacet
  facet normal 1 0 0
    outer loop
      vertex 8 -21.00476467942383 16.02147862441398
      vertex 8 -20.948557158514987 16.125
      vertex 8 -22 30
    endloop
  endfacet
  facet normal 1 0 0
    outer loop
      vertex 8 -20.948557158514987 16.125
      vertex 8 -20.887008777877206 16.22543782878381
      vertex 8 -22 30
    endloop
  endfacet
  facet normal 1 0 0
    outer loop
      vertex 8 -20.887008777877206 16.22543782878381
      vertex 8 -20.820288237343632 16.322516817658066
      vertex 8 -22 30
    endloop
  endfacet
  facet normal 1 0 0
    outer loop
      vertex 8 -20.820288237343632 16.322516817658066
      vertex 8 -20.748578413278185 16.415970879862133
      vertex 8 -22 30
    endloop
  endfacet
  facet normal 1 0 0
    outer loop
      vertex 8 -20.748578413278185 16.415970879862133
      vertex 8 -20.67207585732414 16.50554386430743
      vertex 8 -22 30
    endloop
  endfacet
  facet normal 1 0 0
    outer loop
      vertex 8 -20.67207585732414 16.50554386430743
      vertex 8 -20.59099025766973 16.59099025766973
      vertex 8 -22 30
    endloop
  endfacet
  facet normal 1 0 0
    outer loop
      vertex 8 -20.59099025766973 16.59099025766973
      vertex 8 -20.50554386430743 16.67207585732414
      vertex 8 -22 30
    endloop
  endfacet
  facet normal 1 0 0
    outer loop
      vertex 8 -20.50554386430743 16.67207585732414
      vertex 8 -20.415970879862133 16.748578413278185
      vertex 8 -22 30
    endloop
  endfacet
  facet normal 1 0 0
    outer loop
      vertex 8 -20.415970879862133 16.748578413278185
      vertex 8 -20.322516817658066 16.820288237343632
      vertex 8 -22 30
    endloop
  endfacet
  facet normal 1 0 0
    outer loop
      vertex 8 -20.322516817658066 16.820288237343632
      vertex 8 -20.22543782878381 16.887008777877206
      vertex 8 -22 30
    endloop
  endfacet
  facet normal 1 0 0
    outer loop
      vertex 8 -20.22543782878381 16.887008777877206
      vertex 8 -20.125 16.948557158514987
      vertex 8 -22 30
    endloop
  endfacet
  facet normal 1 0 0
    outer loop
      vertex 8 -20.125 16.948557158514987
      vertex 8 -20.02147862441398 17.00476467942383
      vertex 8 -22 30
    endloop
  endfacet
  facet normal 1 0 0
    outer loop
      vertex 8 -20.02147862441398 17.00476467942383
      vertex 8 -19.91515744692055 17.05547727969585
      vertex 8 -22 30
    endloop
  endfacet
  facet normal 1 0 0
    outer loop
      vertex 8 -19.91515744692055 17.05547727969585
      vertex 8 -19.806327886476925 17.100555959618703
      vertex 8 -22 30
    endloop
  endfacet
  facet normal 1 0 0
    outer loop
      vertex 8 -19.806327886476925 17.100555959618703
      vertex 8 -19.695288237343632 17.139877161664096
      vertex 8 -22 30
    endloop
  endfacet
  facet normal 1 0 0
    outer loop
      vertex 8 -19.695288237343632 17.139877161664096
      vertex 8 -19.58234285148067 17.173333109150406
      vertex 8 -22 30
    endloop
  endfacet
  facet normal 1 0 0
    outer loop
      vertex 8 -19.58234285148067 17.173333109150406
      vertex 8 -19.467801304339957 17.200832101651063
      vertex 8 -22 30
    endloop
  endfacet
  facet normal 1 0 0
    outer loop
      vertex 8 -19.467801304339957 17.200832101651063
      vertex 8 -19.35197754634052 17.22229876633906
      vertex 8 -22 30
    endloop
  endfacet
  facet normal 1 0 0
    outer loop
      vertex 8 -19.35197754634052 17.22229876633906
      vertex 8 -16 30
      vertex 8 -22 30
    endloop
  endfacet
  facet normal 0 0 1
    outer loop
      vertex 5 -25 30
      vertex 5.313585393130779 -24.98356568813324 30
      vertex 0.4 -25 30
    endloop
  endfacet
  facet normal 0 0 1
    outer loop
      vertex 5.313585393130779 -24.98356568813324 30
      vertex 5.4693033918738365 -24.963065020740032 30
      vertex 0.4 -25 30
    endloop
  endfacet
  facet normal 0 0 1
    outer loop
      vertex 5.4693033918738365 -24.963065020740032 30
      vertex 5.623735070228577 -24.934442803263664 30
      vertex 0.4 -25 30
    endloop
  endfacet
  facet normal 0 0 1
    outer loop
      vertex 5.623735070228577 -24.934442803263664 30
      vertex 5.776457138359547 -24.89777747541666 30
      vertex 0.4 -25 30
    endloop
  endfacet
  facet normal 0 0 1
    outer loop
      vertex 5.776457138359547 -24.89777747541666 30
      vertex 5.927050985395908 -24.853169545531273 30
      vertex 0.4 -25 30
    endloop
  endfacet
  facet normal 0 0 1
    outer loop
      vertex 5.927050985395908 -24.853169545531273 30
      vertex 6.075103849172592 -24.800741277635098 30
      vertex 0.4 -25 30
    endloop
  endfacet
  facet normal 0 0 1
    outer loop
      vertex 6.075103849172592 -24.800741277635098 30
      vertex 6.220209926366806 -24.740636371076107 30
      vertex 0.4 -25 30
    endloop
  endfacet
  facet normal 0 0 1
    outer loop
      vertex 6.220209926366806 -24.740636371076107 30
      vertex 6.361971497535706 -24.67301957309246 30
      vertex 0.4 -25 30
    endloop
  endfacet
  facet normal 0 0 1
    outer loop
      vertex 6.361971497535706 -24.67301957309246 30
      vertex 6.5 -24.598076209425926 30
      vertex 0.4 -25 30
    endloop
  endfacet
  facet normal 0 0 1
    outer loop
      vertex 6.5 -24.598076209425926 30
      vertex 6.633917108178139 -24.516011707484722 30
      vertex 0.4 -25 30
    endloop
  endfacet
  facet normal 0 0 1
    outer loop
      vertex 6.633917108178139 -24.516011707484722 30
      vertex 6.763355754315853 -24.42705098539591 30
      vertex 0.4 -25 30
    endloop
  endfacet
  facet normal 0 0 1
    outer loop
      vertex 6.763355754315853 -24.42705098539591 30
      vertex 6.88796117156744 -24.33143788576126 30
      vertex 0.4 -25 30
    endloop
  endfacet
  facet normal 0 0 1
    outer loop
      vertex 6.88796117156744 -24.33143788576126 30
      vertex 7.007391817867756 -24.229434475302696 30
      vertex 0.4 -25 30
    endloop
  endfacet
  facet normal 0 0 1
    outer loop
      vertex 7.007391817867756 -24.229434475302696 30
      vertex 7.121320344507694 -24.121320344507694 30
      vertex 0.4 -25 30
    endloop
  endfacet
  facet normal 0 0 1
    outer loop
      vertex 5 -25 30
      vertex 5.1570078656077385 -24.995888605713844 30
      vertex 5.313585393130779 -24.98356568813324 30
    endloop
  endfacet
  facet normal 0 0 1
    outer loop
      vertex 7.121320344507694 -24.121320344507694 30
      vertex 7.229434475302696 -24.007391817867756 30
      vertex 0.4 -25 30
    endloop
  endfacet
  facet normal 0 0 1
    outer loop
      vertex 7.229434475302696 -24.007391817867756 30
      vertex 7.331437885761261 -23.88796117156744 30
      vertex 0.4 -25 30
    endloop
  endfacet
  facet normal 0 0 1
    outer loop
      vertex 7.331437885761261 -23.88796117156744 30
      vertex 7.427050985395908 -23.763355754315853 30
      vertex 0.4 -25 30
    endloop
  endfacet
  facet normal 0 0 1
    outer loop
      vertex 7.427050985395908 -23.763355754315853 30
      vertex 7.516011707484722 -23.63391710817814 30
      vertex 0.4 -25 30
    endloop
  endfacet
  facet normal 0 0 1
    outer loop
      vertex 7.516011707484722 -23.63391710817814 30
      vertex 7.598076209425926 -23.5 30
      vertex 0.4 -25 30
    endloop
  endfacet
  facet normal 0 0 1
    outer loop
      vertex 7.598076209425926 -23.5 30
      vertex 7.673019573092461 -23.361971497535706 30
      vertex 0.4 -25 30
    endloop
  endfacet
  facet normal 0 0 1
    outer loop
      vertex 7.673019573092461 -23.361971497535706 30
      vertex 7.740636371076107 -23.220209926366806 30
      vertex 0.4 -25 30
    endloop
  endfacet
  facet normal 0 0 1
    outer loop
      vertex 7.740636371076107 -23.220209926366806 30
      vertex 7.8007412776350975 -23.075103849172592 30
      vertex 0.4 -25 30
    endloop
  endfacet
  facet normal 0 0 1
    outer loop
      vertex 7.8007412776350975 -23.075103849172592 30
      vertex 7.853169545531273 -22.92705098539591 30
      vertex 0.4 -25 30
    endloop
  endfacet
  facet normal 0 0 1
    outer loop
      vertex 7.853169545531273 -22.92705098539591 30
      vertex 7.89777747541666 -22.776457138359547 30
      vertex 0.4 -25 30
    endloop
  endfacet
  facet normal 0 0 1
    outer loop
      vertex 7.89777747541666 -22.776457138359547 30
      vertex 7.934442803263664 -22.623735070228577 30
      vertex 0.4 -25 30
    endloop
  endfacet
  facet normal 0 0 1
    outer loop
      vertex 7.934442803263664 -22.623735070228577 30
      vertex 7.963065020740032 -22.469303391873837 30
      vertex 0.4 -25 30
    endloop
  endfacet
  facet normal 0 0 1
    outer loop
      vertex 7.963065020740032 -22.469303391873837 30
      vertex 7.98356568813324 -22.31358539313078 30
      vertex 0.4 -25 30
    endloop
  endfacet
  facet normal 0 0 1
    outer loop
      vertex 7.98356568813324 -22.31358539313078 30
      vertex 7.995888605713844 -22.15700786560774 30
      vertex 0.4 -25 30
    endloop
  endfacet
  facet normal 0 0 1
    outer loop
      vertex 7.995888605713844 -22.15700786560774 30
      vertex 8 -22 30
      vertex 0.4 -25 30
    endloop
  endfacet
  facet normal 0 0 1
    outer loop
      vertex 8 -22 30
      vertex 8 -16 30
      vertex 0.4 -25 30
    endloop
  endfacet
  facet normal 0 0 1
    outer loop
      vertex 8 -16 30
      vertex 7.995888605713844 -15.842992134392262 30
      vertex 0.4 -25 30
    endloop
  endfacet
  facet normal 0 0 1
    outer loop
      vertex 7.995888605713844 -15.842992134392262 30
      vertex 7.98356568813324 -15.68641460686922 30
      vertex 0.4 -25 30
    endloop
  endfacet
  facet normal -1 0 0
    outer loop
      vertex 0.4 -17.584029120137867 16.748578413278185
      vertex 0.4 -13.007329927634812 30
      vertex 0.4 -17.49445613569257 16.67207585732414
    endloop
  endfacet
  facet normal -1 0 0
    outer loop
      vertex 0.4 -17.49445613569257 16.67207585732414
      vertex 0.4 -13.007329927634812 30
      vertex 0.4 -17.40900974233027 16.59099025766973
    endloop
  endfacet
  facet normal -1 0 0
    outer loop
      vertex 0.4 -17.40900974233027 16.59099025766973
      vertex 0.4 -13.007329927634812 30
      vertex 0.4 -17.32792414267586 16.50554386430743
    endloop
  endfacet
  facet normal -1 0 0
    outer loop
      vertex 0.4 -17.32792414267586 16.50554386430743
      vertex 0.4 -13.007329927634812 30
      vertex 0.4 -17.251421586721815 16.415970879862133
    endloop
  endfacet
  facet normal -1 0 0
    outer loop
      vertex 0.4 -17.251421586721815 16.415970879862133
      vertex 0.4 -13.007329927634812 30
      vertex 0.4 -17.179711762656368 16.322516817658066
    endloop
  endfacet
  facet normal -1 0 0
    outer loop
      vertex 0.4 -17.584029120137867 16.748578413278185
      vertex 0.4 -25 30
      vertex 0.4 -13.007329927634812 30
    endloop
  endfacet
  facet normal -1 0 0
    outer loop
      vertex 0.4 -16.899444040381297 15.806327886476925
      vertex 0.4 -10.189525631372323 30
      vertex 0.4 -16.860122838335904 15.695288237343632
    endloop
  endfacet
  facet normal -1 0 0
    outer loop
      vertex 0.4 -16.94452272030415 15.915157446920551
      vertex 0.4 -10.189525631372323 30
      vertex 0.4 -16.899444040381297 15.806327886476925
    endloop
  endfacet
  facet normal -1 0 0
    outer loop
      vertex 0.4 -16.75308354680221 15.117755901546623
      vertex 0.4 -10.189525631372323 30
      vertex 0.4 -16.75 15
    endloop
  endfacet
  facet normal -1 0 0
    outer loop
      vertex 0.4 -16.762325735421385 15.23518904235222
      vertex 0.4 -10.189525631372323 30
      vertex 0.4 -16.75308354680221 15.117755901546623
    endloop
  endfacet
  facet normal -1 0 0
    outer loop
      vertex 0.4 -16.77770123366094 15.35197754634052
      vertex 0.4 -10.189525631372323 30
      vertex 0.4 -16.762325735421385 15.23518904235222
    endloop
  endfacet
  facet normal -1 0 0
    outer loop
      vertex 0.4 -16.799167898348937 15.46780130433996
      vertex 0.4 -10.189525631372323 30
      vertex 0.4 -16.77770123366094 15.35197754634052
    endloop
  endfacet
  facet normal -1 0 0
    outer loop
      vertex 0.4 -16.826666890849594 15.582342851480671
      vertex 0.4 -10.189525631372323 30
      vertex 0.4 -16.799167898348937 15.46780130433996
    endloop
  endfacet
  facet normal -1 0 0
    outer loop
      vertex 0.4 -16.860122838335904 15.695288237343632
      vertex 0.4 -10.189525631372323 30
      vertex 0.4 -16.826666890849594 15.582342851480671
    endloop
  endfacet
  facet normal -1 0 0
    outer loop
      vertex 0.4 -17.179711762656368 16.322516817658066
      vertex 0.4 -10.189525631372323 30
      vertex 0.4 -17.112991222122794 16.22543782878381
    endloop
  endfacet
  facet normal -1 0 0
    outer loop
      vertex 0.4 -17.112991222122794 16.22543782878381
      vertex 0.4 -10.189525631372323 30
      vertex 0.4 -17.051442841485013 16.125
    endloop
  endfacet
  facet normal -1 0 0
    outer loop
      vertex 0.4 -16.99523532057617 16.02147862441398
      vertex 0.4 -10.189525631372323 30
      vertex 0.4 -16.94452272030415 15.915157446920551
    endloop
  endfacet
  facet normal -1 0 0
    outer loop
      vertex 0.4 -17.051442841485013 16.125
      vertex 0.4 -10.189525631372323 30
      vertex 0.4 -16.99523532057617 16.02147862441398
    endloop
  endfacet
  facet normal -1 0 0
    outer loop
      vertex 0.4 -17.179711762656368 16.322516817658066
      vertex 0.4 -13.007329927634812 30
      vertex 0.4 -10.189525631372323 30
    endloop
  endfacet
  facet normal 1 0 0
    outer loop
      vertex 8 -19.35197754634052 17.22229876633906
      vertex 8 -19.23518904235222 17.237674264578615
      vertex 8 -16 30
    endloop
  endfacet
  facet normal 1 0 0
    outer loop
      vertex 8 -19.23518904235222 17.237674264578615
      vertex 8 -19.117755901546623 17.24691645319779
      vertex 8 -16 30
    endloop
  endfacet
  facet normal 1 0 0
    outer loop
      vertex 8 -19.117755901546623 17.24691645319779
      vertex 8 -19 17.25
      vertex 8 -16 30
    endloop
  endfacet
  facet normal 1 0 0
    outer loop
      vertex 8 -19 17.25
      vertex 8 -18.882244098453377 17.24691645319779
      vertex 8 -16 30
    endloop
  endfacet
  facet normal 1 0 0
    outer loop
      vertex 8 -18.882244098453377 17.24691645319779
      vertex 8 -18.76481095764778 17.237674264578615
      vertex 8 -16 30
    endloop
  endfacet
  facet normal 1 0 0
    outer loop
      vertex 8 -18.76481095764778 17.237674264578615
      vertex 8 -18.64802245365948 17.22229876633906
      vertex 8 -16 30
    endloop
  endfacet
  facet normal 1 0 0
    outer loop
      vertex 8 -18.64802245365948 17.22229876633906
      vertex 8 -18.532198695660043 17.200832101651063
      vertex 8 -16 30
    endloop
  endfacet
  facet normal 1 0 0
    outer loop
      vertex 8 -18.41765714851933 17.173333109150406
      vertex 8 -16 30
      vertex 8 -18.532198695660043 17.200832101651063
    endloop
  endfacet
  facet normal 1 0 0
    outer loop
      vertex 8 -18.41765714851933 17.173333109150406
      vertex 8 -18.304711762656368 17.139877161664096
      vertex 8 -16 30
    endloop
  endfacet
  facet normal 1 0 0
    outer loop
      vertex 8 -18.304711762656368 17.139877161664096
      vertex 8 -18.193672113523075 17.100555959618703
      vertex 8 -16 30
    endloop
  endfacet
  facet normal 1 0 0
    outer loop
      vertex 8 -18.193672113523075 17.100555959618703
      vertex 8 -18.08484255307945 17.05547727969585
      vertex 8 -16 30
    endloop
  endfacet
  facet normal 1 0 0
    outer loop
      vertex 8 -18.08484255307945 17.05547727969585
      vertex 8 -17.97852137558602 17.00476467942383
      vertex 8 -16 30
    endloop
  endfacet
  facet normal 1 0 0
    outer loop
      vertex 8 -17.97852137558602 17.00476467942383
      vertex 8 -17.875 16.948557158514987
      vertex 8 -16 30
    endloop
  endfacet
  facet normal 1 0 0
    outer loop
      vertex 8 -17.875 16.948557158514987
      vertex 8 -17.77456217121619 16.887008777877206
      vertex 8 -16 30
    endloop
  endfacet
  facet normal 1 0 0
    outer loop
      vertex 8 -17.677483182341934 16.820288237343632
      vertex 8 -16 30
      vertex 8 -17.77456217121619 16.887008777877206
    endloop
  endfacet
  facet normal 1 0 0
    outer loop
      vertex 8 -17.677483182341934 16.820288237343632
      vertex 8 -17.584029120137867 16.748578413278185
      vertex 8 -16 30
    endloop
  endfacet
  facet normal 1 0 0
    outer loop
      vertex 8 -17.584029120137867 16.748578413278185
      vertex 8 -17.49445613569257 16.67207585732414
      vertex 8 -16 30
    endloop
  endfacet
  facet normal 1 0 0
    outer loop
      vertex 8 -17.251421586721815 16.415970879862133
      vertex 8 -17.179711762656368 16.322516817658066
      vertex 8 -16 30
    endloop
  endfacet
  facet normal 1 0 0
    outer loop
      vertex 8 -17.49445613569257 16.67207585732414
      vertex 8 -17.40900974233027 16.59099025766973
      vertex 8 -16 30
    endloop
  endfacet
  facet normal 1 0 0
    outer loop
      vertex 8 -17.40900974233027 16.59099025766973
      vertex 8 -17.32792414267586 16.50554386430743
      vertex 8 -16 30
    endloop
  endfacet
  facet normal 1 0 0
    outer loop
      vertex 8 -17.32792414267586 16.50554386430743
      vertex 8 -17.251421586721815 16.415970879862133
      vertex 8 -16 30
    endloop
  endfacet
  facet normal 1 0 0
    outer loop
      vertex 8 -16.94452272030415 15.915157446920551
      vertex 8 -16.899444040381297 15.806327886476925
      vertex 8 -16 30
    endloop
  endfacet
  facet normal 1 0 0
    outer loop
      vertex 8 -16.75308354680221 15.117755901546623
      vertex 8 -16 30
      vertex 8 -16.762325735421385 15.23518904235222
    endloop
  endfacet
  facet normal 1 0 0
    outer loop
      vertex 8 -16.762325735421385 15.23518904235222
      vertex 8 -16 30
      vertex 8 -16.77770123366094 15.35197754634052
    endloop
  endfacet
  facet normal 1 0 0
    outer loop
      vertex 8 -16.799167898348937 15.46780130433996
      vertex 8 -16.77770123366094 15.35197754634052
      vertex 8 -16 30
    endloop
  endfacet
  facet normal 1 0 0
    outer loop
      vertex 8 -16.75 15
      vertex 8 -16 30
      vertex 8 -16.75308354680221 15.117755901546623
    endloop
  endfacet
  facet normal 1 0 0
    outer loop
      vertex 8 -16.826666890849594 15.582342851480671
      vertex 8 -16 30
      vertex 8 -16.860122838335904 15.695288237343632
    endloop
  endfacet
  facet normal 1 0 0
    outer loop
      vertex 8 -16.799167898348937 15.46780130433996
      vertex 8 -16 30
      vertex 8 -16.826666890849594 15.582342851480671
    endloop
  endfacet
  facet normal 1 0 0
    outer loop
      vertex 8 -16.899444040381297 15.806327886476925
      vertex 8 -16.860122838335904 15.695288237343632
      vertex 8 -16 30
    endloop
  endfacet
  facet normal 1 0 0
    outer loop
      vertex 8 -17.112991222122794 16.22543782878381
      vertex 8 -16 30
      vertex 8 -17.179711762656368 16.322516817658066
    endloop
  endfacet
  facet normal 1 0 0
    outer loop
      vertex 8 -17.112991222122794 16.22543782878381
      vertex 8 -17.051442841485013 16.125
      vertex 8 -16 30
    endloop
  endfacet
  facet normal 1 0 0
    outer loop
      vertex 8 -16.99523532057617 16.02147862441398
      vertex 8 -16 30
      vertex 8 -17.051442841485013 16.125
    endloop
  endfacet
  facet normal 1 0 0
    outer loop
      vertex 8 -16.99523532057617 16.02147862441398
      vertex 8 -16.94452272030415 15.915157446920551
      vertex 8 -16 30
    endloop
  endfacet
  facet normal 0.9996573252035448 0.026176939601381188 0
    outer loop
      vertex 7.995888605713844 -15.842992134392262 0
      vertex 7.995888605713844 -15.842992134392262 30
      vertex 8 -16 30
    endloop
  endfacet
  facet normal 0.9969173342738785 0.07845908885695775 0
    outer loop
      vertex 7.98356568813324 -15.68641460686922 0
      vertex 7.98356568813324 -15.68641460686922 30
      vertex 7.995888605713844 -15.842992134392262 30
    endloop
  endfacet
  facet normal 0.9426414928622097 0.3338068542353568 0
    outer loop
      vertex 7.8007412776350975 -14.924896150827408 0
      vertex 7.8007412776350975 -14.924896150827408 30
      vertex 7.853169545531273 -15.072949014604092 30
    endloop
  endfacet
  facet normal 0.92387952935444 0.38268343998639204 0
    outer loop
      vertex 7.740636371076107 -14.779790073633194 0
      vertex 7.740636371076107 -14.779790073633194 30
      vertex 7.8007412776350975 -14.924896150827408 30
    endloop
  endfacet
  facet normal 0.9025852916253637 0.4305110815548853 0
    outer loop
      vertex 7.673019573092461 -14.638028502464294 0
      vertex 7.673019573092461 -14.638028502464294 30
      vertex 7.740636371076107 -14.779790073633194 30
    endloop
  endfacet
  facet normal 0.8788171085477189 0.4771587678371079 0
    outer loop
      vertex 7.598076209425926 -14.5 0
      vertex 7.598076209425926 -14.5 30
      vertex 7.673019573092461 -14.638028502464294 30
    endloop
  endfacet
  facet normal 0.8241261728965004 0.5664062598055991 0
    outer loop
      vertex 7.427050985395908 -14.236644245684147 0
      vertex 7.427050985395908 -14.236644245684147 30
      vertex 7.516011707484722 -14.366082891821861 30
    endloop
  endfacet
  facet normal 0.7933533398941722 0.6087614295261832 0
    outer loop
      vertex 7.427050985395908 -14.236644245684147 0
      vertex 7.3895942845617615 -14.187829722840089 30
      vertex 7.427050985395908 -14.236644245684147 30
    endloop
  endfacet
  facet normal 0.8526401856157652 0.5224985300200504 0
    outer loop
      vertex 7.516011707484722 -14.366082891821861 0
      vertex 7.516011707484722 -14.366082891821861 30
      vertex 7.598076209425926 -14.5 30
    endloop
  endfacet
  facet normal 0.991444858128 0.13052621687442656 0
    outer loop
      vertex 7.963065020740032 -15.530696608126163 0
      vertex 7.963065020740032 -15.530696608126163 30
      vertex 7.98356568813324 -15.68641460686922 30
    endloop
  endfacet
  facet normal 0.9832549101845729 0.18223551135255572 0
    outer loop
      vertex 7.934442803263664 -15.376264929771423 0
      vertex 7.934442803263664 -15.376264929771423 30
      vertex 7.963065020740032 -15.530696608126163 30
    endloop
  endfacet
  facet normal 0.9723699157063979 0.23344538339648674 0
    outer loop
      vertex 7.89777747541666 -15.223542861640453 0
      vertex 7.89777747541666 -15.223542861640453 30
      vertex 7.934442803263664 -15.376264929771423 30
    endloop
  endfacet
  facet normal 0.9588197346341911 0.28401534549389984 0
    outer loop
      vertex 7.853169545531273 -15.072949014604092 0
      vertex 7.853169545531273 -15.072949014604092 30
      vertex 7.89777747541666 -15.223542861640453 30
    endloop
  endfacet
  facet normal 0.47715876025961057 -0.8788171126619642 0
    outer loop
      vertex 8 -13.856406460551018 0
      vertex 8 -13.856406460551018 30
      vertex 7.3895942845617615 -14.187829722840089 30
    endloop
  endfacet
  facet normal 0.5224985647159479 -0.8526401643540928 0
    outer loop
      vertex 8 -13.856406460551018 0
      vertex 8.714224560240433 -13.418729087126785 30
      vertex 8 -13.856406460551018 30
    endloop
  endfacet
  facet normal 0.5664062369248327 -0.8241261886220158 0
    outer loop
      vertex 8.714224560240433 -13.418729087126785 0
      vertex 9.40456403667957 -12.94427190999916 30
      vertex 8.714224560240433 -13.418729087126785 30
    endloop
  endfacet
  facet normal 0.6087614290087213 -0.7933533402912346 0
    outer loop
      vertex 9.40456403667957 -12.94427190999916 0
      vertex 10.069126256797398 -12.434335383311534 30
      vertex 9.40456403667957 -12.94427190999916 30
    endloop
  endfacet
  facet normal 0 0 1
    outer loop
      vertex 4.944271909999158 -13.000088800623246 30
      vertex 0.4 -13.007329927634812 30
      vertex 0.4 -25 30
    endloop
  endfacet
  facet normal 0 0 1
    outer loop
      vertex 7.2601074659044595 -14.113259312098114 30
      vertex 6.507786289212803 -14.01088618765727 30
      vertex 0.4 -25 30
    endloop
  endfacet
  facet normal 0 0 1
    outer loop
      vertex 6.507786289212803 -14.01088618765727 30
      vertex 6.507786289212803 -13.485709979903072 30
      vertex 0.4 -25 30
    endloop
  endfacet
  facet normal 0 0 1
    outer loop
      vertex 5.733887192724804 -13.338750724626166 30
      vertex 0.4 -25 30
      vertex 6.475983648477357 -13.40223347101812 30
    endloop
  endfacet
  facet normal 0 0 1
    outer loop
      vertex 6.507786289212803 -13.485709979903072 30
      vertex 6.475988062060189 -13.402402018946427 30
      vertex 0.4 -25 30
    endloop
  endfacet
  facet normal 0 0 1
    outer loop
      vertex 6.475988062060189 -13.402402018946427 30
      vertex 6.475983648477357 -13.40223347101812 30
      vertex 0.4 -25 30
    endloop
  endfacet
  facet normal 0 0 1
    outer loop
      vertex 7.98356568813324 -15.68641460686922 30
      vertex 7.963065020740032 -15.530696608126163 30
      vertex 0.4 -25 30
    endloop
  endfacet
  facet normal 0 0 1
    outer loop
      vertex 7.963065020740032 -15.530696608126163 30
      vertex 7.934442803263664 -15.376264929771423 30
      vertex 0.4 -25 30
    endloop
  endfacet
  facet normal 0 0 1
    outer loop
      vertex 7.934442803263664 -15.376264929771423 30
      vertex 7.89777747541666 -15.223542861640453 30
      vertex 0.4 -25 30
    endloop
  endfacet
  facet normal 0 0 1
    outer loop
      vertex 7.89777747541666 -15.223542861640453 30
      vertex 7.853169545531273 -15.072949014604092 30
      vertex 0.4 -25 30
    endloop
  endfacet
  facet normal 0 0 1
    outer loop
      vertex 7.673019573092461 -14.638028502464294 30
      vertex 7.598076209425926 -14.5 30
      vertex 0.4 -25 30
    endloop
  endfacet
  facet normal 0 0 1
    outer loop
      vertex 7.853169545531273 -15.072949014604092 30
      vertex 7.8007412776350975 -14.924896150827408 30
      vertex 0.4 -25 30
    endloop
  endfacet
  facet normal 0 0 1
    outer loop
      vertex 7.8007412776350975 -14.924896150827408 30
      vertex 7.740636371076107 -14.779790073633194 30
      vertex 0.4 -25 30
    endloop
  endfacet
  facet normal 0 0 1
    outer loop
      vertex 7.740636371076107 -14.779790073633194 30
      vertex 7.673019573092461 -14.638028502464294 30
      vertex 0.4 -25 30
    endloop
  endfacet
  facet normal 0 0 1
    outer loop
      vertex 7.263847995832749 -14.113795232071391 30
      vertex 0.4 -25 30
      vertex 7.427050985395908 -14.236644245684147 30
    endloop
  endfacet
  facet normal 0 0 1
    outer loop
      vertex 7.516011707484722 -14.366082891821861 30
      vertex 0.4 -25 30
      vertex 7.598076209425926 -14.5 30
    endloop
  endfacet
  facet normal 0 0 1
    outer loop
      vertex 7.516011707484722 -14.366082891821861 30
      vertex 7.427050985395908 -14.236644245684147 30
      vertex 0.4 -25 30
    endloop
  endfacet
  facet normal 0 0 1
    outer loop
      vertex 7.263847995832749 -14.113795232071391 30
      vertex 7.2601074659044595 -14.113259312098114 30
      vertex 0.4 -25 30
    endloop
  endfacet
  facet normal 0 0 1
    outer loop
      vertex 4.944271909999158 -13.073322519582215 30
      vertex 4.944271909999158 -13.000088800623246 30
      vertex 0.4 -25 30
    endloop
  endfacet
  facet normal 0 0 1
    outer loop
      vertex 4.944271909999158 -13.073322519582215 30
      vertex 0.4 -25 30
      vertex 5.685853768327587 -13.10296435146533 30
    endloop
  endfacet
  facet normal 0 0 1
    outer loop
      vertex 5.733887192724804 -13.338750724626166 30
      vertex 5.733887192724804 -13.102571071552681 30
      vertex 0.4 -25 30
    endloop
  endfacet
  facet normal 0 0 1
    outer loop
      vertex 5.685853768327587 -13.10296435146533 30
      vertex 0.4 -25 30
      vertex 5.733887192724804 -13.102571071552681 30
    endloop
  endfacet
  facet normal 0 0 1
    outer loop
      vertex 7.263847995832749 -14.113795232071391 30
      vertex 7.263847995832749 -14.113195310572717 30
      vertex 7.2601074659044595 -14.113259312098114 30
    endloop
  endfacet
  facet normal 0 0 1
    outer loop
      vertex 7.263847995832749 -14.113795232071391 30
      vertex 7.427050985395908 -14.236644245684147 30
      vertex 7.3895942845617615 -14.187829722840089 30
    endloop
  endfacet
  facet normal 0 0 1
    outer loop
      vertex 7.263847995832749 -14.113795232071391 30
      vertex 7.3895942845617615 -14.187829722840089 30
      vertex 7.263847995832749 -14.113195310572717 30
    endloop
  endfacet
  facet normal 0 0 1
    outer loop
      vertex 6.507786289212803 -13.485709979903072 30
      vertex 6.475983648477357 -13.40223347101812 30
      vertex 6.475988062060189 -13.402402018946427 30
    endloop
  endfacet
  facet normal 0 0 1
    outer loop
      vertex 7.263847995832749 -14.113195310572717 30
      vertex 7.3895942845617615 -14.187829722840089 30
      vertex 8 -13.856406460551018 30
    endloop
  endfacet
  facet normal 0 0 -1
    outer loop
      vertex 0.5338267536780271 -10.186021254496652 0
      vertex 0.4 -15.83519839354405 0
      vertex 0.4 -10.189525631372323 0
    endloop
  endfacet
  facet normal 0 0 -1
    outer loop
      vertex 0.5338267536780271 -10.186021254496652 0
      vertex 1.0661903253300653 -10.144123332756386 0
      vertex 0.4 -15.83519839354405 0
    endloop
  endfacet
  facet normal 0 0 -1
    outer loop
      vertex 2.5577026669842193 -15.792865909523421 0
      vertex 1.0661903253300653 -10.144123332756386 0
      vertex 1.5956315434103547 -10.074421074070404 0
    endloop
  endfacet
  facet normal 0 0 -1
    outer loop
      vertex 2.5577026669842193 -15.792865909523421 0
      vertex 1.5956315434103547 -10.074421074070404 0
      vertex 2.120699246341145 -9.977105527484817 0
    endloop
  endfacet
  facet normal 0 0 -1
    outer loop
      vertex 2.5577026669842193 -15.792865909523421 0
      vertex 2.120699246341145 -9.977105527484817 0
      vertex 2.6399542600457115 -9.852443428148495 0
    endloop
  endfacet
  facet normal 0 0 -1
    outer loop
      vertex 2.5577026669842193 -15.792865909523421 0
      vertex 2.6399542600457115 -9.852443428148495 0
      vertex 3.1519733426244634 -9.700776466210565 0
    endloop
  endfacet
  facet normal 0 0 -1
    outer loop
      vertex 3.2198513512341305 -15.67014390478187 0
      vertex 3.1519733426244634 -9.700776466210565 0
      vertex 3.6553530853620626 -9.522520350271456 0
    endloop
  endfacet
  facet normal 0 0 -1
    outer loop
      vertex 3.986493758180913 -15.491932028872611 0
      vertex 3.6553530853620626 -9.522520350271456 0
      vertex 4.148713759373162 -9.318163667954527 0
    endloop
  endfacet
  facet normal 0 0 -1
    outer loop
      vertex 4.157865249998969 -15.44984852594257 0
      vertex 4.148713759373162 -9.318163667954527 0
      vertex 4.630703097343377 -9.088266546721352 0
    endloop
  endfacet
  facet normal 0 0 -1
    outer loop
      vertex 4.713694716797307 -15.285204336979325 0
      vertex 4.630703097343377 -9.088266546721352 0
      vertex 5.1 -8.833459118601272 0
    endloop
  endfacet
  facet normal 0 0 -1
    outer loop
      vertex 5.994498296768348 -14.829338170155367 0
      vertex 6.419067988708341 -7.926888806861102 0
      vertex 6.399355242957323 -14.661640932222939 0
    endloop
  endfacet
  facet normal 0 0 -1
    outer loop
      vertex 5.128070334364353 -15.151817825052863 0
      vertex 5.1 -8.833459118601272 0
      vertex 5.555318157153276 -8.554439793043326 0
    endloop
  endfacet
  facet normal 0 0 -1
    outer loop
      vertex 5.653525110041175 -14.965744529960748 0
      vertex 5.555318157153276 -8.554439793043326 0
      vertex 5.995409573383226 -8.251973342624463 0
    endloop
  endfacet
  facet normal 0 0 -1
    outer loop
      vertex 5.994498296768348 -14.829338170155367 0
      vertex 5.995409573383226 -8.251973342624463 0
      vertex 6.419067988708341 -7.926888806861102 0
    endloop
  endfacet
  facet normal 0 0 -1
    outer loop
      vertex 6.399355242957323 -14.661640932222939 0
      vertex 6.825132184860354 -7.580077219869421 0
      vertex 6.507786289212803 -14.530084127613938 0
    endloop
  endfacet
  facet normal 0 0 -1
    outer loop
      vertex 6.507786289212803 -14.530084127613938 0
      vertex 6.825132184860354 -7.580077219869421 0
      vertex 6.70059118379848 -14.524764104979798 0
    endloop
  endfacet
  facet normal 0 0 -1
    outer loop
      vertex 6.70059118379848 -14.524764104979798 0
      vertex 7.212489168102785 -7.212489168102785 0
      vertex 7.014446159313156 -14.375062960843719 0
    endloop
  endfacet
  facet normal 0 0 -1
    outer loop
      vertex 7.014446159313156 -14.375062960843719 0
      vertex 7.212489168102785 -7.212489168102785 0
      vertex 7.263847995832749 -14.240982444662514 0
    endloop
  endfacet
  facet normal 0 0 -1
    outer loop
      vertex 7.293132854990086 -14.240204005821301 0
      vertex 7.263847995832749 -14.240982444662514 0
      vertex 7.580077219869421 -6.825132184860354 0
    endloop
  endfacet
  facet normal 0 0 -1
    outer loop
      vertex 7.293132854990086 -14.240204005821301 0
      vertex 7.580077219869421 -6.825132184860354 0
      vertex 7.2954404685772785 -14.238951073871572 0
    endloop
  endfacet
  facet normal 0 0 -1
    outer loop
      vertex 7.2954404685772785 -14.238951073871572 0
      vertex 7.580077219869421 -6.825132184860354 0
      vertex 7.3895942845617615 -14.187829722840089 0
    endloop
  endfacet
  facet normal 0 0 -1
    outer loop
      vertex 7.3895942845617615 -14.187829722840089 0
      vertex 7.580077219869421 -6.825132184860354 0
      vertex 8 -13.856406460551018 0
    endloop
  endfacet
  facet normal 0 0 -1
    outer loop
      vertex 8 -13.856406460551018 0
      vertex 8.251973342624463 -5.995409573383226 0
      vertex 8.714224560240433 -13.418729087126785 0
    endloop
  endfacet
  facet normal 0 0 -1
    outer loop
      vertex 6.399355242957323 -14.661640932222939 0
      vertex 6.419067988708341 -7.926888806861102 0
      vertex 6.825132184860354 -7.580077219869421 0
    endloop
  endfacet
  facet normal 0 0 -1
    outer loop
      vertex 6.70059118379848 -14.524764104979798 0
      vertex 6.825132184860354 -7.580077219869421 0
      vertex 7.212489168102785 -7.212489168102785 0
    endloop
  endfacet
  facet normal 0 0 -1
    outer loop
      vertex 7.263847995832749 -14.240982444662514 0
      vertex 7.212489168102785 -7.212489168102785 0
      vertex 7.580077219869421 -6.825132184860354 0
    endloop
  endfacet
  facet normal 0 0 -1
    outer loop
      vertex 8.714224560240433 -13.418729087126785 0
      vertex 9.088266546721352 -4.630703097343377 0
      vertex 9.40456403667957 -12.94427190999916 0
    endloop
  endfacet
  facet normal 0 0 -1
    outer loop
      vertex 9.40456403667957 -12.94427190999916 0
      vertex 9.700776466210565 -3.1519733426244634 0
      vertex 10.069126256797398 -12.434335383311534 0
    endloop
  endfacet
  facet normal 0 0 -1
    outer loop
      vertex 8 -13.856406460551018 0
      vertex 7.580077219869421 -6.825132184860354 0
      vertex 7.926888806861102 -6.419067988708341 0
    endloop
  endfacet
  facet normal 0 0 -1
    outer loop
      vertex 8 -13.856406460551018 0
      vertex 7.926888806861102 -6.419067988708341 0
      vertex 8.251973342624463 -5.995409573383226 0
    endloop
  endfacet
  facet normal 0 0 -1
    outer loop
      vertex 8.714224560240433 -13.418729087126785 0
      vertex 8.251973342624463 -5.995409573383226 0
      vertex 8.554439793043326 -5.555318157153276 0
    endloop
  endfacet
  facet normal 0 0 -1
    outer loop
      vertex 8.714224560240433 -13.418729087126785 0
      vertex 8.554439793043326 -5.555318157153276 0
      vertex 8.833459118601272 -5.1 0
    endloop
  endfacet
  facet normal 0 0 -1
    outer loop
      vertex 8.714224560240433 -13.418729087126785 0
      vertex 8.833459118601272 -5.1 0
      vertex 9.088266546721352 -4.630703097343377 0
    endloop
  endfacet
  facet normal 0 0 -1
    outer loop
      vertex 9.40456403667957 -12.94427190999916 0
      vertex 9.088266546721352 -4.630703097343377 0
      vertex 9.318163667954527 -4.148713759373162 0
    endloop
  endfacet
  facet normal 0 0 -1
    outer loop
      vertex 9.40456403667957 -12.94427190999916 0
      vertex 9.318163667954527 -4.148713759373162 0
      vertex 9.522520350271456 -3.6553530853620626 0
    endloop
  endfacet
  facet normal 0 0 -1
    outer loop
      vertex 9.40456403667957 -12.94427190999916 0
      vertex 9.522520350271456 -3.6553530853620626 0
      vertex 9.700776466210565 -3.1519733426244634 0
    endloop
  endfacet
  facet normal -1 0 0
    outer loop
      vertex 0.4 -16.899444040381297 14.193672113523075
      vertex 0.4 -10.189525631372323 30
      vertex 0.4 -10.189525631372323 0
    endloop
  endfacet
  facet normal -0.026176948307871626 0.9996573249755574 0
    outer loop
      vertex 0.5338267536780271 -10.186021254496652 0
      vertex 0.4 -10.189525631372323 0
      vertex 0.5338267536780271 -10.186021254496652 30
    endloop
  endfacet
  facet normal -0.07845909572784421 0.996917333733128 0
    outer loop
      vertex 0.5338267536780271 -10.186021254496652 0
      vertex 0.5338267536780271 -10.186021254496652 30
      vertex 1.0661903253300653 -10.144123332756386 0
    endloop
  endfacet
  facet normal -0.13052619222004996 0.9914448613738105 0
    outer loop
      vertex 1.0661903253300653 -10.144123332756386 0
      vertex 1.0661903253300653 -10.144123332756386 30
      vertex 1.5956315434103547 -10.074421074070404 0
    endloop
  endfacet
  facet normal -0.18223552549214786 0.9832549075639544 0
    outer loop
      vertex 1.5956315434103547 -10.074421074070404 0
      vertex 1.5956315434103547 -10.074421074070404 30
      vertex 2.120699246341145 -9.977105527484817 0
    endloop
  endfacet
  facet normal -0.23344536385590578 0.9723699203976764 0
    outer loop
      vertex 2.120699246341145 -9.977105527484817 0
      vertex 2.120699246341145 -9.977105527484817 30
      vertex 2.6399542600457115 -9.852443428148495 0
    endloop
  endfacet
  facet normal -0.2840153447039237 0.9588197348681926 0
    outer loop
      vertex 2.6399542600457115 -9.852443428148495 0
      vertex 2.6399542600457115 -9.852443428148495 30
      vertex 3.1519733426244634 -9.700776466210565 0
    endloop
  endfacet
  facet normal -0.33380685923377035 0.9426414910921787 0
    outer loop
      vertex 3.1519733426244634 -9.700776466210565 0
      vertex 3.1519733426244634 -9.700776466210565 30
      vertex 3.6553530853620626 -9.522520350271456 0
    endloop
  endfacet
  facet normal -0.38268343236509034 0.9238795325112864 0
    outer loop
      vertex 3.6553530853620626 -9.522520350271456 0
      vertex 3.6553530853620626 -9.522520350271456 30
      vertex 4.148713759373162 -9.318163667954527 0
    endloop
  endfacet
  facet normal -0.43051109680829275 0.9025852843498616 0
    outer loop
      vertex 4.148713759373162 -9.318163667954527 0
      vertex 4.148713759373162 -9.318163667954527 30
      vertex 4.630703097343377 -9.088266546721352 0
    endloop
  endfacet
  facet normal -0.4771587602596108 0.878817112661964 0
    outer loop
      vertex 4.630703097343377 -9.088266546721352 0
      vertex 4.630703097343377 -9.088266546721352 30
      vertex 5.1 -8.833459118601272 0
    endloop
  endfacet
  facet normal -0.5224985647159456 0.8526401643540942 0
    outer loop
      vertex 5.1 -8.833459118601272 0
      vertex 5.1 -8.833459118601272 30
      vertex 5.555318157153276 -8.554439793043326 0
    endloop
  endfacet
  facet normal -0.5664062369248335 0.824126188622015 0
    outer loop
      vertex 5.555318157153276 -8.554439793043326 0
      vertex 5.555318157153276 -8.554439793043326 30
      vertex 5.995409573383226 -8.251973342624463 0
    endloop
  endfacet
  facet normal -0.6087614290087219 0.7933533402912343 0
    outer loop
      vertex 5.995409573383226 -8.251973342624463 0
      vertex 5.995409573383226 -8.251973342624463 30
      vertex 6.419067988708341 -7.926888806861102 0
    endloop
  endfacet
  facet normal 0.649448048330183 -0.7604059656000315 -1.2162225627393732e-19
    outer loop
      vertex 10.069126256797398 -12.434335383311534 0
      vertex 10.706089701741732 -11.890317207638308 0
      vertex 10.706089701741732 -11.890317207638308 30
    endloop
  endfacet
  facet normal 0.6883545756937534 -0.7253743710122882 -6.377531783248967e-19
    outer loop
      vertex 10.706089701741732 -11.890317207638308 0
      vertex 11.313708498984761 -11.313708498984761 0
      vertex 11.313708498984761 -11.313708498984761 30
    endloop
  endfacet
  facet normal 0.7253743710122882 -0.6883545756937534 0
    outer loop
      vertex 11.313708498984761 -11.313708498984761 0
      vertex 11.890317207638308 -10.706089701741732 0
      vertex 11.313708498984761 -11.313708498984761 30
    endloop
  endfacet
  facet normal 0.7604059656000315 -0.649448048330183 0
    outer loop
      vertex 11.890317207638308 -10.706089701741732 0
      vertex 12.434335383311534 -10.069126256797398 0
      vertex 11.890317207638308 -10.706089701741732 30
    endloop
  endfacet
  facet normal -0.6494480483301828 0.7604059656000316 0
    outer loop
      vertex 6.419067988708341 -7.926888806861102 0
      vertex 6.419067988708341 -7.926888806861102 30
      vertex 6.825132184860354 -7.580077219869421 0
    endloop
  endfacet
  facet normal -0.6883545756937534 0.7253743710122883 0
    outer loop
      vertex 6.825132184860354 -7.580077219869421 0
      vertex 6.825132184860354 -7.580077219869421 30
      vertex 7.212489168102785 -7.212489168102785 0
    endloop
  endfacet
  facet normal -0.7253743710122883 0.6883545756937534 0
    outer loop
      vertex 7.212489168102785 -7.212489168102785 0
      vertex 7.212489168102785 -7.212489168102785 30
      vertex 7.580077219869421 -6.825132184860354 0
    endloop
  endfacet
  facet normal -0.7604059656000316 0.6494480483301828 0
    outer loop
      vertex 7.580077219869421 -6.825132184860354 0
      vertex 7.580077219869421 -6.825132184860354 30
      vertex 7.926888806861102 -6.419067988708341 0
    endloop
  endfacet
  facet normal -0.7933533402912343 0.6087614290087219 0
    outer loop
      vertex 7.926888806861102 -6.419067988708341 0
      vertex 7.926888806861102 -6.419067988708341 30
      vertex 8.251973342624463 -5.995409573383226 0
    endloop
  endfacet
  facet normal 0 0 -1
    outer loop
      vertex 10.069126256797398 -12.434335383311534 0
      vertex 9.700776466210565 -3.1519733426244634 0
      vertex 9.852443428148495 -2.6399542600457115 0
    endloop
  endfacet
  facet normal 0 0 -1
    outer loop
      vertex 10.069126256797398 -12.434335383311534 0
      vertex 9.852443428148495 -2.6399542600457115 0
      vertex 9.977105527484817 -2.120699246341145 0
    endloop
  endfacet
  facet normal 0 0 -1
    outer loop
      vertex 10.069126256797398 -12.434335383311534 0
      vertex 9.977105527484817 -2.120699246341145 0
      vertex 10.074421074070404 -1.5956315434103547 0
    endloop
  endfacet
  facet normal 0 0 -1
    outer loop
      vertex 10.069126256797398 -12.434335383311534 0
      vertex 10.074421074070404 -1.5956315434103547 0
      vertex 10.144123332756386 -1.0661903253300653 0
    endloop
  endfacet
  facet normal 0 0 -1
    outer loop
      vertex 10.069126256797398 -12.434335383311534 0
      vertex 10.144123332756386 -1.0661903253300653 0
      vertex 10.186021254496652 -0.5338267536780271 0
    endloop
  endfacet
  facet normal 0 0 -1
    outer loop
      vertex 10.069126256797398 -12.434335383311534 0
      vertex 10.186021254496652 -0.5338267536780271 0
      vertex 10.2 0 0
    endloop
  endfacet
  facet normal 0 0 -1
    outer loop
      vertex 10.069126256797398 -12.434335383311534 0
      vertex 10.706089701741732 11.890317207638308 0
      vertex 10.706089701741732 -11.890317207638308 0
    endloop
  endfacet
  facet normal 0 0 -1
    outer loop
      vertex 10.706089701741732 -11.890317207638308 0
      vertex 11.313708498984761 11.313708498984761 0
      vertex 11.313708498984761 -11.313708498984761 0
    endloop
  endfacet
  facet normal 0 0 -1
    outer loop
      vertex 11.313708498984761 -11.313708498984761 0
      vertex 11.890317207638308 10.706089701741732 0
      vertex 11.890317207638308 -10.706089701741732 0
    endloop
  endfacet
  facet normal 0 0 -1
    outer loop
      vertex 11.890317207638308 -10.706089701741732 0
      vertex 12.434335383311534 10.069126256797398 0
      vertex 12.434335383311534 -10.069126256797398 0
    endloop
  endfacet
  facet normal 0 0 -1
    outer loop
      vertex 10.069126256797398 -12.434335383311534 0
      vertex 10.2 0 0
      vertex 10.706089701741732 11.890317207638308 0
    endloop
  endfacet
  facet normal -0.824126188622015 0.5664062369248335 0
    outer loop
      vertex 8.251973342624463 -5.995409573383226 0
      vertex 8.251973342624463 -5.995409573383226 30
      vertex 8.554439793043326 -5.555318157153276 0
    endloop
  endfacet
  facet normal -0.8526401643540942 0.5224985647159456 0
    outer loop
      vertex 8.554439793043326 -5.555318157153276 0
      vertex 8.554439793043326 -5.555318157153276 30
      vertex 8.833459118601272 -5.1 0
    endloop
  endfacet
  facet normal -0.878817112661964 0.4771587602596108 0
    outer loop
      vertex 8.833459118601272 -5.1 0
      vertex 8.833459118601272 -5.1 30
      vertex 9.088266546721352 -4.630703097343377 0
    endloop
  endfacet
  facet normal -0.9025852843498616 0.43051109680829275 0
    outer loop
      vertex 9.088266546721352 -4.630703097343377 0
      vertex 9.088266546721352 -4.630703097343377 30
      vertex 9.318163667954527 -4.148713759373162 0
    endloop
  endfacet
  facet normal -0.9238795325112864 0.38268343236509034 0
    outer loop
      vertex 9.318163667954527 -4.148713759373162 0
      vertex 9.318163667954527 -4.148713759373162 30
      vertex 9.522520350271456 -3.6553530853620626 0
    endloop
  endfacet
  facet normal -0.9426414910921787 0.33380685923377035 0
    outer loop
      vertex 9.522520350271456 -3.6553530853620626 0
      vertex 9.522520350271456 -3.6553530853620626 30
      vertex 9.700776466210565 -3.1519733426244634 0
    endloop
  endfacet
  facet normal -0.9588197348681926 0.2840153447039237 0
    outer loop
      vertex 9.700776466210565 -3.1519733426244634 0
      vertex 9.700776466210565 -3.1519733426244634 30
      vertex 9.852443428148495 -2.6399542600457115 0
    endloop
  endfacet
  facet normal -0.9723699203976764 0.23344536385590578 0
    outer loop
      vertex 9.852443428148495 -2.6399542600457115 0
      vertex 9.852443428148495 -2.6399542600457115 30
      vertex 9.977105527484817 -2.120699246341145 0
    endloop
  endfacet
  facet normal -0.9832549075639544 0.18223552549214786 0
    outer loop
      vertex 9.977105527484817 -2.120699246341145 0
      vertex 9.977105527484817 -2.120699246341145 30
      vertex 10.074421074070404 -1.5956315434103547 0
    endloop
  endfacet
  facet normal -0.9914448613738105 0.13052619222004996 0
    outer loop
      vertex 10.074421074070404 -1.5956315434103547 0
      vertex 10.074421074070404 -1.5956315434103547 30
      vertex 10.144123332756386 -1.0661903253300653 0
    endloop
  endfacet
  facet normal -0.996917333733128 0.07845909572784421 0
    outer loop
      vertex 10.144123332756386 -1.0661903253300653 0
      vertex 10.144123332756386 -1.0661903253300653 30
      vertex 10.186021254496652 -0.5338267536780271 0
    endloop
  endfacet
  facet normal -0.9996573249755571 0.026176948307875546 0
    outer loop
      vertex 10.186021254496652 -0.5338267536780271 0
      vertex 10.186021254496652 -0.5338267536780271 30
      vertex 10.2 0 0
    endloop
  endfacet
  facet normal 0 0 -1
    outer loop
      vertex 13.418729087126785 -8.714224560240433 0
      vertex 13.448580788898504 -7.574234062184212 0
      vertex 13.856406460551018 -8 0
    endloop
  endfacet
  facet normal 0 0 -1
    outer loop
      vertex 13.856406460551018 -8 0
      vertex 13.448580788898504 -7.574234062184212 0
      vertex 13.856406460551018 -7.563198479870349 0
    endloop
  endfacet
  facet normal 0 0 -1
    outer loop
      vertex 13.448580788898504 -7.574234062184212 0
      vertex 14.128306763577742 -7.499221937981708 0
      vertex 13.856406460551018 -7.563198479870349 0
    endloop
  endfacet
  facet normal 0 0 -1
    outer loop
      vertex 13.448580788898504 -7.574234062184212 0
      vertex 14.208916884674748 -7.350756563825611 0
      vertex 14.128306763577742 -7.499221937981708 0
    endloop
  endfacet
  facet normal 0 -1 0
    outer loop
      vertex 13.856406460551018 -8 0
      vertex 28 -8 6
      vertex 28 -8 12
    endloop
  endfacet
  facet normal 0.7933533402912346 -0.6087614290087213 0
    outer loop
      vertex 12.434335383311534 -10.069126256797398 0
      vertex 12.94427190999916 -9.40456403667957 0
      vertex 12.434335383311534 -10.069126256797398 30
    endloop
  endfacet
  facet normal 0.8241261886220158 -0.5664062369248327 0
    outer loop
      vertex 12.94427190999916 -9.40456403667957 0
      vertex 13.418729087126785 -8.714224560240433 0
      vertex 12.94427190999916 -9.40456403667957 30
    endloop
  endfacet
  facet normal 0.8526401643540928 -0.5224985647159479 0
    outer loop
      vertex 13.418729087126785 -8.714224560240433 0
      vertex 13.856406460551018 -8 0
      vertex 13.418729087126785 -8.714224560240433 30
    endloop
  endfacet
  facet normal 0.8526401643540928 -0.5224985647159479 0
    outer loop
      vertex 13.856406460551018 -8 0
      vertex 13.856406460551018 -8 18
      vertex 13.418729087126785 -8.714224560240433 30
    endloop
  endfacet
  facet normal 0 -1 0
    outer loop
      vertex 13.856406460551018 -8 0
      vertex 28 -8 12
      vertex 13.856406460551018 -8 18
    endloop
  endfacet
  facet normal 0 0 1
    outer loop
      vertex 13.856406460551018 -8 18
      vertex 34.25 -4 18
      vertex 14.256104387013886 -7.263847995832749 18
    endloop
  endfacet
  facet normal 0 0 -1
    outer loop
      vertex 12.434335383311534 -10.069126256797398 0
      vertex 12.94427190999916 9.40456403667957 0
      vertex 12.94427190999916 -9.40456403667957 0
    endloop
  endfacet
  facet normal 0 0 -1
    outer loop
      vertex 12.94427190999916 -9.40456403667957 0
      vertex 13.418729087126785 8.714224560240433 0
      vertex 13.418729087126785 -8.714224560240433 0
    endloop
  endfacet
  facet normal 0 0 -1
    outer loop
      vertex 13.418729087126785 -8.714224560240433 0
      vertex 13.418729087126785 8.714224560240433 0
      vertex 13.448580788898504 -7.574234062184212 0
    endloop
  endfacet
  facet normal 0 0 -1
    outer loop
      vertex 13.448580788898504 -7.574234062184212 0
      vertex 13.856406460551018 8 0
      vertex 14.208916884674748 -7.350756563825611 0
    endloop
  endfacet
  facet normal 0 0 1
    outer loop
      vertex 14.256104387013886 -7.263847995832749 18
      vertex 34.25 4 18
      vertex 14.616727322281614 -6.507786289212803 18
    endloop
  endfacet
  facet normal 0 0 1
    outer loop
      vertex 14.616727322281614 -6.507786289212803 18
      vertex 34.25 4 18
      vertex 14.937286823955228 -5.733887192724804 18
    endloop
  endfacet
  facet normal 0 0 1
    outer loop
      vertex 14.937286823955228 -5.733887192724804 18
      vertex 34.25 4 18
      vertex 15.216904260722456 -4.944271909999158 18
    endloop
  endfacet
  facet normal 0 0 1
    outer loop
      vertex 15.216904260722456 -4.944271909999158 18
      vertex 34.25 4 18
      vertex 15.454813220625093 -4.141104721640332 18
    endloop
  endfacet
  facet normal 0 0 1
    outer loop
      vertex 15.454813220625093 -4.141104721640332 18
      vertex 34.25 4 18
      vertex 15.650361611740891 -3.3265870530841495 18
    endloop
  endfacet
  facet normal 0 0 1
    outer loop
      vertex 15.650361611740891 -3.3265870530841495 18
      vertex 34.25 4 18
      vertex 15.803013449522204 -2.502951440643694 18
    endloop
  endfacet
  facet normal 0 0 1
    outer loop
      vertex 15.803013449522204 -2.502951440643694 18
      vertex 34.25 4 18
      vertex 15.912350325892373 -1.6724554122824555 18
    endloop
  endfacet
  facet normal -0.026176948307871626 0.9996573249755574 -6.413467768265689e-21
    outer loop
      vertex 0.5338267536780271 -10.186021254496652 30
      vertex 0.4 -10.189525631372323 0
      vertex 0.4 -10.189525631372323 30
    endloop
  endfacet
  facet normal -0.07845909572784421 0.996917333733128 0
    outer loop
      vertex 1.0661903253300653 -10.144123332756386 0
      vertex 0.5338267536780271 -10.186021254496652 30
      vertex 1.0661903253300653 -10.144123332756386 30
    endloop
  endfacet
  facet normal -0.13052619222004996 0.9914448613738105 0
    outer loop
      vertex 1.5956315434103547 -10.074421074070404 0
      vertex 1.0661903253300653 -10.144123332756386 30
      vertex 1.5956315434103547 -10.074421074070404 30
    endloop
  endfacet
  facet normal -0.18223552549214786 0.9832549075639544 0
    outer loop
      vertex 2.120699246341145 -9.977105527484817 0
      vertex 1.5956315434103547 -10.074421074070404 30
      vertex 2.120699246341145 -9.977105527484817 30
    endloop
  endfacet
  facet normal -0.23344536385590578 0.9723699203976764 0
    outer loop
      vertex 2.6399542600457115 -9.852443428148495 0
      vertex 2.120699246341145 -9.977105527484817 30
      vertex 2.6399542600457115 -9.852443428148495 30
    endloop
  endfacet
  facet normal -0.2840153447039237 0.9588197348681926 0
    outer loop
      vertex 3.1519733426244634 -9.700776466210565 0
      vertex 2.6399542600457115 -9.852443428148495 30
      vertex 3.1519733426244634 -9.700776466210565 30
    endloop
  endfacet
  facet normal -0.33380685923377035 0.9426414910921787 0
    outer loop
      vertex 3.6553530853620626 -9.522520350271456 0
      vertex 3.1519733426244634 -9.700776466210565 30
      vertex 3.6553530853620626 -9.522520350271456 30
    endloop
  endfacet
  facet normal -0.38268343236509034 0.9238795325112864 0
    outer loop
      vertex 4.148713759373162 -9.318163667954527 0
      vertex 3.6553530853620626 -9.522520350271456 30
      vertex 4.148713759373162 -9.318163667954527 30
    endloop
  endfacet
  facet normal -0.43051109680829275 0.9025852843498616 0
    outer loop
      vertex 4.630703097343377 -9.088266546721352 0
      vertex 4.148713759373162 -9.318163667954527 30
      vertex 4.630703097343377 -9.088266546721352 30
    endloop
  endfacet
  facet normal -0.4771587602596108 0.878817112661964 0
    outer loop
      vertex 5.1 -8.833459118601272 0
      vertex 4.630703097343377 -9.088266546721352 30
      vertex 5.1 -8.833459118601272 30
    endloop
  endfacet
  facet normal -0.5224985647159456 0.8526401643540942 0
    outer loop
      vertex 5.555318157153276 -8.554439793043326 0
      vertex 5.1 -8.833459118601272 30
      vertex 5.555318157153276 -8.554439793043326 30
    endloop
  endfacet
  facet normal -0.5664062369248335 0.824126188622015 0
    outer loop
      vertex 5.995409573383226 -8.251973342624463 0
      vertex 5.555318157153276 -8.554439793043326 30
      vertex 5.995409573383226 -8.251973342624463 30
    endloop
  endfacet
  facet normal -0.6087614290087219 0.7933533402912343 0
    outer loop
      vertex 6.419067988708341 -7.926888806861102 0
      vertex 5.995409573383226 -8.251973342624463 30
      vertex 6.419067988708341 -7.926888806861102 30
    endloop
  endfacet
  facet normal 0.649448048330183 -0.7604059656000315 0
    outer loop
      vertex 10.069126256797398 -12.434335383311534 0
      vertex 10.706089701741732 -11.890317207638308 30
      vertex 10.069126256797398 -12.434335383311534 30
    endloop
  endfacet
  facet normal 0.6883545756937534 -0.7253743710122882 0
    outer loop
      vertex 10.706089701741732 -11.890317207638308 0
      vertex 11.313708498984761 -11.313708498984761 30
      vertex 10.706089701741732 -11.890317207638308 30
    endloop
  endfacet
  facet normal 0.7253743710122882 -0.6883545756937534 0
    outer loop
      vertex 11.890317207638308 -10.706089701741732 0
      vertex 11.890317207638308 -10.706089701741732 30
      vertex 11.313708498984761 -11.313708498984761 30
    endloop
  endfacet
  facet normal 0.7604059656000315 -0.649448048330183 -1.2162225627393732e-19
    outer loop
      vertex 11.890317207638308 -10.706089701741732 30
      vertex 12.434335383311534 -10.069126256797398 0
      vertex 12.434335383311534 -10.069126256797398 30
    endloop
  endfacet
  facet normal -0.6494480483301828 0.7604059656000316 0
    outer loop
      vertex 6.825132184860354 -7.580077219869421 0
      vertex 6.419067988708341 -7.926888806861102 30
      vertex 6.825132184860354 -7.580077219869421 30
    endloop
  endfacet
  facet normal -0.6883545756937534 0.7253743710122883 0
    outer loop
      vertex 7.212489168102785 -7.212489168102785 0
      vertex 6.825132184860354 -7.580077219869421 30
      vertex 7.212489168102785 -7.212489168102785 30
    endloop
  endfacet
  facet normal -0.7253743710122883 0.6883545756937534 0
    outer loop
      vertex 7.580077219869421 -6.825132184860354 0
      vertex 7.212489168102785 -7.212489168102785 30
      vertex 7.580077219869421 -6.825132184860354 30
    endloop
  endfacet
  facet normal -0.7604059656000316 0.6494480483301828 0
    outer loop
      vertex 7.926888806861102 -6.419067988708341 0
      vertex 7.580077219869421 -6.825132184860354 30
      vertex 7.926888806861102 -6.419067988708341 30
    endloop
  endfacet
  facet normal 0 0 1
    outer loop
      vertex 0.5338267536780271 -10.186021254496652 30
      vertex 0.4 -10.189525631372323 30
      vertex 0.4 -13.007329927634812 30
    endloop
  endfacet
  facet normal 0 0 1
    outer loop
      vertex 0.5338267536780271 -10.186021254496652 30
      vertex 0.4 -13.007329927634812 30
      vertex 1.0661903253300653 -10.144123332756386 30
    endloop
  endfacet
  facet normal 0 0 1
    outer loop
      vertex 4.944271909999158 -13.000088800623246 30
      vertex 1.0661903253300653 -10.144123332756386 30
      vertex 0.4 -13.007329927634812 30
    endloop
  endfacet
  facet normal 0 0 1
    outer loop
      vertex 4.944271909999158 -13.000088800623246 30
      vertex 1.5956315434103547 -10.074421074070404 30
      vertex 1.0661903253300653 -10.144123332756386 30
    endloop
  endfacet
  facet normal 0 0 1
    outer loop
      vertex 4.944271909999158 -13.000088800623246 30
      vertex 2.120699246341145 -9.977105527484817 30
      vertex 1.5956315434103547 -10.074421074070404 30
    endloop
  endfacet
  facet normal 0 0 1
    outer loop
      vertex 4.944271909999158 -13.000088800623246 30
      vertex 2.6399542600457115 -9.852443428148495 30
      vertex 2.120699246341145 -9.977105527484817 30
    endloop
  endfacet
  facet normal 0 0 1
    outer loop
      vertex 4.944271909999158 -13.073322519582215 30
      vertex 5.1 -8.833459118601272 30
      vertex 4.944271909999158 -13.000088800623246 30
    endloop
  endfacet
  facet normal 0 0 1
    outer loop
      vertex 4.944271909999158 -13.073322519582215 30
      vertex 5.685853768327587 -13.10296435146533 30
      vertex 5.1 -8.833459118601272 30
    endloop
  endfacet
  facet normal 0 0 1
    outer loop
      vertex 5.685853768327587 -13.10296435146533 30
      vertex 5.733887192724804 -13.102571071552681 30
      vertex 5.555318157153276 -8.554439793043326 30
    endloop
  endfacet
  facet normal 0 0 1
    outer loop
      vertex 5.733887192724804 -13.338750724626166 30
      vertex 5.995409573383226 -8.251973342624463 30
      vertex 5.733887192724804 -13.102571071552681 30
    endloop
  endfacet
  facet normal 0 0 1
    outer loop
      vertex 5.733887192724804 -13.338750724626166 30
      vertex 6.475983648477357 -13.40223347101812 30
      vertex 5.995409573383226 -8.251973342624463 30
    endloop
  endfacet
  facet normal 0 0 1
    outer loop
      vertex 6.507786289212803 -13.485709979903072 30
      vertex 5.995409573383226 -8.251973342624463 30
      vertex 6.475983648477357 -13.40223347101812 30
    endloop
  endfacet
  facet normal 0 0 1
    outer loop
      vertex 4.944271909999158 -13.000088800623246 30
      vertex 3.1519733426244634 -9.700776466210565 30
      vertex 2.6399542600457115 -9.852443428148495 30
    endloop
  endfacet
  facet normal 0 0 1
    outer loop
      vertex 4.944271909999158 -13.000088800623246 30
      vertex 3.6553530853620626 -9.522520350271456 30
      vertex 3.1519733426244634 -9.700776466210565 30
    endloop
  endfacet
  facet normal 0 0 1
    outer loop
      vertex 4.944271909999158 -13.000088800623246 30
      vertex 4.148713759373162 -9.318163667954527 30
      vertex 3.6553530853620626 -9.522520350271456 30
    endloop
  endfacet
  facet normal 0 0 1
    outer loop
      vertex 4.944271909999158 -13.000088800623246 30
      vertex 4.630703097343377 -9.088266546721352 30
      vertex 4.148713759373162 -9.318163667954527 30
    endloop
  endfacet
  facet normal 0 0 1
    outer loop
      vertex 4.944271909999158 -13.000088800623246 30
      vertex 5.1 -8.833459118601272 30
      vertex 4.630703097343377 -9.088266546721352 30
    endloop
  endfacet
  facet normal 0 0 1
    outer loop
      vertex 5.685853768327587 -13.10296435146533 30
      vertex 5.555318157153276 -8.554439793043326 30
      vertex 5.1 -8.833459118601272 30
    endloop
  endfacet
  facet normal 0 0 1
    outer loop
      vertex 5.733887192724804 -13.102571071552681 30
      vertex 5.995409573383226 -8.251973342624463 30
      vertex 5.555318157153276 -8.554439793043326 30
    endloop
  endfacet
  facet normal 0 0 1
    outer loop
      vertex 6.507786289212803 -13.485709979903072 30
      vertex 6.419067988708341 -7.926888806861102 30
      vertex 5.995409573383226 -8.251973342624463 30
    endloop
  endfacet
  facet normal 0 0 1
    outer loop
      vertex 7.2601074659044595 -14.113259312098114 30
      vertex 6.825132184860354 -7.580077219869421 30
      vertex 6.507786289212803 -14.01088618765727 30
    endloop
  endfacet
  facet normal 0 0 1
    outer loop
      vertex 7.2601074659044595 -14.113259312098114 30
      vertex 7.263847995832749 -14.113195310572717 30
      vertex 6.825132184860354 -7.580077219869421 30
    endloop
  endfacet
  facet normal 0 0 1
    outer loop
      vertex 7.263847995832749 -14.113195310572717 30
      vertex 8 -13.856406460551018 30
      vertex 7.212489168102785 -7.212489168102785 30
    endloop
  endfacet
  facet normal 0 0 1
    outer loop
      vertex 6.507786289212803 -14.01088618765727 30
      vertex 6.825132184860354 -7.580077219869421 30
      vertex 6.507786289212803 -13.485709979903072 30
    endloop
  endfacet
  facet normal 0 0 1
    outer loop
      vertex 8 -13.856406460551018 30
      vertex 8.714224560240433 -13.418729087126785 30
      vertex 7.926888806861102 -6.419067988708341 30
    endloop
  endfacet
  facet normal 0 0 1
    outer loop
      vertex 6.507786289212803 -13.485709979903072 30
      vertex 6.825132184860354 -7.580077219869421 30
      vertex 6.419067988708341 -7.926888806861102 30
    endloop
  endfacet
  facet normal 0 0 1
    outer loop
      vertex 7.263847995832749 -14.113195310572717 30
      vertex 7.212489168102785 -7.212489168102785 30
      vertex 6.825132184860354 -7.580077219869421 30
    endloop
  endfacet
  facet normal 0 0 1
    outer loop
      vertex 8.714224560240433 -13.418729087126785 30
      vertex 9.40456403667957 -12.94427190999916 30
      vertex 8.554439793043326 -5.555318157153276 30
    endloop
  endfacet
  facet normal 0 0 1
    outer loop
      vertex 9.40456403667957 -12.94427190999916 30
      vertex 10.069126256797398 -12.434335383311534 30
      vertex 9.318163667954527 -4.148713759373162 30
    endloop
  endfacet
  facet normal 0 0 1
    outer loop
      vertex 8 -13.856406460551018 30
      vertex 7.580077219869421 -6.825132184860354 30
      vertex 7.212489168102785 -7.212489168102785 30
    endloop
  endfacet
  facet normal 0 0 1
    outer loop
      vertex 8 -13.856406460551018 30
      vertex 7.926888806861102 -6.419067988708341 30
      vertex 7.580077219869421 -6.825132184860354 30
    endloop
  endfacet
  facet normal 0 0 1
    outer loop
      vertex 8.714224560240433 -13.418729087126785 30
      vertex 8.251973342624463 -5.995409573383226 30
      vertex 7.926888806861102 -6.419067988708341 30
    endloop
  endfacet
  facet normal 0 0 1
    outer loop
      vertex 8.714224560240433 -13.418729087126785 30
      vertex 8.554439793043326 -5.555318157153276 30
      vertex 8.251973342624463 -5.995409573383226 30
    endloop
  endfacet
  facet normal 0 0 1
    outer loop
      vertex 9.40456403667957 -12.94427190999916 30
      vertex 8.833459118601272 -5.1 30
      vertex 8.554439793043326 -5.555318157153276 30
    endloop
  endfacet
  facet normal 0 0 1
    outer loop
      vertex 9.40456403667957 -12.94427190999916 30
      vertex 9.088266546721352 -4.630703097343377 30
      vertex 8.833459118601272 -5.1 30
    endloop
  endfacet
  facet normal 0 0 1
    outer loop
      vertex 9.40456403667957 -12.94427190999916 30
      vertex 9.318163667954527 -4.148713759373162 30
      vertex 9.088266546721352 -4.630703097343377 30
    endloop
  endfacet
  facet normal 0 0 1
    outer loop
      vertex 10.069126256797398 -12.434335383311534 30
      vertex 10.706089701741732 -11.890317207638308 30
      vertex 9.977105527484817 -2.120699246341145 30
    endloop
  endfacet
  facet normal 0 0 1
    outer loop
      vertex 10.069126256797398 -12.434335383311534 30
      vertex 9.522520350271456 -3.6553530853620626 30
      vertex 9.318163667954527 -4.148713759373162 30
    endloop
  endfacet
  facet normal 0 0 1
    outer loop
      vertex 10.069126256797398 -12.434335383311534 30
      vertex 9.700776466210565 -3.1519733426244634 30
      vertex 9.522520350271456 -3.6553530853620626 30
    endloop
  endfacet
  facet normal -0.7933533402912343 0.6087614290087219 0
    outer loop
      vertex 8.251973342624463 -5.995409573383226 0
      vertex 7.926888806861102 -6.419067988708341 30
      vertex 8.251973342624463 -5.995409573383226 30
    endloop
  endfacet
  facet normal -0.824126188622015 0.5664062369248335 0
    outer loop
      vertex 8.554439793043326 -5.555318157153276 0
      vertex 8.251973342624463 -5.995409573383226 30
      vertex 8.554439793043326 -5.555318157153276 30
    endloop
  endfacet
  facet normal -0.8526401643540942 0.5224985647159456 0
    outer loop
      vertex 8.833459118601272 -5.1 0
      vertex 8.554439793043326 -5.555318157153276 30
      vertex 8.833459118601272 -5.1 30
    endloop
  endfacet
  facet normal -0.878817112661964 0.4771587602596108 0
    outer loop
      vertex 9.088266546721352 -4.630703097343377 0
      vertex 8.833459118601272 -5.1 30
      vertex 9.088266546721352 -4.630703097343377 30
    endloop
  endfacet
  facet normal -0.9025852843498616 0.43051109680829275 0
    outer loop
      vertex 9.318163667954527 -4.148713759373162 0
      vertex 9.088266546721352 -4.630703097343377 30
      vertex 9.318163667954527 -4.148713759373162 30
    endloop
  endfacet
  facet normal -0.9238795325112864 0.38268343236509034 0
    outer loop
      vertex 9.522520350271456 -3.6553530853620626 0
      vertex 9.318163667954527 -4.148713759373162 30
      vertex 9.522520350271456 -3.6553530853620626 30
    endloop
  endfacet
  facet normal -0.9426414910921787 0.33380685923377035 0
    outer loop
      vertex 9.700776466210565 -3.1519733426244634 0
      vertex 9.522520350271456 -3.6553530853620626 30
      vertex 9.700776466210565 -3.1519733426244634 30
    endloop
  endfacet
  facet normal -0.9588197348681926 0.2840153447039237 0
    outer loop
      vertex 9.852443428148495 -2.6399542600457115 0
      vertex 9.700776466210565 -3.1519733426244634 30
      vertex 9.852443428148495 -2.6399542600457115 30
    endloop
  endfacet
  facet normal -0.9723699203976764 0.23344536385590578 0
    outer loop
      vertex 9.977105527484817 -2.120699246341145 0
      vertex 9.852443428148495 -2.6399542600457115 30
      vertex 9.977105527484817 -2.120699246341145 30
    endloop
  endfacet
  facet normal -0.9832549075639544 0.18223552549214786 0
    outer loop
      vertex 10.074421074070404 -1.5956315434103547 0
      vertex 9.977105527484817 -2.120699246341145 30
      vertex 10.074421074070404 -1.5956315434103547 30
    endloop
  endfacet
  facet normal -0.9914448613738105 0.13052619222004996 0
    outer loop
      vertex 10.144123332756386 -1.0661903253300653 0
      vertex 10.074421074070404 -1.5956315434103547 30
      vertex 10.144123332756386 -1.0661903253300653 30
    endloop
  endfacet
  facet normal -0.996917333733128 0.07845909572784421 0
    outer loop
      vertex 10.186021254496652 -0.5338267536780271 0
      vertex 10.144123332756386 -1.0661903253300653 30
      vertex 10.186021254496652 -0.5338267536780271 30
    endloop
  endfacet
  facet normal -0.9996573249755571 0.026176948307875546 2.8956452357736267e-21
    outer loop
      vertex 10.186021254496652 -0.5338267536780271 30
      vertex 10.2 0 30
      vertex 10.2 0 0
    endloop
  endfacet
  facet normal 0 0 1
    outer loop
      vertex 10.069126256797398 -12.434335383311534 30
      vertex 9.852443428148495 -2.6399542600457115 30
      vertex 9.700776466210565 -3.1519733426244634 30
    endloop
  endfacet
  facet normal 0 0 1
    outer loop
      vertex 10.069126256797398 -12.434335383311534 30
      vertex 9.977105527484817 -2.120699246341145 30
      vertex 9.852443428148495 -2.6399542600457115 30
    endloop
  endfacet
  facet normal 0 0 1
    outer loop
      vertex 10.706089701741732 -11.890317207638308 30
      vertex 10.074421074070404 -1.5956315434103547 30
      vertex 9.977105527484817 -2.120699246341145 30
    endloop
  endfacet
  facet normal 0 0 1
    outer loop
      vertex 10.706089701741732 -11.890317207638308 30
      vertex 10.144123332756386 -1.0661903253300653 30
      vertex 10.074421074070404 -1.5956315434103547 30
    endloop
  endfacet
  facet normal 0 0 1
    outer loop
      vertex 10.706089701741732 -11.890317207638308 30
      vertex 10.186021254496652 -0.5338267536780271 30
      vertex 10.144123332756386 -1.0661903253300653 30
    endloop
  endfacet
  facet normal 0 0 1
    outer loop
      vertex 10.706089701741732 -11.890317207638308 30
      vertex 10.2 0 30
      vertex 10.186021254496652 -0.5338267536780271 30
    endloop
  endfacet
  facet normal 0 0 1
    outer loop
      vertex 10.706089701741732 -11.890317207638308 30
      vertex 11.313708498984761 -11.313708498984761 30
      vertex 10.706089701741732 11.890317207638308 30
    endloop
  endfacet
  facet normal 0 0 1
    outer loop
      vertex 11.313708498984761 -11.313708498984761 30
      vertex 11.890317207638308 -10.706089701741732 30
      vertex 11.313708498984761 11.313708498984761 30
    endloop
  endfacet
  facet normal 0 0 1
    outer loop
      vertex 11.890317207638308 -10.706089701741732 30
      vertex 12.434335383311534 -10.069126256797398 30
      vertex 11.890317207638308 10.706089701741732 30
    endloop
  endfacet
  facet normal 0.7933533402912346 -0.6087614290087213 0
    outer loop
      vertex 12.94427190999916 -9.40456403667957 0
      vertex 12.94427190999916 -9.40456403667957 30
      vertex 12.434335383311534 -10.069126256797398 30
    endloop
  endfacet
  facet normal 0.8241261886220158 -0.5664062369248327 0
    outer loop
      vertex 13.418729087126785 -8.714224560240433 0
      vertex 13.418729087126785 -8.714224560240433 30
      vertex 12.94427190999916 -9.40456403667957 30
    endloop
  endfacet
  facet normal 0.8788171126619646 -0.4771587602596098 -2.4045167916837805e-18
    outer loop
      vertex 13.856406460551018 -8 18
      vertex 14.256104387013886 -7.263847995832749 18
      vertex 14.256104387013886 -7.263847995832749 30
    endloop
  endfacet
  facet normal 0.9025852843498611 -0.430511096808294 3.9507235961486524e-19
    outer loop
      vertex 14.256104387013886 -7.263847995832749 18
      vertex 14.616727322281614 -6.507786289212803 18
      vertex 14.616727322281614 -6.507786289212803 30
    endloop
  endfacet
  facet normal 0.8526401643540928 -0.5224985647159479 0
    outer loop
      vertex 13.856406460551018 -8 18
      vertex 13.856406460551018 -8 30
      vertex 13.418729087126785 -8.714224560240433 30
    endloop
  endfacet
  facet normal 0.8788171126619646 -0.4771587602596098 0
    outer loop
      vertex 13.856406460551018 -8 18
      vertex 14.256104387013886 -7.263847995832749 30
      vertex 13.856406460551018 -8 30
    endloop
  endfacet
  facet normal 0.9025852843498611 -0.430511096808294 0
    outer loop
      vertex 14.256104387013886 -7.263847995832749 18
      vertex 14.616727322281614 -6.507786289212803 30
      vertex 14.256104387013886 -7.263847995832749 30
    endloop
  endfacet
  facet normal 0.9238795325112866 -0.3826834323650901 -2.288656482781931e-19
    outer loop
      vertex 14.616727322281614 -6.507786289212803 18
      vertex 14.937286823955228 -5.733887192724804 18
      vertex 14.937286823955228 -5.733887192724804 30
    endloop
  endfacet
  facet normal 0.9426414910921787 -0.3338068592337702 8.654722249272025e-19
    outer loop
      vertex 14.937286823955228 -5.733887192724804 18
      vertex 15.216904260722456 -4.944271909999158 18
      vertex 15.216904260722456 -4.944271909999158 30
    endloop
  endfacet
  facet normal 0.9588197348681927 -0.2840153447039238 -6.21267907834598e-19
    outer loop
      vertex 15.216904260722456 -4.944271909999158 18
      vertex 15.454813220625093 -4.141104721640332 18
      vertex 15.454813220625093 -4.141104721640332 30
    endloop
  endfacet
  facet normal 0.9723699203976763 -0.23344536385590597 -1.2111598619473493e-19
    outer loop
      vertex 15.454813220625093 -4.141104721640332 18
      vertex 15.650361611740891 -3.3265870530841495 18
      vertex 15.650361611740891 -3.3265870530841495 30
    endloop
  endfacet
  facet normal 0.9238795325112866 -0.3826834323650901 0
    outer loop
      vertex 14.616727322281614 -6.507786289212803 18
      vertex 14.937286823955228 -5.733887192724804 30
      vertex 14.616727322281614 -6.507786289212803 30
    endloop
  endfacet
  facet normal 0.9426414910921787 -0.3338068592337702 0
    outer loop
      vertex 14.937286823955228 -5.733887192724804 18
      vertex 15.216904260722456 -4.944271909999158 30
      vertex 14.937286823955228 -5.733887192724804 30
    endloop
  endfacet
  facet normal 0.9588197348681927 -0.2840153447039238 0
    outer loop
      vertex 15.216904260722456 -4.944271909999158 18
      vertex 15.454813220625093 -4.141104721640332 30
      vertex 15.216904260722456 -4.944271909999158 30
    endloop
  endfacet
  facet normal 0.9723699203976763 -0.23344536385590597 0
    outer loop
      vertex 15.454813220625093 -4.141104721640332 18
      vertex 15.650361611740891 -3.3265870530841495 30
      vertex 15.454813220625093 -4.141104721640332 30
    endloop
  endfacet
  facet normal 0.9832549075639546 -0.18223552549214733 6.240027953533639e-19
    outer loop
      vertex 15.650361611740891 -3.3265870530841495 18
      vertex 15.803013449522204 -2.502951440643694 18
      vertex 15.803013449522204 -2.502951440643694 30
    endloop
  endfacet
  facet normal 0.9914448613738106 -0.13052619222004988 -4.961453425041235e-19
    outer loop
      vertex 15.803013449522204 -2.502951440643694 18
      vertex 15.912350325892373 -1.6724554122824555 18
      vertex 15.912350325892373 -1.6724554122824555 30
    endloop
  endfacet
  facet normal 0.996917333733128 -0.07845909572784507 -1.3534063291454579e-19
    outer loop
      vertex 15.912350325892373 -1.6724554122824555 18
      vertex 15.978072556073181 -0.8373752998871014 18
      vertex 15.978072556073181 -0.8373752998871014 30
    endloop
  endfacet
  facet normal 0.9996573249755571 -0.026176948307873926 2.4370261325962695e-20
    outer loop
      vertex 15.978072556073181 -0.8373752998871014 18
      vertex 16 0 18
      vertex 16 0 30
    endloop
  endfacet
  facet normal 0.9832549075639546 -0.18223552549214733 0
    outer loop
      vertex 15.650361611740891 -3.3265870530841495 18
      vertex 15.803013449522204 -2.502951440643694 30
      vertex 15.650361611740891 -3.3265870530841495 30
    endloop
  endfacet
  facet normal 0.9914448613738106 -0.13052619222004988 0
    outer loop
      vertex 15.803013449522204 -2.502951440643694 18
      vertex 15.912350325892373 -1.6724554122824555 30
      vertex 15.803013449522204 -2.502951440643694 30
    endloop
  endfacet
  facet normal 0.996917333733128 -0.07845909572784507 0
    outer loop
      vertex 15.912350325892373 -1.6724554122824555 18
      vertex 15.978072556073181 -0.8373752998871014 30
      vertex 15.912350325892373 -1.6724554122824555 30
    endloop
  endfacet
  facet normal 0.9996573249755571 -0.026176948307873926 0
    outer loop
      vertex 15.978072556073181 -0.8373752998871014 18
      vertex 16 0 30
      vertex 15.978072556073181 -0.8373752998871014 30
    endloop
  endfacet
  facet normal 0 0 1
    outer loop
      vertex 12.434335383311534 -10.069126256797398 30
      vertex 12.94427190999916 -9.40456403667957 30
      vertex 12.434335383311534 10.069126256797398 30
    endloop
  endfacet
  facet normal 0 0 1
    outer loop
      vertex 12.94427190999916 -9.40456403667957 30
      vertex 13.418729087126785 -8.714224560240433 30
      vertex 12.94427190999916 9.40456403667957 30
    endloop
  endfacet
  facet normal 0 0 1
    outer loop
      vertex 13.418729087126785 -8.714224560240433 30
      vertex 13.856406460551018 -8 30
      vertex 13.418729087126785 8.714224560240433 30
    endloop
  endfacet
  facet normal 0 0 1
    outer loop
      vertex 13.856406460551018 -8 30
      vertex 14.256104387013886 -7.263847995832749 30
      vertex 13.856406460551018 8 30
    endloop
  endfacet
  facet normal 0 0 1
    outer loop
      vertex 14.256104387013886 -7.263847995832749 30
      vertex 14.616727322281614 -6.507786289212803 30
      vertex 14.256104387013886 7.263847995832749 30
    endloop
  endfacet
  facet normal 0 0 1
    outer loop
      vertex 14.616727322281614 -6.507786289212803 30
      vertex 14.937286823955228 -5.733887192724804 30
      vertex 14.616727322281614 6.507786289212803 30
    endloop
  endfacet
  facet normal 0 0 1
    outer loop
      vertex 14.937286823955228 -5.733887192724804 30
      vertex 15.216904260722456 -4.944271909999158 30
      vertex 14.937286823955228 5.733887192724804 30
    endloop
  endfacet
  facet normal 0 0 1
    outer loop
      vertex 15.216904260722456 -4.944271909999158 30
      vertex 15.454813220625093 -4.141104721640332 30
      vertex 15.216904260722456 4.944271909999158 30
    endloop
  endfacet
  facet normal 0 0 1
    outer loop
      vertex 15.454813220625093 -4.141104721640332 30
      vertex 15.650361611740891 -3.3265870530841495 30
      vertex 15.454813220625093 4.141104721640332 30
    endloop
  endfacet
  facet normal 0 0 1
    outer loop
      vertex 15.650361611740891 -3.3265870530841495 30
      vertex 15.803013449522204 -2.502951440643694 30
      vertex 15.650361611740891 3.3265870530841495 30
    endloop
  endfacet
  facet normal 0 0 1
    outer loop
      vertex 15.803013449522204 -2.502951440643694 30
      vertex 15.912350325892373 -1.6724554122824555 30
      vertex 15.803013449522204 2.502951440643694 30
    endloop
  endfacet
  facet normal 0 0 1
    outer loop
      vertex 15.912350325892373 -1.6724554122824555 30
      vertex 15.978072556073181 -0.8373752998871014 30
      vertex 15.912350325892373 1.6724554122824555 30
    endloop
  endfacet
  facet normal 0 0 -1
    outer loop
      vertex 13.856406460551018 -8 0
      vertex 13.856406460551018 -7.563198479870349 0
      vertex 66.43669998891258 -8 0
    endloop
  endfacet
  facet normal 0 0 -1
    outer loop
      vertex 13.856406460551018 -7.563198479870349 0
      vertex 14.128306763577742 -7.499221937981708 0
      vertex 66.43669998891258 -8 0
    endloop
  endfacet
  facet normal 0 -1 0
    outer loop
      vertex 13.856406460551018 -8 0
      vertex 66.43669998891258 -8 0
      vertex 28 -8 6
    endloop
  endfacet
  facet normal 0 -1 0
    outer loop
      vertex 13.856406460551018 -8 18
      vertex 28 -8 12
      vertex 66.43669998891258 -8 18
    endloop
  endfacet
  facet normal 1 0 0
    outer loop
      vertex 28 -8 6
      vertex 28 8 6
      vertex 28 -8 12
    endloop
  endfacet
  facet normal 0 0 -1
    outer loop
      vertex 14.128306763577742 -7.499221937981708 0
      vertex 14.208916884674748 -7.350756563825611 0
      vertex 66.77580139530593 8 0
    endloop
  endfacet
  facet normal 0 0 1
    outer loop
      vertex 28 -8 6
      vertex 32 -8 6
      vertex 32 8 6
    endloop
  endfacet
  facet normal 0 0 -1
    outer loop
      vertex 28 -8 12
      vertex 28 8 12
      vertex 32 -8 12
    endloop
  endfacet
  facet normal 0 0 1
    outer loop
      vertex 14.256104387013886 -7.263847995832749 18
      vertex 34.25 -4 18
      vertex 34.25 4 18
    endloop
  endfacet
  facet normal -1 0 0
    outer loop
      vertex 32 -8 6
      vertex 32 -8 12
      vertex 32 8 12
    endloop
  endfacet
  facet normal 0 -1 0
    outer loop
      vertex 28 -8 6
      vertex 66.43669998891258 -8 0
      vertex 32 -8 6
    endloop
  endfacet
  facet normal 0 -1 0
    outer loop
      vertex 32 -8 6
      vertex 66.43669998891258 -8 18
      vertex 32 -8 12
    endloop
  endfacet
  facet normal 0 -1 0
    outer loop
      vertex 28 -8 12
      vertex 32 -8 12
      vertex 66.43669998891258 -8 18
    endloop
  endfacet
  facet normal 0 0 1
    outer loop
      vertex 13.856406460551018 -8 18
      vertex 65.02085986835134 -4.867017661405422 18
      vertex 34.25 -4 18
    endloop
  endfacet
  facet normal 0 0 1
    outer loop
      vertex 13.856406460551018 -8 18
      vertex 65.29610828266907 -5.644295205338479 18
      vertex 65.02085986835134 -4.867017661405422 18
    endloop
  endfacet
  facet normal -0.7071067811865475 0 0.7071067811865475
    outer loop
      vertex 34.25 -4 18
      vertex 64.25 -4 48
      vertex 34.25 4 18
    endloop
  endfacet
  facet normal 0 0 -1
    outer loop
      vertex 10.186021254496652 0.5338267536780271 0
      vertex 10.706089701741732 11.890317207638308 0
      vertex 10.2 0 0
    endloop
  endfacet
  facet normal 0 0 -1
    outer loop
      vertex 10.186021254496652 0.5338267536780271 0
      vertex 10.144123332756386 1.0661903253300653 0
      vertex 10.706089701741732 11.890317207638308 0
    endloop
  endfacet
  facet normal 0 0 -1
    outer loop
      vertex 10.706089701741732 -11.890317207638308 0
      vertex 10.706089701741732 11.890317207638308 0
      vertex 11.313708498984761 11.313708498984761 0
    endloop
  endfacet
  facet normal 0 0 -1
    outer loop
      vertex 11.313708498984761 -11.313708498984761 0
      vertex 11.313708498984761 11.313708498984761 0
      vertex 11.890317207638308 10.706089701741732 0
    endloop
  endfacet
  facet normal 0 0 -1
    outer loop
      vertex 11.890317207638308 -10.706089701741732 0
      vertex 11.890317207638308 10.706089701741732 0
      vertex 12.434335383311534 10.069126256797398 0
    endloop
  endfacet
  facet normal 0 0 -1
    outer loop
      vertex 10.144123332756386 1.0661903253300653 0
      vertex 10.074421074070404 1.5956315434103547 0
      vertex 10.706089701741732 11.890317207638308 0
    endloop
  endfacet
  facet normal 0 0 -1
    outer loop
      vertex 10.074421074070404 1.5956315434103547 0
      vertex 9.977105527484817 2.120699246341145 0
      vertex 10.706089701741732 11.890317207638308 0
    endloop
  endfacet
  facet normal 0 0 -1
    outer loop
      vertex 9.977105527484817 2.120699246341145 0
      vertex 9.852443428148495 2.6399542600457115 0
      vertex 10.069126256797398 12.434335383311534 0
    endloop
  endfacet
  facet normal 0 0 -1
    outer loop
      vertex 9.852443428148495 2.6399542600457115 0
      vertex 9.700776466210565 3.1519733426244634 0
      vertex 10.069126256797398 12.434335383311534 0
    endloop
  endfacet
  facet normal -0.9996573249755571 -0.026176948307875546 -2.8956452357736267e-21
    outer loop
      vertex 10.186021254496652 0.5338267536780271 0
      vertex 10.2 0 0
      vertex 10.2 0 30
    endloop
  endfacet
  facet normal -0.996917333733128 -0.07845909572784421 0
    outer loop
      vertex 10.186021254496652 0.5338267536780271 0
      vertex 10.186021254496652 0.5338267536780271 30
      vertex 10.144123332756386 1.0661903253300653 0
    endloop
  endfacet
  facet normal -0.9914448613738105 -0.13052619222004996 0
    outer loop
      vertex 10.144123332756386 1.0661903253300653 0
      vertex 10.144123332756386 1.0661903253300653 30
      vertex 10.074421074070404 1.5956315434103547 0
    endloop
  endfacet
  facet normal -0.9832549075639544 -0.18223552549214786 0
    outer loop
      vertex 10.074421074070404 1.5956315434103547 0
      vertex 10.074421074070404 1.5956315434103547 30
      vertex 9.977105527484817 2.120699246341145 0
    endloop
  endfacet
  facet normal -0.9723699203976764 -0.23344536385590578 0
    outer loop
      vertex 9.977105527484817 2.120699246341145 0
      vertex 9.977105527484817 2.120699246341145 30
      vertex 9.852443428148495 2.6399542600457115 0
    endloop
  endfacet
  facet normal -0.9588197348681926 -0.2840153447039237 0
    outer loop
      vertex 9.852443428148495 2.6399542600457115 0
      vertex 9.852443428148495 2.6399542600457115 30
      vertex 9.700776466210565 3.1519733426244634 0
    endloop
  endfacet
  facet normal -0.9025852843498616 -0.43051109680829275 0
    outer loop
      vertex 9.318163667954527 4.148713759373162 0
      vertex 9.318163667954527 4.148713759373162 30
      vertex 9.088266546721352 4.630703097343377 0
    endloop
  endfacet
  facet normal -0.878817112661964 -0.4771587602596108 0
    outer loop
      vertex 9.088266546721352 4.630703097343377 0
      vertex 9.088266546721352 4.630703097343377 30
      vertex 8.833459118601272 5.1 0
    endloop
  endfacet
  facet normal -0.8526401643540942 -0.5224985647159456 0
    outer loop
      vertex 8.833459118601272 5.1 0
      vertex 8.833459118601272 5.1 30
      vertex 8.554439793043326 5.555318157153276 0
    endloop
  endfacet
  facet normal -0.824126188622015 -0.5664062369248335 3.085577645810242e-19
    outer loop
      vertex 8.251973342624463 5.995409573383226 0
      vertex 8.554439793043326 5.555318157153276 0
      vertex 8.554439793043326 5.555318157153276 30
    endloop
  endfacet
  facet normal -0.7933533402912343 -0.6087614290087219 0
    outer loop
      vertex 8.251973342624463 5.995409573383226 0
      vertex 8.251973342624463 5.995409573383226 30
      vertex 7.926888806861102 6.419067988708341 0
    endloop
  endfacet
  facet normal -0.9426414910921787 -0.33380685923377035 0
    outer loop
      vertex 9.700776466210565 3.1519733426244634 0
      vertex 9.700776466210565 3.1519733426244634 30
      vertex 9.522520350271456 3.6553530853620626 0
    endloop
  endfacet
  facet normal -0.9238795325112864 -0.38268343236509034 0
    outer loop
      vertex 9.522520350271456 3.6553530853620626 0
      vertex 9.522520350271456 3.6553530853620626 30
      vertex 9.318163667954527 4.148713759373162 0
    endloop
  endfacet
  facet normal -0.026176948307871626 -0.9996573249755574 1.8882530944873638e-20
    outer loop
      vertex 0.5338267536780271 10.186021254496652 0
      vertex 0.4 10.189525631372323 10.189525631372305
      vertex 0.4 10.189525631372323 0
    endloop
  endfacet
  facet normal 0 0 -1
    outer loop
      vertex 0.5338267536780271 10.186021254496652 0
      vertex 0.4 10.189525631372323 0
      vertex 0.4 15.850893784635094 0
    endloop
  endfacet
  facet normal 0 0 -1
    outer loop
      vertex 1.0661903253300653 10.144123332756386 0
      vertex 0.5338267536780271 10.186021254496652 0
      vertex 1.913689732957701 15.880591225071678 0
    endloop
  endfacet
  facet normal 0 0 -1
    outer loop
      vertex 1.0661903253300653 10.144123332756386 0
      vertex 1.913689732957701 15.880591225071678 0
      vertex 1.5956315434103547 10.074421074070404 0
    endloop
  endfacet
  facet normal 0 0 -1
    outer loop
      vertex 3.1519733426244634 9.700776466210565 0
      vertex 2.6399542600457115 9.852443428148495 0
      vertex 3.325154357745838 15.59564918412873 0
    endloop
  endfacet
  facet normal 0 0 -1
    outer loop
      vertex 1.5956315434103547 10.074421074070404 0
      vertex 2.283289142159641 15.831932539743418 0
      vertex 2.120699246341145 9.977105527484817 0
    endloop
  endfacet
  facet normal 0 0 -1
    outer loop
      vertex 2.120699246341145 9.977105527484817 0
      vertex 2.832420730346067 15.741949926034495 0
      vertex 2.6399542600457115 9.852443428148495 0
    endloop
  endfacet
  facet normal -1 0 0
    outer loop
      vertex 0.4 15.850893784635094 0
      vertex 0.4 10.189525631372323 0
      vertex 0.4 10.189525631372323 10.189525631372305
    endloop
  endfacet
  facet normal 0 0 -1
    outer loop
      vertex 5.555318157153276 8.554439793043326 0
      vertex 5.1 8.833459118601272 0
      vertex 5.732558711381136 14.886554168235698 0
    endloop
  endfacet
  facet normal 0 0 -1
    outer loop
      vertex 6.419067988708341 7.926888806861102 0
      vertex 5.995409573383226 8.251973342624463 0
      vertex 6.507532826790755 14.60704798289391 0
    endloop
  endfacet
  facet normal 0 0 -1
    outer loop
      vertex 5.555318157153276 8.554439793043326 0
      vertex 6.506770936488075 14.617147895150788 0
      vertex 5.995409573383226 8.251973342624463 0
    endloop
  endfacet
  facet normal 0 0 -1
    outer loop
      vertex 3.1519733426244634 9.700776466210565 0
      vertex 4.133900591512185 15.45654277924651 0
      vertex 3.6553530853620626 9.522520350271456 0
    endloop
  endfacet
  facet normal 0 0 -1
    outer loop
      vertex 4.148713759373162 9.318163667954527 0
      vertex 3.6553530853620626 9.522520350271456 0
      vertex 4.1401945851454744 15.42005651013648 0
    endloop
  endfacet
  facet normal 0 0 -1
    outer loop
      vertex 4.148713759373162 9.318163667954527 0
      vertex 4.942973789419705 15.167331035811364 0
      vertex 4.630703097343377 9.088266546721352 0
    endloop
  endfacet
  facet normal 0 0 -1
    outer loop
      vertex 4.630703097343377 9.088266546721352 0
      vertex 5.534225809771736 15.007990627876072 0
      vertex 5.1 8.833459118601272 0
    endloop
  endfacet
  facet normal 0 0 -1
    outer loop
      vertex 5.995409573383226 8.251973342624463 0
      vertex 6.506770936488075 14.617147895150788 0
      vertex 6.507532826790755 14.60704798289391 0
    endloop
  endfacet
  facet normal 0 0 -1
    outer loop
      vertex 9.318163667954527 4.148713759373162 0
      vertex 9.088266546721352 4.630703097343377 0
      vertex 9.40456403667957 12.94427190999916 0
    endloop
  endfacet
  facet normal 0 0 -1
    outer loop
      vertex 9.088266546721352 4.630703097343377 0
      vertex 8.833459118601272 5.1 0
      vertex 9.40456403667957 12.94427190999916 0
    endloop
  endfacet
  facet normal 0 0 -1
    outer loop
      vertex 7.926888806861102 6.419067988708341 0
      vertex 7.580077219869421 6.825132184860354 0
      vertex 8 13.856406460551018 0
    endloop
  endfacet
  facet normal 0 0 -1
    outer loop
      vertex 7.580077219869421 6.825132184860354 0
      vertex 7.212489168102785 7.212489168102785 0
      vertex 8 13.856406460551018 0
    endloop
  endfacet
  facet normal 0 0 -1
    outer loop
      vertex 8.251973342624463 5.995409573383226 0
      vertex 8.714224560240433 13.418729087126785 0
      vertex 8.554439793043326 5.555318157153276 0
    endloop
  endfacet
  facet normal 0 0 -1
    outer loop
      vertex 8.833459118601272 5.1 0
      vertex 8.554439793043326 5.555318157153276 0
      vertex 9.40456403667957 12.94427190999916 0
    endloop
  endfacet
  facet normal 0 0 -1
    outer loop
      vertex 8.251973342624463 5.995409573383226 0
      vertex 7.926888806861102 6.419067988708341 0
      vertex 8.714224560240433 13.418729087126785 0
    endloop
  endfacet
  facet normal 0 0 -1
    outer loop
      vertex 9.700776466210565 3.1519733426244634 0
      vertex 9.522520350271456 3.6553530853620626 0
      vertex 10.069126256797398 12.434335383311534 0
    endloop
  endfacet
  facet normal 0 0 -1
    outer loop
      vertex 9.522520350271456 3.6553530853620626 0
      vertex 9.318163667954527 4.148713759373162 0
      vertex 10.069126256797398 12.434335383311534 0
    endloop
  endfacet
  facet normal 0 0 -1
    outer loop
      vertex 9.977105527484817 2.120699246341145 0
      vertex 10.069126256797398 12.434335383311534 0
      vertex 10.706089701741732 11.890317207638308 0
    endloop
  endfacet
  facet normal 0 0 -1
    outer loop
      vertex 7.212489168102785 7.212489168102785 0
      vertex 6.825132184860354 7.580077219869421 0
      vertex 7.263267003370586 14.233917180020724 0
    endloop
  endfacet
  facet normal 0 0 -1
    outer loop
      vertex 6.825132184860354 7.580077219869421 0
      vertex 6.419067988708341 7.926888806861102 0
      vertex 7.05761484817418 14.35447255247835 0
    endloop
  endfacet
  facet normal 0 0 -1
    outer loop
      vertex 8.554439793043326 5.555318157153276 0
      vertex 8.714224560240433 13.418729087126785 0
      vertex 9.40456403667957 12.94427190999916 0
    endloop
  endfacet
  facet normal 0 0 -1
    outer loop
      vertex 6.825132184860354 7.580077219869421 0
      vertex 7.05761484817418 14.35447255247835 0
      vertex 7.263267003370586 14.233917180020724 0
    endloop
  endfacet
  facet normal 0 0 -1
    outer loop
      vertex 6.419067988708341 7.926888806861102 0
      vertex 6.526994837831768 14.607565314571724 0
      vertex 7.05761484817418 14.35447255247835 0
    endloop
  endfacet
  facet normal 0 0 -1
    outer loop
      vertex 6.419067988708341 7.926888806861102 0
      vertex 6.507532826790755 14.60704798289391 0
      vertex 6.526994837831768 14.607565314571724 0
    endloop
  endfacet
  facet normal 0 0 -1
    outer loop
      vertex 7.212489168102785 7.212489168102785 0
      vertex 7.263267003370586 14.233917180020724 0
      vertex 7.303478611053336 14.23458671859969 0
    endloop
  endfacet
  facet normal 0 0 -1
    outer loop
      vertex 7.212489168102785 7.212489168102785 0
      vertex 7.303478611053336 14.23458671859969 0
      vertex 7.3895942845617615 14.187829722840089 0
    endloop
  endfacet
  facet normal 0 0 -1
    outer loop
      vertex 7.212489168102785 7.212489168102785 0
      vertex 7.3895942845617615 14.187829722840089 0
      vertex 8 13.856406460551018 0
    endloop
  endfacet
  facet normal 0 0 -1
    outer loop
      vertex 7.926888806861102 6.419067988708341 0
      vertex 8 13.856406460551018 0
      vertex 8.714224560240433 13.418729087126785 0
    endloop
  endfacet
  facet normal 0 0 -1
    outer loop
      vertex 9.318163667954527 4.148713759373162 0
      vertex 9.40456403667957 12.94427190999916 0
      vertex 10.069126256797398 12.434335383311534 0
    endloop
  endfacet
  facet normal -0.43051109680829275 -0.9025852843498616 -1.9681971736088081e-19
    outer loop
      vertex 4.148713759373162 9.318163667954527 0
      vertex 4.630703097343377 9.088266546721352 0
      vertex 4.630703097343377 9.088266546721352 30
    endloop
  endfacet
  facet normal -0.6087614290087219 -0.7933533402912343 0
    outer loop
      vertex 6.419067988708341 7.926888806861102 0
      vertex 6.419067988708341 7.926888806861102 30
      vertex 5.995409573383226 8.251973342624463 0
    endloop
  endfacet
  facet normal -0.5664062369248335 -0.824126188622015 3.085577645810242e-19
    outer loop
      vertex 5.555318157153276 8.554439793043326 0
      vertex 5.995409573383226 8.251973342624463 0
      vertex 5.995409573383226 8.251973342624463 30
    endloop
  endfacet
  facet normal -0.4771587602596108 -0.878817112661964 9.190510012604326e-20
    outer loop
      vertex 4.630703097343377 9.088266546721352 0
      vertex 5.1 8.833459118601272 0
      vertex 5.1 8.833459118601272 30
    endloop
  endfacet
  facet normal -0.5224985647159456 -0.8526401643540942 0
    outer loop
      vertex 5.555318157153276 8.554439793043326 0
      vertex 5.555318157153276 8.554439793043326 30
      vertex 5.1 8.833459118601272 0
    endloop
  endfacet
  facet normal -0.13052619222004996 -0.9914448613738105 -5.46899108844494e-20
    outer loop
      vertex 1.0661903253300653 10.144123332756386 0
      vertex 1.5956315434103547 10.074421074070404 0
      vertex 1.5956315434103547 10.074421074070404 30
    endloop
  endfacet
  facet normal -0.07845909572784421 -0.996917333733128 0
    outer loop
      vertex 1.0661903253300653 10.144123332756386 0
      vertex 1.0661903253300653 10.144123332756386 30
      vertex 0.5338267536780271 10.186021254496652 0
    endloop
  endfacet
  facet normal -0.18223552549214786 -0.9832549075639544 1.2568710133686557e-19
    outer loop
      vertex 1.5956315434103547 10.074421074070404 0
      vertex 2.120699246341145 9.977105527484817 0
      vertex 2.120699246341145 9.977105527484817 30
    endloop
  endfacet
  facet normal -0.23344536385590578 -0.9723699203976764 1.0319900516086269e-19
    outer loop
      vertex 2.120699246341145 9.977105527484817 0
      vertex 2.6399542600457115 9.852443428148495 0
      vertex 2.6399542600457115 9.852443428148495 30
    endloop
  endfacet
  facet normal -0.2840153447039237 -0.9588197348681926 0
    outer loop
      vertex 3.1519733426244634 9.700776466210565 0
      vertex 3.1519733426244634 9.700776466210565 30
      vertex 2.6399542600457115 9.852443428148495 0
    endloop
  endfacet
  facet normal -0.026176948307871626 -0.9996573249755574 0
    outer loop
      vertex 0.5338267536780271 10.186021254496652 0
      vertex 0.5338267536780271 10.186021254496652 30
      vertex 0.4 10.189525631372323 10.189525631372305
    endloop
  endfacet
  facet normal -0.33380685923377035 -0.9426414910921787 7.403463258589877e-20
    outer loop
      vertex 3.1519733426244634 9.700776466210565 0
      vertex 3.6553530853620626 9.522520350271456 0
      vertex 3.6553530853620626 9.522520350271456 30
    endloop
  endfacet
  facet normal -0.38268343236509034 -0.9238795325112864 0
    outer loop
      vertex 4.148713759373162 9.318163667954527 0
      vertex 4.148713759373162 9.318163667954527 30
      vertex 3.6553530853620626 9.522520350271456 0
    endloop
  endfacet
  facet normal -0.7604059656000316 -0.6494480483301828 0
    outer loop
      vertex 7.926888806861102 6.419067988708341 0
      vertex 7.926888806861102 6.419067988708341 30
      vertex 7.580077219869421 6.825132184860354 0
    endloop
  endfacet
  facet normal -0.7253743710122883 -0.6883545756937534 0
    outer loop
      vertex 7.580077219869421 6.825132184860354 0
      vertex 7.580077219869421 6.825132184860354 30
      vertex 7.212489168102785 7.212489168102785 0
    endloop
  endfacet
  facet normal -0.6883545756937534 -0.7253743710122883 0
    outer loop
      vertex 7.212489168102785 7.212489168102785 0
      vertex 7.212489168102785 7.212489168102785 30
      vertex 6.825132184860354 7.580077219869421 0
    endloop
  endfacet
  facet normal -0.6494480483301828 -0.7604059656000316 0
    outer loop
      vertex 6.825132184860354 7.580077219869421 0
      vertex 6.825132184860354 7.580077219869421 30
      vertex 6.419067988708341 7.926888806861102 0
    endloop
  endfacet
  facet normal 0.7604059656000315 0.649448048330183 1.2162225627393732e-19
    outer loop
      vertex 11.890317207638308 10.706089701741732 0
      vertex 12.434335383311534 10.069126256797398 30
      vertex 12.434335383311534 10.069126256797398 0
    endloop
  endfacet
  facet normal 0.7253743710122882 0.6883545756937534 0
    outer loop
      vertex 11.890317207638308 10.706089701741732 0
      vertex 11.313708498984761 11.313708498984761 0
      vertex 11.890317207638308 10.706089701741732 30
    endloop
  endfacet
  facet normal 0.649448048330183 0.7604059656000315 0
    outer loop
      vertex 10.069126256797398 12.434335383311534 0
      vertex 10.069126256797398 12.434335383311534 30
      vertex 10.706089701741732 11.890317207638308 0
    endloop
  endfacet
  facet normal 0.6883545756937534 0.7253743710122882 6.377531783248967e-19
    outer loop
      vertex 11.313708498984761 11.313708498984761 0
      vertex 10.706089701741732 11.890317207638308 0
      vertex 10.706089701741732 11.890317207638308 30
    endloop
  endfacet
  facet normal 0 0 -1
    outer loop
      vertex 12.94427190999916 -9.40456403667957 0
      vertex 12.94427190999916 9.40456403667957 0
      vertex 13.418729087126785 8.714224560240433 0
    endloop
  endfacet
  facet normal 0 0 -1
    outer loop
      vertex 13.448580788898504 -7.574234062184212 0
      vertex 13.418729087126785 8.714224560240433 0
      vertex 13.856406460551018 8 0
    endloop
  endfacet
  facet normal 0 0 -1
    outer loop
      vertex 12.434335383311534 -10.069126256797398 0
      vertex 12.434335383311534 10.069126256797398 0
      vertex 12.94427190999916 9.40456403667957 0
    endloop
  endfacet
  facet normal 0 0 1
    outer loop
      vertex 15.912350325892373 -1.6724554122824555 18
      vertex 34.25 4 18
      vertex 15.978072556073181 -0.8373752998871014 18
    endloop
  endfacet
  facet normal 0 0 1
    outer loop
      vertex 15.978072556073181 -0.8373752998871014 18
      vertex 34.25 4 18
      vertex 16 0 18
    endloop
  endfacet
  facet normal 0 0 1
    outer loop
      vertex 16 0 18
      vertex 34.25 4 18
      vertex 15.978072556073181 0.8373752998871014 18
    endloop
  endfacet
  facet normal 0 0 1
    outer loop
      vertex 15.978072556073181 0.8373752998871014 18
      vertex 34.25 4 18
      vertex 15.912350325892373 1.6724554122824555 18
    endloop
  endfacet
  facet normal 0 0 1
    outer loop
      vertex 15.912350325892373 1.6724554122824555 18
      vertex 34.25 4 18
      vertex 15.803013449522204 2.502951440643694 18
    endloop
  endfacet
  facet normal 0 0 1
    outer loop
      vertex 14.616727322281614 6.507786289212803 18
      vertex 34.25 4 18
      vertex 14.256104387013886 7.263847995832749 18
    endloop
  endfacet
  facet normal 0 0 1
    outer loop
      vertex 15.803013449522204 2.502951440643694 18
      vertex 34.25 4 18
      vertex 15.650361611740891 3.3265870530841495 18
    endloop
  endfacet
  facet normal 0 0 1
    outer loop
      vertex 15.650361611740891 3.3265870530841495 18
      vertex 34.25 4 18
      vertex 15.454813220625093 4.141104721640332 18
    endloop
  endfacet
  facet normal 0 0 1
    outer loop
      vertex 15.216904260722456 4.944271909999158 18
      vertex 15.454813220625093 4.141104721640332 18
      vertex 34.25 4 18
    endloop
  endfacet
  facet normal 0 0 1
    outer loop
      vertex 15.216904260722456 4.944271909999158 18
      vertex 34.25 4 18
      vertex 14.937286823955228 5.733887192724804 18
    endloop
  endfacet
  facet normal 0 0 1
    outer loop
      vertex 14.937286823955228 5.733887192724804 18
      vertex 34.25 4 18
      vertex 14.616727322281614 6.507786289212803 18
    endloop
  endfacet
  facet normal 0.8526401643540928 0.5224985647159479 -8.879545093910448e-19
    outer loop
      vertex 13.418729087126785 8.714224560240433 0
      vertex 13.856406460551018 8 18
      vertex 13.856406460551018 8 0
    endloop
  endfacet
  facet normal 0 1 0
    outer loop
      vertex 13.856406460551018 8 0
      vertex 13.856406460551018 8 18
      vertex 28 8 6
    endloop
  endfacet
  facet normal 0.8241261886220158 0.5664062369248327 0
    outer loop
      vertex 13.418729087126785 8.714224560240433 0
      vertex 12.94427190999916 9.40456403667957 0
      vertex 13.418729087126785 8.714224560240433 30
    endloop
  endfacet
  facet normal 0.8526401643540928 0.5224985647159479 -1.3319317640865672e-18
    outer loop
      vertex 13.418729087126785 8.714224560240433 0
      vertex 13.856406460551018 8 30
      vertex 13.856406460551018 8 18
    endloop
  endfacet
  facet normal 0.7933533402912346 0.6087614290087213 -7.5502154235298205e-19
    outer loop
      vertex 12.434335383311534 10.069126256797398 0
      vertex 12.94427190999916 9.40456403667957 30
      vertex 12.94427190999916 9.40456403667957 0
    endloop
  endfacet
  facet normal 0 1 0
    outer loop
      vertex 13.856406460551018 8 18
      vertex 28 8 12
      vertex 28 8 6
    endloop
  endfacet
  facet normal -0.9996573249755571 -0.026176948307875546 0
    outer loop
      vertex 10.186021254496652 0.5338267536780271 0
      vertex 10.2 0 30
      vertex 10.186021254496652 0.5338267536780271 30
    endloop
  endfacet
  facet normal -0.996917333733128 -0.07845909572784421 0
    outer loop
      vertex 10.144123332756386 1.0661903253300653 0
      vertex 10.186021254496652 0.5338267536780271 30
      vertex 10.144123332756386 1.0661903253300653 30
    endloop
  endfacet
  facet normal -0.9914448613738105 -0.13052619222004996 0
    outer loop
      vertex 10.074421074070404 1.5956315434103547 0
      vertex 10.144123332756386 1.0661903253300653 30
      vertex 10.074421074070404 1.5956315434103547 30
    endloop
  endfacet
  facet normal -0.9832549075639544 -0.18223552549214786 0
    outer loop
      vertex 9.977105527484817 2.120699246341145 0
      vertex 10.074421074070404 1.5956315434103547 30
      vertex 9.977105527484817 2.120699246341145 30
    endloop
  endfacet
  facet normal -0.9723699203976764 -0.23344536385590578 0
    outer loop
      vertex 9.852443428148495 2.6399542600457115 0
      vertex 9.977105527484817 2.120699246341145 30
      vertex 9.852443428148495 2.6399542600457115 30
    endloop
  endfacet
  facet normal -0.9588197348681926 -0.2840153447039237 0
    outer loop
      vertex 9.700776466210565 3.1519733426244634 0
      vertex 9.852443428148495 2.6399542600457115 30
      vertex 9.700776466210565 3.1519733426244634 30
    endloop
  endfacet
  facet normal -0.9025852843498616 -0.43051109680829275 0
    outer loop
      vertex 9.088266546721352 4.630703097343377 0
      vertex 9.318163667954527 4.148713759373162 30
      vertex 9.088266546721352 4.630703097343377 30
    endloop
  endfacet
  facet normal -0.878817112661964 -0.4771587602596108 0
    outer loop
      vertex 8.833459118601272 5.1 0
      vertex 9.088266546721352 4.630703097343377 30
      vertex 8.833459118601272 5.1 30
    endloop
  endfacet
  facet normal -0.8526401643540942 -0.5224985647159456 0
    outer loop
      vertex 8.554439793043326 5.555318157153276 0
      vertex 8.833459118601272 5.1 30
      vertex 8.554439793043326 5.555318157153276 30
    endloop
  endfacet
  facet normal -0.824126188622015 -0.5664062369248335 0
    outer loop
      vertex 8.251973342624463 5.995409573383226 0
      vertex 8.554439793043326 5.555318157153276 30
      vertex 8.251973342624463 5.995409573383226 30
    endloop
  endfacet
  facet normal -0.9426414910921787 -0.33380685923377035 0
    outer loop
      vertex 9.522520350271456 3.6553530853620626 0
      vertex 9.700776466210565 3.1519733426244634 30
      vertex 9.522520350271456 3.6553530853620626 30
    endloop
  endfacet
  facet normal -0.9238795325112864 -0.38268343236509034 0
    outer loop
      vertex 9.318163667954527 4.148713759373162 0
      vertex 9.522520350271456 3.6553530853620626 30
      vertex 9.318163667954527 4.148713759373162 30
    endloop
  endfacet
  facet normal 0 0 1
    outer loop
      vertex 10.706089701741732 -11.890317207638308 30
      vertex 10.069126256797398 12.434335383311534 30
      vertex 10.2 0 30
    endloop
  endfacet
  facet normal 0 0 1
    outer loop
      vertex 10.706089701741732 -11.890317207638308 30
      vertex 10.706089701741732 11.890317207638308 30
      vertex 10.069126256797398 12.434335383311534 30
    endloop
  endfacet
  facet normal 0 0 1
    outer loop
      vertex 10.186021254496652 0.5338267536780271 30
      vertex 10.2 0 30
      vertex 10.069126256797398 12.434335383311534 30
    endloop
  endfacet
  facet normal 0 0 1
    outer loop
      vertex 10.186021254496652 0.5338267536780271 30
      vertex 10.069126256797398 12.434335383311534 30
      vertex 10.144123332756386 1.0661903253300653 30
    endloop
  endfacet
  facet normal 0 0 1
    outer loop
      vertex 11.890317207638308 -10.706089701741732 30
      vertex 11.890317207638308 10.706089701741732 30
      vertex 11.313708498984761 11.313708498984761 30
    endloop
  endfacet
  facet normal 0 0 1
    outer loop
      vertex 12.434335383311534 -10.069126256797398 30
      vertex 12.434335383311534 10.069126256797398 30
      vertex 11.890317207638308 10.706089701741732 30
    endloop
  endfacet
  facet normal 0 0 1
    outer loop
      vertex 11.313708498984761 -11.313708498984761 30
      vertex 11.313708498984761 11.313708498984761 30
      vertex 10.706089701741732 11.890317207638308 30
    endloop
  endfacet
  facet normal 0 0 1
    outer loop
      vertex 10.074421074070404 1.5956315434103547 30
      vertex 10.069126256797398 12.434335383311534 30
      vertex 9.977105527484817 2.120699246341145 30
    endloop
  endfacet
  facet normal 0 0 1
    outer loop
      vertex 10.144123332756386 1.0661903253300653 30
      vertex 10.069126256797398 12.434335383311534 30
      vertex 10.074421074070404 1.5956315434103547 30
    endloop
  endfacet
  facet normal 0 0 1
    outer loop
      vertex 9.977105527484817 2.120699246341145 30
      vertex 10.069126256797398 12.434335383311534 30
      vertex 9.852443428148495 2.6399542600457115 30
    endloop
  endfacet
  facet normal 0 0 1
    outer loop
      vertex 9.852443428148495 2.6399542600457115 30
      vertex 10.069126256797398 12.434335383311534 30
      vertex 9.700776466210565 3.1519733426244634 30
    endloop
  endfacet
  facet normal -0.43051109680829275 -0.9025852843498616 0
    outer loop
      vertex 4.148713759373162 9.318163667954527 0
      vertex 4.630703097343377 9.088266546721352 30
      vertex 4.148713759373162 9.318163667954527 30
    endloop
  endfacet
  facet normal -0.4771587602596108 -0.878817112661964 0
    outer loop
      vertex 4.630703097343377 9.088266546721352 0
      vertex 5.1 8.833459118601272 30
      vertex 4.630703097343377 9.088266546721352 30
    endloop
  endfacet
  facet normal -0.6087614290087219 -0.7933533402912343 0
    outer loop
      vertex 5.995409573383226 8.251973342624463 0
      vertex 6.419067988708341 7.926888806861102 30
      vertex 5.995409573383226 8.251973342624463 30
    endloop
  endfacet
  facet normal -0.5664062369248335 -0.824126188622015 0
    outer loop
      vertex 5.555318157153276 8.554439793043326 0
      vertex 5.995409573383226 8.251973342624463 30
      vertex 5.555318157153276 8.554439793043326 30
    endloop
  endfacet
  facet normal -0.5224985647159456 -0.8526401643540942 0
    outer loop
      vertex 5.1 8.833459118601272 0
      vertex 5.555318157153276 8.554439793043326 30
      vertex 5.1 8.833459118601272 30
    endloop
  endfacet
  facet normal -0.13052619222004996 -0.9914448613738105 0
    outer loop
      vertex 1.0661903253300653 10.144123332756386 0
      vertex 1.5956315434103547 10.074421074070404 30
      vertex 1.0661903253300653 10.144123332756386 30
    endloop
  endfacet
  facet normal -0.18223552549214786 -0.9832549075639544 0
    outer loop
      vertex 1.5956315434103547 10.074421074070404 0
      vertex 2.120699246341145 9.977105527484817 30
      vertex 1.5956315434103547 10.074421074070404 30
    endloop
  endfacet
  facet normal -0.07845909572784421 -0.996917333733128 0
    outer loop
      vertex 0.5338267536780271 10.186021254496652 0
      vertex 1.0661903253300653 10.144123332756386 30
      vertex 0.5338267536780271 10.186021254496652 30
    endloop
  endfacet
  facet normal -0.23344536385590578 -0.9723699203976764 0
    outer loop
      vertex 2.120699246341145 9.977105527484817 0
      vertex 2.6399542600457115 9.852443428148495 30
      vertex 2.120699246341145 9.977105527484817 30
    endloop
  endfacet
  facet normal -0.33380685923377035 -0.9426414910921787 0
    outer loop
      vertex 3.1519733426244634 9.700776466210565 0
      vertex 3.6553530853620626 9.522520350271456 30
      vertex 3.1519733426244634 9.700776466210565 30
    endloop
  endfacet
  facet normal -0.2840153447039237 -0.9588197348681926 0
    outer loop
      vertex 2.6399542600457115 9.852443428148495 0
      vertex 3.1519733426244634 9.700776466210565 30
      vertex 2.6399542600457115 9.852443428148495 30
    endloop
  endfacet
  facet normal -0.02617694830787162 -0.9996573249755574 9.71223755008441e-21
    outer loop
      vertex 0.5338267536780271 10.186021254496652 30
      vertex 0.4 10.189525631372323 30
      vertex 0.4 10.189525631372323 10.189525631372305
    endloop
  endfacet
  facet normal -1 0 0
    outer loop
      vertex 0.4 10.189525631372323 10.189525631372305
      vertex 0.4 10.189525631372323 30
      vertex 0.4 13 30
    endloop
  endfacet
  facet normal -0.38268343236509034 -0.9238795325112864 0
    outer loop
      vertex 3.6553530853620626 9.522520350271456 0
      vertex 4.148713759373162 9.318163667954527 30
      vertex 3.6553530853620626 9.522520350271456 30
    endloop
  endfacet
  facet normal -0.7604059656000316 -0.6494480483301828 0
    outer loop
      vertex 7.580077219869421 6.825132184860354 0
      vertex 7.926888806861102 6.419067988708341 30
      vertex 7.580077219869421 6.825132184860354 30
    endloop
  endfacet
  facet normal -0.6494480483301828 -0.7604059656000316 0
    outer loop
      vertex 6.419067988708341 7.926888806861102 0
      vertex 6.825132184860354 7.580077219869421 30
      vertex 6.419067988708341 7.926888806861102 30
    endloop
  endfacet
  facet normal -0.6883545756937534 -0.7253743710122883 0
    outer loop
      vertex 6.825132184860354 7.580077219869421 0
      vertex 7.212489168102785 7.212489168102785 30
      vertex 6.825132184860354 7.580077219869421 30
    endloop
  endfacet
  facet normal -0.7253743710122883 -0.6883545756937534 0
    outer loop
      vertex 7.212489168102785 7.212489168102785 0
      vertex 7.580077219869421 6.825132184860354 30
      vertex 7.212489168102785 7.212489168102785 30
    endloop
  endfacet
  facet normal -0.7933533402912343 -0.6087614290087219 0
    outer loop
      vertex 7.926888806861102 6.419067988708341 0
      vertex 8.251973342624463 5.995409573383226 30
      vertex 7.926888806861102 6.419067988708341 30
    endloop
  endfacet
  facet normal 0.7604059656000315 0.649448048330183 0
    outer loop
      vertex 11.890317207638308 10.706089701741732 0
      vertex 11.890317207638308 10.706089701741732 30
      vertex 12.434335383311534 10.069126256797398 30
    endloop
  endfacet
  facet normal 0.649448048330183 0.7604059656000315 0
    outer loop
      vertex 10.706089701741732 11.890317207638308 0
      vertex 10.069126256797398 12.434335383311534 30
      vertex 10.706089701741732 11.890317207638308 30
    endloop
  endfacet
  facet normal 0.7253743710122882 0.6883545756937534 0
    outer loop
      vertex 11.313708498984761 11.313708498984761 0
      vertex 11.313708498984761 11.313708498984761 30
      vertex 11.890317207638308 10.706089701741732 30
    endloop
  endfacet
  facet normal 0.6883545756937534 0.7253743710122882 0
    outer loop
      vertex 11.313708498984761 11.313708498984761 0
      vertex 10.706089701741732 11.890317207638308 30
      vertex 11.313708498984761 11.313708498984761 30
    endloop
  endfacet
  facet normal 0 0 1
    outer loop
      vertex 0.5338267536780271 10.186021254496652 30
      vertex 0.4 13 30
      vertex 0.4 10.189525631372323 30
    endloop
  endfacet
  facet normal 0 0 1
    outer loop
      vertex 1.0661903253300653 10.144123332756386 30
      vertex 0.4 13 30
      vertex 0.5338267536780271 10.186021254496652 30
    endloop
  endfacet
  facet normal 0 0 1
    outer loop
      vertex 1.0661903253300653 10.144123332756386 30
      vertex 1.5956315434103547 10.074421074070404 30
      vertex 4.944271909999158 13 30
    endloop
  endfacet
  facet normal 0 0 1
    outer loop
      vertex 1.5956315434103547 10.074421074070404 30
      vertex 2.120699246341145 9.977105527484817 30
      vertex 4.944271909999158 13 30
    endloop
  endfacet
  facet normal 0 0 1
    outer loop
      vertex 2.120699246341145 9.977105527484817 30
      vertex 2.6399542600457115 9.852443428148495 30
      vertex 4.944271909999158 13 30
    endloop
  endfacet
  facet normal 0 0 1
    outer loop
      vertex 1.0661903253300653 10.144123332756386 30
      vertex 4.944271909999158 13 30
      vertex 0.4 13 30
    endloop
  endfacet
  facet normal 0 0 1
    outer loop
      vertex 3.1519733426244634 9.700776466210565 30
      vertex 4.944271909999158 13 30
      vertex 2.6399542600457115 9.852443428148495 30
    endloop
  endfacet
  facet normal 0 0 1
    outer loop
      vertex 3.1519733426244634 9.700776466210565 30
      vertex 3.6553530853620626 9.522520350271456 30
      vertex 4.944271909999158 13 30
    endloop
  endfacet
  facet normal 0 0 1
    outer loop
      vertex 4.148713759373162 9.318163667954527 30
      vertex 4.630703097343377 9.088266546721352 30
      vertex 4.944271909999158 13 30
    endloop
  endfacet
  facet normal 0 0 1
    outer loop
      vertex 4.148713759373162 9.318163667954527 30
      vertex 4.944271909999158 13 30
      vertex 3.6553530853620626 9.522520350271456 30
    endloop
  endfacet
  facet normal 0 0 1
    outer loop
      vertex 5.555318157153276 8.554439793043326 30
      vertex 5.002320406696416 13.000121607345692 30
      vertex 5.1 8.833459118601272 30
    endloop
  endfacet
  facet normal 0 0 1
    outer loop
      vertex 5.555318157153276 8.554439793043326 30
      vertex 5.995409573383226 8.251973342624463 30
      vertex 5.733887192724804 13.101893220205914 30
    endloop
  endfacet
  facet normal 0 0 1
    outer loop
      vertex 6.419067988708341 7.926888806861102 30
      vertex 6.507786289212803 13.481784168291014 30
      vertex 5.995409573383226 8.251973342624463 30
    endloop
  endfacet
  facet normal 0 0 1
    outer loop
      vertex 4.630703097343377 9.088266546721352 30
      vertex 5.1 8.833459118601272 30
      vertex 4.944271909999158 13 30
    endloop
  endfacet
  facet normal 0 0 1
    outer loop
      vertex 5.1 8.833459118601272 30
      vertex 5.002320406696416 13.000121607345692 30
      vertex 4.944271909999158 13 30
    endloop
  endfacet
  facet normal 0 0 1
    outer loop
      vertex 5.555318157153276 8.554439793043326 30
      vertex 5.000680192385125 13.062758864810865 30
      vertex 5.002320406696416 13.000121607345692 30
    endloop
  endfacet
  facet normal 0 0 1
    outer loop
      vertex 5.555318157153276 8.554439793043326 30
      vertex 5.733887192724804 13.101893220205914 30
      vertex 5.000680192385125 13.062758864810865 30
    endloop
  endfacet
  facet normal 0 0 1
    outer loop
      vertex 5.995409573383226 8.251973342624463 30
      vertex 5.780808870653188 13.145420236239007 30
      vertex 5.733887192724804 13.101893220205914 30
    endloop
  endfacet
  facet normal 0 0 1
    outer loop
      vertex 5.995409573383226 8.251973342624463 30
      vertex 5.774305062338677 13.393790655333335 30
      vertex 5.780808870653188 13.145420236239007 30
    endloop
  endfacet
  facet normal 0 0 1
    outer loop
      vertex 5.995409573383226 8.251973342624463 30
      vertex 6.507786289212803 13.481784168291014 30
      vertex 5.774305062338677 13.393790655333335 30
    endloop
  endfacet
  facet normal 0 0 1
    outer loop
      vertex 9.318163667954527 4.148713759373162 30
      vertex 9.40456403667957 12.94427190999916 30
      vertex 9.088266546721352 4.630703097343377 30
    endloop
  endfacet
  facet normal 0 0 1
    outer loop
      vertex 9.088266546721352 4.630703097343377 30
      vertex 8.714224560240433 13.418729087126785 30
      vertex 8.833459118601272 5.1 30
    endloop
  endfacet
  facet normal 0 0 1
    outer loop
      vertex 7.926888806861102 6.419067988708341 30
      vertex 8 13.856406460551018 30
      vertex 7.580077219869421 6.825132184860354 30
    endloop
  endfacet
  facet normal 0 0 1
    outer loop
      vertex 8.251973342624463 5.995409573383226 30
      vertex 8.554439793043326 5.555318157153276 30
      vertex 8.714224560240433 13.418729087126785 30
    endloop
  endfacet
  facet normal 0 0 1
    outer loop
      vertex 8.833459118601272 5.1 30
      vertex 8.714224560240433 13.418729087126785 30
      vertex 8.554439793043326 5.555318157153276 30
    endloop
  endfacet
  facet normal 0 0 1
    outer loop
      vertex 8.251973342624463 5.995409573383226 30
      vertex 8 13.856406460551018 30
      vertex 7.926888806861102 6.419067988708341 30
    endloop
  endfacet
  facet normal 0 0 1
    outer loop
      vertex 9.700776466210565 3.1519733426244634 30
      vertex 9.40456403667957 12.94427190999916 30
      vertex 9.522520350271456 3.6553530853620626 30
    endloop
  endfacet
  facet normal 0 0 1
    outer loop
      vertex 9.522520350271456 3.6553530853620626 30
      vertex 9.40456403667957 12.94427190999916 30
      vertex 9.318163667954527 4.148713759373162 30
    endloop
  endfacet
  facet normal 0 0 1
    outer loop
      vertex 6.825132184860354 7.580077219869421 30
      vertex 6.507786289212803 13.481784168291014 30
      vertex 6.419067988708341 7.926888806861102 30
    endloop
  endfacet
  facet normal 0 0 1
    outer loop
      vertex 7.212489168102785 7.212489168102785 30
      vertex 7.263847995832749 14.110429203136071 30
      vertex 6.825132184860354 7.580077219869421 30
    endloop
  endfacet
  facet normal 0 0 1
    outer loop
      vertex 7.580077219869421 6.825132184860354 30
      vertex 7.263847995832749 14.110429203136071 30
      vertex 7.212489168102785 7.212489168102785 30
    endloop
  endfacet
  facet normal 0 0 1
    outer loop
      vertex 9.088266546721352 4.630703097343377 30
      vertex 9.40456403667957 12.94427190999916 30
      vertex 8.714224560240433 13.418729087126785 30
    endloop
  endfacet
  facet normal 0 0 1
    outer loop
      vertex 6.825132184860354 7.580077219869421 30
      vertex 6.5374922282942824 13.482303276788613 30
      vertex 6.507786289212803 13.481784168291014 30
    endloop
  endfacet
  facet normal 0 0 1
    outer loop
      vertex 6.825132184860354 7.580077219869421 30
      vertex 6.5244173566111865 13.981612481872384 30
      vertex 6.5374922282942824 13.482303276788613 30
    endloop
  endfacet
  facet normal 0 0 1
    outer loop
      vertex 7.580077219869421 6.825132184860354 30
      vertex 7.267660257419718 14.110519990570312 30
      vertex 7.263847995832749 14.110429203136071 30
    endloop
  endfacet
  facet normal 0 0 1
    outer loop
      vertex 7.580077219869421 6.825132184860354 30
      vertex 8 13.856406460551018 30
      vertex 7.267660257419718 14.110519990570312 30
    endloop
  endfacet
  facet normal 0 0 1
    outer loop
      vertex 6.825132184860354 7.580077219869421 30
      vertex 7.263847995832749 14.110429203136071 30
      vertex 6.5244173566111865 13.981612481872384 30
    endloop
  endfacet
  facet normal 0 0 1
    outer loop
      vertex 8.251973342624463 5.995409573383226 30
      vertex 8.714224560240433 13.418729087126785 30
      vertex 8 13.856406460551018 30
    endloop
  endfacet
  facet normal 0 0 1
    outer loop
      vertex 9.700776466210565 3.1519733426244634 30
      vertex 10.069126256797398 12.434335383311534 30
      vertex 9.40456403667957 12.94427190999916 30
    endloop
  endfacet
  facet normal 0.9996573249755571 0.026176948307873926 -2.4370261325962695e-20
    outer loop
      vertex 16 0 18
      vertex 15.978072556073181 0.8373752998871014 18
      vertex 15.978072556073181 0.8373752998871014 30
    endloop
  endfacet
  facet normal 0.996917333733128 0.07845909572784507 1.3534063291454579e-19
    outer loop
      vertex 15.978072556073181 0.8373752998871014 18
      vertex 15.912350325892373 1.6724554122824555 18
      vertex 15.912350325892373 1.6724554122824555 30
    endloop
  endfacet
  facet normal 0.9914448613738106 0.13052619222004988 4.961453425041235e-19
    outer loop
      vertex 15.912350325892373 1.6724554122824555 18
      vertex 15.803013449522204 2.502951440643694 18
      vertex 15.803013449522204 2.502951440643694 30
    endloop
  endfacet
  facet normal 0.9832549075639546 0.18223552549214733 -6.240027953533639e-19
    outer loop
      vertex 15.803013449522204 2.502951440643694 18
      vertex 15.650361611740891 3.3265870530841495 18
      vertex 15.650361611740891 3.3265870530841495 30
    endloop
  endfacet
  facet normal 0.9996573249755571 0.026176948307873926 0
    outer loop
      vertex 16 0 18
      vertex 15.978072556073181 0.8373752998871014 30
      vertex 16 0 30
    endloop
  endfacet
  facet normal 0.996917333733128 0.07845909572784507 0
    outer loop
      vertex 15.978072556073181 0.8373752998871014 18
      vertex 15.912350325892373 1.6724554122824555 30
      vertex 15.978072556073181 0.8373752998871014 30
    endloop
  endfacet
  facet normal 0.9914448613738106 0.13052619222004988 0
    outer loop
      vertex 15.912350325892373 1.6724554122824555 18
      vertex 15.803013449522204 2.502951440643694 30
      vertex 15.912350325892373 1.6724554122824555 30
    endloop
  endfacet
  facet normal 0.9832549075639546 0.18223552549214733 0
    outer loop
      vertex 15.803013449522204 2.502951440643694 18
      vertex 15.650361611740891 3.3265870530841495 30
      vertex 15.803013449522204 2.502951440643694 30
    endloop
  endfacet
  facet normal 0.9588197348681927 0.2840153447039238 0
    outer loop
      vertex 15.216904260722456 4.944271909999158 18
      vertex 15.216904260722456 4.944271909999158 30
      vertex 15.454813220625093 4.141104721640332 18
    endloop
  endfacet
  facet normal 0.9426414910921787 0.3338068592337702 -8.654722249272025e-19
    outer loop
      vertex 15.216904260722456 4.944271909999158 18
      vertex 14.937286823955228 5.733887192724804 18
      vertex 14.937286823955228 5.733887192724804 30
    endloop
  endfacet
  facet normal 0.9238795325112866 0.3826834323650901 2.288656482781931e-19
    outer loop
      vertex 14.937286823955228 5.733887192724804 18
      vertex 14.616727322281614 6.507786289212803 18
      vertex 14.616727322281614 6.507786289212803 30
    endloop
  endfacet
  facet normal 0.9723699203976763 0.23344536385590597 1.2111598619473493e-19
    outer loop
      vertex 15.650361611740891 3.3265870530841495 18
      vertex 15.454813220625093 4.141104721640332 18
      vertex 15.454813220625093 4.141104721640332 30
    endloop
  endfacet
  facet normal 0.9426414910921787 0.3338068592337702 0
    outer loop
      vertex 15.216904260722456 4.944271909999158 18
      vertex 14.937286823955228 5.733887192724804 30
      vertex 15.216904260722456 4.944271909999158 30
    endloop
  endfacet
  facet normal 0.9238795325112866 0.3826834323650901 0
    outer loop
      vertex 14.937286823955228 5.733887192724804 18
      vertex 14.616727322281614 6.507786289212803 30
      vertex 14.937286823955228 5.733887192724804 30
    endloop
  endfacet
  facet normal 0.9723699203976763 0.23344536385590597 0
    outer loop
      vertex 15.650361611740891 3.3265870530841495 18
      vertex 15.454813220625093 4.141104721640332 30
      vertex 15.650361611740891 3.3265870530841495 30
    endloop
  endfacet
  facet normal 0.9588197348681927 0.2840153447039238 0
    outer loop
      vertex 15.454813220625093 4.141104721640332 18
      vertex 15.216904260722456 4.944271909999158 30
      vertex 15.454813220625093 4.141104721640332 30
    endloop
  endfacet
  facet normal 0 0 1
    outer loop
      vertex 13.856406460551018 -8 30
      vertex 13.856406460551018 8 30
      vertex 13.418729087126785 8.714224560240433 30
    endloop
  endfacet
  facet normal 0 0 1
    outer loop
      vertex 15.216904260722456 -4.944271909999158 30
      vertex 15.216904260722456 4.944271909999158 30
      vertex 14.937286823955228 5.733887192724804 30
    endloop
  endfacet
  facet normal 0 0 1
    outer loop
      vertex 14.937286823955228 -5.733887192724804 30
      vertex 14.937286823955228 5.733887192724804 30
      vertex 14.616727322281614 6.507786289212803 30
    endloop
  endfacet
  facet normal 0 0 1
    outer loop
      vertex 14.256104387013886 -7.263847995832749 30
      vertex 14.256104387013886 7.263847995832749 30
      vertex 13.856406460551018 8 30
    endloop
  endfacet
  facet normal 0 0 1
    outer loop
      vertex 14.616727322281614 -6.507786289212803 30
      vertex 14.616727322281614 6.507786289212803 30
      vertex 14.256104387013886 7.263847995832749 30
    endloop
  endfacet
  facet normal 0 0 1
    outer loop
      vertex 15.978072556073181 -0.8373752998871014 30
      vertex 16 0 30
      vertex 15.978072556073181 0.8373752998871014 30
    endloop
  endfacet
  facet normal 0 0 1
    outer loop
      vertex 15.978072556073181 -0.8373752998871014 30
      vertex 15.978072556073181 0.8373752998871014 30
      vertex 15.912350325892373 1.6724554122824555 30
    endloop
  endfacet
  facet normal 0 0 1
    outer loop
      vertex 15.912350325892373 -1.6724554122824555 30
      vertex 15.912350325892373 1.6724554122824555 30
      vertex 15.803013449522204 2.502951440643694 30
    endloop
  endfacet
  facet normal 0 0 1
    outer loop
      vertex 15.803013449522204 -2.502951440643694 30
      vertex 15.803013449522204 2.502951440643694 30
      vertex 15.650361611740891 3.3265870530841495 30
    endloop
  endfacet
  facet normal 0 0 1
    outer loop
      vertex 15.650361611740891 -3.3265870530841495 30
      vertex 15.650361611740891 3.3265870530841495 30
      vertex 15.454813220625093 4.141104721640332 30
    endloop
  endfacet
  facet normal 0 0 1
    outer loop
      vertex 15.454813220625093 -4.141104721640332 30
      vertex 15.454813220625093 4.141104721640332 30
      vertex 15.216904260722456 4.944271909999158 30
    endloop
  endfacet
  facet normal 0 0 1
    outer loop
      vertex 12.94427190999916 -9.40456403667957 30
      vertex 12.94427190999916 9.40456403667957 30
      vertex 12.434335383311534 10.069126256797398 30
    endloop
  endfacet
  facet normal 0 0 1
    outer loop
      vertex 13.418729087126785 -8.714224560240433 30
      vertex 13.418729087126785 8.714224560240433 30
      vertex 12.94427190999916 9.40456403667957 30
    endloop
  endfacet
  facet normal 0.9025852843498611 0.430511096808294 -3.9507235961486524e-19
    outer loop
      vertex 14.616727322281614 6.507786289212803 18
      vertex 14.256104387013886 7.263847995832749 18
      vertex 14.256104387013886 7.263847995832749 30
    endloop
  endfacet
  facet normal 0.8788171126619646 0.4771587602596098 2.4045167916837805e-18
    outer loop
      vertex 14.256104387013886 7.263847995832749 18
      vertex 13.856406460551018 8 18
      vertex 13.856406460551018 8 30
    endloop
  endfacet
  facet normal 0.8526401643540928 0.5224985647159479 0
    outer loop
      vertex 13.418729087126785 8.714224560240433 0
      vertex 13.418729087126785 8.714224560240433 30
      vertex 13.856406460551018 8 30
    endloop
  endfacet
  facet normal 0.8241261886220158 0.5664062369248327 0
    outer loop
      vertex 12.94427190999916 9.40456403667957 0
      vertex 12.94427190999916 9.40456403667957 30
      vertex 13.418729087126785 8.714224560240433 30
    endloop
  endfacet
  facet normal 0.9025852843498611 0.430511096808294 0
    outer loop
      vertex 14.616727322281614 6.507786289212803 18
      vertex 14.256104387013886 7.263847995832749 30
      vertex 14.616727322281614 6.507786289212803 30
    endloop
  endfacet
  facet normal 0.8788171126619646 0.4771587602596098 0
    outer loop
      vertex 14.256104387013886 7.263847995832749 18
      vertex 13.856406460551018 8 30
      vertex 14.256104387013886 7.263847995832749 30
    endloop
  endfacet
  facet normal 0.7933533402912346 0.6087614290087213 0
    outer loop
      vertex 12.434335383311534 10.069126256797398 0
      vertex 12.434335383311534 10.069126256797398 30
      vertex 12.94427190999916 9.40456403667957 30
    endloop
  endfacet
  facet normal 0 0 -1
    outer loop
      vertex 0.5338267536780271 10.186021254496652 0
      vertex 0.4 15.850893784635094 0
      vertex 1.913689732957701 15.880591225071678 0
    endloop
  endfacet
  facet normal 0 0 -1
    outer loop
      vertex 1.5956315434103547 10.074421074070404 0
      vertex 1.913689732957701 15.880591225071678 0
      vertex 2.283289142159641 15.831932539743418 0
    endloop
  endfacet
  facet normal 0 0 -1
    outer loop
      vertex 2.120699246341145 9.977105527484817 0
      vertex 2.283289142159641 15.831932539743418 0
      vertex 2.501182701788827 15.735468037756046 0
    endloop
  endfacet
  facet normal 0 0 -1
    outer loop
      vertex 2.120699246341145 9.977105527484817 0
      vertex 2.501182701788827 15.735468037756046 0
      vertex 2.832420730346067 15.741949926034495 0
    endloop
  endfacet
  facet normal 0 0 -1
    outer loop
      vertex 3.1519733426244634 9.700776466210565 0
      vertex 3.325154357745838 15.59564918412873 0
      vertex 3.5372662373159223 15.599782014626516 0
    endloop
  endfacet
  facet normal 0 0 -1
    outer loop
      vertex 2.6399542600457115 9.852443428148495 0
      vertex 2.832420730346067 15.741949926034495 0
      vertex 3.066477173494581 15.698570128401277 0
    endloop
  endfacet
  facet normal 0 0 -1
    outer loop
      vertex 2.6399542600457115 9.852443428148495 0
      vertex 3.066477173494581 15.698570128401277 0
      vertex 3.325154357745838 15.59564918412873 0
    endloop
  endfacet
  facet normal 0 0 -1
    outer loop
      vertex 4.148713759373162 9.318163667954527 0
      vertex 4.71778089458461 15.28399395597591 0
      vertex 4.942973789419705 15.167331035811364 0
    endloop
  endfacet
  facet normal 0 0 -1
    outer loop
      vertex 3.1519733426244634 9.700776466210565 0
      vertex 3.5372662373159223 15.599782014626516 0
      vertex 4.133900591512185 15.45654277924651 0
    endloop
  endfacet
  facet normal 0 0 -1
    outer loop
      vertex 3.6553530853620626 9.522520350271456 0
      vertex 4.133900591512185 15.45654277924651 0
      vertex 4.1401945851454744 15.42005651013648 0
    endloop
  endfacet
  facet normal 0 0 -1
    outer loop
      vertex 4.148713759373162 9.318163667954527 0
      vertex 4.1401945851454744 15.42005651013648 0
      vertex 4.247916415791256 15.423174155397827 0
    endloop
  endfacet
  facet normal 0 0 -1
    outer loop
      vertex 4.148713759373162 9.318163667954527 0
      vertex 4.247916415791256 15.423174155397827 0
      vertex 4.71778089458461 15.28399395597591 0
    endloop
  endfacet
  facet normal 0 0 -1
    outer loop
      vertex 4.630703097343377 9.088266546721352 0
      vertex 4.942973789419705 15.167331035811364 0
      vertex 5.077059078835192 15.169881858043848 0
    endloop
  endfacet
  facet normal 0 0 -1
    outer loop
      vertex 4.630703097343377 9.088266546721352 0
      vertex 5.077059078835192 15.169881858043848 0
      vertex 5.534225809771736 15.007990627876072 0
    endloop
  endfacet
  facet normal 0 0 -1
    outer loop
      vertex 5.1 8.833459118601272 0
      vertex 5.534225809771736 15.007990627876072 0
      vertex 5.732558711381136 14.886554168235698 0
    endloop
  endfacet
  facet normal 0 0 -1
    outer loop
      vertex 5.555318157153276 8.554439793043326 0
      vertex 5.8510627671920945 14.888751111832018 0
      vertex 6.506770936488075 14.617147895150788 0
    endloop
  endfacet
  facet normal 0 0 -1
    outer loop
      vertex 5.555318157153276 8.554439793043326 0
      vertex 5.732558711381136 14.886554168235698 0
      vertex 5.8510627671920945 14.888751111832018 0
    endloop
  endfacet
  facet normal 0 0 -1
    outer loop
      vertex 4.1401945851454744 15.42005651013648 0
      vertex 4.133900591512185 15.45654277924651 0
      vertex 4.247916415791256 15.423174155397827 0
    endloop
  endfacet
  facet normal 0 0 -1
    outer loop
      vertex 3.5372662373159223 15.599782014626516 0
      vertex 7.98356568813324 15.68641460686922 0
      vertex 4.133900591512185 15.45654277924651 0
    endloop
  endfacet
  facet normal 0 0 -1
    outer loop
      vertex 4.247916415791256 15.423174155397827 0
      vertex 4.133900591512185 15.45654277924651 0
      vertex 7.963065020740032 15.530696608126163 0
    endloop
  endfacet
  facet normal 0 0 -1
    outer loop
      vertex 5.077059078835192 15.169881858043848 0
      vertex 7.853169545531273 15.072949014604092 0
      vertex 5.534225809771736 15.007990627876072 0
    endloop
  endfacet
  facet normal 0 0 -1
    outer loop
      vertex 4.247916415791256 15.423174155397827 0
      vertex 7.934442803263664 15.376264929771423 0
      vertex 4.71778089458461 15.28399395597591 0
    endloop
  endfacet
  facet normal 0 0 -1
    outer loop
      vertex 4.942973789419705 15.167331035811364 0
      vertex 4.71778089458461 15.28399395597591 0
      vertex 7.934442803263664 15.376264929771423 0
    endloop
  endfacet
  facet normal 0 0 -1
    outer loop
      vertex 4.942973789419705 15.167331035811364 0
      vertex 7.934442803263664 15.376264929771423 0
      vertex 5.077059078835192 15.169881858043848 0
    endloop
  endfacet
  facet normal -1 0 0
    outer loop
      vertex 0.4 15.850893784635094 0
      vertex 0.4 10.189525631372323 10.189525631372305
      vertex 0.4 17.251421586721815 13.584029120137865
    endloop
  endfacet
  facet normal 0 0 -1
    outer loop
      vertex 1.913689732957701 15.880591225071678 0
      vertex 8 16 0
      vertex 2.283289142159641 15.831932539743418 0
    endloop
  endfacet
  facet normal 0 0 -1
    outer loop
      vertex 2.283289142159641 15.831932539743418 0
      vertex 8 16 0
      vertex 2.501182701788827 15.735468037756046 0
    endloop
  endfacet
  facet normal 0 0 -1
    outer loop
      vertex 2.501182701788827 15.735468037756046 0
      vertex 8 16 0
      vertex 2.832420730346067 15.741949926034495 0
    endloop
  endfacet
  facet normal 0 0 -1
    outer loop
      vertex 2.832420730346067 15.741949926034495 0
      vertex 7.995888605713844 15.842992134392262 0
      vertex 3.066477173494581 15.698570128401277 0
    endloop
  endfacet
  facet normal 0 0 -1
    outer loop
      vertex 3.325154357745838 15.59564918412873 0
      vertex 3.066477173494581 15.698570128401277 0
      vertex 7.995888605713844 15.842992134392262 0
    endloop
  endfacet
  facet normal 0 0 -1
    outer loop
      vertex 3.325154357745838 15.59564918412873 0
      vertex 7.995888605713844 15.842992134392262 0
      vertex 3.5372662373159223 15.599782014626516 0
    endloop
  endfacet
  facet normal 0 0 -1
    outer loop
      vertex 2.832420730346067 15.741949926034495 0
      vertex 8 16 0
      vertex 7.995888605713844 15.842992134392262 0
    endloop
  endfacet
  facet normal 0 0 -1
    outer loop
      vertex 1.913689732957701 15.880591225071678 0
      vertex 8 22 0
      vertex 8 16 0
    endloop
  endfacet
  facet normal -1 0 0
    outer loop
      vertex 0.4 17.875 13.051442841485013
      vertex 0.4 15.850893784635094 0
      vertex 0.4 17.77456217121619 13.112991222122796
    endloop
  endfacet
  facet normal -1 0 0
    outer loop
      vertex 0.4 17.32792414267586 13.49445613569257
      vertex 0.4 15.850893784635094 0
      vertex 0.4 17.251421586721815 13.584029120137865
    endloop
  endfacet
  facet normal -1 0 0
    outer loop
      vertex 0.4 17.40900974233027 13.409009742330268
      vertex 0.4 15.850893784635094 0
      vertex 0.4 17.32792414267586 13.49445613569257
    endloop
  endfacet
  facet normal -1 0 0
    outer loop
      vertex 0.4 17.584029120137867 13.251421586721815
      vertex 0.4 15.850893784635094 0
      vertex 0.4 17.49445613569257 13.327924142675863
    endloop
  endfacet
  facet normal -1 0 0
    outer loop
      vertex 0.4 17.49445613569257 13.327924142675863
      vertex 0.4 15.850893784635094 0
      vertex 0.4 17.40900974233027 13.409009742330268
    endloop
  endfacet
  facet normal -1 0 0
    outer loop
      vertex 0.4 17.677483182341934 13.179711762656368
      vertex 0.4 15.850893784635094 0
      vertex 0.4 17.584029120137867 13.251421586721815
    endloop
  endfacet
  facet normal -1 0 0
    outer loop
      vertex 0.4 17.77456217121619 13.112991222122796
      vertex 0.4 15.850893784635094 0
      vertex 0.4 17.677483182341934 13.179711762656368
    endloop
  endfacet
  facet normal -1 0 0
    outer loop
      vertex 0.4 17.97852137558602 12.995235320576173
      vertex 0.4 15.850893784635094 0
      vertex 0.4 17.875 13.051442841485013
    endloop
  endfacet
  facet normal -1 0 0
    outer loop
      vertex 0.4 18.08484255307945 12.944522720304148
      vertex 0.4 15.850893784635094 0
      vertex 0.4 17.97852137558602 12.995235320576173
    endloop
  endfacet
  facet normal -1 0 0
    outer loop
      vertex 0.4 18.193672113523075 12.899444040381296
      vertex 0.4 15.850893784635094 0
      vertex 0.4 18.08484255307945 12.944522720304148
    endloop
  endfacet
  facet normal 0 0 -1
    outer loop
      vertex 6.526994837831768 14.607565314571724 0
      vertex 7.516011707484722 14.366082891821861 0
      vertex 7.05761484817418 14.35447255247835 0
    endloop
  endfacet
  facet normal 0 0 -1
    outer loop
      vertex 6.506770936488075 14.617147895150788 0
      vertex 6.526994837831768 14.607565314571724 0
      vertex 6.507532826790755 14.60704798289391 0
    endloop
  endfacet
  facet normal 0 0 -1
    outer loop
      vertex 6.506770936488075 14.617147895150788 0
      vertex 5.8510627671920945 14.888751111832018 0
      vertex 7.740636371076107 14.779790073633194 0
    endloop
  endfacet
  facet normal 0 0 -1
    outer loop
      vertex 6.506770936488075 14.617147895150788 0
      vertex 7.673019573092461 14.638028502464294 0
      vertex 6.526994837831768 14.607565314571724 0
    endloop
  endfacet
  facet normal 0 0 -1
    outer loop
      vertex 7.303478611053336 14.23458671859969 0
      vertex 7.427050985395908 14.236644245684147 0
      vertex 7.3895942845617615 14.187829722840089 0
    endloop
  endfacet
  facet normal 0 0 -1
    outer loop
      vertex 7.05761484817418 14.35447255247835 0
      vertex 7.303478611053336 14.23458671859969 0
      vertex 7.263267003370586 14.233917180020724 0
    endloop
  endfacet
  facet normal 0 0 -1
    outer loop
      vertex 7.05761484817418 14.35447255247835 0
      vertex 7.516011707484722 14.366082891821861 0
      vertex 7.303478611053336 14.23458671859969 0
    endloop
  endfacet
  facet normal 0 0 -1
    outer loop
      vertex 7.303478611053336 14.23458671859969 0
      vertex 7.516011707484722 14.366082891821861 0
      vertex 7.427050985395908 14.236644245684147 0
    endloop
  endfacet
  facet normal 0 0 -1
    outer loop
      vertex 6.526994837831768 14.607565314571724 0
      vertex 7.598076209425926 14.5 0
      vertex 7.516011707484722 14.366082891821861 0
    endloop
  endfacet
  facet normal 0 0 -1
    outer loop
      vertex 6.526994837831768 14.607565314571724 0
      vertex 7.673019573092461 14.638028502464294 0
      vertex 7.598076209425926 14.5 0
    endloop
  endfacet
  facet normal 0 0 -1
    outer loop
      vertex 6.506770936488075 14.617147895150788 0
      vertex 7.740636371076107 14.779790073633194 0
      vertex 7.673019573092461 14.638028502464294 0
    endloop
  endfacet
  facet normal 0 0 -1
    outer loop
      vertex 5.534225809771736 15.007990627876072 0
      vertex 7.853169545531273 15.072949014604092 0
      vertex 5.732558711381136 14.886554168235698 0
    endloop
  endfacet
  facet normal 0 0 -1
    outer loop
      vertex 5.732558711381136 14.886554168235698 0
      vertex 7.853169545531273 15.072949014604092 0
      vertex 5.8510627671920945 14.888751111832018 0
    endloop
  endfacet
  facet normal 0 0 -1
    outer loop
      vertex 5.077059078835192 15.169881858043848 0
      vertex 7.89777747541666 15.223542861640453 0
      vertex 7.853169545531273 15.072949014604092 0
    endloop
  endfacet
  facet normal 0 0 -1
    outer loop
      vertex 4.247916415791256 15.423174155397827 0
      vertex 7.963065020740032 15.530696608126163 0
      vertex 7.934442803263664 15.376264929771423 0
    endloop
  endfacet
  facet normal 0 0 -1
    outer loop
      vertex 4.133900591512185 15.45654277924651 0
      vertex 7.98356568813324 15.68641460686922 0
      vertex 7.963065020740032 15.530696608126163 0
    endloop
  endfacet
  facet normal 0 0 -1
    outer loop
      vertex 5.077059078835192 15.169881858043848 0
      vertex 7.934442803263664 15.376264929771423 0
      vertex 7.89777747541666 15.223542861640453 0
    endloop
  endfacet
  facet normal 0 0 -1
    outer loop
      vertex 5.8510627671920945 14.888751111832018 0
      vertex 7.8007412776350975 14.924896150827408 0
      vertex 7.740636371076107 14.779790073633194 0
    endloop
  endfacet
  facet normal 0 0 -1
    outer loop
      vertex 5.8510627671920945 14.888751111832018 0
      vertex 7.853169545531273 15.072949014604092 0
      vertex 7.8007412776350975 14.924896150827408 0
    endloop
  endfacet
  facet normal 0 0 -1
    outer loop
      vertex 3.5372662373159223 15.599782014626516 0
      vertex 7.995888605713844 15.842992134392262 0
      vertex 7.98356568813324 15.68641460686922 0
    endloop
  endfacet
  facet normal 1 0 0
    outer loop
      vertex 8 16 0
      vertex 8 16.99523532057617 13.97852137558602
      vertex 8 16.94452272030415 14.084842553079449
    endloop
  endfacet
  facet normal 1 0 0
    outer loop
      vertex 8 16 0
      vertex 8 17.051442841485013 13.875
      vertex 8 16.99523532057617 13.97852137558602
    endloop
  endfacet
  facet normal 1 0 0
    outer loop
      vertex 8 16 0
      vertex 8 17.112991222122794 13.77456217121619
      vertex 8 17.051442841485013 13.875
    endloop
  endfacet
  facet normal 1 0 0
    outer loop
      vertex 8 16 0
      vertex 8 17.179711762656368 13.677483182341936
      vertex 8 17.112991222122794 13.77456217121619
    endloop
  endfacet
  facet normal 1 0 0
    outer loop
      vertex 8 16 0
      vertex 8 16.899444040381297 14.193672113523075
      vertex 8 16.860122838335904 14.304711762656368
    endloop
  endfacet
  facet normal 1 0 0
    outer loop
      vertex 8 16 0
      vertex 8 16.826666890849594 14.417657148519329
      vertex 8 16.799167898348937 14.53219869566004
    endloop
  endfacet
  facet normal 1 0 0
    outer loop
      vertex 8 16 0
      vertex 8 16.860122838335904 14.304711762656368
      vertex 8 16.826666890849594 14.417657148519329
    endloop
  endfacet
  facet normal 1 0 0
    outer loop
      vertex 8 16 0
      vertex 8 16.75308354680221 14.882244098453377
      vertex 8 16.75 15
    endloop
  endfacet
  facet normal 1 0 0
    outer loop
      vertex 8 16 0
      vertex 8 16.799167898348937 14.53219869566004
      vertex 8 16.77770123366094 14.64802245365948
    endloop
  endfacet
  facet normal 1 0 0
    outer loop
      vertex 8 16 0
      vertex 8 16.77770123366094 14.64802245365948
      vertex 8 16.762325735421385 14.76481095764778
    endloop
  endfacet
  facet normal 1 0 0
    outer loop
      vertex 8 16 0
      vertex 8 16.762325735421385 14.76481095764778
      vertex 8 16.75308354680221 14.882244098453377
    endloop
  endfacet
  facet normal 1 0 0
    outer loop
      vertex 8 16 0
      vertex 8 16.94452272030415 14.084842553079449
      vertex 8 16.899444040381297 14.193672113523075
    endloop
  endfacet
  facet normal 1 0 0
    outer loop
      vertex 8 16 0
      vertex 8 17.32792414267586 13.49445613569257
      vertex 8 17.251421586721815 13.584029120137865
    endloop
  endfacet
  facet normal 1 0 0
    outer loop
      vertex 8 16 0
      vertex 8 17.40900974233027 13.409009742330268
      vertex 8 17.32792414267586 13.49445613569257
    endloop
  endfacet
  facet normal 1 0 0
    outer loop
      vertex 8 16 0
      vertex 8 17.49445613569257 13.327924142675863
      vertex 8 17.40900974233027 13.409009742330268
    endloop
  endfacet
  facet normal 1 0 0
    outer loop
      vertex 8 16 0
      vertex 8 17.251421586721815 13.584029120137865
      vertex 8 17.179711762656368 13.677483182341936
    endloop
  endfacet
  facet normal 1 0 0
    outer loop
      vertex 8 16 0
      vertex 8 17.584029120137867 13.251421586721815
      vertex 8 17.49445613569257 13.327924142675863
    endloop
  endfacet
  facet normal 1 0 0
    outer loop
      vertex 8 16 0
      vertex 8 17.677483182341934 13.179711762656368
      vertex 8 17.584029120137867 13.251421586721815
    endloop
  endfacet
  facet normal 1 0 0
    outer loop
      vertex 8 16 0
      vertex 8 17.77456217121619 13.112991222122796
      vertex 8 17.677483182341934 13.179711762656368
    endloop
  endfacet
  facet normal 1 0 0
    outer loop
      vertex 8 16 0
      vertex 8 17.875 13.051442841485013
      vertex 8 17.77456217121619 13.112991222122796
    endloop
  endfacet
  facet normal 1 0 0
    outer loop
      vertex 8 16 0
      vertex 8 17.97852137558602 12.995235320576173
      vertex 8 17.875 13.051442841485013
    endloop
  endfacet
  facet normal 1 0 0
    outer loop
      vertex 8 16 0
      vertex 8 18.08484255307945 12.944522720304148
      vertex 8 17.97852137558602 12.995235320576173
    endloop
  endfacet
  facet normal 1 0 0
    outer loop
      vertex 8 16 0
      vertex 8 18.193672113523075 12.899444040381296
      vertex 8 18.08484255307945 12.944522720304148
    endloop
  endfacet
  facet normal 1 0 0
    outer loop
      vertex 8 16 0
      vertex 8 18.304711762656368 12.860122838335904
      vertex 8 18.193672113523075 12.899444040381296
    endloop
  endfacet
  facet normal 1 0 0
    outer loop
      vertex 8 16 0
      vertex 8 18.41765714851933 12.826666890849596
      vertex 8 18.304711762656368 12.860122838335904
    endloop
  endfacet
  facet normal 1 0 0
    outer loop
      vertex 8 16 0
      vertex 8 18.532198695660043 12.799167898348937
      vertex 8 18.41765714851933 12.826666890849596
    endloop
  endfacet
  facet normal 1 0 0
    outer loop
      vertex 8 16 0
      vertex 8 18.64802245365948 12.77770123366094
      vertex 8 18.532198695660043 12.799167898348937
    endloop
  endfacet
  facet normal 1 0 0
    outer loop
      vertex 8 16 0
      vertex 8 18.76481095764778 12.762325735421385
      vertex 8 18.64802245365948 12.77770123366094
    endloop
  endfacet
  facet normal 1 0 0
    outer loop
      vertex 8 16 0
      vertex 8 18.882244098453377 12.753083546802209
      vertex 8 18.76481095764778 12.762325735421385
    endloop
  endfacet
  facet normal 1 0 0
    outer loop
      vertex 8 16 0
      vertex 8 19 12.75
      vertex 8 18.882244098453377 12.753083546802209
    endloop
  endfacet
  facet normal 1 0 0
    outer loop
      vertex 8 16 0
      vertex 8 19.117755901546623 12.753083546802209
      vertex 8 19 12.75
    endloop
  endfacet
  facet normal 1 0 0
    outer loop
      vertex 8 16 0
      vertex 8 19.23518904235222 12.762325735421385
      vertex 8 19.117755901546623 12.753083546802209
    endloop
  endfacet
  facet normal 1 0 0
    outer loop
      vertex 8 16 0
      vertex 8 19.35197754634052 12.77770123366094
      vertex 8 19.23518904235222 12.762325735421385
    endloop
  endfacet
  facet normal -1 0 0
    outer loop
      vertex 0.4 17.251421586721815 13.584029120137865
      vertex 0.4 10.189525631372323 10.189525631372305
      vertex 0.4 17.179711762656368 13.677483182341936
    endloop
  endfacet
  facet normal -1 0 0
    outer loop
      vertex 0.4 16.799167898348937 14.53219869566004
      vertex 0.4 10.189525631372323 10.189525631372305
      vertex 0.4 16.77770123366094 14.64802245365948
    endloop
  endfacet
  facet normal -1 0 0
    outer loop
      vertex 0.4 16.826666890849594 14.417657148519329
      vertex 0.4 10.189525631372323 10.189525631372305
      vertex 0.4 16.799167898348937 14.53219869566004
    endloop
  endfacet
  facet normal -1 0 0
    outer loop
      vertex 0.4 16.860122838335904 14.304711762656368
      vertex 0.4 10.189525631372323 10.189525631372305
      vertex 0.4 16.826666890849594 14.417657148519329
    endloop
  endfacet
  facet normal -1 0 0
    outer loop
      vertex 0.4 17.051442841485013 13.875
      vertex 0.4 10.189525631372323 10.189525631372305
      vertex 0.4 16.99523532057617 13.97852137558602
    endloop
  endfacet
  facet normal -1 0 0
    outer loop
      vertex 0.4 16.99523532057617 13.97852137558602
      vertex 0.4 10.189525631372323 10.189525631372305
      vertex 0.4 16.94452272030415 14.084842553079449
    endloop
  endfacet
  facet normal -1 0 0
    outer loop
      vertex 0.4 17.112991222122794 13.77456217121619
      vertex 0.4 10.189525631372323 10.189525631372305
      vertex 0.4 17.051442841485013 13.875
    endloop
  endfacet
  facet normal -1 0 0
    outer loop
      vertex 0.4 17.179711762656368 13.677483182341936
      vertex 0.4 10.189525631372323 10.189525631372305
      vertex 0.4 17.112991222122794 13.77456217121619
    endloop
  endfacet
  facet normal -1 0 0
    outer loop
      vertex 0.4 16.94452272030415 14.084842553079449
      vertex 0.4 10.189525631372323 10.189525631372305
      vertex 0.4 16.899444040381297 14.193672113523075
    endloop
  endfacet
  facet normal -1 0 0
    outer loop
      vertex 0.4 16.899444040381297 14.193672113523075
      vertex 0.4 10.189525631372323 10.189525631372305
      vertex 0.4 16.860122838335904 14.304711762656368
    endloop
  endfacet
  facet normal -1 0 0
    outer loop
      vertex 0.4 16.77770123366094 14.64802245365948
      vertex 0.4 10.189525631372323 10.189525631372305
      vertex 0.4 16.762325735421385 14.76481095764778
    endloop
  endfacet
  facet normal -1 0 0
    outer loop
      vertex 0.4 16.762325735421385 14.76481095764778
      vertex 0.4 10.189525631372323 10.189525631372305
      vertex 0.4 16.75308354680221 14.882244098453377
    endloop
  endfacet
  facet normal -1 0 0
    outer loop
      vertex 0.4 16.75308354680221 14.882244098453377
      vertex 0.4 10.189525631372323 10.189525631372305
      vertex 0.4 16.75 15
    endloop
  endfacet
  facet normal -1 0 0
    outer loop
      vertex 0.4 16.75 15
      vertex 0.4 10.189525631372323 10.189525631372305
      vertex 0.4 16.75308354680221 15.117755901546623
    endloop
  endfacet
  facet normal -1 0 0
    outer loop
      vertex 0.4 16.75308354680221 15.117755901546623
      vertex 0.4 10.189525631372323 10.189525631372305
      vertex 0.4 16.762325735421385 15.23518904235222
    endloop
  endfacet
  facet normal -1 0 0
    outer loop
      vertex 0.4 16.762325735421385 15.23518904235222
      vertex 0.4 10.189525631372323 10.189525631372305
      vertex 0.4 16.77770123366094 15.35197754634052
    endloop
  endfacet
  facet normal -1 0 0
    outer loop
      vertex 0.4 16.77770123366094 15.35197754634052
      vertex 0.4 10.189525631372323 10.189525631372305
      vertex 0.4 16.799167898348937 15.46780130433996
    endloop
  endfacet
  facet normal -1 0 0
    outer loop
      vertex 0.4 16.799167898348937 15.46780130433996
      vertex 0.4 10.189525631372323 10.189525631372305
      vertex 0.4 16.826666890849594 15.582342851480671
    endloop
  endfacet
  facet normal -1 0 0
    outer loop
      vertex 0.4 16.826666890849594 15.582342851480671
      vertex 0.4 10.189525631372323 10.189525631372305
      vertex 0.4 16.860122838335904 15.695288237343632
    endloop
  endfacet
  facet normal -1 0 0
    outer loop
      vertex 0.4 16.860122838335904 15.695288237343632
      vertex 0.4 10.189525631372323 10.189525631372305
      vertex 0.4 16.899444040381297 15.806327886476925
    endloop
  endfacet
  facet normal -1 0 0
    outer loop
      vertex 0.4 16.899444040381297 15.806327886476925
      vertex 0.4 10.189525631372323 10.189525631372305
      vertex 0.4 16.94452272030415 15.915157446920551
    endloop
  endfacet
  facet normal -1 0 0
    outer loop
      vertex 0.4 16.94452272030415 15.915157446920551
      vertex 0.4 10.189525631372323 10.189525631372305
      vertex 0.4 16.99523532057617 16.02147862441398
    endloop
  endfacet
  facet normal -1 0 0
    outer loop
      vertex 0.4 16.99523532057617 16.02147862441398
      vertex 0.4 10.189525631372323 10.189525631372305
      vertex 0.4 17.051442841485013 16.125
    endloop
  endfacet
  facet normal -1 0 0
    outer loop
      vertex 0.4 17.051442841485013 16.125
      vertex 0.4 10.189525631372323 10.189525631372305
      vertex 0.4 17.112991222122794 16.22543782878381
    endloop
  endfacet
  facet normal -1 0 0
    outer loop
      vertex 0.4 17.112991222122794 16.22543782878381
      vertex 0.4 10.189525631372323 10.189525631372305
      vertex 0.4 17.179711762656368 16.322516817658066
    endloop
  endfacet
  facet normal -1 0 0
    outer loop
      vertex 0.4 17.179711762656368 16.322516817658066
      vertex 0.4 10.189525631372323 10.189525631372305
      vertex 0.4 17.251421586721815 16.415970879862133
    endloop
  endfacet
  facet normal -1 0 0
    outer loop
      vertex 0.4 17.251421586721815 16.415970879862133
      vertex 0.4 10.189525631372323 10.189525631372305
      vertex 0.4 17.32792414267586 16.50554386430743
    endloop
  endfacet
  facet normal 0 0.8241261886220103 0.5664062369248407
    outer loop
      vertex 8 17.179711762656368 13.677483182341936
      vertex 0.4 17.179711762656368 13.677483182341936
      vertex 0.4 17.112991222122794 13.77456217121619
    endloop
  endfacet
  facet normal 0 0.9832549075639575 0.1822355254921324
    outer loop
      vertex 8 16.799167898348937 14.53219869566004
      vertex 0.4 16.799167898348937 14.53219869566004
      vertex 0.4 16.77770123366094 14.64802245365948
    endloop
  endfacet
  facet normal 0 0.9914448613738086 0.13052619222006553
    outer loop
      vertex 8 16.77770123366094 14.64802245365948
      vertex 0.4 16.77770123366094 14.64802245365948
      vertex 0.4 16.762325735421385 14.76481095764778
    endloop
  endfacet
  facet normal 0 0.9969173337331282 0.0784590957278416
    outer loop
      vertex 8 16.762325735421385 14.76481095764778
      vertex 0.4 16.762325735421385 14.76481095764778
      vertex 0.4 16.75308354680221 14.882244098453377
    endloop
  endfacet
  facet normal 0 0.9996573249755573 0.02617694830787525
    outer loop
      vertex 8 16.75308354680221 14.882244098453377
      vertex 0.4 16.75308354680221 14.882244098453377
      vertex 0.4 16.75 15
    endloop
  endfacet
  facet normal 0 0.9025852843498696 0.4305110968082762
    outer loop
      vertex 8 16.99523532057617 13.97852137558602
      vertex 0.4 16.99523532057617 13.97852137558602
      vertex 0.4 16.94452272030415 14.084842553079449
    endloop
  endfacet
  facet normal 0 0.9426414910921735 0.33380685923378467
    outer loop
      vertex 8 16.899444040381297 14.193672113523075
      vertex 0.4 16.899444040381297 14.193672113523075
      vertex 0.4 16.860122838335904 14.304711762656368
    endloop
  endfacet
  facet normal 0 0.9588197348681897 0.2840153447039341
    outer loop
      vertex 8 16.860122838335904 14.304711762656368
      vertex 0.4 16.860122838335904 14.304711762656368
      vertex 0.4 16.826666890849594 14.417657148519329
    endloop
  endfacet
  facet normal 0 0.9238795325112864 0.38268343236509056
    outer loop
      vertex 8 16.94452272030415 14.084842553079449
      vertex 0.4 16.94452272030415 14.084842553079449
      vertex 0.4 16.899444040381297 14.193672113523075
    endloop
  endfacet
  facet normal 0 0.8788171126619613 0.4771587602596161
    outer loop
      vertex 8 17.051442841485013 13.875
      vertex 0.4 17.051442841485013 13.875
      vertex 0.4 16.99523532057617 13.97852137558602
    endloop
  endfacet
  facet normal 0 0.8526401643540991 0.5224985647159378
    outer loop
      vertex 8 17.112991222122794 13.77456217121619
      vertex 0.4 17.112991222122794 13.77456217121619
      vertex 0.4 17.051442841485013 13.875
    endloop
  endfacet
  facet normal 0 0.9723699203976797 0.2334453638558927
    outer loop
      vertex 8 16.826666890849594 14.417657148519329
      vertex 0.4 16.826666890849594 14.417657148519329
      vertex 0.4 16.799167898348937 14.53219869566004
    endloop
  endfacet
  facet normal 0 0.7253743710122805 0.6883545756937616
    outer loop
      vertex 8 17.40900974233027 13.409009742330268
      vertex 0.4 17.40900974233027 13.409009742330268
      vertex 0.4 17.32792414267586 13.49445613569257
    endloop
  endfacet
  facet normal 0 0.7933533402912382 0.6087614290087167
    outer loop
      vertex 8 17.251421586721815 13.584029120137865
      vertex 0.4 17.251421586721815 13.584029120137865
      vertex 0.4 17.179711762656368 13.677483182341936
    endloop
  endfacet
  facet normal 0 0.760405965600029 0.6494480483301859
    outer loop
      vertex 8 17.32792414267586 13.49445613569257
      vertex 0.4 17.32792414267586 13.49445613569257
      vertex 0.4 17.251421586721815 13.584029120137865
    endloop
  endfacet
  facet normal 0 0.6883545756937532 0.7253743710122885
    outer loop
      vertex 8 17.49445613569257 13.327924142675863
      vertex 0.4 17.49445613569257 13.327924142675863
      vertex 0.4 17.40900974233027 13.409009742330268
    endloop
  endfacet
  facet normal 0 0.6494480483301872 0.7604059656000279
    outer loop
      vertex 8 17.584029120137867 13.251421586721815
      vertex 0.4 17.584029120137867 13.251421586721815
      vertex 0.4 17.49445613569257 13.327924142675863
    endloop
  endfacet
  facet normal 0 0.5224985647159488 0.8526401643540924
    outer loop
      vertex 8 17.875 13.051442841485013
      vertex 0.4 17.875 13.051442841485013
      vertex 0.4 17.77456217121619 13.112991222122796
    endloop
  endfacet
  facet normal 0 0.4771587602596044 0.8788171126619676
    outer loop
      vertex 8 17.97852137558602 12.995235320576173
      vertex 0.4 17.97852137558602 12.995235320576173
      vertex 0.4 17.875 13.051442841485013
    endloop
  endfacet
  facet normal 0 0.6087614290087312 0.7933533402912271
    outer loop
      vertex 8 17.677483182341934 13.179711762656368
      vertex 0.4 17.677483182341934 13.179711762656368
      vertex 0.4 17.584029120137867 13.251421586721815
    endloop
  endfacet
  facet normal 0 0.5664062369248234 0.8241261886220221
    outer loop
      vertex 8 17.77456217121619 13.112991222122796
      vertex 0.4 17.77456217121619 13.112991222122796
      vertex 0.4 17.677483182341934 13.179711762656368
    endloop
  endfacet
  facet normal 0 0.430511096808295 0.9025852843498606
    outer loop
      vertex 8 18.08484255307945 12.944522720304148
      vertex 0.4 18.08484255307945 12.944522720304148
      vertex 0.4 17.97852137558602 12.995235320576173
    endloop
  endfacet
  facet normal 0 0.3826834323650959 0.9238795325112842
    outer loop
      vertex 8 18.193672113523075 12.899444040381296
      vertex 0.4 18.193672113523075 12.899444040381296
      vertex 0.4 18.08484255307945 12.944522720304148
    endloop
  endfacet
  facet normal 0 0.33380685923377124 0.9426414910921783
    outer loop
      vertex 8 18.304711762656368 12.860122838335904
      vertex 0.4 18.304711762656368 12.860122838335904
      vertex 0.4 18.193672113523075 12.899444040381296
    endloop
  endfacet
  facet normal 0 0.2334453638559035 0.972369920397677
    outer loop
      vertex 8 18.532198695660043 12.799167898348937
      vertex 0.4 18.532198695660043 12.799167898348937
      vertex 0.4 18.41765714851933 12.826666890849596
    endloop
  endfacet
  facet normal 0 0.28401534470392015 0.9588197348681938
    outer loop
      vertex 8 18.41765714851933 12.826666890849596
      vertex 0.4 18.41765714851933 12.826666890849596
      vertex 0.4 18.304711762656368 12.860122838335904
    endloop
  endfacet
  facet normal 0 0.18223552549215236 0.9832549075639536
    outer loop
      vertex 8 18.64802245365948 12.77770123366094
      vertex 0.4 18.64802245365948 12.77770123366094
      vertex 0.4 18.532198695660043 12.799167898348937
    endloop
  endfacet
  facet normal 0 0.1305261922200507 0.9914448613738105
    outer loop
      vertex 8 18.76481095764778 12.762325735421385
      vertex 0.4 18.76481095764778 12.762325735421385
      vertex 0.4 18.64802245365948 12.77770123366094
    endloop
  endfacet
  facet normal -2.3981347663282734e-20 0.8241261886220103 0.5664062369248407
    outer loop
      vertex 8 17.179711762656368 13.677483182341936
      vertex 0.4 17.112991222122794 13.77456217121619
      vertex 8 17.112991222122794 13.77456217121619
    endloop
  endfacet
  facet normal 0 0.9832549075639575 0.1822355254921324
    outer loop
      vertex 8 16.77770123366094 14.64802245365948
      vertex 8 16.799167898348937 14.53219869566004
      vertex 0.4 16.77770123366094 14.64802245365948
    endloop
  endfacet
  facet normal 4.2427013461150393e-20 0.9914448613738086 0.13052619222006553
    outer loop
      vertex 8 16.77770123366094 14.64802245365948
      vertex 0.4 16.762325735421385 14.76481095764778
      vertex 8 16.762325735421385 14.76481095764778
    endloop
  endfacet
  facet normal 1.762382562724886e-20 0.9969173337331282 0.0784590957278416
    outer loop
      vertex 8 16.762325735421385 14.76481095764778
      vertex 0.4 16.75308354680221 14.882244098453377
      vertex 8 16.75308354680221 14.882244098453377
    endloop
  endfacet
  facet normal 2.8879549025599e-20 0.9996573249755573 0.02617694830787525
    outer loop
      vertex 8 16.75308354680221 14.882244098453377
      vertex 0.4 16.75 15
      vertex 8 16.75 15
    endloop
  endfacet
  facet normal 0 0.9025852843498696 0.4305110968082762
    outer loop
      vertex 8 16.94452272030415 14.084842553079449
      vertex 8 16.99523532057617 13.97852137558602
      vertex 0.4 16.94452272030415 14.084842553079449
    endloop
  endfacet
  facet normal 0 0.9426414910921735 0.33380685923378467
    outer loop
      vertex 8 16.860122838335904 14.304711762656368
      vertex 8 16.899444040381297 14.193672113523075
      vertex 0.4 16.860122838335904 14.304711762656368
    endloop
  endfacet
  facet normal 0 0.9238795325112864 0.38268343236509056
    outer loop
      vertex 8 16.899444040381297 14.193672113523075
      vertex 8 16.94452272030415 14.084842553079449
      vertex 0.4 16.899444040381297 14.193672113523075
    endloop
  endfacet
  facet normal 0 0.8526401643540991 0.5224985647159378
    outer loop
      vertex 8 17.051442841485013 13.875
      vertex 8 17.112991222122794 13.77456217121619
      vertex 0.4 17.051442841485013 13.875
    endloop
  endfacet
  facet normal -3.0543058136285643e-19 0.8788171126619613 0.4771587602596161
    outer loop
      vertex 8 17.051442841485013 13.875
      vertex 0.4 16.99523532057617 13.97852137558602
      vertex 8 16.99523532057617 13.97852137558602
    endloop
  endfacet
  facet normal 6.219881366035082e-20 0.9588197348681897 0.2840153447039341
    outer loop
      vertex 8 16.860122838335904 14.304711762656368
      vertex 0.4 16.826666890849594 14.417657148519329
      vertex 8 16.826666890849594 14.417657148519329
    endloop
  endfacet
  facet normal -2.057820999914029e-19 0.9723699203976797 0.2334453638558927
    outer loop
      vertex 8 16.826666890849594 14.417657148519329
      vertex 0.4 16.799167898348937 14.53219869566004
      vertex 8 16.799167898348937 14.53219869566004
    endloop
  endfacet
  facet normal 0 0.760405965600029 0.6494480483301859
    outer loop
      vertex 8 17.251421586721815 13.584029120137865
      vertex 8 17.32792414267586 13.49445613569257
      vertex 0.4 17.251421586721815 13.584029120137865
    endloop
  endfacet
  facet normal 0 0.7933533402912382 0.6087614290087167
    outer loop
      vertex 8 17.179711762656368 13.677483182341936
      vertex 8 17.251421586721815 13.584029120137865
      vertex 0.4 17.179711762656368 13.677483182341936
    endloop
  endfacet
  facet normal 0 0.7253743710122805 0.6883545756937616
    outer loop
      vertex 8 17.32792414267586 13.49445613569257
      vertex 8 17.40900974233027 13.409009742330268
      vertex 0.4 17.32792414267586 13.49445613569257
    endloop
  endfacet
  facet normal 0 0.6883545756937532 0.7253743710122885
    outer loop
      vertex 8 17.40900974233027 13.409009742330268
      vertex 8 17.49445613569257 13.327924142675863
      vertex 0.4 17.40900974233027 13.409009742330268
    endloop
  endfacet
  facet normal 0 0.6494480483301872 0.7604059656000279
    outer loop
      vertex 8 17.49445613569257 13.327924142675863
      vertex 8 17.584029120137867 13.251421586721815
      vertex 0.4 17.49445613569257 13.327924142675863
    endloop
  endfacet
  facet normal 0 0.5224985647159488 0.8526401643540924
    outer loop
      vertex 8 17.77456217121619 13.112991222122796
      vertex 8 17.875 13.051442841485013
      vertex 0.4 17.77456217121619 13.112991222122796
    endloop
  endfacet
  facet normal 0 0.4771587602596044 0.8788171126619676
    outer loop
      vertex 8 17.875 13.051442841485013
      vertex 8 17.97852137558602 12.995235320576173
      vertex 0.4 17.875 13.051442841485013
    endloop
  endfacet
  facet normal 0 0.6087614290087312 0.7933533402912271
    outer loop
      vertex 8 17.584029120137867 13.251421586721815
      vertex 8 17.677483182341934 13.179711762656368
      vertex 0.4 17.584029120137867 13.251421586721815
    endloop
  endfacet
  facet normal 1.4469702481700162e-19 0.5664062369248234 0.8241261886220221
    outer loop
      vertex 8 17.77456217121619 13.112991222122796
      vertex 0.4 17.677483182341934 13.179711762656368
      vertex 8 17.677483182341934 13.179711762656368
    endloop
  endfacet
  facet normal 0 0.430511096808295 0.9025852843498606
    outer loop
      vertex 8 17.97852137558602 12.995235320576173
      vertex 8 18.08484255307945 12.944522720304148
      vertex 0.4 17.97852137558602 12.995235320576173
    endloop
  endfacet
  facet normal 0 0.3826834323650959 0.9238795325112842
    outer loop
      vertex 8 18.08484255307945 12.944522720304148
      vertex 8 18.193672113523075 12.899444040381296
      vertex 0.4 18.08484255307945 12.944522720304148
    endloop
  endfacet
  facet normal 0 0.33380685923377124 0.9426414910921783
    outer loop
      vertex 8 18.193672113523075 12.899444040381296
      vertex 8 18.304711762656368 12.860122838335904
      vertex 0.4 18.193672113523075 12.899444040381296
    endloop
  endfacet
  facet normal 0 0.28401534470392015 0.9588197348681938
    outer loop
      vertex 8 18.304711762656368 12.860122838335904
      vertex 8 18.41765714851933 12.826666890849596
      vertex 0.4 18.304711762656368 12.860122838335904
    endloop
  endfacet
  facet normal -1.079529674548844e-19 0.2334453638559035 0.972369920397677
    outer loop
      vertex 8 18.532198695660043 12.799167898348937
      vertex 0.4 18.41765714851933 12.826666890849596
      vertex 8 18.41765714851933 12.826666890849596
    endloop
  endfacet
  facet normal 0 0.18223552549215236 0.9832549075639536
    outer loop
      vertex 8 18.532198695660043 12.799167898348937
      vertex 8 18.64802245365948 12.77770123366094
      vertex 0.4 18.532198695660043 12.799167898348937
    endloop
  endfacet
  facet normal 0 0.1305261922200507 0.9914448613738105
    outer loop
      vertex 8 18.64802245365948 12.77770123366094
      vertex 8 18.76481095764778 12.762325735421385
      vertex 0.4 18.64802245365948 12.77770123366094
    endloop
  endfacet
  facet normal 0 0.9996573249755573 -0.02617694830787525
    outer loop
      vertex 8 16.75 15
      vertex 0.4 16.75 15
      vertex 0.4 16.75308354680221 15.117755901546623
    endloop
  endfacet
  facet normal 0 0.9969173337331282 -0.0784590957278416
    outer loop
      vertex 8 16.75308354680221 15.117755901546623
      vertex 0.4 16.75308354680221 15.117755901546623
      vertex 0.4 16.762325735421385 15.23518904235222
    endloop
  endfacet
  facet normal 0 0.9914448613738086 -0.13052619222006553
    outer loop
      vertex 8 16.762325735421385 15.23518904235222
      vertex 0.4 16.762325735421385 15.23518904235222
      vertex 0.4 16.77770123366094 15.35197754634052
    endloop
  endfacet
  facet normal 0 0.9832549075639575 -0.1822355254921324
    outer loop
      vertex 8 16.77770123366094 15.35197754634052
      vertex 0.4 16.77770123366094 15.35197754634052
      vertex 0.4 16.799167898348937 15.46780130433996
    endloop
  endfacet
  facet normal 0 0.9723699203976797 -0.2334453638558927
    outer loop
      vertex 8 16.799167898348937 15.46780130433996
      vertex 0.4 16.799167898348937 15.46780130433996
      vertex 0.4 16.826666890849594 15.582342851480671
    endloop
  endfacet
  facet normal 0 0.9588197348681897 -0.2840153447039341
    outer loop
      vertex 8 16.826666890849594 15.582342851480671
      vertex 0.4 16.826666890849594 15.582342851480671
      vertex 0.4 16.860122838335904 15.695288237343632
    endloop
  endfacet
  facet normal 0 0.9426414910921735 -0.33380685923378467
    outer loop
      vertex 8 16.860122838335904 15.695288237343632
      vertex 0.4 16.860122838335904 15.695288237343632
      vertex 0.4 16.899444040381297 15.806327886476925
    endloop
  endfacet
  facet normal 0 0.9238795325112864 -0.38268343236509056
    outer loop
      vertex 8 16.899444040381297 15.806327886476925
      vertex 0.4 16.899444040381297 15.806327886476925
      vertex 0.4 16.94452272030415 15.915157446920551
    endloop
  endfacet
  facet normal 0 0.9025852843498696 -0.4305110968082762
    outer loop
      vertex 8 16.94452272030415 15.915157446920551
      vertex 0.4 16.94452272030415 15.915157446920551
      vertex 0.4 16.99523532057617 16.02147862441398
    endloop
  endfacet
  facet normal 0 0.8788171126619613 -0.4771587602596161
    outer loop
      vertex 8 16.99523532057617 16.02147862441398
      vertex 0.4 16.99523532057617 16.02147862441398
      vertex 0.4 17.051442841485013 16.125
    endloop
  endfacet
  facet normal 0 0.8526401643540991 -0.5224985647159378
    outer loop
      vertex 8 17.051442841485013 16.125
      vertex 0.4 17.051442841485013 16.125
      vertex 0.4 17.112991222122794 16.22543782878381
    endloop
  endfacet
  facet normal 0 0.824126188622015 -0.5664062369248336
    outer loop
      vertex 8 17.112991222122794 16.22543782878381
      vertex 0.4 17.112991222122794 16.22543782878381
      vertex 0.4 17.179711762656368 16.322516817658066
    endloop
  endfacet
  facet normal 0 0.7933533402912271 -0.6087614290087312
    outer loop
      vertex 8 17.179711762656368 16.322516817658066
      vertex 0.4 17.179711762656368 16.322516817658066
      vertex 0.4 17.251421586721815 16.415970879862133
    endloop
  endfacet
  facet normal 0 0.7604059656000354 -0.6494480483301784
    outer loop
      vertex 8 17.251421586721815 16.415970879862133
      vertex 0.4 17.251421586721815 16.415970879862133
      vertex 0.4 17.32792414267586 16.50554386430743
    endloop
  endfacet
  facet normal 0 0.7253743710122733 -0.6883545756937691
    outer loop
      vertex 8 17.32792414267586 16.50554386430743
      vertex 0.4 17.32792414267586 16.50554386430743
      vertex 0.4 17.40900974233027 16.59099025766973
    endloop
  endfacet
  facet normal 0 0.6883545756937691 -0.7253743710122733
    outer loop
      vertex 8 17.40900974233027 16.59099025766973
      vertex 0.4 17.40900974233027 16.59099025766973
      vertex 0.4 17.49445613569257 16.67207585732414
    endloop
  endfacet
  facet normal 0 0.6494480483301784 -0.7604059656000354
    outer loop
      vertex 8 17.49445613569257 16.67207585732414
      vertex 0.4 17.49445613569257 16.67207585732414
      vertex 0.4 17.584029120137867 16.748578413278185
    endloop
  endfacet
  facet normal 0 0.6087614290087312 -0.7933533402912271
    outer loop
      vertex 8 17.584029120137867 16.748578413278185
      vertex 0.4 17.584029120137867 16.748578413278185
      vertex 0.4 17.677483182341934 16.820288237343632
    endloop
  endfacet
  facet normal 0 0.5664062369248336 -0.824126188622015
    outer loop
      vertex 8 17.677483182341934 16.820288237343632
      vertex 0.4 17.677483182341934 16.820288237343632
      vertex 0.4 17.77456217121619 16.887008777877206
    endloop
  endfacet
  facet normal 0 0.5224985647159378 -0.8526401643540991
    outer loop
      vertex 8 17.77456217121619 16.887008777877206
      vertex 0.4 17.77456217121619 16.887008777877206
      vertex 0.4 17.875 16.948557158514987
    endloop
  endfacet
  facet normal 0 0.4771587602596161 -0.8788171126619613
    outer loop
      vertex 8 17.875 16.948557158514987
      vertex 0.4 17.875 16.948557158514987
      vertex 0.4 17.97852137558602 17.00476467942383
    endloop
  endfacet
  facet normal 0 0.43051109680827043 -0.9025852843498724
    outer loop
      vertex 8 17.97852137558602 17.00476467942383
      vertex 0.4 17.97852137558602 17.00476467942383
      vertex 0.4 18.08484255307945 17.05547727969585
    endloop
  endfacet
  facet normal 0 0.3826834323650959 -0.9238795325112842
    outer loop
      vertex 8 18.08484255307945 17.05547727969585
      vertex 0.4 18.08484255307945 17.05547727969585
      vertex 0.4 18.193672113523075 17.100555959618703
    endloop
  endfacet
  facet normal 0 0.33380685923378467 -0.9426414910921735
    outer loop
      vertex 8 18.193672113523075 17.100555959618703
      vertex 0.4 18.193672113523075 17.100555959618703
      vertex 0.4 18.304711762656368 17.139877161664096
    endloop
  endfacet
  facet normal 0 0.2840153447039341 -0.9588197348681897
    outer loop
      vertex 8 18.304711762656368 17.139877161664096
      vertex 0.4 18.304711762656368 17.139877161664096
      vertex 0.4 18.41765714851933 17.173333109150406
    endloop
  endfacet
  facet normal 0 0.23344536385588927 -0.9723699203976804
    outer loop
      vertex 8 18.41765714851933 17.173333109150406
      vertex 0.4 18.41765714851933 17.173333109150406
      vertex 0.4 18.532198695660043 17.200832101651063
    endloop
  endfacet
  facet normal 0 0.18223552549213778 -0.9832549075639564
    outer loop
      vertex 8 18.532198695660043 17.200832101651063
      vertex 0.4 18.532198695660043 17.200832101651063
      vertex 0.4 18.64802245365948 17.22229876633906
    endloop
  endfacet
  facet normal 0 0.13052619222006553 -0.9914448613738086
    outer loop
      vertex 8 18.64802245365948 17.22229876633906
      vertex 0.4 18.64802245365948 17.22229876633906
      vertex 0.4 18.76481095764778 17.237674264578615
    endloop
  endfacet
  facet normal -1 0 0
    outer loop
      vertex 0.4 17.32792414267586 16.50554386430743
      vertex 0.4 10.189525631372323 10.189525631372305
      vertex 0.4 25 30
    endloop
  endfacet
  facet normal -2.8879549025599e-20 0.9996573249755573 -0.02617694830787525
    outer loop
      vertex 8 16.75 15
      vertex 0.4 16.75308354680221 15.117755901546623
      vertex 8 16.75308354680221 15.117755901546623
    endloop
  endfacet
  facet normal -1.762382562724886e-20 0.9969173337331282 -0.0784590957278416
    outer loop
      vertex 8 16.75308354680221 15.117755901546623
      vertex 0.4 16.762325735421385 15.23518904235222
      vertex 8 16.762325735421385 15.23518904235222
    endloop
  endfacet
  facet normal -4.2427013461150393e-20 0.9914448613738086 -0.13052619222006553
    outer loop
      vertex 8 16.762325735421385 15.23518904235222
      vertex 0.4 16.77770123366094 15.35197754634052
      vertex 8 16.77770123366094 15.35197754634052
    endloop
  endfacet
  facet normal 4.011785267279111e-20 0.9832549075639575 -0.1822355254921324
    outer loop
      vertex 8 16.77770123366094 15.35197754634052
      vertex 0.4 16.799167898348937 15.46780130433996
      vertex 8 16.799167898348937 15.46780130433996
    endloop
  endfacet
  facet normal 2.057820999914029e-19 0.9723699203976797 -0.2334453638558927
    outer loop
      vertex 8 16.799167898348937 15.46780130433996
      vertex 0.4 16.826666890849594 15.582342851480671
      vertex 8 16.826666890849594 15.582342851480671
    endloop
  endfacet
  facet normal -6.219881366035082e-20 0.9588197348681897 -0.2840153447039341
    outer loop
      vertex 8 16.826666890849594 15.582342851480671
      vertex 0.4 16.860122838335904 15.695288237343632
      vertex 8 16.860122838335904 15.695288237343632
    endloop
  endfacet
  facet normal 4.50721692523357e-19 0.9426414910921735 -0.33380685923378467
    outer loop
      vertex 8 16.860122838335904 15.695288237343632
      vertex 0.4 16.899444040381297 15.806327886476925
      vertex 8 16.899444040381297 15.806327886476925
    endloop
  endfacet
  facet normal -9.040203900880359e-20 0.9238795325112864 -0.38268343236509056
    outer loop
      vertex 8 16.899444040381297 15.806327886476925
      vertex 0.4 16.94452272030415 15.915157446920551
      vertex 8 16.94452272030415 15.915157446920551
    endloop
  endfacet
  facet normal 3.2711819010772937e-19 0.9025852843498696 -0.4305110968082762
    outer loop
      vertex 8 16.94452272030415 15.915157446920551
      vertex 0.4 16.99523532057617 16.02147862441398
      vertex 8 16.99523532057617 16.02147862441398
    endloop
  endfacet
  facet normal 3.0543058136285643e-19 0.8788171126619613 -0.4771587602596161
    outer loop
      vertex 8 16.99523532057617 16.02147862441398
      vertex 0.4 17.051442841485013 16.125
      vertex 8 17.051442841485013 16.125
    endloop
  endfacet
  facet normal 2.283889288458602e-19 0.8526401643540991 -0.5224985647159378
    outer loop
      vertex 8 17.051442841485013 16.125
      vertex 0.4 17.112991222122794 16.22543782878381
      vertex 8 17.112991222122794 16.22543782878381
    endloop
  endfacet
  facet normal -3.21250750245487e-19 0.824126188622015 -0.5664062369248336
    outer loop
      vertex 8 17.112991222122794 16.22543782878381
      vertex 0.4 17.179711762656368 16.322516817658066
      vertex 8 17.179711762656368 16.322516817658066
    endloop
  endfacet
  facet normal 1.6222152618456276e-19 0.7933533402912271 -0.6087614290087312
    outer loop
      vertex 8 17.179711762656368 16.322516817658066
      vertex 0.4 17.251421586721815 16.415970879862133
      vertex 8 17.251421586721815 16.415970879862133
    endloop
  endfacet
  facet normal 1.4447834207101083e-19 0.7604059656000354 -0.6494480483301784
    outer loop
      vertex 8 17.251421586721815 16.415970879862133
      vertex 0.4 17.32792414267586 16.50554386430743
      vertex 8 17.32792414267586 16.50554386430743
    endloop
  endfacet
  facet normal 2.604632504606131e-19 0.7253743710122733 -0.6883545756937691
    outer loop
      vertex 8 17.32792414267586 16.50554386430743
      vertex 0.4 17.40900974233027 16.59099025766973
      vertex 8 17.40900974233027 16.59099025766973
    endloop
  endfacet
  facet normal 2.604632504606131e-19 0.6883545756937691 -0.7253743710122733
    outer loop
      vertex 8 17.40900974233027 16.59099025766973
      vertex 0.4 17.49445613569257 16.67207585732414
      vertex 8 17.49445613569257 16.67207585732414
    endloop
  endfacet
  facet normal 1.4447834207101083e-19 0.6494480483301784 -0.7604059656000354
    outer loop
      vertex 8 17.49445613569257 16.67207585732414
      vertex 0.4 17.584029120137867 16.748578413278185
      vertex 8 17.584029120137867 16.748578413278185
    endloop
  endfacet
  facet normal 1.6222152618456276e-19 0.6087614290087312 -0.7933533402912271
    outer loop
      vertex 8 17.584029120137867 16.748578413278185
      vertex 0.4 17.677483182341934 16.820288237343632
      vertex 8 17.677483182341934 16.820288237343632
    endloop
  endfacet
  facet normal -3.21250750245487e-19 0.5664062369248336 -0.824126188622015
    outer loop
      vertex 8 17.677483182341934 16.820288237343632
      vertex 0.4 17.77456217121619 16.887008777877206
      vertex 8 17.77456217121619 16.887008777877206
    endloop
  endfacet
  facet normal 2.283889288458602e-19 0.5224985647159378 -0.8526401643540991
    outer loop
      vertex 8 17.77456217121619 16.887008777877206
      vertex 0.4 17.875 16.948557158514987
      vertex 8 17.875 16.948557158514987
    endloop
  endfacet
  facet normal 3.0543058136285643e-19 0.4771587602596161 -0.8788171126619613
    outer loop
      vertex 8 17.875 16.948557158514987
      vertex 0.4 17.97852137558602 17.00476467942383
      vertex 8 17.97852137558602 17.00476467942383
    endloop
  endfacet
  facet normal 1.9090351097007275e-19 0.43051109680827043 -0.9025852843498724
    outer loop
      vertex 8 17.97852137558602 17.00476467942383
      vertex 0.4 18.08484255307945 17.05547727969585
      vertex 8 18.08484255307945 17.05547727969585
    endloop
  endfacet
  facet normal -4.015341131252602e-19 0.3826834323650959 -0.9238795325112842
    outer loop
      vertex 8 18.08484255307945 17.05547727969585
      vertex 0.4 18.193672113523075 17.100555959618703
      vertex 8 18.193672113523075 17.100555959618703
    endloop
  endfacet
  facet normal 4.50721692523357e-19 0.33380685923378467 -0.9426414910921735
    outer loop
      vertex 8 18.193672113523075 17.100555959618703
      vertex 0.4 18.304711762656368 17.139877161664096
      vertex 8 18.304711762656368 17.139877161664096
    endloop
  endfacet
  facet normal -6.219881366035082e-20 0.2840153447039341 -0.9588197348681897
    outer loop
      vertex 8 18.304711762656368 17.139877161664096
      vertex 0.4 18.41765714851933 17.173333109150406
      vertex 8 18.41765714851933 17.173333109150406
    endloop
  endfacet
  facet normal 2.939058556261819e-20 0.23344536385588927 -0.9723699203976804
    outer loop
      vertex 8 18.41765714851933 17.173333109150406
      vertex 0.4 18.532198695660043 17.200832101651063
      vertex 8 18.532198695660043 17.200832101651063
    endloop
  endfacet
  facet normal 1.1039939749891164e-19 0.18223552549213778 -0.9832549075639564
    outer loop
      vertex 8 18.532198695660043 17.200832101651063
      vertex 0.4 18.64802245365948 17.22229876633906
      vertex 8 18.64802245365948 17.22229876633906
    endloop
  endfacet
  facet normal -4.2427013461150393e-20 0.13052619222006553 -0.9914448613738086
    outer loop
      vertex 8 18.64802245365948 17.22229876633906
      vertex 0.4 18.76481095764778 17.237674264578615
      vertex 8 18.76481095764778 17.237674264578615
    endloop
  endfacet
  facet normal 0.47715876025961057 0.8788171126619642 0
    outer loop
      vertex 8 13.856406460551018 0
      vertex 7.3895942845617615 14.187829722840089 0
      vertex 8 13.856406460551018 30
    endloop
  endfacet
  facet normal 0.5664062369248327 0.8241261886220158 -2.5622194938328465e-19
    outer loop
      vertex 9.40456403667957 12.94427190999916 0
      vertex 8.714224560240433 13.418729087126785 0
      vertex 8.714224560240433 13.418729087126785 30
    endloop
  endfacet
  facet normal 0.5224985647159479 0.8526401643540928 0
    outer loop
      vertex 8 13.856406460551018 0
      vertex 8 13.856406460551018 30
      vertex 8.714224560240433 13.418729087126785 0
    endloop
  endfacet
  facet normal 0.7933533398941722 -0.6087614295261832 1.0648659879258855e-20
    outer loop
      vertex 7.3895942845617615 14.187829722840089 0
      vertex 7.427050985395908 14.236644245684147 0
      vertex 7.427050985395908 14.236644245684147 30
    endloop
  endfacet
  facet normal 0.8241261728965004 -0.5664062598055991 0
    outer loop
      vertex 7.427050985395908 14.236644245684147 0
      vertex 7.516011707484722 14.366082891821861 0
      vertex 7.427050985395908 14.236644245684147 30
    endloop
  endfacet
  facet normal 0.8526401856157652 -0.5224985300200504 0
    outer loop
      vertex 7.516011707484722 14.366082891821861 0
      vertex 7.598076209425926 14.5 0
      vertex 7.516011707484722 14.366082891821861 30
    endloop
  endfacet
  facet normal 0.8788171085477189 -0.4771587678371079 0
    outer loop
      vertex 7.598076209425926 14.5 0
      vertex 7.673019573092461 14.638028502464294 0
      vertex 7.598076209425926 14.5 30
    endloop
  endfacet
  facet normal 0.9025852916253637 -0.4305110815548853 0
    outer loop
      vertex 7.673019573092461 14.638028502464294 0
      vertex 7.740636371076107 14.779790073633194 0
      vertex 7.673019573092461 14.638028502464294 30
    endloop
  endfacet
  facet normal 0.92387952935444 -0.38268343998639204 0
    outer loop
      vertex 7.740636371076107 14.779790073633194 0
      vertex 7.8007412776350975 14.924896150827408 0
      vertex 7.740636371076107 14.779790073633194 30
    endloop
  endfacet
  facet normal 0.9426414928622097 -0.3338068542353568 0
    outer loop
      vertex 7.8007412776350975 14.924896150827408 0
      vertex 7.853169545531273 15.072949014604092 0
      vertex 7.8007412776350975 14.924896150827408 30
    endloop
  endfacet
  facet normal 0.9588197346341911 -0.28401534549389984 0
    outer loop
      vertex 7.853169545531273 15.072949014604092 0
      vertex 7.89777747541666 15.223542861640453 0
      vertex 7.853169545531273 15.072949014604092 30
    endloop
  endfacet
  facet normal 0.9723699157063979 -0.23344538339648674 0
    outer loop
      vertex 7.89777747541666 15.223542861640453 0
      vertex 7.934442803263664 15.376264929771423 0
      vertex 7.89777747541666 15.223542861640453 30
    endloop
  endfacet
  facet normal 0.9832549101845729 -0.18223551135255572 0
    outer loop
      vertex 7.934442803263664 15.376264929771423 0
      vertex 7.963065020740032 15.530696608126163 0
      vertex 7.934442803263664 15.376264929771423 30
    endloop
  endfacet
  facet normal 0.991444858128 -0.13052621687442656 0
    outer loop
      vertex 7.963065020740032 15.530696608126163 0
      vertex 7.98356568813324 15.68641460686922 0
      vertex 7.963065020740032 15.530696608126163 30
    endloop
  endfacet
  facet normal 0.6087614290087213 0.7933533402912346 -7.5502154235298205e-19
    outer loop
      vertex 10.069126256797398 12.434335383311534 0
      vertex 9.40456403667957 12.94427190999916 0
      vertex 9.40456403667957 12.94427190999916 30
    endloop
  endfacet
  facet normal 0.9969173342738785 -0.07845908885695775 0
    outer loop
      vertex 7.98356568813324 15.68641460686922 0
      vertex 7.995888605713844 15.842992134392262 0
      vertex 7.98356568813324 15.68641460686922 30
    endloop
  endfacet
  facet normal 0.9996573252035448 -0.026176939601381188 0
    outer loop
      vertex 7.995888605713844 15.842992134392262 0
      vertex 8 16 0
      vertex 7.995888605713844 15.842992134392262 30
    endloop
  endfacet
  facet normal 1 0 0
    outer loop
      vertex 8 16 0
      vertex 8 16.75 15
      vertex 8 16.75308354680221 15.117755901546623
    endloop
  endfacet
  facet normal 1 0 0
    outer loop
      vertex 8 16 0
      vertex 8 16.75308354680221 15.117755901546623
      vertex 8 16 30
    endloop
  endfacet
  facet normal 0 0 -1
    outer loop
      vertex 1.913689732957701 15.880591225071678 0
      vertex 0.4 15.850893784635094 0
      vertex 0.4 25 0
    endloop
  endfacet
  facet normal -1 0 0
    outer loop
      vertex 0.4 18.193672113523075 12.899444040381296
      vertex 0.4 25 0
      vertex 0.4 15.850893784635094 0
    endloop
  endfacet
  facet normal 0 0 -1
    outer loop
      vertex 1.913689732957701 15.880591225071678 0
      vertex 0.4 25 0
      vertex 8 22 0
    endloop
  endfacet
  facet normal -1 0 0
    outer loop
      vertex 0.4 18.304711762656368 12.860122838335904
      vertex 0.4 25 0
      vertex 0.4 18.193672113523075 12.899444040381296
    endloop
  endfacet
  facet normal -1 0 0
    outer loop
      vertex 0.4 18.41765714851933 12.826666890849596
      vertex 0.4 25 0
      vertex 0.4 18.304711762656368 12.860122838335904
    endloop
  endfacet
  facet normal -1 0 0
    outer loop
      vertex 0.4 18.532198695660043 12.799167898348937
      vertex 0.4 25 0
      vertex 0.4 18.41765714851933 12.826666890849596
    endloop
  endfacet
  facet normal -1 0 0
    outer loop
      vertex 0.4 18.64802245365948 12.77770123366094
      vertex 0.4 25 0
      vertex 0.4 18.532198695660043 12.799167898348937
    endloop
  endfacet
  facet normal -1 0 0
    outer loop
      vertex 0.4 18.76481095764778 12.762325735421385
      vertex 0.4 25 0
      vertex 0.4 18.64802245365948 12.77770123366094
    endloop
  endfacet
  facet normal -1 0 0
    outer loop
      vertex 0.4 18.882244098453377 12.753083546802209
      vertex 0.4 25 0
      vertex 0.4 18.76481095764778 12.762325735421385
    endloop
  endfacet
  facet normal -1 0 0
    outer loop
      vertex 0.4 19 12.75
      vertex 0.4 25 0
      vertex 0.4 18.882244098453377 12.753083546802209
    endloop
  endfacet
  facet normal -1 0 0
    outer loop
      vertex 0.4 25 0
      vertex 0.4 19 12.75
      vertex 0.4 19.117755901546623 12.753083546802209
    endloop
  endfacet
  facet normal -1 0 0
    outer loop
      vertex 0.4 25 0
      vertex 0.4 19.117755901546623 12.753083546802209
      vertex 0.4 19.23518904235222 12.762325735421385
    endloop
  endfacet
  facet normal -1 0 0
    outer loop
      vertex 0.4 25 0
      vertex 0.4 19.23518904235222 12.762325735421385
      vertex 0.4 19.35197754634052 12.77770123366094
    endloop
  endfacet
  facet normal -1 0 0
    outer loop
      vertex 0.4 25 0
      vertex 0.4 19.35197754634052 12.77770123366094
      vertex 0.4 19.467801304339957 12.799167898348937
    endloop
  endfacet
  facet normal -1 0 0
    outer loop
      vertex 0.4 25 0
      vertex 0.4 19.467801304339957 12.799167898348937
      vertex 0.4 19.58234285148067 12.826666890849596
    endloop
  endfacet
  facet normal -1 0 0
    outer loop
      vertex 0.4 25 0
      vertex 0.4 19.58234285148067 12.826666890849596
      vertex 0.4 19.695288237343632 12.860122838335904
    endloop
  endfacet
  facet normal -1 0 0
    outer loop
      vertex 0.4 25 0
      vertex 0.4 19.695288237343632 12.860122838335904
      vertex 0.4 19.806327886476925 12.899444040381296
    endloop
  endfacet
  facet normal -1 0 0
    outer loop
      vertex 0.4 25 0
      vertex 0.4 19.806327886476925 12.899444040381296
      vertex 0.4 19.91515744692055 12.944522720304148
    endloop
  endfacet
  facet normal -1 0 0
    outer loop
      vertex 0.4 25 0
      vertex 0.4 19.91515744692055 12.944522720304148
      vertex 0.4 20.02147862441398 12.995235320576173
    endloop
  endfacet
  facet normal -1 0 0
    outer loop
      vertex 0.4 20.125 13.051442841485013
      vertex 0.4 25 0
      vertex 0.4 20.02147862441398 12.995235320576173
    endloop
  endfacet
  facet normal -1 0 0
    outer loop
      vertex 0.4 25 0
      vertex 0.4 20.125 13.051442841485013
      vertex 0.4 20.22543782878381 13.112991222122796
    endloop
  endfacet
  facet normal -1 0 0
    outer loop
      vertex 0.4 20.322516817658066 13.179711762656368
      vertex 0.4 25 0
      vertex 0.4 20.22543782878381 13.112991222122796
    endloop
  endfacet
  facet normal 0 0 -1
    outer loop
      vertex 8 22 0
      vertex 0.4 25 0
      vertex 7.995888605713844 22.15700786560774 0
    endloop
  endfacet
  facet normal 0 0 -1
    outer loop
      vertex 7.995888605713844 22.15700786560774 0
      vertex 0.4 25 0
      vertex 7.98356568813324 22.31358539313078 0
    endloop
  endfacet
  facet normal 0 0 -1
    outer loop
      vertex 7.98356568813324 22.31358539313078 0
      vertex 0.4 25 0
      vertex 7.963065020740032 22.469303391873837 0
    endloop
  endfacet
  facet normal 0 0 -1
    outer loop
      vertex 7.963065020740032 22.469303391873837 0
      vertex 0.4 25 0
      vertex 7.934442803263664 22.623735070228577 0
    endloop
  endfacet
  facet normal 0 0 -1
    outer loop
      vertex 5 25 0
      vertex 5.1570078656077385 24.995888605713844 0
      vertex 0.4 25 0
    endloop
  endfacet
  facet normal 0 0 -1
    outer loop
      vertex 5.1570078656077385 24.995888605713844 0
      vertex 5.313585393130779 24.98356568813324 0
      vertex 0.4 25 0
    endloop
  endfacet
  facet normal 0 0 -1
    outer loop
      vertex 5.313585393130779 24.98356568813324 0
      vertex 5.4693033918738365 24.963065020740032 0
      vertex 0.4 25 0
    endloop
  endfacet
  facet normal 0 0 -1
    outer loop
      vertex 5.4693033918738365 24.963065020740032 0
      vertex 5.623735070228577 24.934442803263664 0
      vertex 0.4 25 0
    endloop
  endfacet
  facet normal 0 0 -1
    outer loop
      vertex 5.776457138359547 24.89777747541666 0
      vertex 0.4 25 0
      vertex 5.623735070228577 24.934442803263664 0
    endloop
  endfacet
  facet normal 0 0 -1
    outer loop
      vertex 5.776457138359547 24.89777747541666 0
      vertex 5.927050985395908 24.853169545531273 0
      vertex 0.4 25 0
    endloop
  endfacet
  facet normal 0 0 -1
    outer loop
      vertex 7.121320344507694 24.121320344507694 0
      vertex 0.4 25 0
      vertex 7.007391817867756 24.229434475302696 0
    endloop
  endfacet
  facet normal 0 0 -1
    outer loop
      vertex 6.88796117156744 24.33143788576126 0
      vertex 7.007391817867756 24.229434475302696 0
      vertex 0.4 25 0
    endloop
  endfacet
  facet normal 0 0 -1
    outer loop
      vertex 6.88796117156744 24.33143788576126 0
      vertex 0.4 25 0
      vertex 6.763355754315853 24.42705098539591 0
    endloop
  endfacet
  facet normal 0 0 -1
    outer loop
      vertex 6.220209926366806 24.740636371076107 0
      vertex 6.361971497535706 24.67301957309246 0
      vertex 0.4 25 0
    endloop
  endfacet
  facet normal 0 0 -1
    outer loop
      vertex 6.5 24.598076209425926 0
      vertex 0.4 25 0
      vertex 6.361971497535706 24.67301957309246 0
    endloop
  endfacet
  facet normal 0 0 -1
    outer loop
      vertex 6.075103849172592 24.800741277635098 0
      vertex 0.4 25 0
      vertex 5.927050985395908 24.853169545531273 0
    endloop
  endfacet
  facet normal 0 0 -1
    outer loop
      vertex 6.075103849172592 24.800741277635098 0
      vertex 6.220209926366806 24.740636371076107 0
      vertex 0.4 25 0
    endloop
  endfacet
  facet normal 0 0 -1
    outer loop
      vertex 6.5 24.598076209425926 0
      vertex 6.633917108178139 24.516011707484722 0
      vertex 0.4 25 0
    endloop
  endfacet
  facet normal 0 0 -1
    outer loop
      vertex 6.633917108178139 24.516011707484722 0
      vertex 6.763355754315853 24.42705098539591 0
      vertex 0.4 25 0
    endloop
  endfacet
  facet normal 0 0 -1
    outer loop
      vertex 7.934442803263664 22.623735070228577 0
      vertex 0.4 25 0
      vertex 7.89777747541666 22.776457138359547 0
    endloop
  endfacet
  facet normal 0 0 -1
    outer loop
      vertex 7.89777747541666 22.776457138359547 0
      vertex 0.4 25 0
      vertex 7.853169545531273 22.92705098539591 0
    endloop
  endfacet
  facet normal 0 0 -1
    outer loop
      vertex 7.853169545531273 22.92705098539591 0
      vertex 0.4 25 0
      vertex 7.8007412776350975 23.075103849172592 0
    endloop
  endfacet
  facet normal 0 0 -1
    outer loop
      vertex 7.740636371076107 23.220209926366806 0
      vertex 7.8007412776350975 23.075103849172592 0
      vertex 0.4 25 0
    endloop
  endfacet
  facet normal 0 0 -1
    outer loop
      vertex 7.673019573092461 23.361971497535706 0
      vertex 0.4 25 0
      vertex 7.598076209425926 23.5 0
    endloop
  endfacet
  facet normal 0 0 -1
    outer loop
      vertex 7.427050985395908 23.763355754315853 0
      vertex 0.4 25 0
      vertex 7.331437885761261 23.88796117156744 0
    endloop
  endfacet
  facet normal 0 0 -1
    outer loop
      vertex 7.516011707484722 23.63391710817814 0
      vertex 7.598076209425926 23.5 0
      vertex 0.4 25 0
    endloop
  endfacet
  facet normal 0 0 -1
    outer loop
      vertex 7.516011707484722 23.63391710817814 0
      vertex 0.4 25 0
      vertex 7.427050985395908 23.763355754315853 0
    endloop
  endfacet
  facet normal 0 0 -1
    outer loop
      vertex 7.740636371076107 23.220209926366806 0
      vertex 0.4 25 0
      vertex 7.673019573092461 23.361971497535706 0
    endloop
  endfacet
  facet normal 0 0 -1
    outer loop
      vertex 7.331437885761261 23.88796117156744 0
      vertex 0.4 25 0
      vertex 7.229434475302696 24.007391817867756 0
    endloop
  endfacet
  facet normal 0 0 -1
    outer loop
      vertex 7.121320344507694 24.121320344507694 0
      vertex 7.229434475302696 24.007391817867756 0
      vertex 0.4 25 0
    endloop
  endfacet
  facet normal -1 0 0
    outer loop
      vertex 0.4 20.415970879862133 13.251421586721815
      vertex 0.4 25 0
      vertex 0.4 20.322516817658066 13.179711762656368
    endloop
  endfacet
  facet normal -1 0 0
    outer loop
      vertex 0.4 20.50554386430743 13.327924142675863
      vertex 0.4 25 0
      vertex 0.4 20.415970879862133 13.251421586721815
    endloop
  endfacet
  facet normal -1 0 0
    outer loop
      vertex 0.4 20.59099025766973 13.409009742330268
      vertex 0.4 25 0
      vertex 0.4 20.50554386430743 13.327924142675863
    endloop
  endfacet
  facet normal -1 0 0
    outer loop
      vertex 0.4 20.67207585732414 13.49445613569257
      vertex 0.4 25 0
      vertex 0.4 20.59099025766973 13.409009742330268
    endloop
  endfacet
  facet normal -1 0 0
    outer loop
      vertex 0.4 20.748578413278185 13.584029120137865
      vertex 0.4 25 0
      vertex 0.4 20.67207585732414 13.49445613569257
    endloop
  endfacet
  facet normal 0 1 0
    outer loop
      vertex 5 25 0
      vertex 0.4 25 0
      vertex 0.4 25 16.200000000000003
    endloop
  endfacet
  facet normal -1 0 0
    outer loop
      vertex 0.4 20.748578413278185 13.584029120137865
      vertex 0.4 25 16.200000000000003
      vertex 0.4 25 0
    endloop
  endfacet
  facet normal 1 0 0
    outer loop
      vertex 8 16 0
      vertex 8 22 0
      vertex 8 19.35197754634052 12.77770123366094
    endloop
  endfacet
  facet normal 1 0 0
    outer loop
      vertex 8 22 0
      vertex 8 19.467801304339957 12.799167898348937
      vertex 8 19.35197754634052 12.77770123366094
    endloop
  endfacet
  facet normal 1 0 0
    outer loop
      vertex 8 22 0
      vertex 8 19.58234285148067 12.826666890849596
      vertex 8 19.467801304339957 12.799167898348937
    endloop
  endfacet
  facet normal 1 0 0
    outer loop
      vertex 8 22 0
      vertex 8 19.695288237343632 12.860122838335904
      vertex 8 19.58234285148067 12.826666890849596
    endloop
  endfacet
  facet normal 1 0 0
    outer loop
      vertex 8 22 0
      vertex 8 19.806327886476925 12.899444040381296
      vertex 8 19.695288237343632 12.860122838335904
    endloop
  endfacet
  facet normal 1 0 0
    outer loop
      vertex 8 22 0
      vertex 8 19.91515744692055 12.944522720304148
      vertex 8 19.806327886476925 12.899444040381296
    endloop
  endfacet
  facet normal 1 0 0
    outer loop
      vertex 8 22 0
      vertex 8 20.02147862441398 12.995235320576173
      vertex 8 19.91515744692055 12.944522720304148
    endloop
  endfacet
  facet normal 1 0 0
    outer loop
      vertex 8 22 0
      vertex 8 20.125 13.051442841485013
      vertex 8 20.02147862441398 12.995235320576173
    endloop
  endfacet
  facet normal 1 0 0
    outer loop
      vertex 8 22 0
      vertex 8 20.22543782878381 13.112991222122796
      vertex 8 20.125 13.051442841485013
    endloop
  endfacet
  facet normal 1 0 0
    outer loop
      vertex 8 22 0
      vertex 8 20.322516817658066 13.179711762656368
      vertex 8 20.22543782878381 13.112991222122796
    endloop
  endfacet
  facet normal 1 0 0
    outer loop
      vertex 8 22 0
      vertex 8 20.415970879862133 13.251421586721815
      vertex 8 20.322516817658066 13.179711762656368
    endloop
  endfacet
  facet normal 1 0 0
    outer loop
      vertex 8 22 0
      vertex 8 20.50554386430743 13.327924142675863
      vertex 8 20.415970879862133 13.251421586721815
    endloop
  endfacet
  facet normal 1 0 0
    outer loop
      vertex 8 22 0
      vertex 8 20.59099025766973 13.409009742330268
      vertex 8 20.50554386430743 13.327924142675863
    endloop
  endfacet
  facet normal 1 0 0
    outer loop
      vertex 8 22 0
      vertex 8 20.67207585732414 13.49445613569257
      vertex 8 20.59099025766973 13.409009742330268
    endloop
  endfacet
  facet normal 1 0 0
    outer loop
      vertex 8 22 0
      vertex 8 20.748578413278185 13.584029120137865
      vertex 8 20.67207585732414 13.49445613569257
    endloop
  endfacet
  facet normal 1 0 0
    outer loop
      vertex 8 22 0
      vertex 8 20.820288237343632 13.677483182341936
      vertex 8 20.748578413278185 13.584029120137865
    endloop
  endfacet
  facet normal 1 0 0
    outer loop
      vertex 8 22 0
      vertex 8 20.887008777877206 13.77456217121619
      vertex 8 20.820288237343632 13.677483182341936
    endloop
  endfacet
  facet normal 1 0 0
    outer loop
      vertex 8 22 0
      vertex 8 20.948557158514987 13.875
      vertex 8 20.887008777877206 13.77456217121619
    endloop
  endfacet
  facet normal 1 0 0
    outer loop
      vertex 8 22 0
      vertex 8 21.00476467942383 13.97852137558602
      vertex 8 20.948557158514987 13.875
    endloop
  endfacet
  facet normal 1 0 0
    outer loop
      vertex 8 22 0
      vertex 8 21.05547727969585 14.084842553079449
      vertex 8 21.00476467942383 13.97852137558602
    endloop
  endfacet
  facet normal 1 0 0
    outer loop
      vertex 8 22 0
      vertex 8 21.100555959618703 14.193672113523075
      vertex 8 21.05547727969585 14.084842553079449
    endloop
  endfacet
  facet normal 1 0 0
    outer loop
      vertex 8 22 0
      vertex 8 21.139877161664096 14.304711762656368
      vertex 8 21.100555959618703 14.193672113523075
    endloop
  endfacet
  facet normal 1 0 0
    outer loop
      vertex 8 22 0
      vertex 8 21.173333109150406 14.417657148519329
      vertex 8 21.139877161664096 14.304711762656368
    endloop
  endfacet
  facet normal 1 0 0
    outer loop
      vertex 8 22 0
      vertex 8 21.200832101651063 14.53219869566004
      vertex 8 21.173333109150406 14.417657148519329
    endloop
  endfacet
  facet normal 1 0 0
    outer loop
      vertex 8 22 0
      vertex 8 21.22229876633906 14.64802245365948
      vertex 8 21.200832101651063 14.53219869566004
    endloop
  endfacet
  facet normal 1 0 0
    outer loop
      vertex 8 22 0
      vertex 8 21.237674264578615 14.76481095764778
      vertex 8 21.22229876633906 14.64802245365948
    endloop
  endfacet
  facet normal 1 0 0
    outer loop
      vertex 8 22 0
      vertex 8 21.24691645319779 14.882244098453377
      vertex 8 21.237674264578615 14.76481095764778
    endloop
  endfacet
  facet normal 0 0.07845909572784042 0.9969173337331284
    outer loop
      vertex 8 18.882244098453377 12.753083546802209
      vertex 0.4 18.882244098453377 12.753083546802209
      vertex 0.4 18.76481095764778 12.762325735421385
    endloop
  endfacet
  facet normal 0 0.02617694830787525 0.9996573249755573
    outer loop
      vertex 8 19 12.75
      vertex 0.4 19 12.75
      vertex 0.4 18.882244098453377 12.753083546802209
    endloop
  endfacet
  facet normal 0 -0.02617694830787525 0.9996573249755573
    outer loop
      vertex 8 19.117755901546623 12.753083546802209
      vertex 0.4 19.117755901546623 12.753083546802209
      vertex 0.4 19 12.75
    endloop
  endfacet
  facet normal 0 -0.07845909572784042 0.9969173337331284
    outer loop
      vertex 8 19.23518904235222 12.762325735421385
      vertex 0.4 19.23518904235222 12.762325735421385
      vertex 0.4 19.117755901546623 12.753083546802209
    endloop
  endfacet
  facet normal 0 -0.1305261922200507 0.9914448613738105
    outer loop
      vertex 8 19.35197754634052 12.77770123366094
      vertex 0.4 19.35197754634052 12.77770123366094
      vertex 0.4 19.23518904235222 12.762325735421385
    endloop
  endfacet
  facet normal 0 -0.18223552549215236 0.9832549075639536
    outer loop
      vertex 8 19.467801304339957 12.799167898348937
      vertex 0.4 19.467801304339957 12.799167898348937
      vertex 0.4 19.35197754634052 12.77770123366094
    endloop
  endfacet
  facet normal 0 -0.2334453638559035 0.972369920397677
    outer loop
      vertex 8 19.58234285148067 12.826666890849596
      vertex 0.4 19.58234285148067 12.826666890849596
      vertex 0.4 19.467801304339957 12.799167898348937
    endloop
  endfacet
  facet normal 0 -0.28401534470392015 0.9588197348681938
    outer loop
      vertex 8 19.695288237343632 12.860122838335904
      vertex 0.4 19.695288237343632 12.860122838335904
      vertex 0.4 19.58234285148067 12.826666890849596
    endloop
  endfacet
  facet normal 0 -0.33380685923377124 0.9426414910921783
    outer loop
      vertex 8 19.806327886476925 12.899444040381296
      vertex 0.4 19.806327886476925 12.899444040381296
      vertex 0.4 19.695288237343632 12.860122838335904
    endloop
  endfacet
  facet normal 0 -0.3826834323650959 0.9238795325112842
    outer loop
      vertex 8 19.91515744692055 12.944522720304148
      vertex 0.4 19.91515744692055 12.944522720304148
      vertex 0.4 19.806327886476925 12.899444040381296
    endloop
  endfacet
  facet normal 0 -0.430511096808295 0.9025852843498606
    outer loop
      vertex 8 20.02147862441398 12.995235320576173
      vertex 0.4 20.02147862441398 12.995235320576173
      vertex 0.4 19.91515744692055 12.944522720304148
    endloop
  endfacet
  facet normal 0 -0.4771587602596044 0.8788171126619676
    outer loop
      vertex 8 20.125 13.051442841485013
      vertex 0.4 20.125 13.051442841485013
      vertex 0.4 20.02147862441398 12.995235320576173
    endloop
  endfacet
  facet normal 0 -0.5224985647159488 0.8526401643540924
    outer loop
      vertex 8 20.22543782878381 13.112991222122796
      vertex 0.4 20.22543782878381 13.112991222122796
      vertex 0.4 20.125 13.051442841485013
    endloop
  endfacet
  facet normal 0 -0.5664062369248234 0.8241261886220221
    outer loop
      vertex 8 20.322516817658066 13.179711762656368
      vertex 0.4 20.322516817658066 13.179711762656368
      vertex 0.4 20.22543782878381 13.112991222122796
    endloop
  endfacet
  facet normal 0 -0.6087614290087312 0.7933533402912271
    outer loop
      vertex 8 20.415970879862133 13.251421586721815
      vertex 0.4 20.415970879862133 13.251421586721815
      vertex 0.4 20.322516817658066 13.179711762656368
    endloop
  endfacet
  facet normal 0 -0.6494480483301872 0.7604059656000279
    outer loop
      vertex 8 20.50554386430743 13.327924142675863
      vertex 0.4 20.50554386430743 13.327924142675863
      vertex 0.4 20.415970879862133 13.251421586721815
    endloop
  endfacet
  facet normal 0 -0.6883545756937532 0.7253743710122885
    outer loop
      vertex 8 20.59099025766973 13.409009742330268
      vertex 0.4 20.59099025766973 13.409009742330268
      vertex 0.4 20.50554386430743 13.327924142675863
    endloop
  endfacet
  facet normal 0 -0.7253743710122805 0.6883545756937616
    outer loop
      vertex 8 20.67207585732414 13.49445613569257
      vertex 0.4 20.67207585732414 13.49445613569257
      vertex 0.4 20.59099025766973 13.409009742330268
    endloop
  endfacet
  facet normal 0 -0.760405965600029 0.6494480483301859
    outer loop
      vertex 8 20.748578413278185 13.584029120137865
      vertex 0.4 20.748578413278185 13.584029120137865
      vertex 0.4 20.67207585732414 13.49445613569257
    endloop
  endfacet
  facet normal 0 -0.7933533402912382 0.6087614290087167
    outer loop
      vertex 8 20.820288237343632 13.677483182341936
      vertex 0.4 20.820288237343632 13.677483182341936
      vertex 0.4 20.748578413278185 13.584029120137865
    endloop
  endfacet
  facet normal 0 -0.8241261886220103 0.5664062369248407
    outer loop
      vertex 8 20.887008777877206 13.77456217121619
      vertex 0.4 20.887008777877206 13.77456217121619
      vertex 0.4 20.820288237343632 13.677483182341936
    endloop
  endfacet
  facet normal 0 -0.8526401643540991 0.5224985647159378
    outer loop
      vertex 8 20.948557158514987 13.875
      vertex 0.4 20.948557158514987 13.875
      vertex 0.4 20.887008777877206 13.77456217121619
    endloop
  endfacet
  facet normal 0 -0.8788171126619613 0.4771587602596161
    outer loop
      vertex 8 21.00476467942383 13.97852137558602
      vertex 0.4 21.00476467942383 13.97852137558602
      vertex 0.4 20.948557158514987 13.875
    endloop
  endfacet
  facet normal 0 -0.9025852843498696 0.4305110968082762
    outer loop
      vertex 8 21.05547727969585 14.084842553079449
      vertex 0.4 21.05547727969585 14.084842553079449
      vertex 0.4 21.00476467942383 13.97852137558602
    endloop
  endfacet
  facet normal 0 -0.9238795325112864 0.38268343236509056
    outer loop
      vertex 8 21.100555959618703 14.193672113523075
      vertex 0.4 21.100555959618703 14.193672113523075
      vertex 0.4 21.05547727969585 14.084842553079449
    endloop
  endfacet
  facet normal 0 -0.9426414910921735 0.33380685923378467
    outer loop
      vertex 8 21.139877161664096 14.304711762656368
      vertex 0.4 21.139877161664096 14.304711762656368
      vertex 0.4 21.100555959618703 14.193672113523075
    endloop
  endfacet
  facet normal 0 -0.9588197348681897 0.2840153447039341
    outer loop
      vertex 8 21.173333109150406 14.417657148519329
      vertex 0.4 21.173333109150406 14.417657148519329
      vertex 0.4 21.139877161664096 14.304711762656368
    endloop
  endfacet
  facet normal 0 -0.9723699203976797 0.2334453638558927
    outer loop
      vertex 8 21.200832101651063 14.53219869566004
      vertex 0.4 21.200832101651063 14.53219869566004
      vertex 0.4 21.173333109150406 14.417657148519329
    endloop
  endfacet
  facet normal 0 -0.9832549075639575 0.1822355254921324
    outer loop
      vertex 8 21.22229876633906 14.64802245365948
      vertex 0.4 21.22229876633906 14.64802245365948
      vertex 0.4 21.200832101651063 14.53219869566004
    endloop
  endfacet
  facet normal 0 -0.9914448613738086 0.13052619222006553
    outer loop
      vertex 8 21.237674264578615 14.76481095764778
      vertex 0.4 21.237674264578615 14.76481095764778
      vertex 0.4 21.22229876633906 14.64802245365948
    endloop
  endfacet
  facet normal 0 -0.9969173337331282 0.0784590957278416
    outer loop
      vertex 8 21.24691645319779 14.882244098453377
      vertex 0.4 21.24691645319779 14.882244098453377
      vertex 0.4 21.237674264578615 14.76481095764778
    endloop
  endfacet
  facet normal 0 -0.9996573249755573 0.02617694830787525
    outer loop
      vertex 8 21.25 15
      vertex 0.4 21.25 15
      vertex 0.4 21.24691645319779 14.882244098453377
    endloop
  endfacet
  facet normal 0 0.07845909572784042 0.9969173337331284
    outer loop
      vertex 8 18.76481095764778 12.762325735421385
      vertex 8 18.882244098453377 12.753083546802209
      vertex 0.4 18.76481095764778 12.762325735421385
    endloop
  endfacet
  facet normal 0 0.02617694830787525 0.9996573249755573
    outer loop
      vertex 8 18.882244098453377 12.753083546802209
      vertex 8 19 12.75
      vertex 0.4 18.882244098453377 12.753083546802209
    endloop
  endfacet
  facet normal 0 -0.02617694830787525 0.9996573249755573
    outer loop
      vertex 8 19 12.75
      vertex 8 19.117755901546623 12.753083546802209
      vertex 0.4 19 12.75
    endloop
  endfacet
  facet normal 0 -0.07845909572784042 0.9969173337331284
    outer loop
      vertex 8 19.117755901546623 12.753083546802209
      vertex 8 19.23518904235222 12.762325735421385
      vertex 0.4 19.117755901546623 12.753083546802209
    endloop
  endfacet
  facet normal 0 -0.1305261922200507 0.9914448613738105
    outer loop
      vertex 8 19.23518904235222 12.762325735421385
      vertex 8 19.35197754634052 12.77770123366094
      vertex 0.4 19.23518904235222 12.762325735421385
    endloop
  endfacet
  facet normal 0 -0.18223552549215236 0.9832549075639536
    outer loop
      vertex 8 19.35197754634052 12.77770123366094
      vertex 8 19.467801304339957 12.799167898348937
      vertex 0.4 19.35197754634052 12.77770123366094
    endloop
  endfacet
  facet normal 0 -0.2334453638559035 0.972369920397677
    outer loop
      vertex 8 19.467801304339957 12.799167898348937
      vertex 8 19.58234285148067 12.826666890849596
      vertex 0.4 19.467801304339957 12.799167898348937
    endloop
  endfacet
  facet normal 0 -0.28401534470392015 0.9588197348681938
    outer loop
      vertex 8 19.58234285148067 12.826666890849596
      vertex 8 19.695288237343632 12.860122838335904
      vertex 0.4 19.58234285148067 12.826666890849596
    endloop
  endfacet
  facet normal 0 -0.33380685923377124 0.9426414910921783
    outer loop
      vertex 8 19.695288237343632 12.860122838335904
      vertex 8 19.806327886476925 12.899444040381296
      vertex 0.4 19.695288237343632 12.860122838335904
    endloop
  endfacet
  facet normal 0 -0.3826834323650959 0.9238795325112842
    outer loop
      vertex 8 19.806327886476925 12.899444040381296
      vertex 8 19.91515744692055 12.944522720304148
      vertex 0.4 19.806327886476925 12.899444040381296
    endloop
  endfacet
  facet normal 0 -0.430511096808295 0.9025852843498606
    outer loop
      vertex 8 19.91515744692055 12.944522720304148
      vertex 8 20.02147862441398 12.995235320576173
      vertex 0.4 19.91515744692055 12.944522720304148
    endloop
  endfacet
  facet normal 0 -0.4771587602596044 0.8788171126619676
    outer loop
      vertex 8 20.02147862441398 12.995235320576173
      vertex 8 20.125 13.051442841485013
      vertex 0.4 20.02147862441398 12.995235320576173
    endloop
  endfacet
  facet normal 0 -0.5224985647159488 0.8526401643540924
    outer loop
      vertex 8 20.125 13.051442841485013
      vertex 8 20.22543782878381 13.112991222122796
      vertex 0.4 20.125 13.051442841485013
    endloop
  endfacet
  facet normal 0 -0.5664062369248234 0.8241261886220221
    outer loop
      vertex 8 20.22543782878381 13.112991222122796
      vertex 8 20.322516817658066 13.179711762656368
      vertex 0.4 20.22543782878381 13.112991222122796
    endloop
  endfacet
  facet normal 0 -0.6087614290087312 0.7933533402912271
    outer loop
      vertex 8 20.322516817658066 13.179711762656368
      vertex 8 20.415970879862133 13.251421586721815
      vertex 0.4 20.322516817658066 13.179711762656368
    endloop
  endfacet
  facet normal 0 -0.6494480483301872 0.7604059656000279
    outer loop
      vertex 8 20.415970879862133 13.251421586721815
      vertex 8 20.50554386430743 13.327924142675863
      vertex 0.4 20.415970879862133 13.251421586721815
    endloop
  endfacet
  facet normal 0 -0.6883545756937532 0.7253743710122885
    outer loop
      vertex 8 20.50554386430743 13.327924142675863
      vertex 8 20.59099025766973 13.409009742330268
      vertex 0.4 20.50554386430743 13.327924142675863
    endloop
  endfacet
  facet normal 0 -0.7253743710122805 0.6883545756937616
    outer loop
      vertex 8 20.59099025766973 13.409009742330268
      vertex 8 20.67207585732414 13.49445613569257
      vertex 0.4 20.59099025766973 13.409009742330268
    endloop
  endfacet
  facet normal 0 -0.760405965600029 0.6494480483301859
    outer loop
      vertex 8 20.67207585732414 13.49445613569257
      vertex 8 20.748578413278185 13.584029120137865
      vertex 0.4 20.67207585732414 13.49445613569257
    endloop
  endfacet
  facet normal 0 -0.7933533402912382 0.6087614290087167
    outer loop
      vertex 8 20.748578413278185 13.584029120137865
      vertex 8 20.820288237343632 13.677483182341936
      vertex 0.4 20.748578413278185 13.584029120137865
    endloop
  endfacet
  facet normal 0 -0.8241261886220103 0.5664062369248407
    outer loop
      vertex 8 20.820288237343632 13.677483182341936
      vertex 8 20.887008777877206 13.77456217121619
      vertex 0.4 20.820288237343632 13.677483182341936
    endloop
  endfacet
  facet normal 0 -0.8526401643540991 0.5224985647159378
    outer loop
      vertex 8 20.887008777877206 13.77456217121619
      vertex 8 20.948557158514987 13.875
      vertex 0.4 20.887008777877206 13.77456217121619
    endloop
  endfacet
  facet normal 0 -0.8788171126619613 0.4771587602596161
    outer loop
      vertex 8 20.948557158514987 13.875
      vertex 8 21.00476467942383 13.97852137558602
      vertex 0.4 20.948557158514987 13.875
    endloop
  endfacet
  facet normal 0 -0.9025852843498696 0.4305110968082762
    outer loop
      vertex 8 21.00476467942383 13.97852137558602
      vertex 8 21.05547727969585 14.084842553079449
      vertex 0.4 21.00476467942383 13.97852137558602
    endloop
  endfacet
  facet normal 0 -0.9238795325112864 0.38268343236509056
    outer loop
      vertex 8 21.05547727969585 14.084842553079449
      vertex 8 21.100555959618703 14.193672113523075
      vertex 0.4 21.05547727969585 14.084842553079449
    endloop
  endfacet
  facet normal 0 -0.9426414910921735 0.33380685923378467
    outer loop
      vertex 8 21.100555959618703 14.193672113523075
      vertex 8 21.139877161664096 14.304711762656368
      vertex 0.4 21.100555959618703 14.193672113523075
    endloop
  endfacet
  facet normal 0 -0.9588197348681897 0.2840153447039341
    outer loop
      vertex 8 21.139877161664096 14.304711762656368
      vertex 8 21.173333109150406 14.417657148519329
      vertex 0.4 21.139877161664096 14.304711762656368
    endloop
  endfacet
  facet normal 0 -0.9723699203976797 0.2334453638558927
    outer loop
      vertex 8 21.173333109150406 14.417657148519329
      vertex 8 21.200832101651063 14.53219869566004
      vertex 0.4 21.173333109150406 14.417657148519329
    endloop
  endfacet
  facet normal 0 -0.9832549075639575 0.1822355254921324
    outer loop
      vertex 8 21.200832101651063 14.53219869566004
      vertex 8 21.22229876633906 14.64802245365948
      vertex 0.4 21.200832101651063 14.53219869566004
    endloop
  endfacet
  facet normal 0 -0.9914448613738086 0.13052619222006553
    outer loop
      vertex 8 21.22229876633906 14.64802245365948
      vertex 8 21.237674264578615 14.76481095764778
      vertex 0.4 21.22229876633906 14.64802245365948
    endloop
  endfacet
  facet normal 0 -0.9969173337331282 0.0784590957278416
    outer loop
      vertex 8 21.237674264578615 14.76481095764778
      vertex 8 21.24691645319779 14.882244098453377
      vertex 0.4 21.237674264578615 14.76481095764778
    endloop
  endfacet
  facet normal 0 -0.9996573249755573 0.02617694830787525
    outer loop
      vertex 8 21.24691645319779 14.882244098453377
      vertex 8 21.25 15
      vertex 0.4 21.24691645319779 14.882244098453377
    endloop
  endfacet
  facet normal 0 0.07845909572784042 -0.9969173337331284
    outer loop
      vertex 8 18.76481095764778 17.237674264578615
      vertex 0.4 18.76481095764778 17.237674264578615
      vertex 0.4 18.882244098453377 17.24691645319779
    endloop
  endfacet
  facet normal 0 0.02617694830787525 -0.9996573249755573
    outer loop
      vertex 8 18.882244098453377 17.24691645319779
      vertex 0.4 18.882244098453377 17.24691645319779
      vertex 0.4 19 17.25
    endloop
  endfacet
  facet normal 0 -0.02617694830787525 -0.9996573249755573
    outer loop
      vertex 8 19 17.25
      vertex 0.4 19 17.25
      vertex 0.4 19.117755901546623 17.24691645319779
    endloop
  endfacet
  facet normal 0 -0.07845909572784042 -0.9969173337331284
    outer loop
      vertex 8 19.117755901546623 17.24691645319779
      vertex 0.4 19.117755901546623 17.24691645319779
      vertex 0.4 19.23518904235222 17.237674264578615
    endloop
  endfacet
  facet normal 0 -0.13052619222006553 -0.9914448613738086
    outer loop
      vertex 8 19.23518904235222 17.237674264578615
      vertex 0.4 19.23518904235222 17.237674264578615
      vertex 0.4 19.35197754634052 17.22229876633906
    endloop
  endfacet
  facet normal 0 -0.18223552549213778 -0.9832549075639564
    outer loop
      vertex 8 19.35197754634052 17.22229876633906
      vertex 0.4 19.35197754634052 17.22229876633906
      vertex 0.4 19.467801304339957 17.200832101651063
    endloop
  endfacet
  facet normal 0 -0.23344536385588927 -0.9723699203976804
    outer loop
      vertex 8 19.467801304339957 17.200832101651063
      vertex 0.4 19.467801304339957 17.200832101651063
      vertex 0.4 19.58234285148067 17.173333109150406
    endloop
  endfacet
  facet normal 0 -0.2840153447039341 -0.9588197348681897
    outer loop
      vertex 8 19.58234285148067 17.173333109150406
      vertex 0.4 19.58234285148067 17.173333109150406
      vertex 0.4 19.695288237343632 17.139877161664096
    endloop
  endfacet
  facet normal 0 -0.33380685923378467 -0.9426414910921735
    outer loop
      vertex 8 19.695288237343632 17.139877161664096
      vertex 0.4 19.695288237343632 17.139877161664096
      vertex 0.4 19.806327886476925 17.100555959618703
    endloop
  endfacet
  facet normal 0 -0.3826834323650959 -0.9238795325112842
    outer loop
      vertex 8 19.806327886476925 17.100555959618703
      vertex 0.4 19.806327886476925 17.100555959618703
      vertex 0.4 19.91515744692055 17.05547727969585
    endloop
  endfacet
  facet normal 0 -0.5664062369248336 -0.824126188622015
    outer loop
      vertex 8 20.22543782878381 16.887008777877206
      vertex 0.4 20.22543782878381 16.887008777877206
      vertex 0.4 20.322516817658066 16.820288237343632
    endloop
  endfacet
  facet normal 0 -0.43051109680827043 -0.9025852843498724
    outer loop
      vertex 8 19.91515744692055 17.05547727969585
      vertex 0.4 19.91515744692055 17.05547727969585
      vertex 0.4 20.02147862441398 17.00476467942383
    endloop
  endfacet
  facet normal 0 -0.4771587602596161 -0.8788171126619613
    outer loop
      vertex 8 20.02147862441398 17.00476467942383
      vertex 0.4 20.02147862441398 17.00476467942383
      vertex 0.4 20.125 16.948557158514987
    endloop
  endfacet
  facet normal 0 -0.5224985647159378 -0.8526401643540991
    outer loop
      vertex 8 20.125 16.948557158514987
      vertex 0.4 20.125 16.948557158514987
      vertex 0.4 20.22543782878381 16.887008777877206
    endloop
  endfacet
  facet normal 0 -0.9238795325112864 -0.38268343236509056
    outer loop
      vertex 8 21.05547727969585 15.915157446920551
      vertex 0.4 21.05547727969585 15.915157446920551
      vertex 0.4 21.100555959618703 15.806327886476925
    endloop
  endfacet
  facet normal 0 -0.8788171126619613 -0.4771587602596161
    outer loop
      vertex 8 20.948557158514987 16.125
      vertex 0.4 20.948557158514987 16.125
      vertex 0.4 21.00476467942383 16.02147862441398
    endloop
  endfacet
  facet normal 0 -0.8526401643540991 -0.5224985647159378
    outer loop
      vertex 8 20.887008777877206 16.22543782878381
      vertex 0.4 20.887008777877206 16.22543782878381
      vertex 0.4 20.948557158514987 16.125
    endloop
  endfacet
  facet normal 0 -0.9025852843498696 -0.4305110968082762
    outer loop
      vertex 8 21.00476467942383 16.02147862441398
      vertex 0.4 21.00476467942383 16.02147862441398
      vertex 0.4 21.05547727969585 15.915157446920551
    endloop
  endfacet
  facet normal 0 -0.6087614290087312 -0.7933533402912271
    outer loop
      vertex 8 20.322516817658066 16.820288237343632
      vertex 0.4 20.322516817658066 16.820288237343632
      vertex 0.4 20.415970879862133 16.748578413278185
    endloop
  endfacet
  facet normal 0 -0.6494480483301784 -0.7604059656000354
    outer loop
      vertex 8 20.415970879862133 16.748578413278185
      vertex 0.4 20.415970879862133 16.748578413278185
      vertex 0.4 20.50554386430743 16.67207585732414
    endloop
  endfacet
  facet normal 0 -0.7604059656000354 -0.6494480483301784
    outer loop
      vertex 8 20.67207585732414 16.50554386430743
      vertex 0.4 20.67207585732414 16.50554386430743
      vertex 0.4 20.748578413278185 16.415970879862133
    endloop
  endfacet
  facet normal 0 -0.6883545756937691 -0.7253743710122733
    outer loop
      vertex 8 20.50554386430743 16.67207585732414
      vertex 0.4 20.50554386430743 16.67207585732414
      vertex 0.4 20.59099025766973 16.59099025766973
    endloop
  endfacet
  facet normal 0 -0.7253743710122733 -0.6883545756937691
    outer loop
      vertex 8 20.59099025766973 16.59099025766973
      vertex 0.4 20.59099025766973 16.59099025766973
      vertex 0.4 20.67207585732414 16.50554386430743
    endloop
  endfacet
  facet normal 0 -0.7933533402912271 -0.6087614290087312
    outer loop
      vertex 8 20.748578413278185 16.415970879862133
      vertex 0.4 20.748578413278185 16.415970879862133
      vertex 0.4 20.820288237343632 16.322516817658066
    endloop
  endfacet
  facet normal 0 -0.824126188622015 -0.5664062369248336
    outer loop
      vertex 8 20.820288237343632 16.322516817658066
      vertex 0.4 20.820288237343632 16.322516817658066
      vertex 0.4 20.887008777877206 16.22543782878381
    endloop
  endfacet
  facet normal 0 -0.9996573249755573 -0.02617694830787525
    outer loop
      vertex 8 21.24691645319779 15.117755901546623
      vertex 0.4 21.24691645319779 15.117755901546623
      vertex 0.4 21.25 15
    endloop
  endfacet
  facet normal 0 -0.9969173337331282 -0.0784590957278416
    outer loop
      vertex 8 21.237674264578615 15.23518904235222
      vertex 0.4 21.237674264578615 15.23518904235222
      vertex 0.4 21.24691645319779 15.117755901546623
    endloop
  endfacet
  facet normal 0 -0.9723699203976797 -0.2334453638558927
    outer loop
      vertex 8 21.173333109150406 15.582342851480671
      vertex 0.4 21.173333109150406 15.582342851480671
      vertex 0.4 21.200832101651063 15.46780130433996
    endloop
  endfacet
  facet normal 0 -0.9914448613738086 -0.13052619222006553
    outer loop
      vertex 8 21.22229876633906 15.35197754634052
      vertex 0.4 21.22229876633906 15.35197754634052
      vertex 0.4 21.237674264578615 15.23518904235222
    endloop
  endfacet
  facet normal 0 -0.9832549075639575 -0.1822355254921324
    outer loop
      vertex 8 21.200832101651063 15.46780130433996
      vertex 0.4 21.200832101651063 15.46780130433996
      vertex 0.4 21.22229876633906 15.35197754634052
    endloop
  endfacet
  facet normal 0 -0.9426414910921735 -0.33380685923378467
    outer loop
      vertex 8 21.100555959618703 15.806327886476925
      vertex 0.4 21.100555959618703 15.806327886476925
      vertex 0.4 21.139877161664096 15.695288237343632
    endloop
  endfacet
  facet normal 0 -0.9588197348681897 -0.2840153447039341
    outer loop
      vertex 8 21.139877161664096 15.695288237343632
      vertex 0.4 21.139877161664096 15.695288237343632
      vertex 0.4 21.173333109150406 15.582342851480671
    endloop
  endfacet
  facet normal -8.737857930587647e-20 0.07845909572784042 -0.9969173337331284
    outer loop
      vertex 8 18.76481095764778 17.237674264578615
      vertex 0.4 18.882244098453377 17.24691645319779
      vertex 8 18.882244098453377 17.24691645319779
    endloop
  endfacet
  facet normal -2.8879549025599e-20 0.02617694830787525 -0.9996573249755573
    outer loop
      vertex 8 18.882244098453377 17.24691645319779
      vertex 0.4 19 17.25
      vertex 8 19 17.25
    endloop
  endfacet
  facet normal 2.8879549025599e-20 -0.02617694830787525 -0.9996573249755573
    outer loop
      vertex 8 19 17.25
      vertex 0.4 19.117755901546623 17.24691645319779
      vertex 8 19.117755901546623 17.24691645319779
    endloop
  endfacet
  facet normal 8.737857930587647e-20 -0.07845909572784042 -0.9969173337331284
    outer loop
      vertex 8 19.117755901546623 17.24691645319779
      vertex 0.4 19.23518904235222 17.237674264578615
      vertex 8 19.23518904235222 17.237674264578615
    endloop
  endfacet
  facet normal 4.2427013461150393e-20 -0.13052619222006553 -0.9914448613738086
    outer loop
      vertex 8 19.23518904235222 17.237674264578615
      vertex 0.4 19.35197754634052 17.22229876633906
      vertex 8 19.35197754634052 17.22229876633906
    endloop
  endfacet
  facet normal -1.1039939749891164e-19 -0.18223552549213778 -0.9832549075639564
    outer loop
      vertex 8 19.35197754634052 17.22229876633906
      vertex 0.4 19.467801304339957 17.200832101651063
      vertex 8 19.467801304339957 17.200832101651063
    endloop
  endfacet
  facet normal -2.939058556261819e-20 -0.23344536385588927 -0.9723699203976804
    outer loop
      vertex 8 19.467801304339957 17.200832101651063
      vertex 0.4 19.58234285148067 17.173333109150406
      vertex 8 19.58234285148067 17.173333109150406
    endloop
  endfacet
  facet normal 6.219881366035082e-20 -0.2840153447039341 -0.9588197348681897
    outer loop
      vertex 8 19.58234285148067 17.173333109150406
      vertex 0.4 19.695288237343632 17.139877161664096
      vertex 8 19.695288237343632 17.139877161664096
    endloop
  endfacet
  facet normal -4.50721692523357e-19 -0.33380685923378467 -0.9426414910921735
    outer loop
      vertex 8 19.695288237343632 17.139877161664096
      vertex 0.4 19.806327886476925 17.100555959618703
      vertex 8 19.806327886476925 17.100555959618703
    endloop
  endfacet
  facet normal 4.015341131252602e-19 -0.3826834323650959 -0.9238795325112842
    outer loop
      vertex 8 19.806327886476925 17.100555959618703
      vertex 0.4 19.91515744692055 17.05547727969585
      vertex 8 19.91515744692055 17.05547727969585
    endloop
  endfacet
  facet normal 3.21250750245487e-19 -0.5664062369248336 -0.824126188622015
    outer loop
      vertex 8 20.22543782878381 16.887008777877206
      vertex 0.4 20.322516817658066 16.820288237343632
      vertex 8 20.322516817658066 16.820288237343632
    endloop
  endfacet
  facet normal -1.9090351097007275e-19 -0.43051109680827043 -0.9025852843498724
    outer loop
      vertex 8 19.91515744692055 17.05547727969585
      vertex 0.4 20.02147862441398 17.00476467942383
      vertex 8 20.02147862441398 17.00476467942383
    endloop
  endfacet
  facet normal -3.0543058136285643e-19 -0.4771587602596161 -0.8788171126619613
    outer loop
      vertex 8 20.02147862441398 17.00476467942383
      vertex 0.4 20.125 16.948557158514987
      vertex 8 20.125 16.948557158514987
    endloop
  endfacet
  facet normal -2.283889288458602e-19 -0.5224985647159378 -0.8526401643540991
    outer loop
      vertex 8 20.125 16.948557158514987
      vertex 0.4 20.22543782878381 16.887008777877206
      vertex 8 20.22543782878381 16.887008777877206
    endloop
  endfacet
  facet normal 9.040203900880359e-20 -0.9238795325112864 -0.38268343236509056
    outer loop
      vertex 8 21.05547727969585 15.915157446920551
      vertex 0.4 21.100555959618703 15.806327886476925
      vertex 8 21.100555959618703 15.806327886476925
    endloop
  endfacet
  facet normal -3.0543058136285643e-19 -0.8788171126619613 -0.4771587602596161
    outer loop
      vertex 8 20.948557158514987 16.125
      vertex 0.4 21.00476467942383 16.02147862441398
      vertex 8 21.00476467942383 16.02147862441398
    endloop
  endfacet
  facet normal -2.283889288458602e-19 -0.8526401643540991 -0.5224985647159378
    outer loop
      vertex 8 20.887008777877206 16.22543782878381
      vertex 0.4 20.948557158514987 16.125
      vertex 8 20.948557158514987 16.125
    endloop
  endfacet
  facet normal 0 -0.9025852843498696 -0.4305110968082762
    outer loop
      vertex 8 21.05547727969585 15.915157446920551
      vertex 8 21.00476467942383 16.02147862441398
      vertex 0.4 21.05547727969585 15.915157446920551
    endloop
  endfacet
  facet normal -1.6222152618456276e-19 -0.6087614290087312 -0.7933533402912271
    outer loop
      vertex 8 20.322516817658066 16.820288237343632
      vertex 0.4 20.415970879862133 16.748578413278185
      vertex 8 20.415970879862133 16.748578413278185
    endloop
  endfacet
  facet normal 0 -0.6494480483301784 -0.7604059656000354
    outer loop
      vertex 8 20.50554386430743 16.67207585732414
      vertex 8 20.415970879862133 16.748578413278185
      vertex 0.4 20.50554386430743 16.67207585732414
    endloop
  endfacet
  facet normal 0 -0.7253743710122733 -0.6883545756937691
    outer loop
      vertex 8 20.67207585732414 16.50554386430743
      vertex 8 20.59099025766973 16.59099025766973
      vertex 0.4 20.67207585732414 16.50554386430743
    endloop
  endfacet
  facet normal -2.604632504606131e-19 -0.6883545756937691 -0.7253743710122733
    outer loop
      vertex 8 20.50554386430743 16.67207585732414
      vertex 0.4 20.59099025766973 16.59099025766973
      vertex 8 20.59099025766973 16.59099025766973
    endloop
  endfacet
  facet normal -1.6222152618456276e-19 -0.7933533402912271 -0.6087614290087312
    outer loop
      vertex 8 20.748578413278185 16.415970879862133
      vertex 0.4 20.820288237343632 16.322516817658066
      vertex 8 20.820288237343632 16.322516817658066
    endloop
  endfacet
  facet normal -1.4447834207101083e-19 -0.7604059656000354 -0.6494480483301784
    outer loop
      vertex 8 20.67207585732414 16.50554386430743
      vertex 0.4 20.748578413278185 16.415970879862133
      vertex 8 20.748578413278185 16.415970879862133
    endloop
  endfacet
  facet normal 0 -0.824126188622015 -0.5664062369248336
    outer loop
      vertex 8 20.887008777877206 16.22543782878381
      vertex 8 20.820288237343632 16.322516817658066
      vertex 0.4 20.887008777877206 16.22543782878381
    endloop
  endfacet
  facet normal 0 -0.9996573249755573 -0.02617694830787525
    outer loop
      vertex 8 21.25 15
      vertex 8 21.24691645319779 15.117755901546623
      vertex 0.4 21.25 15
    endloop
  endfacet
  facet normal 0 -0.9914448613738086 -0.13052619222006553
    outer loop
      vertex 8 21.237674264578615 15.23518904235222
      vertex 8 21.22229876633906 15.35197754634052
      vertex 0.4 21.237674264578615 15.23518904235222
    endloop
  endfacet
  facet normal 0 -0.9969173337331282 -0.0784590957278416
    outer loop
      vertex 8 21.24691645319779 15.117755901546623
      vertex 8 21.237674264578615 15.23518904235222
      vertex 0.4 21.24691645319779 15.117755901546623
    endloop
  endfacet
  facet normal 0 -0.9588197348681897 -0.2840153447039341
    outer loop
      vertex 8 21.173333109150406 15.582342851480671
      vertex 8 21.139877161664096 15.695288237343632
      vertex 0.4 21.173333109150406 15.582342851480671
    endloop
  endfacet
  facet normal 0 -0.9832549075639575 -0.1822355254921324
    outer loop
      vertex 8 21.22229876633906 15.35197754634052
      vertex 8 21.200832101651063 15.46780130433996
      vertex 0.4 21.22229876633906 15.35197754634052
    endloop
  endfacet
  facet normal -2.057820999914029e-19 -0.9723699203976797 -0.2334453638558927
    outer loop
      vertex 8 21.173333109150406 15.582342851480671
      vertex 0.4 21.200832101651063 15.46780130433996
      vertex 8 21.200832101651063 15.46780130433996
    endloop
  endfacet
  facet normal 0 -0.9426414910921735 -0.33380685923378467
    outer loop
      vertex 8 21.139877161664096 15.695288237343632
      vertex 8 21.100555959618703 15.806327886476925
      vertex 0.4 21.139877161664096 15.695288237343632
    endloop
  endfacet
  facet normal -1 0 0
    outer loop
      vertex 0.4 20.820288237343632 13.677483182341936
      vertex 0.4 25 16.200000000000003
      vertex 0.4 20.748578413278185 13.584029120137865
    endloop
  endfacet
  facet normal -1 0 0
    outer loop
      vertex 0.4 20.887008777877206 13.77456217121619
      vertex 0.4 25 16.200000000000003
      vertex 0.4 20.820288237343632 13.677483182341936
    endloop
  endfacet
  facet normal -1 0 0
    outer loop
      vertex 0.4 20.948557158514987 13.875
      vertex 0.4 25 16.200000000000003
      vertex 0.4 20.887008777877206 13.77456217121619
    endloop
  endfacet
  facet normal -1 0 0
    outer loop
      vertex 0.4 21.00476467942383 13.97852137558602
      vertex 0.4 25 16.200000000000003
      vertex 0.4 20.948557158514987 13.875
    endloop
  endfacet
  facet normal -1 0 0
    outer loop
      vertex 0.4 21.05547727969585 14.084842553079449
      vertex 0.4 25 16.200000000000003
      vertex 0.4 21.00476467942383 13.97852137558602
    endloop
  endfacet
  facet normal -1 0 0
    outer loop
      vertex 0.4 21.100555959618703 14.193672113523075
      vertex 0.4 25 16.200000000000003
      vertex 0.4 21.05547727969585 14.084842553079449
    endloop
  endfacet
  facet normal -1 0 0
    outer loop
      vertex 0.4 21.139877161664096 14.304711762656368
      vertex 0.4 25 16.200000000000003
      vertex 0.4 21.100555959618703 14.193672113523075
    endloop
  endfacet
  facet normal -1 0 0
    outer loop
      vertex 0.4 21.173333109150406 14.417657148519329
      vertex 0.4 25 16.200000000000003
      vertex 0.4 21.139877161664096 14.304711762656368
    endloop
  endfacet
  facet normal 0.026176939601381188 0.9996573252035448 0
    outer loop
      vertex 5 25 0
      vertex 5.1570078656077385 24.995888605713844 30
      vertex 5.1570078656077385 24.995888605713844 0
    endloop
  endfacet
  facet normal 0.07845908885695775 0.9969173342738785 0
    outer loop
      vertex 5.1570078656077385 24.995888605713844 0
      vertex 5.313585393130779 24.98356568813324 30
      vertex 5.313585393130779 24.98356568813324 0
    endloop
  endfacet
  facet normal 0.13052621687442656 0.991444858128 0
    outer loop
      vertex 5.313585393130779 24.98356568813324 0
      vertex 5.4693033918738365 24.963065020740032 30
      vertex 5.4693033918738365 24.963065020740032 0
    endloop
  endfacet
  facet normal 0.18223551135255572 0.9832549101845729 0
    outer loop
      vertex 5.4693033918738365 24.963065020740032 0
      vertex 5.623735070228577 24.934442803263664 30
      vertex 5.623735070228577 24.934442803263664 0
    endloop
  endfacet
  facet normal 0.23344538339648674 0.9723699157063979 0
    outer loop
      vertex 5.776457138359547 24.89777747541666 0
      vertex 5.623735070228577 24.934442803263664 0
      vertex 5.776457138359547 24.89777747541666 30
    endloop
  endfacet
  facet normal 0.28401534549389984 0.9588197346341911 0
    outer loop
      vertex 5.776457138359547 24.89777747541666 0
      vertex 5.927050985395908 24.853169545531273 30
      vertex 5.927050985395908 24.853169545531273 0
    endloop
  endfacet
  facet normal 0.38268343998639204 0.92387952935444 0
    outer loop
      vertex 6.075103849172592 24.800741277635098 0
      vertex 6.220209926366806 24.740636371076107 30
      vertex 6.220209926366806 24.740636371076107 0
    endloop
  endfacet
  facet normal 0.4305110815548853 0.9025852916253637 0
    outer loop
      vertex 6.220209926366806 24.740636371076107 0
      vertex 6.361971497535706 24.67301957309246 30
      vertex 6.361971497535706 24.67301957309246 0
    endloop
  endfacet
  facet normal 0.3338068542353568 0.9426414928622097 0
    outer loop
      vertex 6.075103849172592 24.800741277635098 0
      vertex 5.927050985395908 24.853169545531273 0
      vertex 6.075103849172592 24.800741277635098 30
    endloop
  endfacet
  facet normal -1 0 0
    outer loop
      vertex 0.4 21.200832101651063 14.53219869566004
      vertex 0.4 25 16.200000000000003
      vertex 0.4 21.173333109150406 14.417657148519329
    endloop
  endfacet
  facet normal -1 0 0
    outer loop
      vertex 0.4 21.22229876633906 14.64802245365948
      vertex 0.4 25 16.200000000000003
      vertex 0.4 21.200832101651063 14.53219869566004
    endloop
  endfacet
  facet normal -1 0 0
    outer loop
      vertex 0.4 21.237674264578615 14.76481095764778
      vertex 0.4 25 16.200000000000003
      vertex 0.4 21.22229876633906 14.64802245365948
    endloop
  endfacet
  facet normal -1 0 0
    outer loop
      vertex 0.4 21.24691645319779 14.882244098453377
      vertex 0.4 25 16.200000000000003
      vertex 0.4 21.237674264578615 14.76481095764778
    endloop
  endfacet
  facet normal -1 0 0
    outer loop
      vertex 0.4 21.25 15
      vertex 0.4 25 16.200000000000003
      vertex 0.4 21.24691645319779 14.882244098453377
    endloop
  endfacet
  facet normal -1 0 0
    outer loop
      vertex 0.4 21.24691645319779 15.117755901546623
      vertex 0.4 25 16.200000000000003
      vertex 0.4 21.25 15
    endloop
  endfacet
  facet normal -1 0 0
    outer loop
      vertex 0.4 21.237674264578615 15.23518904235222
      vertex 0.4 25 16.200000000000003
      vertex 0.4 21.24691645319779 15.117755901546623
    endloop
  endfacet
  facet normal -1 0 0
    outer loop
      vertex 0.4 21.22229876633906 15.35197754634052
      vertex 0.4 25 16.200000000000003
      vertex 0.4 21.237674264578615 15.23518904235222
    endloop
  endfacet
  facet normal -1 0 0
    outer loop
      vertex 0.4 21.173333109150406 15.582342851480671
      vertex 0.4 25 16.200000000000003
      vertex 0.4 21.200832101651063 15.46780130433996
    endloop
  endfacet
  facet normal -1 0 0
    outer loop
      vertex 0.4 21.139877161664096 15.695288237343632
      vertex 0.4 25 16.200000000000003
      vertex 0.4 21.173333109150406 15.582342851480671
    endloop
  endfacet
  facet normal -1 0 0
    outer loop
      vertex 0.4 21.200832101651063 15.46780130433996
      vertex 0.4 25 16.200000000000003
      vertex 0.4 21.22229876633906 15.35197754634052
    endloop
  endfacet
  facet normal 0 1 0
    outer loop
      vertex 5 25 0
      vertex 0.4 25 16.200000000000003
      vertex 5 25 30
    endloop
  endfacet
  facet normal 1 0 0
    outer loop
      vertex 8 22 0
      vertex 8 22 30
      vertex 8 21.24691645319779 14.882244098453377
    endloop
  endfacet
  facet normal 1 0 0
    outer loop
      vertex 8 21.24691645319779 14.882244098453377
      vertex 8 22 30
      vertex 8 21.25 15
    endloop
  endfacet
  facet normal 0.9426414928622097 0.3338068542353568 0
    outer loop
      vertex 7.853169545531273 22.92705098539591 0
      vertex 7.8007412776350975 23.075103849172592 0
      vertex 7.853169545531273 22.92705098539591 30
    endloop
  endfacet
  facet normal 0.92387952935444 0.38268343998639204 0
    outer loop
      vertex 7.740636371076107 23.220209926366806 0
      vertex 7.8007412776350975 23.075103849172592 30
      vertex 7.8007412776350975 23.075103849172592 0
    endloop
  endfacet
  facet normal 0.8788171085477189 0.4771587678371079 0
    outer loop
      vertex 7.673019573092461 23.361971497535706 0
      vertex 7.598076209425926 23.5 0
      vertex 7.673019573092461 23.361971497535706 30
    endloop
  endfacet
  facet normal 0.9025852916253637 0.4305110815548853 0
    outer loop
      vertex 7.740636371076107 23.220209926366806 0
      vertex 7.673019573092461 23.361971497535706 0
      vertex 7.740636371076107 23.220209926366806 30
    endloop
  endfacet
  facet normal 0.9996573252035448 0.026176939601381188 0
    outer loop
      vertex 8 22 0
      vertex 7.995888605713844 22.15700786560774 0
      vertex 8 22 30
    endloop
  endfacet
  facet normal 0.9969173342738785 0.07845908885695775 0
    outer loop
      vertex 7.995888605713844 22.15700786560774 0
      vertex 7.98356568813324 22.31358539313078 0
      vertex 7.995888605713844 22.15700786560774 30
    endloop
  endfacet
  facet normal 0.991444858128 0.13052621687442656 0
    outer loop
      vertex 7.98356568813324 22.31358539313078 0
      vertex 7.963065020740032 22.469303391873837 0
      vertex 7.98356568813324 22.31358539313078 30
    endloop
  endfacet
  facet normal 0.9832549101845729 0.18223551135255572 0
    outer loop
      vertex 7.963065020740032 22.469303391873837 0
      vertex 7.934442803263664 22.623735070228577 0
      vertex 7.963065020740032 22.469303391873837 30
    endloop
  endfacet
  facet normal 0.9723699157063979 0.23344538339648674 0
    outer loop
      vertex 7.934442803263664 22.623735070228577 0
      vertex 7.89777747541666 22.776457138359547 0
      vertex 7.934442803263664 22.623735070228577 30
    endloop
  endfacet
  facet normal 0.9588197346341911 0.28401534549389984 0
    outer loop
      vertex 7.89777747541666 22.776457138359547 0
      vertex 7.853169545531273 22.92705098539591 0
      vertex 7.89777747541666 22.776457138359547 30
    endloop
  endfacet
  facet normal 0.6883545618769452 0.7253743841239492 0
    outer loop
      vertex 7.121320344507694 24.121320344507694 0
      vertex 7.007391817867756 24.229434475302696 0
      vertex 7.121320344507694 24.121320344507694 30
    endloop
  endfacet
  facet normal 0.7933533398941754 0.608761429526179 0
    outer loop
      vertex 7.427050985395908 23.763355754315853 0
      vertex 7.331437885761261 23.88796117156744 0
      vertex 7.427050985395908 23.763355754315853 30
    endloop
  endfacet
  facet normal 0.8526401856157652 0.5224985300200504 0
    outer loop
      vertex 7.516011707484722 23.63391710817814 0
      vertex 7.598076209425926 23.5 30
      vertex 7.598076209425926 23.5 0
    endloop
  endfacet
  facet normal 0.8241261728965004 0.5664062598055991 0
    outer loop
      vertex 7.516011707484722 23.63391710817814 0
      vertex 7.427050985395908 23.763355754315853 0
      vertex 7.516011707484722 23.63391710817814 30
    endloop
  endfacet
  facet normal 0.7604059586793502 0.6494480564332595 0
    outer loop
      vertex 7.331437885761261 23.88796117156744 0
      vertex 7.229434475302696 24.007391817867756 0
      vertex 7.331437885761261 23.88796117156744 30
    endloop
  endfacet
  facet normal 0.7253743841239492 0.6883545618769452 0
    outer loop
      vertex 7.121320344507694 24.121320344507694 0
      vertex 7.229434475302696 24.007391817867756 30
      vertex 7.229434475302696 24.007391817867756 0
    endloop
  endfacet
  facet normal 0.5664062598055991 0.8241261728965004 0
    outer loop
      vertex 6.633917108178139 24.516011707484722 0
      vertex 6.763355754315853 24.42705098539591 30
      vertex 6.763355754315853 24.42705098539591 0
    endloop
  endfacet
  facet normal 0.5224985300200504 0.8526401856157652 0
    outer loop
      vertex 6.5 24.598076209425926 0
      vertex 6.633917108178139 24.516011707484722 30
      vertex 6.633917108178139 24.516011707484722 0
    endloop
  endfacet
  facet normal 0.608761429526179 0.7933533398941754 0
    outer loop
      vertex 6.88796117156744 24.33143788576126 0
      vertex 6.763355754315853 24.42705098539591 0
      vertex 6.88796117156744 24.33143788576126 30
    endloop
  endfacet
  facet normal 0.6494480564332595 0.7604059586793502 0
    outer loop
      vertex 6.88796117156744 24.33143788576126 0
      vertex 7.007391817867756 24.229434475302696 30
      vertex 7.007391817867756 24.229434475302696 0
    endloop
  endfacet
  facet normal 0.4771587678371079 0.8788171085477189 0
    outer loop
      vertex 6.5 24.598076209425926 0
      vertex 6.361971497535706 24.67301957309246 0
      vertex 6.5 24.598076209425926 30
    endloop
  endfacet
  facet normal -1 0 0
    outer loop
      vertex 0.4 10.189525631372323 10.189525631372305
      vertex 0.4 13 30
      vertex 0.4 25 30
    endloop
  endfacet
  facet normal 0.5664062369248327 0.8241261886220158 0
    outer loop
      vertex 9.40456403667957 12.94427190999916 0
      vertex 8.714224560240433 13.418729087126785 30
      vertex 9.40456403667957 12.94427190999916 30
    endloop
  endfacet
  facet normal 0.5224985647159479 0.8526401643540928 0
    outer loop
      vertex 8.714224560240433 13.418729087126785 0
      vertex 8 13.856406460551018 30
      vertex 8.714224560240433 13.418729087126785 30
    endloop
  endfacet
  facet normal 0.7933533398941722 -0.6087614295261832 0
    outer loop
      vertex 7.3895942845617615 14.187829722840089 0
      vertex 7.427050985395908 14.236644245684147 30
      vertex 7.3895942845617615 14.187829722840089 30
    endloop
  endfacet
  facet normal 0.47715876025961057 0.8788171126619642 0
    outer loop
      vertex 7.3895942845617615 14.187829722840089 0
      vertex 7.3895942845617615 14.187829722840089 30
      vertex 8 13.856406460551018 30
    endloop
  endfacet
  facet normal 0.8241261728965004 -0.5664062598055991 0
    outer loop
      vertex 7.516011707484722 14.366082891821861 0
      vertex 7.516011707484722 14.366082891821861 30
      vertex 7.427050985395908 14.236644245684147 30
    endloop
  endfacet
  facet normal 0.8526401856157652 -0.5224985300200504 0
    outer loop
      vertex 7.598076209425926 14.5 0
      vertex 7.598076209425926 14.5 30
      vertex 7.516011707484722 14.366082891821861 30
    endloop
  endfacet
  facet normal 0.8788171085477189 -0.4771587678371079 0
    outer loop
      vertex 7.673019573092461 14.638028502464294 0
      vertex 7.673019573092461 14.638028502464294 30
      vertex 7.598076209425926 14.5 30
    endloop
  endfacet
  facet normal 0.9025852916253637 -0.4305110815548853 0
    outer loop
      vertex 7.740636371076107 14.779790073633194 0
      vertex 7.740636371076107 14.779790073633194 30
      vertex 7.673019573092461 14.638028502464294 30
    endloop
  endfacet
  facet normal 0.92387952935444 -0.38268343998639204 0
    outer loop
      vertex 7.8007412776350975 14.924896150827408 0
      vertex 7.8007412776350975 14.924896150827408 30
      vertex 7.740636371076107 14.779790073633194 30
    endloop
  endfacet
  facet normal 0.9426414928622097 -0.3338068542353568 0
    outer loop
      vertex 7.853169545531273 15.072949014604092 0
      vertex 7.853169545531273 15.072949014604092 30
      vertex 7.8007412776350975 14.924896150827408 30
    endloop
  endfacet
  facet normal 0.9588197346341911 -0.28401534549389984 0
    outer loop
      vertex 7.89777747541666 15.223542861640453 0
      vertex 7.89777747541666 15.223542861640453 30
      vertex 7.853169545531273 15.072949014604092 30
    endloop
  endfacet
  facet normal 0.9723699157063979 -0.23344538339648674 0
    outer loop
      vertex 7.934442803263664 15.376264929771423 0
      vertex 7.934442803263664 15.376264929771423 30
      vertex 7.89777747541666 15.223542861640453 30
    endloop
  endfacet
  facet normal 0.9832549101845729 -0.18223551135255572 0
    outer loop
      vertex 7.963065020740032 15.530696608126163 0
      vertex 7.963065020740032 15.530696608126163 30
      vertex 7.934442803263664 15.376264929771423 30
    endloop
  endfacet
  facet normal 0.6087614290087213 0.7933533402912346 0
    outer loop
      vertex 10.069126256797398 12.434335383311534 0
      vertex 9.40456403667957 12.94427190999916 30
      vertex 10.069126256797398 12.434335383311534 30
    endloop
  endfacet
  facet normal 0.991444858128 -0.13052621687442656 0
    outer loop
      vertex 7.98356568813324 15.68641460686922 0
      vertex 7.98356568813324 15.68641460686922 30
      vertex 7.963065020740032 15.530696608126163 30
    endloop
  endfacet
  facet normal 0.9969173342738785 -0.07845908885695775 0
    outer loop
      vertex 7.995888605713844 15.842992134392262 0
      vertex 7.995888605713844 15.842992134392262 30
      vertex 7.98356568813324 15.68641460686922 30
    endloop
  endfacet
  facet normal 0.9996573252035448 -0.026176939601381188 0
    outer loop
      vertex 8 16 0
      vertex 8 16 30
      vertex 7.995888605713844 15.842992134392262 30
    endloop
  endfacet
  facet normal 1 0 0
    outer loop
      vertex 8 16.75308354680221 15.117755901546623
      vertex 8 16.762325735421385 15.23518904235222
      vertex 8 16 30
    endloop
  endfacet
  facet normal 1 0 0
    outer loop
      vertex 8 16.762325735421385 15.23518904235222
      vertex 8 16.77770123366094 15.35197754634052
      vertex 8 16 30
    endloop
  endfacet
  facet normal 1 0 0
    outer loop
      vertex 8 16.77770123366094 15.35197754634052
      vertex 8 16.799167898348937 15.46780130433996
      vertex 8 16 30
    endloop
  endfacet
  facet normal 1 0 0
    outer loop
      vertex 8 16.799167898348937 15.46780130433996
      vertex 8 16.826666890849594 15.582342851480671
      vertex 8 16 30
    endloop
  endfacet
  facet normal 1 0 0
    outer loop
      vertex 8 16.826666890849594 15.582342851480671
      vertex 8 16.860122838335904 15.695288237343632
      vertex 8 16 30
    endloop
  endfacet
  facet normal 1 0 0
    outer loop
      vertex 8 16.860122838335904 15.695288237343632
      vertex 8 16.899444040381297 15.806327886476925
      vertex 8 16 30
    endloop
  endfacet
  facet normal 1 0 0
    outer loop
      vertex 8 16.899444040381297 15.806327886476925
      vertex 8 16.94452272030415 15.915157446920551
      vertex 8 16 30
    endloop
  endfacet
  facet normal 1 0 0
    outer loop
      vertex 8 16.94452272030415 15.915157446920551
      vertex 8 16.99523532057617 16.02147862441398
      vertex 8 16 30
    endloop
  endfacet
  facet normal 1 0 0
    outer loop
      vertex 8 16.99523532057617 16.02147862441398
      vertex 8 17.051442841485013 16.125
      vertex 8 16 30
    endloop
  endfacet
  facet normal 1 0 0
    outer loop
      vertex 8 17.051442841485013 16.125
      vertex 8 17.112991222122794 16.22543782878381
      vertex 8 16 30
    endloop
  endfacet
  facet normal 1 0 0
    outer loop
      vertex 8 17.112991222122794 16.22543782878381
      vertex 8 17.179711762656368 16.322516817658066
      vertex 8 16 30
    endloop
  endfacet
  facet normal 1 0 0
    outer loop
      vertex 8 17.179711762656368 16.322516817658066
      vertex 8 17.251421586721815 16.415970879862133
      vertex 8 16 30
    endloop
  endfacet
  facet normal 1 0 0
    outer loop
      vertex 8 17.251421586721815 16.415970879862133
      vertex 8 17.32792414267586 16.50554386430743
      vertex 8 16 30
    endloop
  endfacet
  facet normal 1 0 0
    outer loop
      vertex 8 17.32792414267586 16.50554386430743
      vertex 8 17.40900974233027 16.59099025766973
      vertex 8 16 30
    endloop
  endfacet
  facet normal 1 0 0
    outer loop
      vertex 8 17.40900974233027 16.59099025766973
      vertex 8 17.49445613569257 16.67207585732414
      vertex 8 16 30
    endloop
  endfacet
  facet normal 1 0 0
    outer loop
      vertex 8 17.49445613569257 16.67207585732414
      vertex 8 17.584029120137867 16.748578413278185
      vertex 8 16 30
    endloop
  endfacet
  facet normal 1 0 0
    outer loop
      vertex 8 17.584029120137867 16.748578413278185
      vertex 8 17.677483182341934 16.820288237343632
      vertex 8 16 30
    endloop
  endfacet
  facet normal 1 0 0
    outer loop
      vertex 8 17.677483182341934 16.820288237343632
      vertex 8 17.77456217121619 16.887008777877206
      vertex 8 16 30
    endloop
  endfacet
  facet normal 1 0 0
    outer loop
      vertex 8 17.77456217121619 16.887008777877206
      vertex 8 17.875 16.948557158514987
      vertex 8 16 30
    endloop
  endfacet
  facet normal 1 0 0
    outer loop
      vertex 8 17.875 16.948557158514987
      vertex 8 17.97852137558602 17.00476467942383
      vertex 8 16 30
    endloop
  endfacet
  facet normal 1 0 0
    outer loop
      vertex 8 17.97852137558602 17.00476467942383
      vertex 8 18.08484255307945 17.05547727969585
      vertex 8 16 30
    endloop
  endfacet
  facet normal 1 0 0
    outer loop
      vertex 8 18.08484255307945 17.05547727969585
      vertex 8 18.193672113523075 17.100555959618703
      vertex 8 16 30
    endloop
  endfacet
  facet normal 1 0 0
    outer loop
      vertex 8 18.193672113523075 17.100555959618703
      vertex 8 18.304711762656368 17.139877161664096
      vertex 8 16 30
    endloop
  endfacet
  facet normal 1 0 0
    outer loop
      vertex 8 18.304711762656368 17.139877161664096
      vertex 8 18.41765714851933 17.173333109150406
      vertex 8 16 30
    endloop
  endfacet
  facet normal 1 0 0
    outer loop
      vertex 8 18.41765714851933 17.173333109150406
      vertex 8 18.532198695660043 17.200832101651063
      vertex 8 16 30
    endloop
  endfacet
  facet normal 1 0 0
    outer loop
      vertex 8 18.532198695660043 17.200832101651063
      vertex 8 18.64802245365948 17.22229876633906
      vertex 8 16 30
    endloop
  endfacet
  facet normal 0 0 1
    outer loop
      vertex 4.944271909999158 13 30
      vertex 5.000680192385125 13.062758864810865 30
      vertex 0.4 13 30
    endloop
  endfacet
  facet normal 0 0 1
    outer loop
      vertex 5.000680192385125 13.062758864810865 30
      vertex 5.733887192724804 13.101893220205914 30
      vertex 0.4 13 30
    endloop
  endfacet
  facet normal 0 0 1
    outer loop
      vertex 5.733887192724804 13.101893220205914 30
      vertex 5.733887192724804 13.10197538369433 30
      vertex 0.4 13 30
    endloop
  endfacet
  facet normal 0 0 1
    outer loop
      vertex 5.733887192724804 13.10197538369433 30
      vertex 5.780808870653188 13.145420236239007 30
      vertex 0.4 13 30
    endloop
  endfacet
  facet normal 0 0 1
    outer loop
      vertex 5.780808870653188 13.145420236239007 30
      vertex 5.774305062338677 13.393790655333335 30
      vertex 0.4 13 30
    endloop
  endfacet
  facet normal 0 0 1
    outer loop
      vertex 5.774305062338677 13.393790655333335 30
      vertex 6.507786289212803 13.481784168291014 30
      vertex 0.4 13 30
    endloop
  endfacet
  facet normal 0 0 1
    outer loop
      vertex 4.944271909999158 13 30
      vertex 5.002320406696416 13.000121607345692 30
      vertex 5.000680192385125 13.062758864810865 30
    endloop
  endfacet
  facet normal 0 0 1
    outer loop
      vertex 5.733887192724804 13.101893220205914 30
      vertex 5.780808870653188 13.145420236239007 30
      vertex 5.733887192724804 13.10197538369433 30
    endloop
  endfacet
  facet normal 0 0 1
    outer loop
      vertex 6.507786289212803 13.481784168291014 30
      vertex 0.4 25 30
      vertex 0.4 13 30
    endloop
  endfacet
  facet normal 0 0 1
    outer loop
      vertex 6.5374922282942824 13.482303276788613 30
      vertex 0.4 25 30
      vertex 6.507786289212803 13.481784168291014 30
    endloop
  endfacet
  facet normal 0 0 1
    outer loop
      vertex 6.5374922282942824 13.482303276788613 30
      vertex 6.5244173566111865 13.981612481872384 30
      vertex 0.4 25 30
    endloop
  endfacet
  facet normal 0 0 1
    outer loop
      vertex 6.5244173566111865 13.981612481872384 30
      vertex 7.263847995832749 14.110429203136071 30
      vertex 0.4 25 30
    endloop
  endfacet
  facet normal 0 0 1
    outer loop
      vertex 7.267660257419718 14.110519990570312 30
      vertex 7.26764745628033 14.111008846360765 30
      vertex 0.4 25 30
    endloop
  endfacet
  facet normal 0 0 1
    outer loop
      vertex 7.267660257419718 14.110519990570312 30
      vertex 0.4 25 30
      vertex 7.263847995832749 14.110429203136071 30
    endloop
  endfacet
  facet normal 0 0 1
    outer loop
      vertex 7.26764745628033 14.111008846360765 30
      vertex 7.3895942845617615 14.187829722840089 30
      vertex 0.4 25 30
    endloop
  endfacet
  facet normal 0 0 1
    outer loop
      vertex 7.3895942845617615 14.187829722840089 30
      vertex 7.427050985395908 14.236644245684147 30
      vertex 0.4 25 30
    endloop
  endfacet
  facet normal 0 0 1
    outer loop
      vertex 7.427050985395908 14.236644245684147 30
      vertex 7.516011707484722 14.366082891821861 30
      vertex 0.4 25 30
    endloop
  endfacet
  facet normal 0 0 1
    outer loop
      vertex 7.516011707484722 14.366082891821861 30
      vertex 7.598076209425926 14.5 30
      vertex 0.4 25 30
    endloop
  endfacet
  facet normal 0 0 1
    outer loop
      vertex 7.598076209425926 14.5 30
      vertex 7.673019573092461 14.638028502464294 30
      vertex 0.4 25 30
    endloop
  endfacet
  facet normal 0 0 1
    outer loop
      vertex 7.673019573092461 14.638028502464294 30
      vertex 7.740636371076107 14.779790073633194 30
      vertex 0.4 25 30
    endloop
  endfacet
  facet normal 0 0 1
    outer loop
      vertex 7.740636371076107 14.779790073633194 30
      vertex 7.8007412776350975 14.924896150827408 30
      vertex 0.4 25 30
    endloop
  endfacet
  facet normal 0 0 1
    outer loop
      vertex 7.8007412776350975 14.924896150827408 30
      vertex 7.853169545531273 15.072949014604092 30
      vertex 0.4 25 30
    endloop
  endfacet
  facet normal 0 0 1
    outer loop
      vertex 7.853169545531273 15.072949014604092 30
      vertex 7.89777747541666 15.223542861640453 30
      vertex 0.4 25 30
    endloop
  endfacet
  facet normal 0 0 1
    outer loop
      vertex 7.89777747541666 15.223542861640453 30
      vertex 7.934442803263664 15.376264929771423 30
      vertex 0.4 25 30
    endloop
  endfacet
  facet normal 0 0 1
    outer loop
      vertex 7.934442803263664 15.376264929771423 30
      vertex 7.963065020740032 15.530696608126163 30
      vertex 0.4 25 30
    endloop
  endfacet
  facet normal 0 0 1
    outer loop
      vertex 7.963065020740032 15.530696608126163 30
      vertex 7.98356568813324 15.68641460686922 30
      vertex 0.4 25 30
    endloop
  endfacet
  facet normal 0 0 1
    outer loop
      vertex 8 13.856406460551018 30
      vertex 7.3895942845617615 14.187829722840089 30
      vertex 7.267660257419718 14.110519990570312 30
    endloop
  endfacet
  facet normal 0 0 1
    outer loop
      vertex 7.267660257419718 14.110519990570312 30
      vertex 7.3895942845617615 14.187829722840089 30
      vertex 7.26764745628033 14.111008846360765 30
    endloop
  endfacet
  facet normal -1 0 0
    outer loop
      vertex 0.4 17.32792414267586 16.50554386430743
      vertex 0.4 25 30
      vertex 0.4 17.40900974233027 16.59099025766973
    endloop
  endfacet
  facet normal -1 0 0
    outer loop
      vertex 0.4 17.40900974233027 16.59099025766973
      vertex 0.4 25 30
      vertex 0.4 17.49445613569257 16.67207585732414
    endloop
  endfacet
  facet normal -1 0 0
    outer loop
      vertex 0.4 17.49445613569257 16.67207585732414
      vertex 0.4 25 30
      vertex 0.4 17.584029120137867 16.748578413278185
    endloop
  endfacet
  facet normal -1 0 0
    outer loop
      vertex 0.4 17.584029120137867 16.748578413278185
      vertex 0.4 25 30
      vertex 0.4 17.677483182341934 16.820288237343632
    endloop
  endfacet
  facet normal -1 0 0
    outer loop
      vertex 0.4 17.677483182341934 16.820288237343632
      vertex 0.4 25 30
      vertex 0.4 17.77456217121619 16.887008777877206
    endloop
  endfacet
  facet normal -1 0 0
    outer loop
      vertex 0.4 17.77456217121619 16.887008777877206
      vertex 0.4 25 30
      vertex 0.4 17.875 16.948557158514987
    endloop
  endfacet
  facet normal -1 0 0
    outer loop
      vertex 0.4 17.875 16.948557158514987
      vertex 0.4 25 30
      vertex 0.4 17.97852137558602 17.00476467942383
    endloop
  endfacet
  facet normal -1 0 0
    outer loop
      vertex 0.4 17.97852137558602 17.00476467942383
      vertex 0.4 25 30
      vertex 0.4 18.08484255307945 17.05547727969585
    endloop
  endfacet
  facet normal -1 0 0
    outer loop
      vertex 0.4 18.08484255307945 17.05547727969585
      vertex 0.4 25 30
      vertex 0.4 18.193672113523075 17.100555959618703
    endloop
  endfacet
  facet normal -1 0 0
    outer loop
      vertex 0.4 18.193672113523075 17.100555959618703
      vertex 0.4 25 30
      vertex 0.4 18.304711762656368 17.139877161664096
    endloop
  endfacet
  facet normal -1 0 0
    outer loop
      vertex 0.4 18.304711762656368 17.139877161664096
      vertex 0.4 25 30
      vertex 0.4 18.41765714851933 17.173333109150406
    endloop
  endfacet
  facet normal -1 0 0
    outer loop
      vertex 0.4 18.41765714851933 17.173333109150406
      vertex 0.4 25 30
      vertex 0.4 18.532198695660043 17.200832101651063
    endloop
  endfacet
  facet normal -1 0 0
    outer loop
      vertex 0.4 18.532198695660043 17.200832101651063
      vertex 0.4 25 30
      vertex 0.4 18.64802245365948 17.22229876633906
    endloop
  endfacet
  facet normal -1 0 0
    outer loop
      vertex 0.4 18.64802245365948 17.22229876633906
      vertex 0.4 25 30
      vertex 0.4 18.76481095764778 17.237674264578615
    endloop
  endfacet
  facet normal -1 0 0
    outer loop
      vertex 0.4 18.76481095764778 17.237674264578615
      vertex 0.4 25 30
      vertex 0.4 18.882244098453377 17.24691645319779
    endloop
  endfacet
  facet normal -1 0 0
    outer loop
      vertex 0.4 18.882244098453377 17.24691645319779
      vertex 0.4 25 30
      vertex 0.4 19 17.25
    endloop
  endfacet
  facet normal -1 0 0
    outer loop
      vertex 0.4 19 17.25
      vertex 0.4 25 30
      vertex 0.4 19.117755901546623 17.24691645319779
    endloop
  endfacet
  facet normal -1 0 0
    outer loop
      vertex 0.4 20.22543782878381 16.887008777877206
      vertex 0.4 25 30
      vertex 0.4 20.322516817658066 16.820288237343632
    endloop
  endfacet
  facet normal -1 0 0
    outer loop
      vertex 0.4 19.117755901546623 17.24691645319779
      vertex 0.4 25 30
      vertex 0.4 19.23518904235222 17.237674264578615
    endloop
  endfacet
  facet normal -1 0 0
    outer loop
      vertex 0.4 19.23518904235222 17.237674264578615
      vertex 0.4 25 30
      vertex 0.4 19.35197754634052 17.22229876633906
    endloop
  endfacet
  facet normal -1 0 0
    outer loop
      vertex 0.4 19.35197754634052 17.22229876633906
      vertex 0.4 25 30
      vertex 0.4 19.467801304339957 17.200832101651063
    endloop
  endfacet
  facet normal -1 0 0
    outer loop
      vertex 0.4 19.467801304339957 17.200832101651063
      vertex 0.4 25 30
      vertex 0.4 19.58234285148067 17.173333109150406
    endloop
  endfacet
  facet normal -1 0 0
    outer loop
      vertex 0.4 19.58234285148067 17.173333109150406
      vertex 0.4 25 30
      vertex 0.4 19.695288237343632 17.139877161664096
    endloop
  endfacet
  facet normal -1 0 0
    outer loop
      vertex 0.4 19.806327886476925 17.100555959618703
      vertex 0.4 25 30
      vertex 0.4 19.91515744692055 17.05547727969585
    endloop
  endfacet
  facet normal -1 0 0
    outer loop
      vertex 0.4 19.695288237343632 17.139877161664096
      vertex 0.4 25 30
      vertex 0.4 19.806327886476925 17.100555959618703
    endloop
  endfacet
  facet normal -1 0 0
    outer loop
      vertex 0.4 19.91515744692055 17.05547727969585
      vertex 0.4 25 30
      vertex 0.4 20.02147862441398 17.00476467942383
    endloop
  endfacet
  facet normal -1 0 0
    outer loop
      vertex 0.4 20.02147862441398 17.00476467942383
      vertex 0.4 25 30
      vertex 0.4 20.125 16.948557158514987
    endloop
  endfacet
  facet normal -1 0 0
    outer loop
      vertex 0.4 20.125 16.948557158514987
      vertex 0.4 25 30
      vertex 0.4 20.22543782878381 16.887008777877206
    endloop
  endfacet
  facet normal -1 0 0
    outer loop
      vertex 0.4 20.322516817658066 16.820288237343632
      vertex 0.4 25 30
      vertex 0.4 20.415970879862133 16.748578413278185
    endloop
  endfacet
  facet normal -1 0 0
    outer loop
      vertex 0.4 20.50554386430743 16.67207585732414
      vertex 0.4 25 30
      vertex 0.4 20.59099025766973 16.59099025766973
    endloop
  endfacet
  facet normal -1 0 0
    outer loop
      vertex 0.4 20.415970879862133 16.748578413278185
      vertex 0.4 25 30
      vertex 0.4 20.50554386430743 16.67207585732414
    endloop
  endfacet
  facet normal -1 0 0
    outer loop
      vertex 0.4 20.748578413278185 16.415970879862133
      vertex 0.4 25 30
      vertex 0.4 20.820288237343632 16.322516817658066
    endloop
  endfacet
  facet normal -1 0 0
    outer loop
      vertex 0.4 20.820288237343632 16.322516817658066
      vertex 0.4 25 30
      vertex 0.4 20.887008777877206 16.22543782878381
    endloop
  endfacet
  facet normal -1 0 0
    outer loop
      vertex 0.4 20.59099025766973 16.59099025766973
      vertex 0.4 25 30
      vertex 0.4 20.67207585732414 16.50554386430743
    endloop
  endfacet
  facet normal -1 0 0
    outer loop
      vertex 0.4 20.67207585732414 16.50554386430743
      vertex 0.4 25 30
      vertex 0.4 20.748578413278185 16.415970879862133
    endloop
  endfacet
  facet normal -1 0 0
    outer loop
      vertex 0.4 21.05547727969585 15.915157446920551
      vertex 0.4 25 30
      vertex 0.4 21.100555959618703 15.806327886476925
    endloop
  endfacet
  facet normal -1 0 0
    outer loop
      vertex 0.4 21.100555959618703 15.806327886476925
      vertex 0.4 25 30
      vertex 0.4 21.139877161664096 15.695288237343632
    endloop
  endfacet
  facet normal -1 0 0
    outer loop
      vertex 0.4 21.00476467942383 16.02147862441398
      vertex 0.4 25 30
      vertex 0.4 21.05547727969585 15.915157446920551
    endloop
  endfacet
  facet normal -1 0 0
    outer loop
      vertex 0.4 20.948557158514987 16.125
      vertex 0.4 25 30
      vertex 0.4 21.00476467942383 16.02147862441398
    endloop
  endfacet
  facet normal -1 0 0
    outer loop
      vertex 0.4 20.887008777877206 16.22543782878381
      vertex 0.4 25 30
      vertex 0.4 20.948557158514987 16.125
    endloop
  endfacet
  facet normal -1 0 0
    outer loop
      vertex 0.4 21.139877161664096 15.695288237343632
      vertex 0.4 25 30
      vertex 0.4 25 16.200000000000003
    endloop
  endfacet
  facet normal 0.026176939601381188 0.9996573252035448 0
    outer loop
      vertex 5 25 0
      vertex 5 25 30
      vertex 5.1570078656077385 24.995888605713844 30
    endloop
  endfacet
  facet normal 0.07845908885695775 0.9969173342738785 0
    outer loop
      vertex 5.1570078656077385 24.995888605713844 0
      vertex 5.1570078656077385 24.995888605713844 30
      vertex 5.313585393130779 24.98356568813324 30
    endloop
  endfacet
  facet normal 0.13052621687442656 0.991444858128 0
    outer loop
      vertex 5.313585393130779 24.98356568813324 0
      vertex 5.313585393130779 24.98356568813324 30
      vertex 5.4693033918738365 24.963065020740032 30
    endloop
  endfacet
  facet normal 0.18223551135255572 0.9832549101845729 0
    outer loop
      vertex 5.4693033918738365 24.963065020740032 0
      vertex 5.4693033918738365 24.963065020740032 30
      vertex 5.623735070228577 24.934442803263664 30
    endloop
  endfacet
  facet normal 0.23344538339648674 0.9723699157063979 0
    outer loop
      vertex 5.623735070228577 24.934442803263664 0
      vertex 5.623735070228577 24.934442803263664 30
      vertex 5.776457138359547 24.89777747541666 30
    endloop
  endfacet
  facet normal 0.28401534549389984 0.9588197346341911 0
    outer loop
      vertex 5.776457138359547 24.89777747541666 0
      vertex 5.776457138359547 24.89777747541666 30
      vertex 5.927050985395908 24.853169545531273 30
    endloop
  endfacet
  facet normal 0.3338068542353568 0.9426414928622097 0
    outer loop
      vertex 5.927050985395908 24.853169545531273 0
      vertex 5.927050985395908 24.853169545531273 30
      vertex 6.075103849172592 24.800741277635098 30
    endloop
  endfacet
  facet normal 0.38268343998639204 0.92387952935444 0
    outer loop
      vertex 6.075103849172592 24.800741277635098 0
      vertex 6.075103849172592 24.800741277635098 30
      vertex 6.220209926366806 24.740636371076107 30
    endloop
  endfacet
  facet normal 0.4305110815548853 0.9025852916253637 0
    outer loop
      vertex 6.220209926366806 24.740636371076107 0
      vertex 6.220209926366806 24.740636371076107 30
      vertex 6.361971497535706 24.67301957309246 30
    endloop
  endfacet
  facet normal 0 1 0
    outer loop
      vertex 5 25 30
      vertex 0.4 25 16.200000000000003
      vertex 0.4 25 30
    endloop
  endfacet
  facet normal 1 0 0
    outer loop
      vertex 8 18.64802245365948 17.22229876633906
      vertex 8 18.76481095764778 17.237674264578615
      vertex 8 22 30
    endloop
  endfacet
  facet normal 1 0 0
    outer loop
      vertex 8 18.76481095764778 17.237674264578615
      vertex 8 18.882244098453377 17.24691645319779
      vertex 8 22 30
    endloop
  endfacet
  facet normal 1 0 0
    outer loop
      vertex 8 18.882244098453377 17.24691645319779
      vertex 8 19 17.25
      vertex 8 22 30
    endloop
  endfacet
  facet normal 1 0 0
    outer loop
      vertex 8 19 17.25
      vertex 8 19.117755901546623 17.24691645319779
      vertex 8 22 30
    endloop
  endfacet
  facet normal 1 0 0
    outer loop
      vertex 8 19.117755901546623 17.24691645319779
      vertex 8 19.23518904235222 17.237674264578615
      vertex 8 22 30
    endloop
  endfacet
  facet normal 1 0 0
    outer loop
      vertex 8 19.23518904235222 17.237674264578615
      vertex 8 19.35197754634052 17.22229876633906
      vertex 8 22 30
    endloop
  endfacet
  facet normal 1 0 0
    outer loop
      vertex 8 19.35197754634052 17.22229876633906
      vertex 8 19.467801304339957 17.200832101651063
      vertex 8 22 30
    endloop
  endfacet
  facet normal 1 0 0
    outer loop
      vertex 8 20.22543782878381 16.887008777877206
      vertex 8 20.322516817658066 16.820288237343632
      vertex 8 22 30
    endloop
  endfacet
  facet normal 1 0 0
    outer loop
      vertex 8 20.322516817658066 16.820288237343632
      vertex 8 20.415970879862133 16.748578413278185
      vertex 8 22 30
    endloop
  endfacet
  facet normal 1 0 0
    outer loop
      vertex 8 20.50554386430743 16.67207585732414
      vertex 8 22 30
      vertex 8 20.415970879862133 16.748578413278185
    endloop
  endfacet
  facet normal 1 0 0
    outer loop
      vertex 8 20.50554386430743 16.67207585732414
      vertex 8 20.59099025766973 16.59099025766973
      vertex 8 22 30
    endloop
  endfacet
  facet normal 1 0 0
    outer loop
      vertex 8 20.67207585732414 16.50554386430743
      vertex 8 22 30
      vertex 8 20.59099025766973 16.59099025766973
    endloop
  endfacet
  facet normal 1 0 0
    outer loop
      vertex 8 19.467801304339957 17.200832101651063
      vertex 8 19.58234285148067 17.173333109150406
      vertex 8 22 30
    endloop
  endfacet
  facet normal 1 0 0
    outer loop
      vertex 8 19.58234285148067 17.173333109150406
      vertex 8 19.695288237343632 17.139877161664096
      vertex 8 22 30
    endloop
  endfacet
  facet normal 1 0 0
    outer loop
      vertex 8 19.695288237343632 17.139877161664096
      vertex 8 19.806327886476925 17.100555959618703
      vertex 8 22 30
    endloop
  endfacet
  facet normal 1 0 0
    outer loop
      vertex 8 19.806327886476925 17.100555959618703
      vertex 8 19.91515744692055 17.05547727969585
      vertex 8 22 30
    endloop
  endfacet
  facet normal 1 0 0
    outer loop
      vertex 8 19.91515744692055 17.05547727969585
      vertex 8 20.02147862441398 17.00476467942383
      vertex 8 22 30
    endloop
  endfacet
  facet normal 1 0 0
    outer loop
      vertex 8 20.02147862441398 17.00476467942383
      vertex 8 20.125 16.948557158514987
      vertex 8 22 30
    endloop
  endfacet
  facet normal 1 0 0
    outer loop
      vertex 8 20.125 16.948557158514987
      vertex 8 20.22543782878381 16.887008777877206
      vertex 8 22 30
    endloop
  endfacet
  facet normal 1 0 0
    outer loop
      vertex 8 21.22229876633906 15.35197754634052
      vertex 8 22 30
      vertex 8 21.200832101651063 15.46780130433996
    endloop
  endfacet
  facet normal 1 0 0
    outer loop
      vertex 8 21.05547727969585 15.915157446920551
      vertex 8 21.100555959618703 15.806327886476925
      vertex 8 22 30
    endloop
  endfacet
  facet normal 1 0 0
    outer loop
      vertex 8 21.173333109150406 15.582342851480671
      vertex 8 21.200832101651063 15.46780130433996
      vertex 8 22 30
    endloop
  endfacet
  facet normal 1 0 0
    outer loop
      vertex 8 21.173333109150406 15.582342851480671
      vertex 8 22 30
      vertex 8 21.139877161664096 15.695288237343632
    endloop
  endfacet
  facet normal 1 0 0
    outer loop
      vertex 8 21.139877161664096 15.695288237343632
      vertex 8 22 30
      vertex 8 21.100555959618703 15.806327886476925
    endloop
  endfacet
  facet normal 1 0 0
    outer loop
      vertex 8 20.748578413278185 16.415970879862133
      vertex 8 20.820288237343632 16.322516817658066
      vertex 8 22 30
    endloop
  endfacet
  facet normal 1 0 0
    outer loop
      vertex 8 20.887008777877206 16.22543782878381
      vertex 8 22 30
      vertex 8 20.820288237343632 16.322516817658066
    endloop
  endfacet
  facet normal 1 0 0
    outer loop
      vertex 8 20.887008777877206 16.22543782878381
      vertex 8 20.948557158514987 16.125
      vertex 8 22 30
    endloop
  endfacet
  facet normal 1 0 0
    outer loop
      vertex 8 20.67207585732414 16.50554386430743
      vertex 8 20.748578413278185 16.415970879862133
      vertex 8 22 30
    endloop
  endfacet
  facet normal 1 0 0
    outer loop
      vertex 8 20.948557158514987 16.125
      vertex 8 21.00476467942383 16.02147862441398
      vertex 8 22 30
    endloop
  endfacet
  facet normal 1 0 0
    outer loop
      vertex 8 21.05547727969585 15.915157446920551
      vertex 8 22 30
      vertex 8 21.00476467942383 16.02147862441398
    endloop
  endfacet
  facet normal 1 0 0
    outer loop
      vertex 8 21.25 15
      vertex 8 22 30
      vertex 8 21.24691645319779 15.117755901546623
    endloop
  endfacet
  facet normal 1 0 0
    outer loop
      vertex 8 21.24691645319779 15.117755901546623
      vertex 8 22 30
      vertex 8 21.237674264578615 15.23518904235222
    endloop
  endfacet
  facet normal 1 0 0
    outer loop
      vertex 8 21.237674264578615 15.23518904235222
      vertex 8 22 30
      vertex 8 21.22229876633906 15.35197754634052
    endloop
  endfacet
  facet normal 1 0 0
    outer loop
      vertex 8 18.64802245365948 17.22229876633906
      vertex 8 22 30
      vertex 8 16 30
    endloop
  endfacet
  facet normal 0.9426414928622097 0.3338068542353568 0
    outer loop
      vertex 7.8007412776350975 23.075103849172592 0
      vertex 7.8007412776350975 23.075103849172592 30
      vertex 7.853169545531273 22.92705098539591 30
    endloop
  endfacet
  facet normal 0.92387952935444 0.38268343998639204 0
    outer loop
      vertex 7.740636371076107 23.220209926366806 0
      vertex 7.740636371076107 23.220209926366806 30
      vertex 7.8007412776350975 23.075103849172592 30
    endloop
  endfacet
  facet normal 0.9025852916253637 0.4305110815548853 0
    outer loop
      vertex 7.673019573092461 23.361971497535706 0
      vertex 7.673019573092461 23.361971497535706 30
      vertex 7.740636371076107 23.220209926366806 30
    endloop
  endfacet
  facet normal 0.9996573252035448 0.026176939601381188 0
    outer loop
      vertex 7.995888605713844 22.15700786560774 0
      vertex 7.995888605713844 22.15700786560774 30
      vertex 8 22 30
    endloop
  endfacet
  facet normal 0.9969173342738785 0.07845908885695775 0
    outer loop
      vertex 7.98356568813324 22.31358539313078 0
      vertex 7.98356568813324 22.31358539313078 30
      vertex 7.995888605713844 22.15700786560774 30
    endloop
  endfacet
  facet normal 0.991444858128 0.13052621687442656 0
    outer loop
      vertex 7.963065020740032 22.469303391873837 0
      vertex 7.963065020740032 22.469303391873837 30
      vertex 7.98356568813324 22.31358539313078 30
    endloop
  endfacet
  facet normal 0.9832549101845729 0.18223551135255572 0
    outer loop
      vertex 7.934442803263664 22.623735070228577 0
      vertex 7.934442803263664 22.623735070228577 30
      vertex 7.963065020740032 22.469303391873837 30
    endloop
  endfacet
  facet normal 0.9723699157063979 0.23344538339648674 0
    outer loop
      vertex 7.89777747541666 22.776457138359547 0
      vertex 7.89777747541666 22.776457138359547 30
      vertex 7.934442803263664 22.623735070228577 30
    endloop
  endfacet
  facet normal 0.9588197346341911 0.28401534549389984 0
    outer loop
      vertex 7.853169545531273 22.92705098539591 0
      vertex 7.853169545531273 22.92705098539591 30
      vertex 7.89777747541666 22.776457138359547 30
    endloop
  endfacet
  facet normal 0.6883545618769452 0.7253743841239492 0
    outer loop
      vertex 7.007391817867756 24.229434475302696 0
      vertex 7.007391817867756 24.229434475302696 30
      vertex 7.121320344507694 24.121320344507694 30
    endloop
  endfacet
  facet normal 0.8241261728965004 0.5664062598055991 0
    outer loop
      vertex 7.427050985395908 23.763355754315853 0
      vertex 7.427050985395908 23.763355754315853 30
      vertex 7.516011707484722 23.63391710817814 30
    endloop
  endfacet
  facet normal 0.8788171085477189 0.4771587678371079 0
    outer loop
      vertex 7.598076209425926 23.5 0
      vertex 7.598076209425926 23.5 30
      vertex 7.673019573092461 23.361971497535706 30
    endloop
  endfacet
  facet normal 0.8526401856157652 0.5224985300200504 0
    outer loop
      vertex 7.516011707484722 23.63391710817814 0
      vertex 7.516011707484722 23.63391710817814 30
      vertex 7.598076209425926 23.5 30
    endloop
  endfacet
  facet normal 0.7604059586793502 0.6494480564332595 0
    outer loop
      vertex 7.229434475302696 24.007391817867756 0
      vertex 7.229434475302696 24.007391817867756 30
      vertex 7.331437885761261 23.88796117156744 30
    endloop
  endfacet
  facet normal 0.7933533398941754 0.608761429526179 0
    outer loop
      vertex 7.331437885761261 23.88796117156744 0
      vertex 7.331437885761261 23.88796117156744 30
      vertex 7.427050985395908 23.763355754315853 30
    endloop
  endfacet
  facet normal 0.7253743841239492 0.6883545618769452 0
    outer loop
      vertex 7.121320344507694 24.121320344507694 0
      vertex 7.121320344507694 24.121320344507694 30
      vertex 7.229434475302696 24.007391817867756 30
    endloop
  endfacet
  facet normal 0.5224985300200504 0.8526401856157652 0
    outer loop
      vertex 6.5 24.598076209425926 0
      vertex 6.5 24.598076209425926 30
      vertex 6.633917108178139 24.516011707484722 30
    endloop
  endfacet
  facet normal 0.5664062598055991 0.8241261728965004 0
    outer loop
      vertex 6.633917108178139 24.516011707484722 0
      vertex 6.633917108178139 24.516011707484722 30
      vertex 6.763355754315853 24.42705098539591 30
    endloop
  endfacet
  facet normal 0.608761429526179 0.7933533398941754 0
    outer loop
      vertex 6.763355754315853 24.42705098539591 0
      vertex 6.763355754315853 24.42705098539591 30
      vertex 6.88796117156744 24.33143788576126 30
    endloop
  endfacet
  facet normal 0.6494480564332595 0.7604059586793502 0
    outer loop
      vertex 6.88796117156744 24.33143788576126 0
      vertex 6.88796117156744 24.33143788576126 30
      vertex 7.007391817867756 24.229434475302696 30
    endloop
  endfacet
  facet normal 0.4771587678371079 0.8788171085477189 0
    outer loop
      vertex 6.361971497535706 24.67301957309246 0
      vertex 6.361971497535706 24.67301957309246 30
      vertex 6.5 24.598076209425926 30
    endloop
  endfacet
  facet normal 0 0 1
    outer loop
      vertex 7.98356568813324 15.68641460686922 30
      vertex 7.995888605713844 15.842992134392262 30
      vertex 0.4 25 30
    endloop
  endfacet
  facet normal 0 0 1
    outer loop
      vertex 7.995888605713844 15.842992134392262 30
      vertex 8 16 30
      vertex 0.4 25 30
    endloop
  endfacet
  facet normal 0 0 1
    outer loop
      vertex 8 16 30
      vertex 8 22 30
      vertex 0.4 25 30
    endloop
  endfacet
  facet normal 0 0 1
    outer loop
      vertex 8 22 30
      vertex 7.995888605713844 22.15700786560774 30
      vertex 0.4 25 30
    endloop
  endfacet
  facet normal 0 0 1
    outer loop
      vertex 7.995888605713844 22.15700786560774 30
      vertex 7.98356568813324 22.31358539313078 30
      vertex 0.4 25 30
    endloop
  endfacet
  facet normal 0 0 1
    outer loop
      vertex 7.98356568813324 22.31358539313078 30
      vertex 7.963065020740032 22.469303391873837 30
      vertex 0.4 25 30
    endloop
  endfacet
  facet normal 0 0 1
    outer loop
      vertex 7.963065020740032 22.469303391873837 30
      vertex 7.934442803263664 22.623735070228577 30
      vertex 0.4 25 30
    endloop
  endfacet
  facet normal 0 0 1
    outer loop
      vertex 5 25 30
      vertex 0.4 25 30
      vertex 5.1570078656077385 24.995888605713844 30
    endloop
  endfacet
  facet normal 0 0 1
    outer loop
      vertex 5.1570078656077385 24.995888605713844 30
      vertex 0.4 25 30
      vertex 5.313585393130779 24.98356568813324 30
    endloop
  endfacet
  facet normal 0 0 1
    outer loop
      vertex 5.313585393130779 24.98356568813324 30
      vertex 0.4 25 30
      vertex 5.4693033918738365 24.963065020740032 30
    endloop
  endfacet
  facet normal 0 0 1
    outer loop
      vertex 5.4693033918738365 24.963065020740032 30
      vertex 0.4 25 30
      vertex 5.623735070228577 24.934442803263664 30
    endloop
  endfacet
  facet normal 0 0 1
    outer loop
      vertex 5.776457138359547 24.89777747541666 30
      vertex 5.623735070228577 24.934442803263664 30
      vertex 0.4 25 30
    endloop
  endfacet
  facet normal 0 0 1
    outer loop
      vertex 5.776457138359547 24.89777747541666 30
      vertex 0.4 25 30
      vertex 5.927050985395908 24.853169545531273 30
    endloop
  endfacet
  facet normal 0 0 1
    outer loop
      vertex 7.121320344507694 24.121320344507694 30
      vertex 7.007391817867756 24.229434475302696 30
      vertex 0.4 25 30
    endloop
  endfacet
  facet normal 0 0 1
    outer loop
      vertex 6.88796117156744 24.33143788576126 30
      vertex 0.4 25 30
      vertex 7.007391817867756 24.229434475302696 30
    endloop
  endfacet
  facet normal 0 0 1
    outer loop
      vertex 6.88796117156744 24.33143788576126 30
      vertex 6.763355754315853 24.42705098539591 30
      vertex 0.4 25 30
    endloop
  endfacet
  facet normal 0 0 1
    outer loop
      vertex 6.220209926366806 24.740636371076107 30
      vertex 0.4 25 30
      vertex 6.361971497535706 24.67301957309246 30
    endloop
  endfacet
  facet normal 0 0 1
    outer loop
      vertex 6.5 24.598076209425926 30
      vertex 6.361971497535706 24.67301957309246 30
      vertex 0.4 25 30
    endloop
  endfacet
  facet normal 0 0 1
    outer loop
      vertex 6.075103849172592 24.800741277635098 30
      vertex 5.927050985395908 24.853169545531273 30
      vertex 0.4 25 30
    endloop
  endfacet
  facet normal 0 0 1
    outer loop
      vertex 6.075103849172592 24.800741277635098 30
      vertex 0.4 25 30
      vertex 6.220209926366806 24.740636371076107 30
    endloop
  endfacet
  facet normal 0 0 1
    outer loop
      vertex 6.5 24.598076209425926 30
      vertex 0.4 25 30
      vertex 6.633917108178139 24.516011707484722 30
    endloop
  endfacet
  facet normal 0 0 1
    outer loop
      vertex 6.633917108178139 24.516011707484722 30
      vertex 0.4 25 30
      vertex 6.763355754315853 24.42705098539591 30
    endloop
  endfacet
  facet normal 0 0 1
    outer loop
      vertex 7.934442803263664 22.623735070228577 30
      vertex 7.89777747541666 22.776457138359547 30
      vertex 0.4 25 30
    endloop
  endfacet
  facet normal 0 0 1
    outer loop
      vertex 7.89777747541666 22.776457138359547 30
      vertex 7.853169545531273 22.92705098539591 30
      vertex 0.4 25 30
    endloop
  endfacet
  facet normal 0 0 1
    outer loop
      vertex 7.853169545531273 22.92705098539591 30
      vertex 7.8007412776350975 23.075103849172592 30
      vertex 0.4 25 30
    endloop
  endfacet
  facet normal 0 0 1
    outer loop
      vertex 7.740636371076107 23.220209926366806 30
      vertex 0.4 25 30
      vertex 7.8007412776350975 23.075103849172592 30
    endloop
  endfacet
  facet normal 0 0 1
    outer loop
      vertex 7.673019573092461 23.361971497535706 30
      vertex 7.598076209425926 23.5 30
      vertex 0.4 25 30
    endloop
  endfacet
  facet normal 0 0 1
    outer loop
      vertex 7.427050985395908 23.763355754315853 30
      vertex 7.331437885761261 23.88796117156744 30
      vertex 0.4 25 30
    endloop
  endfacet
  facet normal 0 0 1
    outer loop
      vertex 7.516011707484722 23.63391710817814 30
      vertex 0.4 25 30
      vertex 7.598076209425926 23.5 30
    endloop
  endfacet
  facet normal 0 0 1
    outer loop
      vertex 7.516011707484722 23.63391710817814 30
      vertex 7.427050985395908 23.763355754315853 30
      vertex 0.4 25 30
    endloop
  endfacet
  facet normal 0 0 1
    outer loop
      vertex 7.740636371076107 23.220209926366806 30
      vertex 7.673019573092461 23.361971497535706 30
      vertex 0.4 25 30
    endloop
  endfacet
  facet normal 0 0 1
    outer loop
      vertex 7.331437885761261 23.88796117156744 30
      vertex 7.229434475302696 24.007391817867756 30
      vertex 0.4 25 30
    endloop
  endfacet
  facet normal 0 0 1
    outer loop
      vertex 7.121320344507694 24.121320344507694 30
      vertex 0.4 25 30
      vertex 7.229434475302696 24.007391817867756 30
    endloop
  endfacet
  facet normal 0 0 1
    outer loop
      vertex 28 -8 6
      vertex 32 8 6
      vertex 28 8 6
    endloop
  endfacet
  facet normal 0 0 -1
    outer loop
      vertex 14.208916884674748 -7.350756563825611 0
      vertex 13.856406460551018 8 0
      vertex 66.43669998891258 8 0
    endloop
  endfacet
  facet normal -1 0 0
    outer loop
      vertex 32 -8 6
      vertex 32 8 12
      vertex 32 8 6
    endloop
  endfacet
  facet normal 1 0 0
    outer loop
      vertex 28 -8 12
      vertex 28 8 6
      vertex 28 8 12
    endloop
  endfacet
  facet normal 0 0 -1
    outer loop
      vertex 32 -8 12
      vertex 28 8 12
      vertex 32 8 12
    endloop
  endfacet
  facet normal 0 1 0
    outer loop
      vertex 13.856406460551018 8 0
      vertex 28 8 6
      vertex 66.43669998891258 8 0
    endloop
  endfacet
  facet normal 0 0 1
    outer loop
      vertex 14.256104387013886 7.263847995832749 18
      vertex 66.36009989039509 7.875 18
      vertex 13.856406460551018 8 18
    endloop
  endfacet
  facet normal 0 1 0
    outer loop
      vertex 13.856406460551018 8 18
      vertex 66.43669998891258 8 18
      vertex 28 8 12
    endloop
  endfacet
  facet normal 0 0 1
    outer loop
      vertex 14.256104387013886 7.263847995832749 18
      vertex 34.25 4 18
      vertex 64.25 4 18
    endloop
  endfacet
  facet normal 0 0 1
    outer loop
      vertex 14.256104387013886 7.263847995832749 18
      vertex 64.25 4 18
      vertex 64.78666823594718 4.076399960364702 18
    endloop
  endfacet
  facet normal 0 0 1
    outer loop
      vertex 14.256104387013886 7.263847995832749 18
      vertex 64.78666823594718 4.076399960364702 18
      vertex 65.02085986835134 4.867017661405422 18
    endloop
  endfacet
  facet normal 0 1 0
    outer loop
      vertex 28 8 6
      vertex 32 8 6
      vertex 66.43669998891258 8 0
    endloop
  endfacet
  facet normal 0 1 0
    outer loop
      vertex 32 8 6
      vertex 32 8 12
      vertex 66.43669998891258 8 0
    endloop
  endfacet
  facet normal 0 1 0
    outer loop
      vertex 28 8 12
      vertex 66.43669998891258 8 18
      vertex 32 8 12
    endloop
  endfacet
  facet normal -0.5224985647159471 -0.8526401643540932 0
    outer loop
      vertex 72.125 -13.639900109604907 0
      vertex 72.125 -13.639900109604907 80
      vertex 71.42193519851332 -13.20906144514043 0
    endloop
  endfacet
  facet normal -0.6087614290087271 -0.7933533402912302 0
    outer loop
      vertex 70.74238227639354 -12.742017661405422 0
      vertex 70.74238227639354 -12.742017661405422 80
      vertex 70.08820384096506 -12.240048892947291 0
    endloop
  endfacet
  facet normal -0.5664062369248298 -0.8241261886220177 -2.740659383607259e-19
    outer loop
      vertex 70.74238227639354 -12.742017661405422 0
      vertex 71.42193519851332 -13.20906144514043 0
      vertex 71.42193519851332 -13.20906144514043 80
    endloop
  endfacet
  facet normal 0 -1 0
    outer loop
      vertex 32 -8 6
      vertex 66.43669998891258 -8 0
      vertex 66.43669998891258 -8 18
    endloop
  endfacet
  facet normal 0 0 1
    outer loop
      vertex 13.856406460551018 -8 18
      vertex 66.43669998891258 -8 18
      vertex 66.36009989039509 -7.875 18
    endloop
  endfacet
  facet normal 0 0 1
    outer loop
      vertex 13.856406460551018 -8 18
      vertex 66.36009989039509 -7.875 18
      vertex 65.96664724403321 -7.150350370897862 18
    endloop
  endfacet
  facet normal 0 0 1
    outer loop
      vertex 13.856406460551018 -8 18
      vertex 65.96664724403321 -7.150350370897862 18
      vertex 65.61165904212903 -6.4061021284438535 18
    endloop
  endfacet
  facet normal 0 0 1
    outer loop
      vertex 13.856406460551018 -8 18
      vertex 65.61165904212903 -6.4061021284438535 18
      vertex 65.29610828266907 -5.644295205338479 18
    endloop
  endfacet
  facet normal 0 0 -1
    outer loop
      vertex 14.128306763577742 -7.499221937981708 0
      vertex 71.01203610058425 -1.4235536318661008 0
      vertex 66.43669998891258 -8 0
    endloop
  endfacet
  facet normal 0 0 -1
    outer loop
      vertex 14.128306763577742 -7.499221937981708 0
      vertex 70.9498507521487 -0.9512090157356465 0
      vertex 71.01203610058425 -1.4235536318661008 0
    endloop
  endfacet
  facet normal 0 0 -1
    outer loop
      vertex 14.128306763577742 -7.499221937981708 0
      vertex 70.91247123373338 -0.4762572018107889 0
      vertex 70.9498507521487 -0.9512090157356465 0
    endloop
  endfacet
  facet normal 0 0 -1
    outer loop
      vertex 14.128306763577742 -7.499221937981708 0
      vertex 70.9 0 0
      vertex 70.91247123373338 -0.4762572018107889 0
    endloop
  endfacet
  facet normal 0 0 -1
    outer loop
      vertex 14.128306763577742 -7.499221937981708 0
      vertex 70.91247123373338 0.4762572018107889 0
      vertex 70.9 0 0
    endloop
  endfacet
  facet normal 0 0 -1
    outer loop
      vertex 14.128306763577742 -7.499221937981708 0
      vertex 70.9498507521487 0.9512090157356465 0
      vertex 70.91247123373338 0.4762572018107889 0
    endloop
  endfacet
  facet normal 0 0 -1
    outer loop
      vertex 14.128306763577742 -7.499221937981708 0
      vertex 71.01203610058425 1.4235536318661008 0
      vertex 70.9498507521487 0.9512090157356465 0
    endloop
  endfacet
  facet normal 0 0 -1
    outer loop
      vertex 14.128306763577742 -7.499221937981708 0
      vertex 71.09885683332237 1.8919963864416098 0
      vertex 71.01203610058425 1.4235536318661008 0
    endloop
  endfacet
  facet normal 0 0 -1
    outer loop
      vertex 14.128306763577742 -7.499221937981708 0
      vertex 71.21007498076948 2.3552533104329387 0
      vertex 71.09885683332237 1.8919963864416098 0
    endloop
  endfacet
  facet normal 0 0 -1
    outer loop
      vertex 14.128306763577742 -7.499221937981708 0
      vertex 71.34538570171411 2.8120546488120213 0
      vertex 71.21007498076948 2.3552533104329387 0
    endloop
  endfacet
  facet normal 0 0 -1
    outer loop
      vertex 14.128306763577742 -7.499221937981708 0
      vertex 71.50441811887546 3.261148340862232 0
      vertex 71.34538570171411 2.8120546488120213 0
    endloop
  endfacet
  facet normal 0 0 -1
    outer loop
      vertex 14.128306763577742 -7.499221937981708 0
      vertex 71.68673633545234 3.701303451989782 0
      vertex 71.50441811887546 3.261148340862232 0
    endloop
  endfacet
  facet normal 0 0 1
    outer loop
      vertex 34.25 -4 18
      vertex 65.02085986835134 -4.867017661405422 18
      vertex 64.25 -4 18
    endloop
  endfacet
  facet normal 0 0 -1
    outer loop
      vertex 67.75995110705271 -9.911796159034939 0
      vertex 77.18794535118798 -8.654614298285896 0
      vertex 68.29546899873104 -10.538807050152018 0
    endloop
  endfacet
  facet normal 0 0 -1
    outer loop
      vertex 68.86306819631187 -11.136931803688125 0
      vertex 68.29546899873104 -10.538807050152018 0
      vertex 77.18794535118798 -8.654614298285896 0
    endloop
  endfacet
  facet normal 0 0 -1
    outer loop
      vertex 67.25798233859457 -9.257617723606453 0
      vertex 66.79093855485957 -8.578064801486677 0
      vertex 76.29869654801021 -8.313263664547668 0
    endloop
  endfacet
  facet normal 0 0 -1
    outer loop
      vertex 66.79093855485957 -8.578064801486677 0
      vertex 66.43669998891258 -8 0
      vertex 75.66948167344218 -8 0
    endloop
  endfacet
  facet normal 0 0 -1
    outer loop
      vertex 67.75995110705271 -9.911796159034939 0
      vertex 67.25798233859457 -9.257617723606453 0
      vertex 76.73885165913777 -8.495581881124535 0
    endloop
  endfacet
  facet normal 0 0 -1
    outer loop
      vertex 66.43669998891258 -8 0
      vertex 74.27318444144647 -7.072028249258435 0
      vertex 74.65115420413849 -7.3620546488120215 0
    endloop
  endfacet
  facet normal 0 0 -1
    outer loop
      vertex 66.43669998891258 -8 0
      vertex 73.56532829120242 -6.434671708797583 0
      vertex 73.9109114821344 -6.762617911844288 0
    endloop
  endfacet
  facet normal 0 0 -1
    outer loop
      vertex 66.43669998891258 -8 0
      vertex 73.9109114821344 -6.762617911844288 0
      vertex 74.27318444144647 -7.072028249258435 0
    endloop
  endfacet
  facet normal 0 0 -1
    outer loop
      vertex 66.43669998891258 -8 0
      vertex 73.23738208815571 -6.089088517865609 0
      vertex 73.56532829120242 -6.434671708797583 0
    endloop
  endfacet
  facet normal 0 0 -1
    outer loop
      vertex 66.43669998891258 -8 0
      vertex 72.63794535118798 -5.348845795861505 0
      vertex 72.92797175074156 -5.72681555855352 0
    endloop
  endfacet
  facet normal 0 0 -1
    outer loop
      vertex 66.43669998891258 -8 0
      vertex 72.92797175074156 -5.72681555855352 0
      vertex 73.23738208815571 -6.089088517865609 0
    endloop
  endfacet
  facet normal -0.8526401643540945 -0.5224985647159451 2.7726651521885203e-20
    outer loop
      vertex 66.79093855485957 -8.578064801486677 0
      vertex 66.43669998891258 -8 18
      vertex 66.43669998891258 -8 0
    endloop
  endfacet
  facet normal 0 0 -1
    outer loop
      vertex 66.43669998891258 -8 0
      vertex 72.11916882556162 -4.55 0
      vertex 72.36809783169664 -4.956215218636746 0
    endloop
  endfacet
  facet normal 0 0 -1
    outer loop
      vertex 66.43669998891258 -8 0
      vertex 71.89184062988585 -4.131313547629876 0
      vertex 72.11916882556162 -4.55 0
    endloop
  endfacet
  facet normal 0 0 -1
    outer loop
      vertex 66.43669998891258 -8 0
      vertex 71.68673633545234 -3.701303451989782 0
      vertex 71.89184062988585 -4.131313547629876 0
    endloop
  endfacet
  facet normal 0 0 -1
    outer loop
      vertex 66.43669998891258 -8 0
      vertex 71.50441811887546 -3.261148340862232 0
      vertex 71.68673633545234 -3.701303451989782 0
    endloop
  endfacet
  facet normal 0 0 -1
    outer loop
      vertex 66.43669998891258 -8 0
      vertex 71.34538570171411 -2.8120546488120213 0
      vertex 71.50441811887546 -3.261148340862232 0
    endloop
  endfacet
  facet normal 0 0 -1
    outer loop
      vertex 66.43669998891258 -8 0
      vertex 72.36809783169664 -4.956215218636746 0
      vertex 72.63794535118798 -5.348845795861505 0
    endloop
  endfacet
  facet normal 0 0 -1
    outer loop
      vertex 66.43669998891258 -8 0
      vertex 71.21007498076948 -2.3552533104329387 0
      vertex 71.34538570171411 -2.8120546488120213 0
    endloop
  endfacet
  facet normal 0 0 -1
    outer loop
      vertex 66.43669998891258 -8 0
      vertex 71.09885683332237 -1.8919963864416098 0
      vertex 71.21007498076948 -2.3552533104329387 0
    endloop
  endfacet
  facet normal 0 0 -1
    outer loop
      vertex 66.43669998891258 -8 0
      vertex 71.01203610058425 -1.4235536318661008 0
      vertex 71.09885683332237 -1.8919963864416098 0
    endloop
  endfacet
  facet normal 0 0 1
    outer loop
      vertex 64.25 -4 18
      vertex 64.59417528844256 -3.2746091303797096 18
      vertex 64.44390863562658 -2.463842824383636 18
    endloop
  endfacet
  facet normal 0 0 1
    outer loop
      vertex 64.25 -4 18
      vertex 65.02085986835134 -4.867017661405422 18
      vertex 64.78666823594718 -4.076399960364702 18
    endloop
  endfacet
  facet normal 0 0 1
    outer loop
      vertex 64.25 -4 18
      vertex 64.78666823594718 -4.076399960364702 18
      vertex 64.59417528844256 -3.2746091303797096 18
    endloop
  endfacet
  facet normal 0 0 1
    outer loop
      vertex 64.25 -4 18
      vertex 64.44390863562658 -2.463842824383636 18
      vertex 64.3362801479497 -1.646323296465542 18
    endloop
  endfacet
  facet normal 0 0 1
    outer loop
      vertex 64.25 -4 18
      vertex 64.3362801479497 -1.646323296465542 18
      vertex 64.27158482761546 -0.8242913108263654 18
    endloop
  endfacet
  facet normal 0 0 1
    outer loop
      vertex 64.25 -4 18
      vertex 64.27158482761546 -0.8242913108263654 18
      vertex 64.25 0 18
    endloop
  endfacet
  facet normal 0 -1 0
    outer loop
      vertex 34.25 -4 18
      vertex 64.25 -4 18
      vertex 64.25 -4 48
    endloop
  endfacet
  facet normal -0.793353340291228 -0.60876142900873 3.676699994216012e-19
    outer loop
      vertex 67.75995110705271 -9.911796159034939 0
      vertex 67.25798233859457 -9.257617723606453 80
      vertex 67.25798233859457 -9.257617723606453 0
    endloop
  endfacet
  facet normal -0.7253743710122893 -0.6883545756937522 -5.244476932385556e-20
    outer loop
      vertex 68.86306819631187 -11.136931803688125 0
      vertex 68.29546899873104 -10.538807050152018 80
      vertex 68.29546899873104 -10.538807050152018 0
    endloop
  endfacet
  facet normal -0.7604059656000366 -0.6494480483301771 0
    outer loop
      vertex 67.75995110705271 -9.911796159034939 0
      vertex 68.29546899873104 -10.538807050152018 0
      vertex 67.75995110705271 -9.911796159034939 80
    endloop
  endfacet
  facet normal -0.649448048330181 -0.7604059656000333 1.374862522174178e-19
    outer loop
      vertex 69.46119294984798 -11.70453100126896 0
      vertex 70.08820384096506 -12.240048892947291 0
      vertex 70.08820384096506 -12.240048892947291 80
    endloop
  endfacet
  facet normal -0.68835457569375 -0.7253743710122913 0
    outer loop
      vertex 69.46119294984798 -11.70453100126896 0
      vertex 69.46119294984798 -11.70453100126896 80
      vertex 68.86306819631187 -11.136931803688125 0
    endloop
  endfacet
  facet normal -0.8241261886220149 -0.5664062369248338 3.8366402667340387e-19
    outer loop
      vertex 67.25798233859457 -9.257617723606453 0
      vertex 66.79093855485957 -8.578064801486677 80
      vertex 66.79093855485957 -8.578064801486677 0
    endloop
  endfacet
  facet normal -0.9025852843498572 -0.4305110968083023 -1.121484885990466e-19
    outer loop
      vertex 65.96664724403321 -7.150350370897862 18
      vertex 65.61165904212903 -6.4061021284438535 80
      vertex 65.61165904212903 -6.4061021284438535 18
    endloop
  endfacet
  facet normal -0.8526401643540941 -0.5224985647159459 3.4645427660131045e-17
    outer loop
      vertex 66.79093855485957 -8.578064801486677 0
      vertex 66.36009989039509 -7.875 80
      vertex 66.43669998891258 -8 18
    endloop
  endfacet
  facet normal -0.8526401643541016 -0.5224985647159335 0
    outer loop
      vertex 66.43669998891258 -8 18
      vertex 66.36009989039509 -7.875 80
      vertex 66.36009989039509 -7.875 18
    endloop
  endfacet
  facet normal -0.8788171126619682 -0.47715876025960324 -2.696284446882252e-19
    outer loop
      vertex 66.36009989039509 -7.875 18
      vertex 65.96664724403321 -7.150350370897862 80
      vertex 65.96664724403321 -7.150350370897862 18
    endloop
  endfacet
  facet normal 1 0 0
    outer loop
      vertex 64.25 -4 18
      vertex 64.25 0 18
      vertex 64.25 -4 48
    endloop
  endfacet
  facet normal -0.9996573249755575 -0.026176948307866495 -3.8920481455148203e-20
    outer loop
      vertex 64.27158482761546 -0.8242913108263654 18
      vertex 64.25 0 48
      vertex 64.25 0 18
    endloop
  endfacet
  facet normal 0.9025852843498686 0.43051109680827815 1.5482954196139064e-19
    outer loop
      vertex 71.89184062988585 -4.131313547629876 0
      vertex 71.68673633545234 -3.701303451989782 0
      vertex 71.68673633545234 -3.701303451989782 77
    endloop
  endfacet
  facet normal 0.9238795325112822 0.38268343236510116 1.3688839784610023e-19
    outer loop
      vertex 71.68673633545234 -3.701303451989782 0
      vertex 71.50441811887546 -3.261148340862232 0
      vertex 71.50441811887546 -3.261148340862232 77
    endloop
  endfacet
  facet normal 0.9426414910921821 0.33380685923376047 -9.366388787356183e-20
    outer loop
      vertex 71.50441811887546 -3.261148340862232 0
      vertex 71.34538570171411 -2.8120546488120213 0
      vertex 71.34538570171411 -2.8120546488120213 77
    endloop
  endfacet
  facet normal 0.958819734868189 0.28401534470393575 0
    outer loop
      vertex 71.21007498076948 -2.3552533104329387 0
      vertex 71.21007498076948 -2.3552533104329387 77
      vertex 71.34538570171411 -2.8120546488120213 0
    endloop
  endfacet
  facet normal 0.9723699203976792 0.23344536385589446 5.928807786735508e-20
    outer loop
      vertex 71.21007498076948 -2.3552533104329387 0
      vertex 71.09885683332237 -1.8919963864416098 0
      vertex 71.09885683332237 -1.8919963864416098 77
    endloop
  endfacet
  facet normal 0.9832549075639558 0.18223552549214042 -7.232707273421227e-20
    outer loop
      vertex 71.09885683332237 -1.8919963864416098 0
      vertex 71.01203610058425 -1.4235536318661008 0
      vertex 71.01203610058425 -1.4235536318661008 77
    endloop
  endfacet
  facet normal 0.9914448613738065 0.13052619222008108 4.0269753735403715e-21
    outer loop
      vertex 71.01203610058425 -1.4235536318661008 0
      vertex 70.9498507521487 -0.9512090157356465 0
      vertex 70.9498507521487 -0.9512090157356465 77
    endloop
  endfacet
  facet normal 0.9969173337331303 0.07845909572781588 2.406316137645806e-21
    outer loop
      vertex 70.9498507521487 -0.9512090157356465 0
      vertex 70.91247123373338 -0.4762572018107889 0
      vertex 70.91247123373338 -0.4762572018107889 77
    endloop
  endfacet
  facet normal 0.9996573249755573 0.026176948307875765 6.786450029271473e-21
    outer loop
      vertex 70.91247123373338 -0.4762572018107889 0
      vertex 70.9 0 0
      vertex 70.9 0 77
    endloop
  endfacet
  facet normal -0.9238795325112853 -0.3826834323650932 -1.7916110745055434e-19
    outer loop
      vertex 65.61165904212903 -6.4061021284438535 18
      vertex 65.29610828266907 -5.644295205338479 80
      vertex 65.29610828266907 -5.644295205338479 18
    endloop
  endfacet
  facet normal -0.9426414910921829 -0.33380685923375863 -1.376277287919641e-19
    outer loop
      vertex 65.29610828266907 -5.644295205338479 18
      vertex 65.02085986835134 -4.867017661405422 80
      vertex 65.02085986835134 -4.867017661405422 18
    endloop
  endfacet
  facet normal -0.9588197348681914 -0.2840153447039285 -1.4618227430235467e-19
    outer loop
      vertex 65.02085986835134 -4.867017661405422 18
      vertex 64.78666823594718 -4.076399960364702 80
      vertex 64.78666823594718 -4.076399960364702 18
    endloop
  endfacet
  facet normal -0.9723699203976752 -0.23344536385591136 -2.6930436632435285e-19
    outer loop
      vertex 64.78666823594718 -4.076399960364702 18
      vertex 64.59417528844256 -3.2746091303797096 80
      vertex 64.59417528844256 -3.2746091303797096 18
    endloop
  endfacet
  facet normal -0.9914448613738095 -0.1305261922200576 -2.778977993108098e-20
    outer loop
      vertex 64.44390863562658 -2.463842824383636 18
      vertex 64.3362801479497 -1.646323296465542 80
      vertex 64.3362801479497 -1.646323296465542 18
    endloop
  endfacet
  facet normal -0.9832549075639565 -0.1822355254921378 -6.367218022931228e-20
    outer loop
      vertex 64.59417528844256 -3.2746091303797096 18
      vertex 64.44390863562658 -2.463842824383636 80
      vertex 64.44390863562658 -2.463842824383636 18
    endloop
  endfacet
  facet normal 1 0 0
    outer loop
      vertex 64.25 -4 48
      vertex 64.25 0 18
      vertex 64.25 0 48
    endloop
  endfacet
  facet normal -0.9969173337331275 -0.07845909572785013 0
    outer loop
      vertex 64.27158482761546 -0.8242913108263654 18
      vertex 64.3362801479497 -1.646323296465542 18
      vertex 64.27158482761546 -0.8242913108263654 80
    endloop
  endfacet
  facet normal 0 0 -1
    outer loop
      vertex 74.35570479466152 -14.703891717330928 0
      vertex 79.5237427981892 -9.08752876626662 0
      vertex 75.13298233859457 -14.979140131648668 0
    endloop
  endfacet
  facet normal 0 0 -1
    outer loop
      vertex 73.59389787155615 -14.388340957870964 0
      vertex 79.04879098426436 -9.050149247851287 0
      vertex 74.35570479466152 -14.703891717330928 0
    endloop
  endfacet
  facet normal 0 0 -1
    outer loop
      vertex 75.13298233859457 -14.979140131648668 0
      vertex 79.5237427981892 -9.08752876626662 0
      vertex 75.9236000396353 -15.213331764052827 0
    endloop
  endfacet
  facet normal 0 0 -1
    outer loop
      vertex 75.9236000396353 -15.213331764052827 0
      vertex 79.5237427981892 -9.08752876626662 0
      vertex 76.72539086962028 -15.40582471155744 0
    endloop
  endfacet
  facet normal 0 0 -1
    outer loop
      vertex 76.72539086962028 -15.40582471155744 0
      vertex 79.5237427981892 -9.08752876626662 0
      vertex 77.53615717561637 -15.55609136437342 0
    endloop
  endfacet
  facet normal 0 0 -1
    outer loop
      vertex 78.35367670353446 -15.663719852050304 0
      vertex 77.53615717561637 -15.55609136437342 0
      vertex 80 -9.1 0
    endloop
  endfacet
  facet normal 0 0 -1
    outer loop
      vertex 78.35367670353446 -15.663719852050304 0
      vertex 80 -9.1 0
      vertex 79.17570868917363 -15.728415172384539 0
    endloop
  endfacet
  facet normal 0 0 -1
    outer loop
      vertex 79.17570868917363 -15.728415172384539 0
      vertex 80 -9.1 0
      vertex 80 -15.75 0
    endloop
  endfacet
  facet normal 0 0 -1
    outer loop
      vertex 80 -15.75 0
      vertex 80.4762572018108 -9.08752876626662 0
      vertex 80.82429131082637 -15.728415172384539 0
    endloop
  endfacet
  facet normal 0 0 -1
    outer loop
      vertex 80.82429131082637 -15.728415172384539 0
      vertex 81.4235536318661 -8.987963899415753 0
      vertex 81.64632329646554 -15.663719852050304 0
    endloop
  endfacet
  facet normal 0 0 -1
    outer loop
      vertex 81.64632329646554 -15.663719852050304 0
      vertex 81.8919963864416 -8.901143166677631 0
      vertex 82.46384282438363 -15.55609136437342 0
    endloop
  endfacet
  facet normal 0 0 -1
    outer loop
      vertex 82.46384282438363 -15.55609136437342 0
      vertex 82.81205464881202 -8.654614298285896 0
      vertex 83.27460913037972 -15.40582471155744 0
    endloop
  endfacet
  facet normal 0 0 -1
    outer loop
      vertex 83.27460913037972 -15.40582471155744 0
      vertex 83.70130345198979 -8.313263664547668 0
      vertex 84.0763999603647 -15.213331764052827 0
    endloop
  endfacet
  facet normal 0 0 -1
    outer loop
      vertex 84.0763999603647 -15.213331764052827 0
      vertex 84.55 -7.8808311744383905 0
      vertex 84.86701766140543 -14.979140131648668 0
    endloop
  endfacet
  facet normal -0.4305110968082898 -0.9025852843498632 0
    outer loop
      vertex 73.59389787155615 -14.388340957870964 0
      vertex 73.59389787155615 -14.388340957870964 80
      vertex 72.84964962910213 -14.033352755966794 0
    endloop
  endfacet
  facet normal -0.3338068592337718 -0.9426414910921781 1.3113713451170676e-19
    outer loop
      vertex 74.35570479466152 -14.703891717330928 0
      vertex 75.13298233859457 -14.979140131648668 0
      vertex 75.13298233859457 -14.979140131648668 80
    endloop
  endfacet
  facet normal -0.38268343236509217 -0.9238795325112857 -5.694699323927091e-20
    outer loop
      vertex 73.59389787155615 -14.388340957870964 0
      vertex 74.35570479466152 -14.703891717330928 0
      vertex 74.35570479466152 -14.703891717330928 80
    endloop
  endfacet
  facet normal -0.47715876025961296 -0.8788171126619627 5.320607842999731e-20
    outer loop
      vertex 72.125 -13.639900109604907 0
      vertex 72.84964962910213 -14.033352755966794 0
      vertex 72.84964962910213 -14.033352755966794 80
    endloop
  endfacet
  facet normal -0.284015344703921 -0.9588197348681935 9.369244149561998e-23
    outer loop
      vertex 75.13298233859457 -14.979140131648668 0
      vertex 75.9236000396353 -15.213331764052827 0
      vertex 75.9236000396353 -15.213331764052827 80
    endloop
  endfacet
  facet normal -0.23344536385590842 -0.9723699203976759 -1.9991475394948454e-19
    outer loop
      vertex 75.9236000396353 -15.213331764052827 0
      vertex 76.72539086962028 -15.40582471155744 0
      vertex 76.72539086962028 -15.40582471155744 80
    endloop
  endfacet
  facet normal -0.1822355254921462 -0.9832549075639548 -2.1918206745896994e-20
    outer loop
      vertex 76.72539086962028 -15.40582471155744 0
      vertex 77.53615717561637 -15.55609136437342 0
      vertex 77.53615717561637 -15.55609136437342 80
    endloop
  endfacet
  facet normal -0.13052619222004913 -0.9914448613738107 0
    outer loop
      vertex 78.35367670353446 -15.663719852050304 0
      vertex 78.35367670353446 -15.663719852050304 80
      vertex 77.53615717561637 -15.55609136437342 0
    endloop
  endfacet
  facet normal -0.07845909572784637 -0.9969173337331277 -3.1735938444551034e-20
    outer loop
      vertex 78.35367670353446 -15.663719852050304 0
      vertex 79.17570868917363 -15.728415172384539 0
      vertex 79.17570868917363 -15.728415172384539 80
    endloop
  endfacet
  facet normal -0.026176948307872875 -0.9996573249755574 2.184378857599338e-20
    outer loop
      vertex 79.17570868917363 -15.728415172384539 0
      vertex 80 -15.75 0
      vertex 80 -15.75 80
    endloop
  endfacet
  facet normal 0.026176948307872875 -0.9996573249755574 -2.184378857599338e-20
    outer loop
      vertex 80 -15.75 0
      vertex 80.82429131082637 -15.728415172384539 0
      vertex 80.82429131082637 -15.728415172384539 80
    endloop
  endfacet
  facet normal 0.07845909572784637 -0.9969173337331277 3.1735938444551034e-20
    outer loop
      vertex 80.82429131082637 -15.728415172384539 0
      vertex 81.64632329646554 -15.663719852050304 0
      vertex 81.64632329646554 -15.663719852050304 80
    endloop
  endfacet
  facet normal 0.13052619222004913 -0.9914448613738107 -9.837812232225084e-20
    outer loop
      vertex 81.64632329646554 -15.663719852050304 0
      vertex 82.46384282438363 -15.55609136437342 0
      vertex 82.46384282438363 -15.55609136437342 80
    endloop
  endfacet
  facet normal 0.1822355254921462 -0.9832549075639548 2.1918206745896994e-20
    outer loop
      vertex 82.46384282438363 -15.55609136437342 0
      vertex 83.27460913037972 -15.40582471155744 0
      vertex 83.27460913037972 -15.40582471155744 80
    endloop
  endfacet
  facet normal 0.23344536385590842 -0.9723699203976759 1.9991475394948454e-19
    outer loop
      vertex 83.27460913037972 -15.40582471155744 0
      vertex 84.0763999603647 -15.213331764052827 0
      vertex 84.0763999603647 -15.213331764052827 80
    endloop
  endfacet
  facet normal 0.284015344703921 -0.9588197348681935 -9.369244149561998e-23
    outer loop
      vertex 84.0763999603647 -15.213331764052827 0
      vertex 84.86701766140543 -14.979140131648668 0
      vertex 84.86701766140543 -14.979140131648668 80
    endloop
  endfacet
  facet normal 0.3338068592337718 -0.9426414910921781 -1.3113713451170676e-19
    outer loop
      vertex 84.86701766140543 -14.979140131648668 0
      vertex 85.64429520533848 -14.703891717330928 0
      vertex 85.64429520533848 -14.703891717330928 80
    endloop
  endfacet
  facet normal 0.38268343236509217 -0.9238795325112857 5.694699323927091e-20
    outer loop
      vertex 85.64429520533848 -14.703891717330928 0
      vertex 86.40610212844385 -14.388340957870964 0
      vertex 86.40610212844385 -14.388340957870964 80
    endloop
  endfacet
  facet normal 0.4305110968082898 -0.9025852843498632 -2.7176207268337977e-19
    outer loop
      vertex 86.40610212844385 -14.388340957870964 0
      vertex 87.15035037089787 -14.033352755966794 0
      vertex 87.15035037089787 -14.033352755966794 80
    endloop
  endfacet
  facet normal 0.47715876025961296 -0.8788171126619627 -5.320607842999731e-20
    outer loop
      vertex 87.15035037089787 -14.033352755966794 0
      vertex 87.875 -13.639900109604907 0
      vertex 87.875 -13.639900109604907 80
    endloop
  endfacet
  facet normal 0.5224985647159471 -0.8526401643540932 1.027064293077821e-19
    outer loop
      vertex 87.875 -13.639900109604907 0
      vertex 88.57806480148668 -13.20906144514043 0
      vertex 88.57806480148668 -13.20906144514043 80
    endloop
  endfacet
  facet normal 0.5664062369248298 -0.8241261886220177 2.740659383607259e-19
    outer loop
      vertex 88.57806480148668 -13.20906144514043 0
      vertex 89.25761772360646 -12.742017661405422 0
      vertex 89.25761772360646 -12.742017661405422 80
    endloop
  endfacet
  facet normal 0 0 -1
    outer loop
      vertex 69.46119294984798 -11.70453100126896 0
      vertex 78.1080036135584 -8.901143166677631 0
      vertex 70.08820384096506 -12.240048892947291 0
    endloop
  endfacet
  facet normal 0 0 -1
    outer loop
      vertex 70.74238227639354 -12.742017661405422 0
      vertex 70.08820384096506 -12.240048892947291 0
      vertex 78.1080036135584 -8.901143166677631 0
    endloop
  endfacet
  facet normal 0 0 -1
    outer loop
      vertex 72.125 -13.639900109604907 0
      vertex 71.42193519851332 -13.20906144514043 0
      vertex 78.5764463681339 -8.987963899415753 0
    endloop
  endfacet
  facet normal 0 0 -1
    outer loop
      vertex 72.125 -13.639900109604907 0
      vertex 79.04879098426436 -9.050149247851287 0
      vertex 72.84964962910213 -14.033352755966794 0
    endloop
  endfacet
  facet normal 0 0 -1
    outer loop
      vertex 70.74238227639354 -12.742017661405422 0
      vertex 78.5764463681339 -8.987963899415753 0
      vertex 71.42193519851332 -13.20906144514043 0
    endloop
  endfacet
  facet normal 0 0 -1
    outer loop
      vertex 69.46119294984798 -11.70453100126896 0
      vertex 68.86306819631187 -11.136931803688125 0
      vertex 77.64474668956706 -8.789925019230521 0
    endloop
  endfacet
  facet normal 0 0 -1
    outer loop
      vertex 68.86306819631187 -11.136931803688125 0
      vertex 77.18794535118798 -8.654614298285896 0
      vertex 77.64474668956706 -8.789925019230521 0
    endloop
  endfacet
  facet normal 0 0 -1
    outer loop
      vertex 73.59389787155615 -14.388340957870964 0
      vertex 72.84964962910213 -14.033352755966794 0
      vertex 79.04879098426436 -9.050149247851287 0
    endloop
  endfacet
  facet normal 0 0 -1
    outer loop
      vertex 74.35570479466152 -14.703891717330928 0
      vertex 79.04879098426436 -9.050149247851287 0
      vertex 79.5237427981892 -9.08752876626662 0
    endloop
  endfacet
  facet normal 0 0 -1
    outer loop
      vertex 70.74238227639354 -12.742017661405422 0
      vertex 78.1080036135584 -8.901143166677631 0
      vertex 78.5764463681339 -8.987963899415753 0
    endloop
  endfacet
  facet normal 0 0 -1
    outer loop
      vertex 69.46119294984798 -11.70453100126896 0
      vertex 77.64474668956706 -8.789925019230521 0
      vertex 78.1080036135584 -8.901143166677631 0
    endloop
  endfacet
  facet normal 0 0 -1
    outer loop
      vertex 72.125 -13.639900109604907 0
      vertex 78.5764463681339 -8.987963899415753 0
      vertex 79.04879098426436 -9.050149247851287 0
    endloop
  endfacet
  facet normal 0 0 -1
    outer loop
      vertex 66.43669998891258 -8 0
      vertex 75.04378478136326 -7.631902168303359 0
      vertex 75.45 -7.8808311744383905 0
    endloop
  endfacet
  facet normal 0 0 -1
    outer loop
      vertex 66.43669998891258 -8 0
      vertex 75.45 -7.8808311744383905 0
      vertex 75.66948167344218 -8 0
    endloop
  endfacet
  facet normal 0 0 -1
    outer loop
      vertex 66.79093855485957 -8.578064801486677 0
      vertex 75.66948167344218 -8 0
      vertex 75.86868645237013 -8.108159370114148 0
    endloop
  endfacet
  facet normal 0 0 -1
    outer loop
      vertex 66.79093855485957 -8.578064801486677 0
      vertex 75.86868645237013 -8.108159370114148 0
      vertex 76.29869654801021 -8.313263664547668 0
    endloop
  endfacet
  facet normal 0 0 -1
    outer loop
      vertex 67.75995110705271 -9.911796159034939 0
      vertex 76.73885165913777 -8.495581881124535 0
      vertex 77.18794535118798 -8.654614298285896 0
    endloop
  endfacet
  facet normal 0 0 -1
    outer loop
      vertex 67.25798233859457 -9.257617723606453 0
      vertex 76.29869654801021 -8.313263664547668 0
      vertex 76.73885165913777 -8.495581881124535 0
    endloop
  endfacet
  facet normal 0 0 -1
    outer loop
      vertex 66.43669998891258 -8 0
      vertex 74.65115420413849 -7.3620546488120215 0
      vertex 75.04378478136326 -7.631902168303359 0
    endloop
  endfacet
  facet normal 0 0 -1
    outer loop
      vertex 77.53615717561637 -15.55609136437342 0
      vertex 79.5237427981892 -9.08752876626662 0
      vertex 80 -9.1 0
    endloop
  endfacet
  facet normal 0 0 -1
    outer loop
      vertex 80 -15.75 0
      vertex 80 -9.1 0
      vertex 80.4762572018108 -9.08752876626662 0
    endloop
  endfacet
  facet normal 0 0 -1
    outer loop
      vertex 80.82429131082637 -15.728415172384539 0
      vertex 80.4762572018108 -9.08752876626662 0
      vertex 80.95120901573564 -9.050149247851287 0
    endloop
  endfacet
  facet normal 0 0 -1
    outer loop
      vertex 80.82429131082637 -15.728415172384539 0
      vertex 80.95120901573564 -9.050149247851287 0
      vertex 81.4235536318661 -8.987963899415753 0
    endloop
  endfacet
  facet normal 0 0 -1
    outer loop
      vertex 81.64632329646554 -15.663719852050304 0
      vertex 81.4235536318661 -8.987963899415753 0
      vertex 81.8919963864416 -8.901143166677631 0
    endloop
  endfacet
  facet normal 0 0 -1
    outer loop
      vertex 82.46384282438363 -15.55609136437342 0
      vertex 81.8919963864416 -8.901143166677631 0
      vertex 82.35525331043294 -8.789925019230521 0
    endloop
  endfacet
  facet normal 0 0 -1
    outer loop
      vertex 82.46384282438363 -15.55609136437342 0
      vertex 82.35525331043294 -8.789925019230521 0
      vertex 82.81205464881202 -8.654614298285896 0
    endloop
  endfacet
  facet normal 0 0 -1
    outer loop
      vertex 83.27460913037972 -15.40582471155744 0
      vertex 82.81205464881202 -8.654614298285896 0
      vertex 83.26114834086223 -8.495581881124535 0
    endloop
  endfacet
  facet normal 0 0 -1
    outer loop
      vertex 83.27460913037972 -15.40582471155744 0
      vertex 83.26114834086223 -8.495581881124535 0
      vertex 83.70130345198979 -8.313263664547668 0
    endloop
  endfacet
  facet normal 0 0 -1
    outer loop
      vertex 84.86701766140543 -14.979140131648668 0
      vertex 85.34884579586151 -7.3620546488120215 0
      vertex 85.64429520533848 -14.703891717330928 0
    endloop
  endfacet
  facet normal 0 0 -1
    outer loop
      vertex 85.64429520533848 -14.703891717330928 0
      vertex 86.0890885178656 -6.762617911844288 0
      vertex 86.40610212844385 -14.388340957870964 0
    endloop
  endfacet
  facet normal 0 0 -1
    outer loop
      vertex 86.40610212844385 -14.388340957870964 0
      vertex 86.76261791184429 -6.089088517865609 0
      vertex 87.15035037089787 -14.033352755966794 0
    endloop
  endfacet
  facet normal 0 0 -1
    outer loop
      vertex 84.0763999603647 -15.213331764052827 0
      vertex 83.70130345198979 -8.313263664547668 0
      vertex 84.13131354762987 -8.108159370114148 0
    endloop
  endfacet
  facet normal 0 0 -1
    outer loop
      vertex 84.0763999603647 -15.213331764052827 0
      vertex 84.13131354762987 -8.108159370114148 0
      vertex 84.55 -7.8808311744383905 0
    endloop
  endfacet
  facet normal 0 0 -1
    outer loop
      vertex 84.86701766140543 -14.979140131648668 0
      vertex 84.55 -7.8808311744383905 0
      vertex 84.95621521863674 -7.631902168303359 0
    endloop
  endfacet
  facet normal 0 0 -1
    outer loop
      vertex 84.86701766140543 -14.979140131648668 0
      vertex 84.95621521863674 -7.631902168303359 0
      vertex 85.34884579586151 -7.3620546488120215 0
    endloop
  endfacet
  facet normal 0 0 -1
    outer loop
      vertex 85.64429520533848 -14.703891717330928 0
      vertex 85.34884579586151 -7.3620546488120215 0
      vertex 85.72681555855353 -7.072028249258435 0
    endloop
  endfacet
  facet normal 0 0 -1
    outer loop
      vertex 85.64429520533848 -14.703891717330928 0
      vertex 85.72681555855353 -7.072028249258435 0
      vertex 86.0890885178656 -6.762617911844288 0
    endloop
  endfacet
  facet normal 0 0 -1
    outer loop
      vertex 87.15035037089787 -14.033352755966794 0
      vertex 87.63190216830336 -4.956215218636746 0
      vertex 87.875 -13.639900109604907 0
    endloop
  endfacet
  facet normal 0 0 -1
    outer loop
      vertex 87.875 -13.639900109604907 0
      vertex 88.31326366454766 -3.701303451989782 0
      vertex 88.57806480148668 -13.20906144514043 0
    endloop
  endfacet
  facet normal 0 0 -1
    outer loop
      vertex 86.40610212844385 -14.388340957870964 0
      vertex 86.0890885178656 -6.762617911844288 0
      vertex 86.43467170879758 -6.434671708797583 0
    endloop
  endfacet
  facet normal 0 0 -1
    outer loop
      vertex 86.40610212844385 -14.388340957870964 0
      vertex 86.43467170879758 -6.434671708797583 0
      vertex 86.76261791184429 -6.089088517865609 0
    endloop
  endfacet
  facet normal 0 0 -1
    outer loop
      vertex 87.15035037089787 -14.033352755966794 0
      vertex 86.76261791184429 -6.089088517865609 0
      vertex 87.07202824925844 -5.72681555855352 0
    endloop
  endfacet
  facet normal 0 0 -1
    outer loop
      vertex 87.15035037089787 -14.033352755966794 0
      vertex 87.07202824925844 -5.72681555855352 0
      vertex 87.36205464881202 -5.348845795861505 0
    endloop
  endfacet
  facet normal 0 0 -1
    outer loop
      vertex 87.15035037089787 -14.033352755966794 0
      vertex 87.36205464881202 -5.348845795861505 0
      vertex 87.63190216830336 -4.956215218636746 0
    endloop
  endfacet
  facet normal 0 0 -1
    outer loop
      vertex 88.57806480148668 -13.20906144514043 0
      vertex 88.90114316667763 -1.8919963864416098 0
      vertex 89.25761772360646 -12.742017661405422 0
    endloop
  endfacet
  facet normal 0 0 -1
    outer loop
      vertex 87.875 -13.639900109604907 0
      vertex 87.63190216830336 -4.956215218636746 0
      vertex 87.88083117443838 -4.55 0
    endloop
  endfacet
  facet normal 0 0 -1
    outer loop
      vertex 87.875 -13.639900109604907 0
      vertex 87.88083117443838 -4.55 0
      vertex 88.10815937011415 -4.131313547629876 0
    endloop
  endfacet
  facet normal 0 0 -1
    outer loop
      vertex 87.875 -13.639900109604907 0
      vertex 88.10815937011415 -4.131313547629876 0
      vertex 88.31326366454766 -3.701303451989782 0
    endloop
  endfacet
  facet normal 0 0 -1
    outer loop
      vertex 88.57806480148668 -13.20906144514043 0
      vertex 88.31326366454766 -3.701303451989782 0
      vertex 88.49558188112454 -3.261148340862232 0
    endloop
  endfacet
  facet normal 0 0 -1
    outer loop
      vertex 88.57806480148668 -13.20906144514043 0
      vertex 88.49558188112454 -3.261148340862232 0
      vertex 88.65461429828589 -2.8120546488120213 0
    endloop
  endfacet
  facet normal 0 0 -1
    outer loop
      vertex 88.57806480148668 -13.20906144514043 0
      vertex 88.65461429828589 -2.8120546488120213 0
      vertex 88.78992501923052 -2.3552533104329387 0
    endloop
  endfacet
  facet normal 0 0 -1
    outer loop
      vertex 88.57806480148668 -13.20906144514043 0
      vertex 88.78992501923052 -2.3552533104329387 0
      vertex 88.90114316667763 -1.8919963864416098 0
    endloop
  endfacet
  facet normal 0 0 -1
    outer loop
      vertex 89.25761772360646 -12.742017661405422 0
      vertex 88.90114316667763 -1.8919963864416098 0
      vertex 88.98796389941575 -1.4235536318661008 0
    endloop
  endfacet
  facet normal 0 0 -1
    outer loop
      vertex 89.25761772360646 -12.742017661405422 0
      vertex 88.98796389941575 -1.4235536318661008 0
      vertex 89.0501492478513 -0.9512090157356465 0
    endloop
  endfacet
  facet normal 0 0 -1
    outer loop
      vertex 89.25761772360646 -12.742017661405422 0
      vertex 89.0501492478513 -0.9512090157356465 0
      vertex 89.08752876626662 -0.4762572018107889 0
    endloop
  endfacet
  facet normal 0 0 -1
    outer loop
      vertex 89.25761772360646 -12.742017661405422 0
      vertex 89.08752876626662 -0.4762572018107889 0
      vertex 89.1 0 0
    endloop
  endfacet
  facet normal 0 0 -1
    outer loop
      vertex 89.25761772360646 -12.742017661405422 0
      vertex 89.91179615903494 12.240048892947291 0
      vertex 89.91179615903494 -12.240048892947291 0
    endloop
  endfacet
  facet normal 0 0 -1
    outer loop
      vertex 89.91179615903494 -12.240048892947291 0
      vertex 90.53880705015202 11.70453100126896 0
      vertex 90.53880705015202 -11.70453100126896 0
    endloop
  endfacet
  facet normal 0 0 -1
    outer loop
      vertex 90.53880705015202 -11.70453100126896 0
      vertex 91.13693180368813 11.136931803688125 0
      vertex 91.13693180368813 -11.136931803688125 0
    endloop
  endfacet
  facet normal 0 0 -1
    outer loop
      vertex 91.13693180368813 -11.136931803688125 0
      vertex 91.70453100126896 10.538807050152018 0
      vertex 91.70453100126896 -10.538807050152018 0
    endloop
  endfacet
  facet normal 0 0 -1
    outer loop
      vertex 91.70453100126896 -10.538807050152018 0
      vertex 92.24004889294729 9.911796159034939 0
      vertex 92.24004889294729 -9.911796159034939 0
    endloop
  endfacet
  facet normal 0 0 -1
    outer loop
      vertex 92.24004889294729 -9.911796159034939 0
      vertex 92.74201766140543 9.257617723606453 0
      vertex 92.74201766140543 -9.257617723606453 0
    endloop
  endfacet
  facet normal 0 0 -1
    outer loop
      vertex 92.74201766140543 -9.257617723606453 0
      vertex 93.20906144514043 8.578064801486677 0
      vertex 93.20906144514043 -8.578064801486677 0
    endloop
  endfacet
  facet normal 0 0 -1
    outer loop
      vertex 93.20906144514043 -8.578064801486677 0
      vertex 93.63990010960491 7.875 0
      vertex 93.63990010960491 -7.875 0
    endloop
  endfacet
  facet normal 0 0 -1
    outer loop
      vertex 93.63990010960491 -7.875 0
      vertex 94.03335275596679 7.150350370897862 0
      vertex 94.03335275596679 -7.150350370897862 0
    endloop
  endfacet
  facet normal 0 0 -1
    outer loop
      vertex 94.03335275596679 -7.150350370897862 0
      vertex 94.38834095787097 6.4061021284438535 0
      vertex 94.38834095787097 -6.4061021284438535 0
    endloop
  endfacet
  facet normal 0 0 -1
    outer loop
      vertex 94.38834095787097 -6.4061021284438535 0
      vertex 94.70389171733093 5.644295205338479 0
      vertex 94.70389171733093 -5.644295205338479 0
    endloop
  endfacet
  facet normal 0 0 -1
    outer loop
      vertex 94.70389171733093 -5.644295205338479 0
      vertex 94.97914013164866 4.867017661405422 0
      vertex 94.97914013164866 -4.867017661405422 0
    endloop
  endfacet
  facet normal 0 0 -1
    outer loop
      vertex 94.97914013164866 -4.867017661405422 0
      vertex 95.21333176405282 4.076399960364702 0
      vertex 95.21333176405282 -4.076399960364702 0
    endloop
  endfacet
  facet normal 0 0 -1
    outer loop
      vertex 95.21333176405282 -4.076399960364702 0
      vertex 95.40582471155744 3.2746091303797096 0
      vertex 95.40582471155744 -3.2746091303797096 0
    endloop
  endfacet
  facet normal 0 0 -1
    outer loop
      vertex 95.40582471155744 -3.2746091303797096 0
      vertex 95.55609136437342 2.463842824383636 0
      vertex 95.55609136437342 -2.463842824383636 0
    endloop
  endfacet
  facet normal 0 0 -1
    outer loop
      vertex 95.55609136437342 -2.463842824383636 0
      vertex 95.6637198520503 1.646323296465542 0
      vertex 95.6637198520503 -1.646323296465542 0
    endloop
  endfacet
  facet normal 0 0 -1
    outer loop
      vertex 95.6637198520503 -1.646323296465542 0
      vertex 95.72841517238454 0.8242913108263654 0
      vertex 95.72841517238454 -0.8242913108263654 0
    endloop
  endfacet
  facet normal 0.5664062369248279 0.824126188622019 0
    outer loop
      vertex 74.65115420413849 -7.3620546488120215 0
      vertex 74.65115420413849 -7.3620546488120215 77
      vertex 75.04378478136326 -7.631902168303359 0
    endloop
  endfacet
  facet normal 0.608761429008718 0.793353340291237 0
    outer loop
      vertex 74.27318444144647 -7.072028249258435 0
      vertex 74.27318444144647 -7.072028249258435 77
      vertex 74.65115420413849 -7.3620546488120215 0
    endloop
  endfacet
  facet normal 0.649448048330193 0.760405965600023 5.482133605598464e-20
    outer loop
      vertex 74.27318444144647 -7.072028249258435 0
      vertex 73.9109114821344 -6.762617911844288 0
      vertex 73.9109114821344 -6.762617911844288 77
    endloop
  endfacet
  facet normal 0.6883545756937506 0.725374371012291 -1.3513605416962624e-19
    outer loop
      vertex 73.9109114821344 -6.762617911844288 0
      vertex 73.56532829120242 -6.434671708797583 0
      vertex 73.56532829120242 -6.434671708797583 77
    endloop
  endfacet
  facet normal 0.4771587602596035 0.878817112661968 0
    outer loop
      vertex 75.45 -7.8808311744383905 0
      vertex 75.45 -7.8808311744383905 77
      vertex 75.66948167344218 -8 0
    endloop
  endfacet
  facet normal 0.4771587602596181 0.8788171126619602 5.3799035927446684e-17
    outer loop
      vertex 75.66948167344218 -8 0
      vertex 75.45 -7.8808311744383905 77
      vertex 75.86868645237013 -8.108159370114148 0
    endloop
  endfacet
  facet normal 0.43051109680830063 0.9025852843498581 1.7763634585659286e-19
    outer loop
      vertex 76.29869654801021 -8.313263664547668 0
      vertex 75.86868645237013 -8.108159370114148 0
      vertex 75.86868645237013 -8.108159370114148 77
    endloop
  endfacet
  facet normal 0.284015344703927 0.9588197348681916 0
    outer loop
      vertex 77.18794535118798 -8.654614298285896 0
      vertex 77.18794535118798 -8.654614298285896 77
      vertex 77.64474668956706 -8.789925019230521 0
    endloop
  endfacet
  facet normal 0.23344536385590067 0.9723699203976778 0
    outer loop
      vertex 77.64474668956706 -8.789925019230521 0
      vertex 77.64474668956706 -8.789925019230521 77
      vertex 78.1080036135584 -8.901143166677631 0
    endloop
  endfacet
  facet normal 0.3826834323650864 0.9238795325112882 0
    outer loop
      vertex 76.29869654801021 -8.313263664547668 0
      vertex 76.29869654801021 -8.313263664547668 77
      vertex 76.73885165913777 -8.495581881124535 0
    endloop
  endfacet
  facet normal 0.33380685923376957 0.942641491092179 1.260512129164137e-20
    outer loop
      vertex 77.18794535118798 -8.654614298285896 0
      vertex 76.73885165913777 -8.495581881124535 0
      vertex 76.73885165913777 -8.495581881124535 77
    endloop
  endfacet
  facet normal 0.5224985647159475 0.8526401643540932 1.6038637432692886e-19
    outer loop
      vertex 75.45 -7.8808311744383905 0
      vertex 75.04378478136326 -7.631902168303359 0
      vertex 75.04378478136326 -7.631902168303359 77
    endloop
  endfacet
  facet normal 0.1822355254921489 0.9832549075639544 0
    outer loop
      vertex 78.1080036135584 -8.901143166677631 0
      vertex 78.1080036135584 -8.901143166677631 77
      vertex 78.5764463681339 -8.987963899415753 0
    endloop
  endfacet
  facet normal 0.13052619222005116 0.9914448613738105 0
    outer loop
      vertex 78.5764463681339 -8.987963899415753 0
      vertex 78.5764463681339 -8.987963899415753 77
      vertex 79.04879098426436 -9.050149247851287 0
    endloop
  endfacet
  facet normal 0.07845909572784364 0.9969173337331282 0
    outer loop
      vertex 79.04879098426436 -9.050149247851287 0
      vertex 79.04879098426436 -9.050149247851287 77
      vertex 79.5237427981892 -9.08752876626662 0
    endloop
  endfacet
  facet normal 0.026176948307875373 0.9996573249755573 0
    outer loop
      vertex 79.5237427981892 -9.08752876626662 0
      vertex 79.5237427981892 -9.08752876626662 77
      vertex 80 -9.1 0
    endloop
  endfacet
  facet normal -0.026176948307875373 0.9996573249755573 0
    outer loop
      vertex 80 -9.1 0
      vertex 80 -9.1 77
      vertex 80.4762572018108 -9.08752876626662 0
    endloop
  endfacet
  facet normal -0.07845909572784364 0.9969173337331282 0
    outer loop
      vertex 80.4762572018108 -9.08752876626662 0
      vertex 80.4762572018108 -9.08752876626662 77
      vertex 80.95120901573564 -9.050149247851287 0
    endloop
  endfacet
  facet normal -0.13052619222005116 0.9914448613738105 0
    outer loop
      vertex 80.95120901573564 -9.050149247851287 0
      vertex 80.95120901573564 -9.050149247851287 77
      vertex 81.4235536318661 -8.987963899415753 0
    endloop
  endfacet
  facet normal -0.1822355254921489 0.9832549075639544 0
    outer loop
      vertex 81.4235536318661 -8.987963899415753 0
      vertex 81.4235536318661 -8.987963899415753 77
      vertex 81.8919963864416 -8.901143166677631 0
    endloop
  endfacet
  facet normal -0.23344536385590067 0.9723699203976778 0
    outer loop
      vertex 81.8919963864416 -8.901143166677631 0
      vertex 81.8919963864416 -8.901143166677631 77
      vertex 82.35525331043294 -8.789925019230521 0
    endloop
  endfacet
  facet normal -0.284015344703927 0.9588197348681916 0
    outer loop
      vertex 82.35525331043294 -8.789925019230521 0
      vertex 82.35525331043294 -8.789925019230521 77
      vertex 82.81205464881202 -8.654614298285896 0
    endloop
  endfacet
  facet normal -0.33380685923376957 0.942641491092179 0
    outer loop
      vertex 82.81205464881202 -8.654614298285896 0
      vertex 82.81205464881202 -8.654614298285896 77
      vertex 83.26114834086223 -8.495581881124535 0
    endloop
  endfacet
  facet normal -0.3826834323650864 0.9238795325112882 0
    outer loop
      vertex 83.26114834086223 -8.495581881124535 0
      vertex 83.26114834086223 -8.495581881124535 77
      vertex 83.70130345198979 -8.313263664547668 0
    endloop
  endfacet
  facet normal 0.7253743710122864 0.6883545756937554 1.0135642136630056e-19
    outer loop
      vertex 73.56532829120242 -6.434671708797583 0
      vertex 73.23738208815571 -6.089088517865609 0
      vertex 73.23738208815571 -6.089088517865609 77
    endloop
  endfacet
  facet normal 0.7933533402912388 0.6087614290087158 5.917114765338678e-20
    outer loop
      vertex 72.92797175074156 -5.72681555855352 0
      vertex 72.63794535118798 -5.348845795861505 0
      vertex 72.63794535118798 -5.348845795861505 77
    endloop
  endfacet
  facet normal 0.7604059656000289 0.649448048330186 0
    outer loop
      vertex 72.92797175074156 -5.72681555855352 0
      vertex 72.92797175074156 -5.72681555855352 77
      vertex 73.23738208815571 -6.089088517865609 0
    endloop
  endfacet
  facet normal 0.8241261886220171 0.5664062369248307 -6.699036163160814e-20
    outer loop
      vertex 72.63794535118798 -5.348845795861505 0
      vertex 72.36809783169664 -4.956215218636746 0
      vertex 72.36809783169664 -4.956215218636746 77
    endloop
  endfacet
  facet normal 0.8526401643540962 0.5224985647159426 1.8379027479828054e-19
    outer loop
      vertex 72.36809783169664 -4.956215218636746 0
      vertex 72.11916882556162 -4.55 0
      vertex 72.11916882556162 -4.55 77
    endloop
  endfacet
  facet normal 0.8788171126619553 0.47715876025962717 -1.201880954837372e-19
    outer loop
      vertex 72.11916882556162 -4.55 0
      vertex 71.89184062988585 -4.131313547629876 0
      vertex 71.89184062988585 -4.131313547629876 77
    endloop
  endfacet
  facet normal 0.6087614290087271 -0.7933533402912302 -2.9804538863975525e-19
    outer loop
      vertex 89.25761772360646 -12.742017661405422 0
      vertex 89.91179615903494 -12.240048892947291 0
      vertex 89.91179615903494 -12.240048892947291 80
    endloop
  endfacet
  facet normal -0.43051109680830063 0.9025852843498581 0
    outer loop
      vertex 83.70130345198979 -8.313263664547668 0
      vertex 83.70130345198979 -8.313263664547668 77
      vertex 84.13131354762987 -8.108159370114148 0
    endloop
  endfacet
  facet normal -0.47715876025961046 0.8788171126619642 0
    outer loop
      vertex 84.13131354762987 -8.108159370114148 0
      vertex 84.13131354762987 -8.108159370114148 77
      vertex 84.55 -7.8808311744383905 0
    endloop
  endfacet
  facet normal -0.5224985647159475 0.8526401643540932 0
    outer loop
      vertex 84.55 -7.8808311744383905 0
      vertex 84.55 -7.8808311744383905 77
      vertex 84.95621521863674 -7.631902168303359 0
    endloop
  endfacet
  facet normal -0.5664062369248279 0.824126188622019 0
    outer loop
      vertex 84.95621521863674 -7.631902168303359 0
      vertex 84.95621521863674 -7.631902168303359 77
      vertex 85.34884579586151 -7.3620546488120215 0
    endloop
  endfacet
  facet normal -0.608761429008718 0.793353340291237 0
    outer loop
      vertex 85.34884579586151 -7.3620546488120215 0
      vertex 85.34884579586151 -7.3620546488120215 77
      vertex 85.72681555855353 -7.072028249258435 0
    endloop
  endfacet
  facet normal -0.649448048330193 0.760405965600023 0
    outer loop
      vertex 85.72681555855353 -7.072028249258435 0
      vertex 85.72681555855353 -7.072028249258435 77
      vertex 86.0890885178656 -6.762617911844288 0
    endloop
  endfacet
  facet normal -0.6883545756937506 0.725374371012291 0
    outer loop
      vertex 86.0890885178656 -6.762617911844288 0
      vertex 86.0890885178656 -6.762617911844288 77
      vertex 86.43467170879758 -6.434671708797583 0
    endloop
  endfacet
  facet normal -0.7253743710122864 0.6883545756937554 0
    outer loop
      vertex 86.43467170879758 -6.434671708797583 0
      vertex 86.43467170879758 -6.434671708797583 77
      vertex 86.76261791184429 -6.089088517865609 0
    endloop
  endfacet
  facet normal 0.649448048330181 -0.7604059656000333 -1.374862522174178e-19
    outer loop
      vertex 89.91179615903494 -12.240048892947291 0
      vertex 90.53880705015202 -11.70453100126896 0
      vertex 90.53880705015202 -11.70453100126896 80
    endloop
  endfacet
  facet normal 0.68835457569375 -0.7253743710122913 -2.593229976114215e-19
    outer loop
      vertex 90.53880705015202 -11.70453100126896 0
      vertex 91.13693180368813 -11.136931803688125 0
      vertex 91.13693180368813 -11.136931803688125 80
    endloop
  endfacet
  facet normal 0.7253743710122893 -0.6883545756937522 0
    outer loop
      vertex 91.13693180368813 -11.136931803688125 0
      vertex 91.70453100126896 -10.538807050152018 0
      vertex 91.13693180368813 -11.136931803688125 80
    endloop
  endfacet
  facet normal 0.7604059656000366 -0.6494480483301771 0
    outer loop
      vertex 91.70453100126896 -10.538807050152018 0
      vertex 92.24004889294729 -9.911796159034939 0
      vertex 91.70453100126896 -10.538807050152018 80
    endloop
  endfacet
  facet normal 0.793353340291228 -0.60876142900873 0
    outer loop
      vertex 92.24004889294729 -9.911796159034939 0
      vertex 92.74201766140543 -9.257617723606453 0
      vertex 92.24004889294729 -9.911796159034939 80
    endloop
  endfacet
  facet normal 0.8241261886220149 -0.5664062369248338 0
    outer loop
      vertex 92.74201766140543 -9.257617723606453 0
      vertex 93.20906144514043 -8.578064801486677 0
      vertex 92.74201766140543 -9.257617723606453 80
    endloop
  endfacet
  facet normal 0.8526401643540956 -0.522498564715943 0
    outer loop
      vertex 93.20906144514043 -8.578064801486677 0
      vertex 93.63990010960491 -7.875 0
      vertex 93.20906144514043 -8.578064801486677 80
    endloop
  endfacet
  facet normal 0.8788171126619682 -0.47715876025960324 0
    outer loop
      vertex 93.63990010960491 -7.875 0
      vertex 94.03335275596679 -7.150350370897862 0
      vertex 93.63990010960491 -7.875 80
    endloop
  endfacet
  facet normal 0.9025852843498571 -0.4305110968083022 0
    outer loop
      vertex 94.03335275596679 -7.150350370897862 0
      vertex 94.38834095787097 -6.4061021284438535 0
      vertex 94.03335275596679 -7.150350370897862 80
    endloop
  endfacet
  facet normal -0.7604059656000289 0.649448048330186 0
    outer loop
      vertex 86.76261791184429 -6.089088517865609 0
      vertex 86.76261791184429 -6.089088517865609 77
      vertex 87.07202824925844 -5.72681555855352 0
    endloop
  endfacet
  facet normal -0.7933533402912388 0.6087614290087158 0
    outer loop
      vertex 87.07202824925844 -5.72681555855352 0
      vertex 87.07202824925844 -5.72681555855352 77
      vertex 87.36205464881202 -5.348845795861505 0
    endloop
  endfacet
  facet normal -0.8241261886220171 0.5664062369248307 0
    outer loop
      vertex 87.36205464881202 -5.348845795861505 0
      vertex 87.36205464881202 -5.348845795861505 77
      vertex 87.63190216830336 -4.956215218636746 0
    endloop
  endfacet
  facet normal -0.8526401643540962 0.5224985647159426 0
    outer loop
      vertex 87.63190216830336 -4.956215218636746 0
      vertex 87.63190216830336 -4.956215218636746 77
      vertex 87.88083117443838 -4.55 0
    endloop
  endfacet
  facet normal -0.8788171126619553 0.47715876025962717 0
    outer loop
      vertex 87.88083117443838 -4.55 0
      vertex 87.88083117443838 -4.55 77
      vertex 88.10815937011415 -4.131313547629876 0
    endloop
  endfacet
  facet normal -0.9025852843498686 0.43051109680827815 0
    outer loop
      vertex 88.10815937011415 -4.131313547629876 0
      vertex 88.10815937011415 -4.131313547629876 77
      vertex 88.31326366454766 -3.701303451989782 0
    endloop
  endfacet
  facet normal -0.9238795325112822 0.38268343236510116 0
    outer loop
      vertex 88.31326366454766 -3.701303451989782 0
      vertex 88.31326366454766 -3.701303451989782 77
      vertex 88.49558188112454 -3.261148340862232 0
    endloop
  endfacet
  facet normal -0.9426414910921821 0.33380685923376047 0
    outer loop
      vertex 88.49558188112454 -3.261148340862232 0
      vertex 88.49558188112454 -3.261148340862232 77
      vertex 88.65461429828589 -2.8120546488120213 0
    endloop
  endfacet
  facet normal -0.958819734868189 0.28401534470393575 0
    outer loop
      vertex 88.65461429828589 -2.8120546488120213 0
      vertex 88.65461429828589 -2.8120546488120213 77
      vertex 88.78992501923052 -2.3552533104329387 0
    endloop
  endfacet
  facet normal -0.9723699203976792 0.23344536385589446 0
    outer loop
      vertex 88.78992501923052 -2.3552533104329387 0
      vertex 88.78992501923052 -2.3552533104329387 77
      vertex 88.90114316667763 -1.8919963864416098 0
    endloop
  endfacet
  facet normal -0.9832549075639558 0.18223552549214042 0
    outer loop
      vertex 88.90114316667763 -1.8919963864416098 0
      vertex 88.90114316667763 -1.8919963864416098 77
      vertex 88.98796389941575 -1.4235536318661008 0
    endloop
  endfacet
  facet normal -0.9914448613738065 0.13052619222008108 0
    outer loop
      vertex 88.98796389941575 -1.4235536318661008 0
      vertex 88.98796389941575 -1.4235536318661008 77
      vertex 89.0501492478513 -0.9512090157356465 0
    endloop
  endfacet
  facet normal -0.9969173337331303 0.07845909572781588 0
    outer loop
      vertex 89.0501492478513 -0.9512090157356465 0
      vertex 89.0501492478513 -0.9512090157356465 77
      vertex 89.08752876626662 -0.4762572018107889 0
    endloop
  endfacet
  facet normal -0.9996573249755573 0.026176948307875765 0
    outer loop
      vertex 89.08752876626662 -0.4762572018107889 0
      vertex 89.08752876626662 -0.4762572018107889 77
      vertex 89.1 0 0
    endloop
  endfacet
  facet normal 0.9238795325112855 -0.3826834323650933 0
    outer loop
      vertex 94.38834095787097 -6.4061021284438535 0
      vertex 94.70389171733093 -5.644295205338479 0
      vertex 94.38834095787097 -6.4061021284438535 80
    endloop
  endfacet
  facet normal 0.9426414910921829 -0.33380685923375863 0
    outer loop
      vertex 94.70389171733093 -5.644295205338479 0
      vertex 94.97914013164866 -4.867017661405422 0
      vertex 94.70389171733093 -5.644295205338479 80
    endloop
  endfacet
  facet normal 0.9588197348681913 -0.2840153447039285 0
    outer loop
      vertex 94.97914013164866 -4.867017661405422 0
      vertex 95.21333176405282 -4.076399960364702 0
      vertex 94.97914013164866 -4.867017661405422 80
    endloop
  endfacet
  facet normal 0.9723699203976752 -0.23344536385591136 0
    outer loop
      vertex 95.21333176405282 -4.076399960364702 0
      vertex 95.40582471155744 -3.2746091303797096 0
      vertex 95.21333176405282 -4.076399960364702 80
    endloop
  endfacet
  facet normal 0.9832549075639563 -0.18223552549213778 0
    outer loop
      vertex 95.40582471155744 -3.2746091303797096 0
      vertex 95.55609136437342 -2.463842824383636 0
      vertex 95.40582471155744 -3.2746091303797096 80
    endloop
  endfacet
  facet normal 0.9914448613738096 -0.13052619222005762 0
    outer loop
      vertex 95.55609136437342 -2.463842824383636 0
      vertex 95.6637198520503 -1.646323296465542 0
      vertex 95.55609136437342 -2.463842824383636 80
    endloop
  endfacet
  facet normal 0.9969173337331276 -0.07845909572785013 0
    outer loop
      vertex 95.6637198520503 -1.646323296465542 0
      vertex 95.72841517238454 -0.8242913108263654 0
      vertex 95.6637198520503 -1.646323296465542 80
    endloop
  endfacet
  facet normal 0.9996573249755576 -0.026176948307866495 0
    outer loop
      vertex 95.72841517238454 -0.8242913108263654 0
      vertex 95.75 0 0
      vertex 95.72841517238454 -0.8242913108263654 80
    endloop
  endfacet
  facet normal -0.5224985647159471 -0.8526401643540932 0
    outer loop
      vertex 71.42193519851332 -13.20906144514043 0
      vertex 72.125 -13.639900109604907 80
      vertex 71.42193519851332 -13.20906144514043 80
    endloop
  endfacet
  facet normal -0.5664062369248298 -0.8241261886220177 0
    outer loop
      vertex 70.74238227639354 -12.742017661405422 0
      vertex 71.42193519851332 -13.20906144514043 80
      vertex 70.74238227639354 -12.742017661405422 80
    endloop
  endfacet
  facet normal -0.9025852843498572 -0.4305110968083023 0
    outer loop
      vertex 65.96664724403321 -7.150350370897862 18
      vertex 65.96664724403321 -7.150350370897862 80
      vertex 65.61165904212903 -6.4061021284438535 80
    endloop
  endfacet
  facet normal -0.7253743710122893 -0.6883545756937522 0
    outer loop
      vertex 68.86306819631187 -11.136931803688125 0
      vertex 68.86306819631187 -11.136931803688125 80
      vertex 68.29546899873104 -10.538807050152018 80
    endloop
  endfacet
  facet normal -0.7604059656000366 -0.6494480483301771 0
    outer loop
      vertex 68.29546899873104 -10.538807050152018 0
      vertex 68.29546899873104 -10.538807050152018 80
      vertex 67.75995110705271 -9.911796159034939 80
    endloop
  endfacet
  facet normal -0.793353340291228 -0.60876142900873 0
    outer loop
      vertex 67.75995110705271 -9.911796159034939 0
      vertex 67.75995110705271 -9.911796159034939 80
      vertex 67.25798233859457 -9.257617723606453 80
    endloop
  endfacet
  facet normal -0.649448048330181 -0.7604059656000333 0
    outer loop
      vertex 69.46119294984798 -11.70453100126896 0
      vertex 70.08820384096506 -12.240048892947291 80
      vertex 69.46119294984798 -11.70453100126896 80
    endloop
  endfacet
  facet normal -0.6087614290087271 -0.7933533402912302 0
    outer loop
      vertex 70.08820384096506 -12.240048892947291 0
      vertex 70.74238227639354 -12.742017661405422 80
      vertex 70.08820384096506 -12.240048892947291 80
    endloop
  endfacet
  facet normal -0.68835457569375 -0.7253743710122913 0
    outer loop
      vertex 68.86306819631187 -11.136931803688125 0
      vertex 69.46119294984798 -11.70453100126896 80
      vertex 68.86306819631187 -11.136931803688125 80
    endloop
  endfacet
  facet normal -0.8241261886220149 -0.5664062369248338 0
    outer loop
      vertex 67.25798233859457 -9.257617723606453 0
      vertex 67.25798233859457 -9.257617723606453 80
      vertex 66.79093855485957 -8.578064801486677 80
    endloop
  endfacet
  facet normal -0.8526401643540956 -0.522498564715943 0
    outer loop
      vertex 66.79093855485957 -8.578064801486677 0
      vertex 66.79093855485957 -8.578064801486677 80
      vertex 66.36009989039509 -7.875 80
    endloop
  endfacet
  facet normal -0.8788171126619682 -0.47715876025960324 0
    outer loop
      vertex 66.36009989039509 -7.875 18
      vertex 66.36009989039509 -7.875 80
      vertex 65.96664724403321 -7.150350370897862 80
    endloop
  endfacet
  facet normal -0.9996573249755575 -0.026176948307866488 -3.648795136420143e-20
    outer loop
      vertex 64.27158482761546 -0.8242913108263654 18
      vertex 64.25 0 80
      vertex 64.25 0 48
    endloop
  endfacet
  facet normal -0.9238795325112853 -0.3826834323650932 0
    outer loop
      vertex 65.61165904212903 -6.4061021284438535 18
      vertex 65.61165904212903 -6.4061021284438535 80
      vertex 65.29610828266907 -5.644295205338479 80
    endloop
  endfacet
  facet normal -0.9426414910921829 -0.33380685923375863 0
    outer loop
      vertex 65.29610828266907 -5.644295205338479 18
      vertex 65.29610828266907 -5.644295205338479 80
      vertex 65.02085986835134 -4.867017661405422 80
    endloop
  endfacet
  facet normal -0.9588197348681914 -0.2840153447039285 0
    outer loop
      vertex 65.02085986835134 -4.867017661405422 18
      vertex 65.02085986835134 -4.867017661405422 80
      vertex 64.78666823594718 -4.076399960364702 80
    endloop
  endfacet
  facet normal -0.9723699203976752 -0.23344536385591136 0
    outer loop
      vertex 64.78666823594718 -4.076399960364702 18
      vertex 64.78666823594718 -4.076399960364702 80
      vertex 64.59417528844256 -3.2746091303797096 80
    endloop
  endfacet
  facet normal -0.9914448613738095 -0.1305261922200576 0
    outer loop
      vertex 64.44390863562658 -2.463842824383636 18
      vertex 64.44390863562658 -2.463842824383636 80
      vertex 64.3362801479497 -1.646323296465542 80
    endloop
  endfacet
  facet normal -0.9832549075639565 -0.1822355254921378 0
    outer loop
      vertex 64.59417528844256 -3.2746091303797096 18
      vertex 64.59417528844256 -3.2746091303797096 80
      vertex 64.44390863562658 -2.463842824383636 80
    endloop
  endfacet
  facet normal -0.9969173337331275 -0.07845909572785013 0
    outer loop
      vertex 64.3362801479497 -1.646323296465542 18
      vertex 64.3362801479497 -1.646323296465542 80
      vertex 64.27158482761546 -0.8242913108263654 80
    endloop
  endfacet
  facet normal -0.9996573249755575 -0.02617694830786649 0
    outer loop
      vertex 64.27158482761546 -0.8242913108263654 18
      vertex 64.27158482761546 -0.8242913108263654 80
      vertex 64.25 0 80
    endloop
  endfacet
  facet normal 0.9025852843498686 0.43051109680827815 0
    outer loop
      vertex 71.89184062988585 -4.131313547629876 0
      vertex 71.68673633545234 -3.701303451989782 77
      vertex 71.89184062988585 -4.131313547629876 77
    endloop
  endfacet
  facet normal 0.9238795325112822 0.38268343236510116 0
    outer loop
      vertex 71.68673633545234 -3.701303451989782 0
      vertex 71.50441811887546 -3.261148340862232 77
      vertex 71.68673633545234 -3.701303451989782 77
    endloop
  endfacet
  facet normal 0.9426414910921821 0.33380685923376047 0
    outer loop
      vertex 71.50441811887546 -3.261148340862232 0
      vertex 71.34538570171411 -2.8120546488120213 77
      vertex 71.50441811887546 -3.261148340862232 77
    endloop
  endfacet
  facet normal 0.958819734868189 0.28401534470393575 0
    outer loop
      vertex 71.34538570171411 -2.8120546488120213 0
      vertex 71.21007498076948 -2.3552533104329387 77
      vertex 71.34538570171411 -2.8120546488120213 77
    endloop
  endfacet
  facet normal 0.9832549075639558 0.18223552549214042 0
    outer loop
      vertex 71.09885683332237 -1.8919963864416098 0
      vertex 71.01203610058425 -1.4235536318661008 77
      vertex 71.09885683332237 -1.8919963864416098 77
    endloop
  endfacet
  facet normal 0.9723699203976792 0.23344536385589446 0
    outer loop
      vertex 71.21007498076948 -2.3552533104329387 0
      vertex 71.09885683332237 -1.8919963864416098 77
      vertex 71.21007498076948 -2.3552533104329387 77
    endloop
  endfacet
  facet normal 0.9914448613738065 0.13052619222008108 0
    outer loop
      vertex 71.01203610058425 -1.4235536318661008 0
      vertex 70.9498507521487 -0.9512090157356465 77
      vertex 71.01203610058425 -1.4235536318661008 77
    endloop
  endfacet
  facet normal 0.9969173337331303 0.07845909572781588 0
    outer loop
      vertex 70.9498507521487 -0.9512090157356465 0
      vertex 70.91247123373338 -0.4762572018107889 77
      vertex 70.9498507521487 -0.9512090157356465 77
    endloop
  endfacet
  facet normal 0.9996573249755573 0.026176948307875765 0
    outer loop
      vertex 70.91247123373338 -0.4762572018107889 0
      vertex 70.9 0 77
      vertex 70.91247123373338 -0.4762572018107889 77
    endloop
  endfacet
  facet normal 0 0 1
    outer loop
      vertex 72.125 -13.639900109604907 80
      vertex 71.55007396482075 -8.449926035179242 80
      vertex 71.42193519851332 -13.20906144514043 80
    endloop
  endfacet
  facet normal 0 0 1
    outer loop
      vertex 70.74238227639354 -12.742017661405422 80
      vertex 71.42193519851332 -13.20906144514043 80
      vertex 71.11941933554513 -7.996110745988355 80
    endloop
  endfacet
  facet normal 0 0 1
    outer loop
      vertex 70.74238227639354 -12.742017661405422 80
      vertex 70.33224691721938 -7.024033764895053 80
      vertex 70.08820384096506 -12.240048892947291 80
    endloop
  endfacet
  facet normal 0 0 1
    outer loop
      vertex 69.46119294984798 -11.70453100126896 80
      vertex 70.08820384096506 -12.240048892947291 80
      vertex 69.65099642477595 -5.975 80
    endloop
  endfacet
  facet normal 0 0 1
    outer loop
      vertex 72.125 -13.639900109604907 80
      vertex 72.00388925401164 -8.880580664454861 80
      vertex 71.55007396482075 -8.449926035179242 80
    endloop
  endfacet
  facet normal 0 0 1
    outer loop
      vertex 70.74238227639354 -12.742017661405422 80
      vertex 71.11941933554513 -7.996110745988355 80
      vertex 70.7131057605892 -7.520378673045556 80
    endloop
  endfacet
  facet normal 0 0 1
    outer loop
      vertex 71.42193519851332 -13.20906144514043 80
      vertex 71.55007396482075 -8.449926035179242 80
      vertex 71.11941933554513 -7.996110745988355 80
    endloop
  endfacet
  facet normal 0 0 1
    outer loop
      vertex 68.86306819631187 -11.136931803688125 80
      vertex 68.63487463027292 -3.692753082780621 80
      vertex 68.29546899873104 -10.538807050152018 80
    endloop
  endfacet
  facet normal 0 0 1
    outer loop
      vertex 68.86306819631187 -11.136931803688125 80
      vertex 69.08313178117092 -4.860502884755812 80
      vertex 68.84371390335843 -4.282496997066338 80
    endloop
  endfacet
  facet normal 0 0 1
    outer loop
      vertex 68.86306819631187 -11.136931803688125 80
      vertex 68.84371390335843 -4.282496997066338 80
      vertex 68.63487463027292 -3.692753082780621 80
    endloop
  endfacet
  facet normal 0 0 1
    outer loop
      vertex 69.46119294984798 -11.70453100126896 80
      vertex 69.08313178117092 -4.860502884755812 80
      vertex 68.86306819631187 -11.136931803688125 80
    endloop
  endfacet
  facet normal 0 0 1
    outer loop
      vertex 70.08820384096506 -12.240048892947291 80
      vertex 69.97788671305219 -6.508436468429573 80
      vertex 69.65099642477595 -5.975 80
    endloop
  endfacet
  facet normal 0 0 1
    outer loop
      vertex 70.08820384096506 -12.240048892947291 80
      vertex 70.33224691721938 -7.024033764895053 80
      vertex 69.97788671305219 -6.508436468429573 80
    endloop
  endfacet
  facet normal 0 0 1
    outer loop
      vertex 70.74238227639354 -12.742017661405422 80
      vertex 70.7131057605892 -7.520378673045556 80
      vertex 70.33224691721938 -7.024033764895053 80
    endloop
  endfacet
  facet normal 0.6883545756937562 0.7253743710122855 0
    outer loop
      vertex 72.00388925401164 -8.880580664454861 77
      vertex 71.55007396482075 -8.449926035179242 80
      vertex 72.00388925401164 -8.880580664454861 80
    endloop
  endfacet
  facet normal 0.6883545756937562 0.7253743710122855 -1.3487961264791695e-18
    outer loop
      vertex 72.00388925401164 -8.880580664454861 77
      vertex 71.55007396482075 -8.449926035179242 77
      vertex 71.55007396482075 -8.449926035179242 80
    endloop
  endfacet
  facet normal 0.725374371012284 0.6883545756937578 0
    outer loop
      vertex 71.11941933554513 -7.996110745988355 77
      vertex 71.11941933554513 -7.996110745988355 80
      vertex 71.55007396482075 -8.449926035179242 77
    endloop
  endfacet
  facet normal 0.7604059656000397 0.6494480483301734 0
    outer loop
      vertex 71.11941933554513 -7.996110745988355 77
      vertex 70.7131057605892 -7.520378673045556 80
      vertex 71.11941933554513 -7.996110745988355 80
    endloop
  endfacet
  facet normal 0.725374371012284 0.6883545756937578 3.823289487621037e-18
    outer loop
      vertex 71.11941933554513 -7.996110745988355 80
      vertex 71.55007396482075 -8.449926035179242 80
      vertex 71.55007396482075 -8.449926035179242 77
    endloop
  endfacet
  facet normal 0 0 1
    outer loop
      vertex 72.00388925401164 -8.880580664454861 77
      vertex 71.89184062988585 -4.131313547629876 77
      vertex 71.55007396482075 -8.449926035179242 77
    endloop
  endfacet
  facet normal 0 0 1
    outer loop
      vertex 71.11941933554513 -7.996110745988355 77
      vertex 71.55007396482075 -8.449926035179242 77
      vertex 71.50441811887546 -3.261148340862232 77
    endloop
  endfacet
  facet normal 0 0 1
    outer loop
      vertex 69.46119294984798 -11.70453100126896 80
      vertex 69.65099642477595 -5.975 80
      vertex 69.352472035949 -5.425186471887584 80
    endloop
  endfacet
  facet normal 0 0 1
    outer loop
      vertex 69.46119294984798 -11.70453100126896 80
      vertex 69.352472035949 -5.425186471887584 80
      vertex 69.08313178117092 -4.860502884755812 80
    endloop
  endfacet
  facet normal 0.8241261886220174 0.5664062369248304 -6.603126865536453e-19
    outer loop
      vertex 70.33224691721938 -7.024033764895053 77
      vertex 69.97788671305219 -6.508436468429573 77
      vertex 69.97788671305219 -6.508436468429573 80
    endloop
  endfacet
  facet normal 0.8241261886220174 0.5664062369248304 0
    outer loop
      vertex 70.33224691721938 -7.024033764895053 77
      vertex 69.97788671305219 -6.508436468429573 80
      vertex 70.33224691721938 -7.024033764895053 80
    endloop
  endfacet
  facet normal 0.852640164354087 0.5224985647159575 0
    outer loop
      vertex 69.97788671305219 -6.508436468429573 77
      vertex 69.65099642477595 -5.975 80
      vertex 69.97788671305219 -6.508436468429573 80
    endloop
  endfacet
  facet normal 0.7604059656000397 0.6494480483301734 -5.341846115850524e-18
    outer loop
      vertex 71.11941933554513 -7.996110745988355 77
      vertex 70.7131057605892 -7.520378673045556 77
      vertex 70.7131057605892 -7.520378673045556 80
    endloop
  endfacet
  facet normal 0.7933533402912331 0.6087614290087235 -6.967543710812246e-18
    outer loop
      vertex 70.7131057605892 -7.520378673045556 77
      vertex 70.33224691721938 -7.024033764895053 77
      vertex 70.33224691721938 -7.024033764895053 80
    endloop
  endfacet
  facet normal 0.7933533402912331 0.6087614290087235 0
    outer loop
      vertex 70.7131057605892 -7.520378673045556 77
      vertex 70.33224691721938 -7.024033764895053 80
      vertex 70.7131057605892 -7.520378673045556 80
    endloop
  endfacet
  facet normal 0 0 1
    outer loop
      vertex 65.96664724403321 -7.150350370897862 80
      vertex 65.61165904212903 6.4061021284438535 80
      vertex 65.61165904212903 -6.4061021284438535 80
    endloop
  endfacet
  facet normal 0 0 1
    outer loop
      vertex 65.29610828266907 -5.644295205338479 80
      vertex 65.02085986835134 4.867017661405422 80
      vertex 65.02085986835134 -4.867017661405422 80
    endloop
  endfacet
  facet normal 0 0 1
    outer loop
      vertex 65.02085986835134 -4.867017661405422 80
      vertex 64.78666823594718 4.076399960364702 80
      vertex 64.78666823594718 -4.076399960364702 80
    endloop
  endfacet
  facet normal 0 0 1
    outer loop
      vertex 65.61165904212903 -6.4061021284438535 80
      vertex 65.29610828266907 5.644295205338479 80
      vertex 65.29610828266907 -5.644295205338479 80
    endloop
  endfacet
  facet normal 0 0 1
    outer loop
      vertex 64.44390863562658 -2.463842824383636 80
      vertex 64.3362801479497 1.646323296465542 80
      vertex 64.3362801479497 -1.646323296465542 80
    endloop
  endfacet
  facet normal 0 0 1
    outer loop
      vertex 64.27158482761546 -0.8242913108263654 80
      vertex 64.3362801479497 -1.646323296465542 80
      vertex 64.27158482761546 0.8242913108263654 80
    endloop
  endfacet
  facet normal 0 0 1
    outer loop
      vertex 64.78666823594718 -4.076399960364702 80
      vertex 64.59417528844256 3.2746091303797096 80
      vertex 64.59417528844256 -3.2746091303797096 80
    endloop
  endfacet
  facet normal 0 0 1
    outer loop
      vertex 64.59417528844256 -3.2746091303797096 80
      vertex 64.44390863562658 2.463842824383636 80
      vertex 64.44390863562658 -2.463842824383636 80
    endloop
  endfacet
  facet normal 0 0 1
    outer loop
      vertex 68.29546899873104 -10.538807050152018 80
      vertex 68.63487463027292 -3.692753082780621 80
      vertex 68.45718637584564 -3.0928875889751226 80
    endloop
  endfacet
  facet normal 0 0 1
    outer loop
      vertex 68.29546899873104 -10.538807050152018 80
      vertex 68.45718637584564 -3.0928875889751226 80
      vertex 68.31113617123103 -2.484544705272224 80
    endloop
  endfacet
  facet normal 0 0 1
    outer loop
      vertex 68.29546899873104 -10.538807050152018 80
      vertex 68.31113617123103 -2.484544705272224 80
      vertex 68.19712432988811 -1.8693918572307588 80
    endloop
  endfacet
  facet normal 0 0 1
    outer loop
      vertex 67.75995110705271 -9.911796159034939 80
      vertex 67.25798233859457 9.257617723606453 80
      vertex 67.25798233859457 -9.257617723606453 80
    endloop
  endfacet
  facet normal 0.9238795325112839 0.38268343236509694 2.3602267218824386e-18
    outer loop
      vertex 69.08313178117092 -4.860502884755812 77
      vertex 68.84371390335843 -4.282496997066338 77
      vertex 68.84371390335843 -4.282496997066338 80
    endloop
  endfacet
  facet normal 0 0 1
    outer loop
      vertex 68.29546899873104 -10.538807050152018 80
      vertex 68.11546335034913 -1.249115136048459 80
      vertex 68.06637705968285 -0.6254146771031788 80
    endloop
  endfacet
  facet normal 0 0 1
    outer loop
      vertex 68.29546899873104 -10.538807050152018 80
      vertex 68.19712432988811 -1.8693918572307588 80
      vertex 68.11546335034913 -1.249115136048459 80
    endloop
  endfacet
  facet normal 0.9426414910921825 0.3338068592337593 0
    outer loop
      vertex 68.84371390335843 -4.282496997066338 77
      vertex 68.63487463027292 -3.692753082780621 80
      vertex 68.84371390335843 -4.282496997066338 80
    endloop
  endfacet
  facet normal 0.9426414910921825 0.3338068592337593 -2.6030932305915606e-18
    outer loop
      vertex 68.84371390335843 -4.282496997066338 77
      vertex 68.63487463027292 -3.692753082780621 77
      vertex 68.63487463027292 -3.692753082780621 80
    endloop
  endfacet
  facet normal 0.9588197348681932 0.2840153447039227 3.2503550273776462e-18
    outer loop
      vertex 68.63487463027292 -3.692753082780621 77
      vertex 68.45718637584564 -3.0928875889751226 77
      vertex 68.45718637584564 -3.0928875889751226 80
    endloop
  endfacet
  facet normal 0 0 1
    outer loop
      vertex 68.29546899873104 -10.538807050152018 80
      vertex 68.06637705968285 -0.6254146771031788 80
      vertex 68.05 0 80
    endloop
  endfacet
  facet normal 0 0 1
    outer loop
      vertex 67.75995110705271 -9.911796159034939 80
      vertex 68.29546899873104 -10.538807050152018 80
      vertex 67.75995110705271 9.911796159034939 80
    endloop
  endfacet
  facet normal 0.9588197348681932 0.2840153447039227 0
    outer loop
      vertex 68.63487463027292 -3.692753082780621 77
      vertex 68.45718637584564 -3.0928875889751226 80
      vertex 68.63487463027292 -3.692753082780621 80
    endloop
  endfacet
  facet normal 0 0 1
    outer loop
      vertex 71.11941933554513 -7.996110745988355 77
      vertex 71.09885683332237 -1.8919963864416098 77
      vertex 70.7131057605892 -7.520378673045556 77
    endloop
  endfacet
  facet normal 0 0 1
    outer loop
      vertex 71.55007396482075 -8.449926035179242 77
      vertex 71.89184062988585 -4.131313547629876 77
      vertex 71.68673633545234 -3.701303451989782 77
    endloop
  endfacet
  facet normal 0 0 1
    outer loop
      vertex 71.55007396482075 -8.449926035179242 77
      vertex 71.68673633545234 -3.701303451989782 77
      vertex 71.50441811887546 -3.261148340862232 77
    endloop
  endfacet
  facet normal 0 0 1
    outer loop
      vertex 71.11941933554513 -7.996110745988355 77
      vertex 71.50441811887546 -3.261148340862232 77
      vertex 71.34538570171411 -2.8120546488120213 77
    endloop
  endfacet
  facet normal 0.8788171126619694 0.4771587602596011 0
    outer loop
      vertex 69.352472035949 -5.425186471887584 77
      vertex 69.352472035949 -5.425186471887584 80
      vertex 69.65099642477595 -5.975 77
    endloop
  endfacet
  facet normal 0.852640164354087 0.5224985647159575 2.027921097166966e-18
    outer loop
      vertex 69.97788671305219 -6.508436468429573 77
      vertex 69.65099642477595 -5.975 77
      vertex 69.65099642477595 -5.975 80
    endloop
  endfacet
  facet normal 0.8788171126619694 0.4771587602596011 0
    outer loop
      vertex 69.65099642477595 -5.975 77
      vertex 69.352472035949 -5.425186471887584 80
      vertex 69.65099642477595 -5.975 80
    endloop
  endfacet
  facet normal 0.9025852843498597 0.4305110968082969 8.539249897559563e-19
    outer loop
      vertex 69.352472035949 -5.425186471887584 77
      vertex 69.08313178117092 -4.860502884755812 77
      vertex 69.08313178117092 -4.860502884755812 80
    endloop
  endfacet
  facet normal 0.9025852843498597 0.4305110968082969 0
    outer loop
      vertex 69.352472035949 -5.425186471887584 77
      vertex 69.08313178117092 -4.860502884755812 80
      vertex 69.352472035949 -5.425186471887584 80
    endloop
  endfacet
  facet normal 0 0 1
    outer loop
      vertex 71.11941933554513 -7.996110745988355 77
      vertex 71.21007498076948 -2.3552533104329387 77
      vertex 71.09885683332237 -1.8919963864416098 77
    endloop
  endfacet
  facet normal 0 0 1
    outer loop
      vertex 71.11941933554513 -7.996110745988355 77
      vertex 71.34538570171411 -2.8120546488120213 77
      vertex 71.21007498076948 -2.3552533104329387 77
    endloop
  endfacet
  facet normal 0 0 1
    outer loop
      vertex 70.7131057605892 -7.520378673045556 77
      vertex 71.09885683332237 -1.8919963864416098 77
      vertex 71.01203610058425 -1.4235536318661008 77
    endloop
  endfacet
  facet normal 0 0 1
    outer loop
      vertex 70.7131057605892 -7.520378673045556 77
      vertex 71.01203610058425 -1.4235536318661008 77
      vertex 70.9498507521487 -0.9512090157356465 77
    endloop
  endfacet
  facet normal 0.9238795325112839 0.38268343236509694 0
    outer loop
      vertex 69.08313178117092 -4.860502884755812 77
      vertex 68.84371390335843 -4.282496997066338 80
      vertex 69.08313178117092 -4.860502884755812 80
    endloop
  endfacet
  facet normal 0 0 1
    outer loop
      vertex 66.79093855485957 -8.578064801486677 80
      vertex 66.36009989039509 7.875 80
      vertex 66.36009989039509 -7.875 80
    endloop
  endfacet
  facet normal 0 0 1
    outer loop
      vertex 66.36009989039509 -7.875 80
      vertex 65.96664724403321 7.150350370897862 80
      vertex 65.96664724403321 -7.150350370897862 80
    endloop
  endfacet
  facet normal 0 0 1
    outer loop
      vertex 67.25798233859457 -9.257617723606453 80
      vertex 66.79093855485957 8.578064801486677 80
      vertex 66.79093855485957 -8.578064801486677 80
    endloop
  endfacet
  facet normal 0.972369920397677 0.23344536385590406 -2.8320531163715947e-18
    outer loop
      vertex 68.45718637584564 -3.0928875889751226 77
      vertex 68.31113617123103 -2.484544705272224 77
      vertex 68.31113617123103 -2.484544705272224 80
    endloop
  endfacet
  facet normal 0.972369920397677 0.23344536385590406 0
    outer loop
      vertex 68.45718637584564 -3.0928875889751226 77
      vertex 68.31113617123103 -2.484544705272224 80
      vertex 68.45718637584564 -3.0928875889751226 80
    endloop
  endfacet
  facet normal 0.9832549075639556 0.18223552549214214 1.2679307324774306e-18
    outer loop
      vertex 68.31113617123103 -2.484544705272224 77
      vertex 68.19712432988811 -1.8693918572307588 77
      vertex 68.19712432988811 -1.8693918572307588 80
    endloop
  endfacet
  facet normal 0.9914448613738082 0.1305261922200678 0
    outer loop
      vertex 68.19712432988811 -1.8693918572307588 77
      vertex 68.11546335034913 -1.249115136048459 80
      vertex 68.19712432988811 -1.8693918572307588 80
    endloop
  endfacet
  facet normal 0.9832549075639556 0.18223552549214214 0
    outer loop
      vertex 68.31113617123103 -2.484544705272224 77
      vertex 68.19712432988811 -1.8693918572307588 80
      vertex 68.31113617123103 -2.484544705272224 80
    endloop
  endfacet
  facet normal 0 0 1
    outer loop
      vertex 68.84371390335843 -4.282496997066338 77
      vertex 68.84371390335843 4.282496997066338 77
      vertex 68.63487463027292 -3.692753082780621 77
    endloop
  endfacet
  facet normal 0 0 1
    outer loop
      vertex 68.45718637584564 -3.0928875889751226 77
      vertex 68.45718637584564 3.0928875889751226 77
      vertex 68.31113617123103 -2.484544705272224 77
    endloop
  endfacet
  facet normal 0 0 1
    outer loop
      vertex 68.63487463027292 -3.692753082780621 77
      vertex 68.63487463027292 3.692753082780621 77
      vertex 68.45718637584564 -3.0928875889751226 77
    endloop
  endfacet
  facet normal 0 0 1
    outer loop
      vertex 68.19712432988811 -1.8693918572307588 77
      vertex 68.19712432988811 1.8693918572307588 77
      vertex 68.11546335034913 -1.249115136048459 77
    endloop
  endfacet
  facet normal 0 0 1
    outer loop
      vertex 68.11546335034913 -1.249115136048459 77
      vertex 68.11546335034913 1.249115136048459 77
      vertex 68.06637705968285 -0.6254146771031788 77
    endloop
  endfacet
  facet normal 0 0 1
    outer loop
      vertex 68.31113617123103 -2.484544705272224 77
      vertex 68.31113617123103 2.484544705272224 77
      vertex 68.19712432988811 -1.8693918572307588 77
    endloop
  endfacet
  facet normal 0.9914448613738082 0.1305261922200678 -1.0193457278873862e-19
    outer loop
      vertex 68.19712432988811 -1.8693918572307588 77
      vertex 68.11546335034913 -1.249115136048459 77
      vertex 68.11546335034913 -1.249115136048459 80
    endloop
  endfacet
  facet normal 0.9969173337331292 0.07845909572782876 -5.185357324556415e-19
    outer loop
      vertex 68.11546335034913 -1.249115136048459 77
      vertex 68.06637705968285 -0.6254146771031788 77
      vertex 68.06637705968285 -0.6254146771031788 80
    endloop
  endfacet
  facet normal 0.9969173337331292 0.07845909572782876 0
    outer loop
      vertex 68.11546335034913 -1.249115136048459 77
      vertex 68.06637705968285 -0.6254146771031788 80
      vertex 68.11546335034913 -1.249115136048459 80
    endloop
  endfacet
  facet normal 0.9996573249755567 0.026176948307889983 1.7978924615809394e-19
    outer loop
      vertex 68.06637705968285 -0.6254146771031788 77
      vertex 68.05 0 77
      vertex 68.05 0 80
    endloop
  endfacet
  facet normal 0.9996573249755567 0.026176948307889983 0
    outer loop
      vertex 68.06637705968285 -0.6254146771031788 77
      vertex 68.05 0 80
      vertex 68.06637705968285 -0.6254146771031788 80
    endloop
  endfacet
  facet normal 0 0 1
    outer loop
      vertex 68.29546899873104 -10.538807050152018 80
      vertex 68.05 0 80
      vertex 67.75995110705271 9.911796159034939 80
    endloop
  endfacet
  facet normal 0 0 1
    outer loop
      vertex 69.352472035949 -5.425186471887584 77
      vertex 69.352472035949 5.425186471887584 77
      vertex 69.08313178117092 -4.860502884755812 77
    endloop
  endfacet
  facet normal 0 0 1
    outer loop
      vertex 69.352472035949 -5.425186471887584 77
      vertex 69.65099642477595 -5.975 77
      vertex 69.65099642477595 5.975 77
    endloop
  endfacet
  facet normal 0 0 1
    outer loop
      vertex 69.97788671305219 -6.508436468429573 77
      vertex 69.97788671305219 6.508436468429573 77
      vertex 69.65099642477595 -5.975 77
    endloop
  endfacet
  facet normal 0 0 1
    outer loop
      vertex 70.33224691721938 -7.024033764895053 77
      vertex 70.33224691721938 7.024033764895053 77
      vertex 69.97788671305219 -6.508436468429573 77
    endloop
  endfacet
  facet normal 0 0 1
    outer loop
      vertex 70.7131057605892 -7.520378673045556 77
      vertex 70.9498507521487 -0.9512090157356465 77
      vertex 70.91247123373338 -0.4762572018107889 77
    endloop
  endfacet
  facet normal 0 0 1
    outer loop
      vertex 70.7131057605892 -7.520378673045556 77
      vertex 70.91247123373338 -0.4762572018107889 77
      vertex 70.9 0 77
    endloop
  endfacet
  facet normal 0 0 1
    outer loop
      vertex 70.7131057605892 -7.520378673045556 77
      vertex 70.7131057605892 7.520378673045556 77
      vertex 70.33224691721938 -7.024033764895053 77
    endloop
  endfacet
  facet normal 0 0 1
    outer loop
      vertex 69.08313178117092 -4.860502884755812 77
      vertex 69.08313178117092 4.860502884755812 77
      vertex 68.84371390335843 -4.282496997066338 77
    endloop
  endfacet
  facet normal -0.4305110968082898 -0.9025852843498632 0
    outer loop
      vertex 72.84964962910213 -14.033352755966794 0
      vertex 73.59389787155615 -14.388340957870964 80
      vertex 72.84964962910213 -14.033352755966794 80
    endloop
  endfacet
  facet normal -0.38268343236509217 -0.9238795325112857 0
    outer loop
      vertex 73.59389787155615 -14.388340957870964 0
      vertex 74.35570479466152 -14.703891717330928 80
      vertex 73.59389787155615 -14.388340957870964 80
    endloop
  endfacet
  facet normal -0.3338068592337718 -0.9426414910921781 0
    outer loop
      vertex 74.35570479466152 -14.703891717330928 0
      vertex 75.13298233859457 -14.979140131648668 80
      vertex 74.35570479466152 -14.703891717330928 80
    endloop
  endfacet
  facet normal -0.47715876025961296 -0.8788171126619627 0
    outer loop
      vertex 72.125 -13.639900109604907 0
      vertex 72.84964962910213 -14.033352755966794 80
      vertex 72.125 -13.639900109604907 80
    endloop
  endfacet
  facet normal -0.284015344703921 -0.9588197348681935 0
    outer loop
      vertex 75.13298233859457 -14.979140131648668 0
      vertex 75.9236000396353 -15.213331764052827 80
      vertex 75.13298233859457 -14.979140131648668 80
    endloop
  endfacet
  facet normal -0.23344536385590842 -0.9723699203976759 0
    outer loop
      vertex 75.9236000396353 -15.213331764052827 0
      vertex 76.72539086962028 -15.40582471155744 80
      vertex 75.9236000396353 -15.213331764052827 80
    endloop
  endfacet
  facet normal -0.1822355254921462 -0.9832549075639548 0
    outer loop
      vertex 76.72539086962028 -15.40582471155744 0
      vertex 77.53615717561637 -15.55609136437342 80
      vertex 76.72539086962028 -15.40582471155744 80
    endloop
  endfacet
  facet normal -0.13052619222004913 -0.9914448613738107 0
    outer loop
      vertex 77.53615717561637 -15.55609136437342 0
      vertex 78.35367670353446 -15.663719852050304 80
      vertex 77.53615717561637 -15.55609136437342 80
    endloop
  endfacet
  facet normal -0.07845909572784637 -0.9969173337331277 0
    outer loop
      vertex 78.35367670353446 -15.663719852050304 0
      vertex 79.17570868917363 -15.728415172384539 80
      vertex 78.35367670353446 -15.663719852050304 80
    endloop
  endfacet
  facet normal -0.026176948307872875 -0.9996573249755574 0
    outer loop
      vertex 79.17570868917363 -15.728415172384539 0
      vertex 80 -15.75 80
      vertex 79.17570868917363 -15.728415172384539 80
    endloop
  endfacet
  facet normal 0.026176948307872875 -0.9996573249755574 0
    outer loop
      vertex 80 -15.75 0
      vertex 80.82429131082637 -15.728415172384539 80
      vertex 80 -15.75 80
    endloop
  endfacet
  facet normal 0.07845909572784637 -0.9969173337331277 0
    outer loop
      vertex 80.82429131082637 -15.728415172384539 0
      vertex 81.64632329646554 -15.663719852050304 80
      vertex 80.82429131082637 -15.728415172384539 80
    endloop
  endfacet
  facet normal 0.13052619222004913 -0.9914448613738107 0
    outer loop
      vertex 81.64632329646554 -15.663719852050304 0
      vertex 82.46384282438363 -15.55609136437342 80
      vertex 81.64632329646554 -15.663719852050304 80
    endloop
  endfacet
  facet normal 0.1822355254921462 -0.9832549075639548 0
    outer loop
      vertex 82.46384282438363 -15.55609136437342 0
      vertex 83.27460913037972 -15.40582471155744 80
      vertex 82.46384282438363 -15.55609136437342 80
    endloop
  endfacet
  facet normal 0.23344536385590842 -0.9723699203976759 0
    outer loop
      vertex 83.27460913037972 -15.40582471155744 0
      vertex 84.0763999603647 -15.213331764052827 80
      vertex 83.27460913037972 -15.40582471155744 80
    endloop
  endfacet
  facet normal 0.284015344703921 -0.9588197348681935 0
    outer loop
      vertex 84.0763999603647 -15.213331764052827 0
      vertex 84.86701766140543 -14.979140131648668 80
      vertex 84.0763999603647 -15.213331764052827 80
    endloop
  endfacet
  facet normal 0.3338068592337718 -0.9426414910921781 0
    outer loop
      vertex 84.86701766140543 -14.979140131648668 0
      vertex 85.64429520533848 -14.703891717330928 80
      vertex 84.86701766140543 -14.979140131648668 80
    endloop
  endfacet
  facet normal 0.38268343236509217 -0.9238795325112857 0
    outer loop
      vertex 85.64429520533848 -14.703891717330928 0
      vertex 86.40610212844385 -14.388340957870964 80
      vertex 85.64429520533848 -14.703891717330928 80
    endloop
  endfacet
  facet normal 0.4305110968082898 -0.9025852843498632 0
    outer loop
      vertex 86.40610212844385 -14.388340957870964 0
      vertex 87.15035037089787 -14.033352755966794 80
      vertex 86.40610212844385 -14.388340957870964 80
    endloop
  endfacet
  facet normal 0.47715876025961296 -0.8788171126619627 0
    outer loop
      vertex 87.15035037089787 -14.033352755966794 0
      vertex 87.875 -13.639900109604907 80
      vertex 87.15035037089787 -14.033352755966794 80
    endloop
  endfacet
  facet normal 0.5224985647159471 -0.8526401643540932 0
    outer loop
      vertex 87.875 -13.639900109604907 0
      vertex 88.57806480148668 -13.20906144514043 80
      vertex 87.875 -13.639900109604907 80
    endloop
  endfacet
  facet normal 0.5664062369248298 -0.8241261886220177 0
    outer loop
      vertex 88.57806480148668 -13.20906144514043 0
      vertex 89.25761772360646 -12.742017661405422 80
      vertex 88.57806480148668 -13.20906144514043 80
    endloop
  endfacet
  facet normal 0.6087614290087271 -0.7933533402912302 0
    outer loop
      vertex 89.25761772360646 -12.742017661405422 0
      vertex 89.91179615903494 -12.240048892947291 80
      vertex 89.25761772360646 -12.742017661405422 80
    endloop
  endfacet
  facet normal 0 0 1
    outer loop
      vertex 73.59389787155615 -14.388340957870964 80
      vertex 72.97596623510495 -9.66775308278062 80
      vertex 72.84964962910213 -14.033352755966794 80
    endloop
  endfacet
  facet normal 0 0 1
    outer loop
      vertex 74.35570479466152 -14.703891717330928 80
      vertex 75.13298233859457 -14.979140131648668 80
      vertex 74.57481352811241 -10.647527964050996 80
    endloop
  endfacet
  facet normal 0 0 1
    outer loop
      vertex 73.59389787155615 -14.388340957870964 80
      vertex 74.35570479466152 -14.703891717330928 80
      vertex 74.025 -10.34900357522404 80
    endloop
  endfacet
  facet normal 0 0 1
    outer loop
      vertex 76.72539086962028 -15.40582471155744 80
      vertex 77.53615717561637 -15.55609136437342 80
      vertex 76.90711241102488 -11.542813624154366 80
    endloop
  endfacet
  facet normal 0 0 1
    outer loop
      vertex 75.13298233859457 -14.979140131648668 80
      vertex 75.9236000396353 -15.213331764052827 80
      vertex 75.71750300293367 -11.15628609664156 80
    endloop
  endfacet
  facet normal 0 0 1
    outer loop
      vertex 75.9236000396353 -15.213331764052827 80
      vertex 76.72539086962028 -15.40582471155744 80
      vertex 76.30724691721937 -11.365125369727084 80
    endloop
  endfacet
  facet normal 0 0 1
    outer loop
      vertex 75.9236000396353 -15.213331764052827 80
      vertex 76.30724691721937 -11.365125369727084 80
      vertex 75.71750300293367 -11.15628609664156 80
    endloop
  endfacet
  facet normal 0 0 1
    outer loop
      vertex 76.72539086962028 -15.40582471155744 80
      vertex 76.90711241102488 -11.542813624154366 80
      vertex 76.30724691721937 -11.365125369727084 80
    endloop
  endfacet
  facet normal 0 0 1
    outer loop
      vertex 77.53615717561637 -15.55609136437342 80
      vertex 77.51545529472777 -11.688863828768977 80
      vertex 76.90711241102488 -11.542813624154366 80
    endloop
  endfacet
  facet normal 0 0 1
    outer loop
      vertex 77.53615717561637 -15.55609136437342 80
      vertex 78.13060814276925 -11.802875670111895 80
      vertex 77.51545529472777 -11.688863828768977 80
    endloop
  endfacet
  facet normal 0 0 1
    outer loop
      vertex 78.35367670353446 -15.663719852050304 80
      vertex 78.13060814276925 -11.802875670111895 80
      vertex 77.53615717561637 -15.55609136437342 80
    endloop
  endfacet
  facet normal 0 0 1
    outer loop
      vertex 78.35367670353446 -15.663719852050304 80
      vertex 79.17570868917363 -15.728415172384539 80
      vertex 78.75088486395154 -11.884536649650865 80
    endloop
  endfacet
  facet normal 0 0 1
    outer loop
      vertex 79.17570868917363 -15.728415172384539 80
      vertex 80 -15.75 80
      vertex 79.37458532289682 -11.933622940317157 80
    endloop
  endfacet
  facet normal 0 0 1
    outer loop
      vertex 80 -15.75 80
      vertex 80.82429131082637 -15.728415172384539 80
      vertex 80.62541467710318 -11.933622940317157 80
    endloop
  endfacet
  facet normal 0 0 1
    outer loop
      vertex 78.35367670353446 -15.663719852050304 80
      vertex 78.75088486395154 -11.884536649650865 80
      vertex 78.13060814276925 -11.802875670111895 80
    endloop
  endfacet
  facet normal 0 0 1
    outer loop
      vertex 79.17570868917363 -15.728415172384539 80
      vertex 79.37458532289682 -11.933622940317157 80
      vertex 78.75088486395154 -11.884536649650865 80
    endloop
  endfacet
  facet normal 0 0 1
    outer loop
      vertex 80 -15.75 80
      vertex 80 -11.95 80
      vertex 79.37458532289682 -11.933622940317157 80
    endloop
  endfacet
  facet normal 0 0 1
    outer loop
      vertex 80 -15.75 80
      vertex 80.62541467710318 -11.933622940317157 80
      vertex 80 -11.95 80
    endloop
  endfacet
  facet normal 0 0 1
    outer loop
      vertex 80.82429131082637 -15.728415172384539 80
      vertex 81.64632329646554 -15.663719852050304 80
      vertex 80.62541467710318 -11.933622940317157 80
    endloop
  endfacet
  facet normal 0 0 1
    outer loop
      vertex 81.64632329646554 -15.663719852050304 80
      vertex 82.46384282438363 -15.55609136437342 80
      vertex 81.24911513604846 -11.884536649650865 80
    endloop
  endfacet
  facet normal 0 0 1
    outer loop
      vertex 82.46384282438363 -15.55609136437342 80
      vertex 83.27460913037972 -15.40582471155744 80
      vertex 81.86939185723075 -11.802875670111895 80
    endloop
  endfacet
  facet normal 0 0 1
    outer loop
      vertex 81.64632329646554 -15.663719852050304 80
      vertex 81.24911513604846 -11.884536649650865 80
      vertex 80.62541467710318 -11.933622940317157 80
    endloop
  endfacet
  facet normal 0 0 1
    outer loop
      vertex 82.46384282438363 -15.55609136437342 80
      vertex 81.86939185723075 -11.802875670111895 80
      vertex 81.24911513604846 -11.884536649650865 80
    endloop
  endfacet
  facet normal 0 0 1
    outer loop
      vertex 83.27460913037972 -15.40582471155744 80
      vertex 84.0763999603647 -15.213331764052827 80
      vertex 83.09288758897512 -11.542813624154366 80
    endloop
  endfacet
  facet normal 0 0 1
    outer loop
      vertex 83.27460913037972 -15.40582471155744 80
      vertex 82.48454470527223 -11.688863828768977 80
      vertex 81.86939185723075 -11.802875670111895 80
    endloop
  endfacet
  facet normal 0 0 1
    outer loop
      vertex 83.27460913037972 -15.40582471155744 80
      vertex 83.09288758897512 -11.542813624154366 80
      vertex 82.48454470527223 -11.688863828768977 80
    endloop
  endfacet
  facet normal 0 0 1
    outer loop
      vertex 84.0763999603647 -15.213331764052827 80
      vertex 83.69275308278063 -11.365125369727084 80
      vertex 83.09288758897512 -11.542813624154366 80
    endloop
  endfacet
  facet normal 0 0 1
    outer loop
      vertex 84.0763999603647 -15.213331764052827 80
      vertex 84.86701766140543 -14.979140131648668 80
      vertex 83.69275308278063 -11.365125369727084 80
    endloop
  endfacet
  facet normal 0 0 1
    outer loop
      vertex 84.86701766140543 -14.979140131648668 80
      vertex 85.64429520533848 -14.703891717330928 80
      vertex 84.86050288475582 -10.91686821882908 80
    endloop
  endfacet
  facet normal 0 0 1
    outer loop
      vertex 84.86701766140543 -14.979140131648668 80
      vertex 84.28249699706633 -11.15628609664156 80
      vertex 83.69275308278063 -11.365125369727084 80
    endloop
  endfacet
  facet normal 0 0 1
    outer loop
      vertex 85.64429520533848 -14.703891717330928 80
      vertex 86.40610212844385 -14.388340957870964 80
      vertex 85.42518647188759 -10.647527964050996 80
    endloop
  endfacet
  facet normal 0 0 1
    outer loop
      vertex 86.40610212844385 -14.388340957870964 80
      vertex 87.15035037089787 -14.033352755966794 80
      vertex 85.975 -10.34900357522404 80
    endloop
  endfacet
  facet normal 0.608761429008718 0.793353340291237 0
    outer loop
      vertex 74.65115420413849 -7.3620546488120215 0
      vertex 74.27318444144647 -7.072028249258435 77
      vertex 74.65115420413849 -7.3620546488120215 77
    endloop
  endfacet
  facet normal 0.6883545756937506 0.725374371012291 0
    outer loop
      vertex 73.9109114821344 -6.762617911844288 0
      vertex 73.56532829120242 -6.434671708797583 77
      vertex 73.9109114821344 -6.762617911844288 77
    endloop
  endfacet
  facet normal 0.7253743710122864 0.6883545756937554 0
    outer loop
      vertex 73.56532829120242 -6.434671708797583 0
      vertex 73.23738208815571 -6.089088517865609 77
      vertex 73.56532829120242 -6.434671708797583 77
    endloop
  endfacet
  facet normal 0.649448048330193 0.760405965600023 0
    outer loop
      vertex 74.27318444144647 -7.072028249258435 0
      vertex 73.9109114821344 -6.762617911844288 77
      vertex 74.27318444144647 -7.072028249258435 77
    endloop
  endfacet
  facet normal 0.43051109680830063 0.9025852843498581 0
    outer loop
      vertex 76.29869654801021 -8.313263664547668 0
      vertex 75.86868645237013 -8.108159370114148 77
      vertex 76.29869654801021 -8.313263664547668 77
    endloop
  endfacet
  facet normal 0.47715876025961046 0.8788171126619642 0
    outer loop
      vertex 75.86868645237013 -8.108159370114148 0
      vertex 75.45 -7.8808311744383905 77
      vertex 75.86868645237013 -8.108159370114148 77
    endloop
  endfacet
  facet normal 0.33380685923376957 0.942641491092179 0
    outer loop
      vertex 77.18794535118798 -8.654614298285896 0
      vertex 76.73885165913777 -8.495581881124535 77
      vertex 77.18794535118798 -8.654614298285896 77
    endloop
  endfacet
  facet normal 0.284015344703927 0.9588197348681916 0
    outer loop
      vertex 77.64474668956706 -8.789925019230521 0
      vertex 77.18794535118798 -8.654614298285896 77
      vertex 77.64474668956706 -8.789925019230521 77
    endloop
  endfacet
  facet normal 0.3826834323650864 0.9238795325112882 0
    outer loop
      vertex 76.73885165913777 -8.495581881124535 0
      vertex 76.29869654801021 -8.313263664547668 77
      vertex 76.73885165913777 -8.495581881124535 77
    endloop
  endfacet
  facet normal 0.5664062369248279 0.824126188622019 0
    outer loop
      vertex 75.04378478136326 -7.631902168303359 0
      vertex 74.65115420413849 -7.3620546488120215 77
      vertex 75.04378478136326 -7.631902168303359 77
    endloop
  endfacet
  facet normal 0.5224985647159475 0.8526401643540932 0
    outer loop
      vertex 75.45 -7.8808311744383905 0
      vertex 75.04378478136326 -7.631902168303359 77
      vertex 75.45 -7.8808311744383905 77
    endloop
  endfacet
  facet normal 0.23344536385590067 0.9723699203976778 0
    outer loop
      vertex 78.1080036135584 -8.901143166677631 0
      vertex 77.64474668956706 -8.789925019230521 77
      vertex 78.1080036135584 -8.901143166677631 77
    endloop
  endfacet
  facet normal 0.1822355254921489 0.9832549075639544 0
    outer loop
      vertex 78.5764463681339 -8.987963899415753 0
      vertex 78.1080036135584 -8.901143166677631 77
      vertex 78.5764463681339 -8.987963899415753 77
    endloop
  endfacet
  facet normal 0.13052619222005116 0.9914448613738105 0
    outer loop
      vertex 79.04879098426436 -9.050149247851287 0
      vertex 78.5764463681339 -8.987963899415753 77
      vertex 79.04879098426436 -9.050149247851287 77
    endloop
  endfacet
  facet normal 0.07845909572784364 0.9969173337331282 0
    outer loop
      vertex 79.5237427981892 -9.08752876626662 0
      vertex 79.04879098426436 -9.050149247851287 77
      vertex 79.5237427981892 -9.08752876626662 77
    endloop
  endfacet
  facet normal 0.026176948307875373 0.9996573249755573 0
    outer loop
      vertex 80 -9.1 0
      vertex 79.5237427981892 -9.08752876626662 77
      vertex 80 -9.1 77
    endloop
  endfacet
  facet normal -0.026176948307875373 0.9996573249755573 0
    outer loop
      vertex 80.4762572018108 -9.08752876626662 0
      vertex 80 -9.1 77
      vertex 80.4762572018108 -9.08752876626662 77
    endloop
  endfacet
  facet normal -0.07845909572784364 0.9969173337331282 0
    outer loop
      vertex 80.95120901573564 -9.050149247851287 0
      vertex 80.4762572018108 -9.08752876626662 77
      vertex 80.95120901573564 -9.050149247851287 77
    endloop
  endfacet
  facet normal -0.13052619222005116 0.9914448613738105 0
    outer loop
      vertex 81.4235536318661 -8.987963899415753 0
      vertex 80.95120901573564 -9.050149247851287 77
      vertex 81.4235536318661 -8.987963899415753 77
    endloop
  endfacet
  facet normal -0.1822355254921489 0.9832549075639544 0
    outer loop
      vertex 81.8919963864416 -8.901143166677631 0
      vertex 81.4235536318661 -8.987963899415753 77
      vertex 81.8919963864416 -8.901143166677631 77
    endloop
  endfacet
  facet normal -0.23344536385590067 0.9723699203976778 0
    outer loop
      vertex 82.35525331043294 -8.789925019230521 0
      vertex 81.8919963864416 -8.901143166677631 77
      vertex 82.35525331043294 -8.789925019230521 77
    endloop
  endfacet
  facet normal -0.284015344703927 0.9588197348681916 0
    outer loop
      vertex 82.81205464881202 -8.654614298285896 0
      vertex 82.35525331043294 -8.789925019230521 77
      vertex 82.81205464881202 -8.654614298285896 77
    endloop
  endfacet
  facet normal -0.33380685923376957 0.942641491092179 0
    outer loop
      vertex 83.26114834086223 -8.495581881124535 0
      vertex 82.81205464881202 -8.654614298285896 77
      vertex 83.26114834086223 -8.495581881124535 77
    endloop
  endfacet
  facet normal -0.3826834323650864 0.9238795325112882 0
    outer loop
      vertex 83.70130345198979 -8.313263664547668 0
      vertex 83.26114834086223 -8.495581881124535 77
      vertex 83.70130345198979 -8.313263664547668 77
    endloop
  endfacet
  facet normal 0.7604059656000289 0.649448048330186 0
    outer loop
      vertex 73.23738208815571 -6.089088517865609 0
      vertex 72.92797175074156 -5.72681555855352 77
      vertex 73.23738208815571 -6.089088517865609 77
    endloop
  endfacet
  facet normal 0.7933533402912388 0.6087614290087158 0
    outer loop
      vertex 72.92797175074156 -5.72681555855352 0
      vertex 72.63794535118798 -5.348845795861505 77
      vertex 72.92797175074156 -5.72681555855352 77
    endloop
  endfacet
  facet normal 0.8241261886220171 0.5664062369248307 0
    outer loop
      vertex 72.63794535118798 -5.348845795861505 0
      vertex 72.36809783169664 -4.956215218636746 77
      vertex 72.63794535118798 -5.348845795861505 77
    endloop
  endfacet
  facet normal 0.8526401643540962 0.5224985647159426 0
    outer loop
      vertex 72.36809783169664 -4.956215218636746 0
      vertex 72.11916882556162 -4.55 77
      vertex 72.36809783169664 -4.956215218636746 77
    endloop
  endfacet
  facet normal 0.8788171126619553 0.47715876025962717 0
    outer loop
      vertex 72.11916882556162 -4.55 0
      vertex 71.89184062988585 -4.131313547629876 77
      vertex 72.11916882556162 -4.55 77
    endloop
  endfacet
  facet normal -0.43051109680830063 0.9025852843498581 0
    outer loop
      vertex 84.13131354762987 -8.108159370114148 0
      vertex 83.70130345198979 -8.313263664547668 77
      vertex 84.13131354762987 -8.108159370114148 77
    endloop
  endfacet
  facet normal -0.47715876025961046 0.8788171126619642 0
    outer loop
      vertex 84.55 -7.8808311744383905 0
      vertex 84.13131354762987 -8.108159370114148 77
      vertex 84.55 -7.8808311744383905 77
    endloop
  endfacet
  facet normal -0.5224985647159475 0.8526401643540932 0
    outer loop
      vertex 84.95621521863674 -7.631902168303359 0
      vertex 84.55 -7.8808311744383905 77
      vertex 84.95621521863674 -7.631902168303359 77
    endloop
  endfacet
  facet normal -0.5664062369248279 0.824126188622019 0
    outer loop
      vertex 85.34884579586151 -7.3620546488120215 0
      vertex 84.95621521863674 -7.631902168303359 77
      vertex 85.34884579586151 -7.3620546488120215 77
    endloop
  endfacet
  facet normal -0.608761429008718 0.793353340291237 0
    outer loop
      vertex 85.72681555855353 -7.072028249258435 0
      vertex 85.34884579586151 -7.3620546488120215 77
      vertex 85.72681555855353 -7.072028249258435 77
    endloop
  endfacet
  facet normal -0.649448048330193 0.760405965600023 0
    outer loop
      vertex 86.0890885178656 -6.762617911844288 0
      vertex 85.72681555855353 -7.072028249258435 77
      vertex 86.0890885178656 -6.762617911844288 77
    endloop
  endfacet
  facet normal -0.6883545756937506 0.725374371012291 0
    outer loop
      vertex 86.43467170879758 -6.434671708797583 0
      vertex 86.0890885178656 -6.762617911844288 77
      vertex 86.43467170879758 -6.434671708797583 77
    endloop
  endfacet
  facet normal 0.649448048330181 -0.7604059656000333 0
    outer loop
      vertex 89.91179615903494 -12.240048892947291 0
      vertex 90.53880705015202 -11.70453100126896 80
      vertex 89.91179615903494 -12.240048892947291 80
    endloop
  endfacet
  facet normal 0.68835457569375 -0.7253743710122913 0
    outer loop
      vertex 90.53880705015202 -11.70453100126896 0
      vertex 91.13693180368813 -11.136931803688125 80
      vertex 90.53880705015202 -11.70453100126896 80
    endloop
  endfacet
  facet normal 0.7253743710122893 -0.6883545756937522 0
    outer loop
      vertex 91.70453100126896 -10.538807050152018 0
      vertex 91.70453100126896 -10.538807050152018 80
      vertex 91.13693180368813 -11.136931803688125 80
    endloop
  endfacet
  facet normal 0.7604059656000366 -0.6494480483301771 0
    outer loop
      vertex 92.24004889294729 -9.911796159034939 0
      vertex 92.24004889294729 -9.911796159034939 80
      vertex 91.70453100126896 -10.538807050152018 80
    endloop
  endfacet
  facet normal 0.793353340291228 -0.60876142900873 0
    outer loop
      vertex 92.74201766140543 -9.257617723606453 0
      vertex 92.74201766140543 -9.257617723606453 80
      vertex 92.24004889294729 -9.911796159034939 80
    endloop
  endfacet
  facet normal 0.8241261886220149 -0.5664062369248338 0
    outer loop
      vertex 93.20906144514043 -8.578064801486677 0
      vertex 93.20906144514043 -8.578064801486677 80
      vertex 92.74201766140543 -9.257617723606453 80
    endloop
  endfacet
  facet normal 0.8526401643540956 -0.522498564715943 0
    outer loop
      vertex 93.63990010960491 -7.875 0
      vertex 93.63990010960491 -7.875 80
      vertex 93.20906144514043 -8.578064801486677 80
    endloop
  endfacet
  facet normal 0.8788171126619682 -0.47715876025960324 0
    outer loop
      vertex 94.03335275596679 -7.150350370897862 0
      vertex 94.03335275596679 -7.150350370897862 80
      vertex 93.63990010960491 -7.875 80
    endloop
  endfacet
  facet normal 0.9025852843498571 -0.4305110968083022 0
    outer loop
      vertex 94.38834095787097 -6.4061021284438535 0
      vertex 94.38834095787097 -6.4061021284438535 80
      vertex 94.03335275596679 -7.150350370897862 80
    endloop
  endfacet
  facet normal -0.7253743710122864 0.6883545756937554 0
    outer loop
      vertex 86.76261791184429 -6.089088517865609 0
      vertex 86.43467170879758 -6.434671708797583 77
      vertex 86.76261791184429 -6.089088517865609 77
    endloop
  endfacet
  facet normal -0.7604059656000289 0.649448048330186 0
    outer loop
      vertex 87.07202824925844 -5.72681555855352 0
      vertex 86.76261791184429 -6.089088517865609 77
      vertex 87.07202824925844 -5.72681555855352 77
    endloop
  endfacet
  facet normal -0.7933533402912388 0.6087614290087158 0
    outer loop
      vertex 87.36205464881202 -5.348845795861505 0
      vertex 87.07202824925844 -5.72681555855352 77
      vertex 87.36205464881202 -5.348845795861505 77
    endloop
  endfacet
  facet normal -0.8241261886220171 0.5664062369248307 0
    outer loop
      vertex 87.63190216830336 -4.956215218636746 0
      vertex 87.36205464881202 -5.348845795861505 77
      vertex 87.63190216830336 -4.956215218636746 77
    endloop
  endfacet
  facet normal -0.8526401643540962 0.5224985647159426 0
    outer loop
      vertex 87.88083117443838 -4.55 0
      vertex 87.63190216830336 -4.956215218636746 77
      vertex 87.88083117443838 -4.55 77
    endloop
  endfacet
  facet normal -0.8788171126619553 0.47715876025962717 0
    outer loop
      vertex 88.10815937011415 -4.131313547629876 0
      vertex 87.88083117443838 -4.55 77
      vertex 88.10815937011415 -4.131313547629876 77
    endloop
  endfacet
  facet normal -0.9025852843498686 0.43051109680827815 0
    outer loop
      vertex 88.31326366454766 -3.701303451989782 0
      vertex 88.10815937011415 -4.131313547629876 77
      vertex 88.31326366454766 -3.701303451989782 77
    endloop
  endfacet
  facet normal -0.9238795325112822 0.38268343236510116 0
    outer loop
      vertex 88.49558188112454 -3.261148340862232 0
      vertex 88.31326366454766 -3.701303451989782 77
      vertex 88.49558188112454 -3.261148340862232 77
    endloop
  endfacet
  facet normal -0.9426414910921821 0.33380685923376047 0
    outer loop
      vertex 88.65461429828589 -2.8120546488120213 0
      vertex 88.49558188112454 -3.261148340862232 77
      vertex 88.65461429828589 -2.8120546488120213 77
    endloop
  endfacet
  facet normal -0.958819734868189 0.28401534470393575 0
    outer loop
      vertex 88.78992501923052 -2.3552533104329387 0
      vertex 88.65461429828589 -2.8120546488120213 77
      vertex 88.78992501923052 -2.3552533104329387 77
    endloop
  endfacet
  facet normal -0.9723699203976792 0.23344536385589446 0
    outer loop
      vertex 88.90114316667763 -1.8919963864416098 0
      vertex 88.78992501923052 -2.3552533104329387 77
      vertex 88.90114316667763 -1.8919963864416098 77
    endloop
  endfacet
  facet normal -0.9832549075639558 0.18223552549214042 0
    outer loop
      vertex 88.98796389941575 -1.4235536318661008 0
      vertex 88.90114316667763 -1.8919963864416098 77
      vertex 88.98796389941575 -1.4235536318661008 77
    endloop
  endfacet
  facet normal -0.9914448613738065 0.13052619222008108 0
    outer loop
      vertex 89.0501492478513 -0.9512090157356465 0
      vertex 88.98796389941575 -1.4235536318661008 77
      vertex 89.0501492478513 -0.9512090157356465 77
    endloop
  endfacet
  facet normal -0.9969173337331303 0.07845909572781588 0
    outer loop
      vertex 89.08752876626662 -0.4762572018107889 0
      vertex 89.0501492478513 -0.9512090157356465 77
      vertex 89.08752876626662 -0.4762572018107889 77
    endloop
  endfacet
  facet normal -0.9996573249755573 0.026176948307875765 -6.786450029271473e-21
    outer loop
      vertex 89.08752876626662 -0.4762572018107889 77
      vertex 89.1 0 77
      vertex 89.1 0 0
    endloop
  endfacet
  facet normal 0.9238795325112855 -0.3826834323650933 0
    outer loop
      vertex 94.70389171733093 -5.644295205338479 0
      vertex 94.70389171733093 -5.644295205338479 80
      vertex 94.38834095787097 -6.4061021284438535 80
    endloop
  endfacet
  facet normal 0.9426414910921829 -0.33380685923375863 0
    outer loop
      vertex 94.97914013164866 -4.867017661405422 0
      vertex 94.97914013164866 -4.867017661405422 80
      vertex 94.70389171733093 -5.644295205338479 80
    endloop
  endfacet
  facet normal 0.9588197348681913 -0.2840153447039285 0
    outer loop
      vertex 95.21333176405282 -4.076399960364702 0
      vertex 95.21333176405282 -4.076399960364702 80
      vertex 94.97914013164866 -4.867017661405422 80
    endloop
  endfacet
  facet normal 0.9723699203976752 -0.23344536385591136 0
    outer loop
      vertex 95.40582471155744 -3.2746091303797096 0
      vertex 95.40582471155744 -3.2746091303797096 80
      vertex 95.21333176405282 -4.076399960364702 80
    endloop
  endfacet
  facet normal 0.9832549075639563 -0.18223552549213778 0
    outer loop
      vertex 95.55609136437342 -2.463842824383636 0
      vertex 95.55609136437342 -2.463842824383636 80
      vertex 95.40582471155744 -3.2746091303797096 80
    endloop
  endfacet
  facet normal 0.9914448613738096 -0.13052619222005762 0
    outer loop
      vertex 95.6637198520503 -1.646323296465542 0
      vertex 95.6637198520503 -1.646323296465542 80
      vertex 95.55609136437342 -2.463842824383636 80
    endloop
  endfacet
  facet normal 0.9969173337331276 -0.07845909572785013 0
    outer loop
      vertex 95.72841517238454 -0.8242913108263654 0
      vertex 95.72841517238454 -0.8242913108263654 80
      vertex 95.6637198520503 -1.646323296465542 80
    endloop
  endfacet
  facet normal 0.9996573249755576 -0.026176948307866495 1.4595180545680577e-20
    outer loop
      vertex 95.72841517238454 -0.8242913108263654 80
      vertex 95.75 0 0
      vertex 95.75 0 80
    endloop
  endfacet
  facet normal 0 0 1
    outer loop
      vertex 72.125 -13.639900109604907 80
      vertex 72.84964962910213 -14.033352755966794 80
      vertex 72.47962132695444 -9.286894239410802 80
    endloop
  endfacet
  facet normal 0 0 1
    outer loop
      vertex 73.59389787155615 -14.388340957870964 80
      vertex 73.49156353157042 -10.022113286947818 80
      vertex 72.97596623510495 -9.66775308278062 80
    endloop
  endfacet
  facet normal 0 0 1
    outer loop
      vertex 72.84964962910213 -14.033352755966794 80
      vertex 72.97596623510495 -9.66775308278062 80
      vertex 72.47962132695444 -9.286894239410802 80
    endloop
  endfacet
  facet normal 0 0 1
    outer loop
      vertex 74.35570479466152 -14.703891717330928 80
      vertex 74.57481352811241 -10.647527964050996 80
      vertex 74.025 -10.34900357522404 80
    endloop
  endfacet
  facet normal 0 0 1
    outer loop
      vertex 73.59389787155615 -14.388340957870964 80
      vertex 74.025 -10.34900357522404 80
      vertex 73.49156353157042 -10.022113286947818 80
    endloop
  endfacet
  facet normal 0 0 1
    outer loop
      vertex 72.125 -13.639900109604907 80
      vertex 72.47962132695444 -9.286894239410802 80
      vertex 72.00388925401164 -8.880580664454861 80
    endloop
  endfacet
  facet normal 0.6087614290087184 0.7933533402912368 -4.643118285352525e-18
    outer loop
      vertex 72.97596623510495 -9.66775308278062 77
      vertex 72.47962132695444 -9.286894239410802 77
      vertex 72.47962132695444 -9.286894239410802 80
    endloop
  endfacet
  facet normal 0.5664062369248402 0.8241261886220106 0
    outer loop
      vertex 72.97596623510495 -9.66775308278062 77
      vertex 72.97596623510495 -9.66775308278062 80
      vertex 73.49156353157042 -10.022113286947818 77
    endloop
  endfacet
  facet normal 0.5664062369248402 0.8241261886220106 0
    outer loop
      vertex 73.49156353157042 -10.022113286947818 77
      vertex 72.97596623510495 -9.66775308278062 80
      vertex 73.49156353157042 -10.022113286947818 80
    endloop
  endfacet
  facet normal 0.6087614290087184 0.7933533402912368 0
    outer loop
      vertex 72.97596623510495 -9.66775308278062 77
      vertex 72.47962132695444 -9.286894239410802 80
      vertex 72.97596623510495 -9.66775308278062 80
    endloop
  endfacet
  facet normal 0.43051109680829736 0.9025852843498595 0
    outer loop
      vertex 74.57481352811241 -10.647527964050996 77
      vertex 74.57481352811241 -10.647527964050996 80
      vertex 75.13949711524418 -10.91686821882908 77
    endloop
  endfacet
  facet normal 0.477158760259614 0.8788171126619623 3.2852494148615535e-20
    outer loop
      vertex 74.57481352811241 -10.647527964050996 77
      vertex 74.025 -10.34900357522404 77
      vertex 74.025 -10.34900357522404 80
    endloop
  endfacet
  facet normal 0.5224985647159389 0.8526401643540984 0
    outer loop
      vertex 74.025 -10.34900357522404 77
      vertex 73.49156353157042 -10.022113286947818 80
      vertex 74.025 -10.34900357522404 80
    endloop
  endfacet
  facet normal 0.477158760259614 0.8788171126619623 0
    outer loop
      vertex 74.57481352811241 -10.647527964050996 77
      vertex 74.025 -10.34900357522404 80
      vertex 74.57481352811241 -10.647527964050996 80
    endloop
  endfacet
  facet normal 0.5224985647159389 0.8526401643540984 -2.2116766294896805e-18
    outer loop
      vertex 74.025 -10.34900357522404 77
      vertex 73.49156353157042 -10.022113286947818 77
      vertex 73.49156353157042 -10.022113286947818 80
    endloop
  endfacet
  facet normal 0 0 1
    outer loop
      vertex 75.13298233859457 -14.979140131648668 80
      vertex 75.13949711524418 -10.91686821882908 80
      vertex 74.57481352811241 -10.647527964050996 80
    endloop
  endfacet
  facet normal 0 0 1
    outer loop
      vertex 75.13298233859457 -14.979140131648668 80
      vertex 75.71750300293367 -11.15628609664156 80
      vertex 75.13949711524418 -10.91686821882908 80
    endloop
  endfacet
  facet normal 0.3826834323650831 0.9238795325112895 -6.818839946577254e-18
    outer loop
      vertex 75.71750300293367 -11.15628609664156 77
      vertex 75.13949711524418 -10.91686821882908 77
      vertex 75.13949711524418 -10.91686821882908 80
    endloop
  endfacet
  facet normal 0.3338068592337752 0.9426414910921769 3.35200451145718e-18
    outer loop
      vertex 76.30724691721937 -11.365125369727084 77
      vertex 75.71750300293367 -11.15628609664156 77
      vertex 75.71750300293367 -11.15628609664156 80
    endloop
  endfacet
  facet normal 0.3826834323650831 0.9238795325112895 0
    outer loop
      vertex 75.71750300293367 -11.15628609664156 77
      vertex 75.13949711524418 -10.91686821882908 80
      vertex 75.71750300293367 -11.15628609664156 80
    endloop
  endfacet
  facet normal 0.3338068592337752 0.9426414910921769 0
    outer loop
      vertex 76.30724691721937 -11.365125369727084 77
      vertex 75.71750300293367 -11.15628609664156 80
      vertex 76.30724691721937 -11.365125369727084 80
    endloop
  endfacet
  facet normal 0.18223552549214464 0.9832549075639551 -3.294327564330197e-19
    outer loop
      vertex 78.13060814276925 -11.802875670111895 77
      vertex 77.51545529472777 -11.688863828768977 77
      vertex 77.51545529472777 -11.688863828768977 80
    endloop
  endfacet
  facet normal 0.2840153447039205 0.9588197348681937 0
    outer loop
      vertex 76.30724691721937 -11.365125369727084 77
      vertex 76.30724691721937 -11.365125369727084 80
      vertex 76.90711241102488 -11.542813624154366 77
    endloop
  endfacet
  facet normal 0.23344536385590758 0.9723699203976761 0
    outer loop
      vertex 76.90711241102488 -11.542813624154366 77
      vertex 76.90711241102488 -11.542813624154366 80
      vertex 77.51545529472777 -11.688863828768977 77
    endloop
  endfacet
  facet normal 0.2840153447039205 0.9588197348681937 0
    outer loop
      vertex 76.90711241102488 -11.542813624154366 77
      vertex 76.30724691721937 -11.365125369727084 80
      vertex 76.90711241102488 -11.542813624154366 80
    endloop
  endfacet
  facet normal 0.23344536385590758 0.9723699203976761 0
    outer loop
      vertex 77.51545529472777 -11.688863828768977 77
      vertex 76.90711241102488 -11.542813624154366 80
      vertex 77.51545529472777 -11.688863828768977 80
    endloop
  endfacet
  facet normal 0 0 1
    outer loop
      vertex 76.30724691721937 -11.365125369727084 77
      vertex 76.29869654801021 -8.313263664547668 77
      vertex 75.71750300293367 -11.15628609664156 77
    endloop
  endfacet
  facet normal 0 0 1
    outer loop
      vertex 75.71750300293367 -11.15628609664156 77
      vertex 75.45 -7.8808311744383905 77
      vertex 75.13949711524418 -10.91686821882908 77
    endloop
  endfacet
  facet normal 0 0 1
    outer loop
      vertex 74.57481352811241 -10.647527964050996 77
      vertex 75.13949711524418 -10.91686821882908 77
      vertex 75.04378478136326 -7.631902168303359 77
    endloop
  endfacet
  facet normal 0 0 1
    outer loop
      vertex 76.30724691721937 -11.365125369727084 77
      vertex 76.90711241102488 -11.542813624154366 77
      vertex 76.73885165913777 -8.495581881124535 77
    endloop
  endfacet
  facet normal 0 0 1
    outer loop
      vertex 76.90711241102488 -11.542813624154366 77
      vertex 77.51545529472777 -11.688863828768977 77
      vertex 77.18794535118798 -8.654614298285896 77
    endloop
  endfacet
  facet normal 0 0 1
    outer loop
      vertex 76.30724691721937 -11.365125369727084 77
      vertex 76.73885165913777 -8.495581881124535 77
      vertex 76.29869654801021 -8.313263664547668 77
    endloop
  endfacet
  facet normal 0 0 1
    outer loop
      vertex 76.90711241102488 -11.542813624154366 77
      vertex 77.18794535118798 -8.654614298285896 77
      vertex 76.73885165913777 -8.495581881124535 77
    endloop
  endfacet
  facet normal 0 0 1
    outer loop
      vertex 77.51545529472777 -11.688863828768977 77
      vertex 78.1080036135584 -8.901143166677631 77
      vertex 77.64474668956706 -8.789925019230521 77
    endloop
  endfacet
  facet normal 0 0 1
    outer loop
      vertex 77.51545529472777 -11.688863828768977 77
      vertex 77.64474668956706 -8.789925019230521 77
      vertex 77.18794535118798 -8.654614298285896 77
    endloop
  endfacet
  facet normal 0.43051109680829736 0.9025852843498595 4.317152688231589e-18
    outer loop
      vertex 74.57481352811241 -10.647527964050996 80
      vertex 75.13949711524418 -10.91686821882908 80
      vertex 75.13949711524418 -10.91686821882908 77
    endloop
  endfacet
  facet normal 0 0 1
    outer loop
      vertex 72.97596623510495 -9.66775308278062 77
      vertex 72.92797175074156 -5.72681555855352 77
      vertex 72.47962132695444 -9.286894239410802 77
    endloop
  endfacet
  facet normal 0 0 1
    outer loop
      vertex 72.97596623510495 -9.66775308278062 77
      vertex 73.49156353157042 -10.022113286947818 77
      vertex 73.23738208815571 -6.089088517865609 77
    endloop
  endfacet
  facet normal 0 0 1
    outer loop
      vertex 74.025 -10.34900357522404 77
      vertex 73.9109114821344 -6.762617911844288 77
      vertex 73.49156353157042 -10.022113286947818 77
    endloop
  endfacet
  facet normal 0 0 1
    outer loop
      vertex 74.57481352811241 -10.647527964050996 77
      vertex 74.27318444144647 -7.072028249258435 77
      vertex 74.025 -10.34900357522404 77
    endloop
  endfacet
  facet normal 0 0 1
    outer loop
      vertex 74.025 -10.34900357522404 77
      vertex 74.27318444144647 -7.072028249258435 77
      vertex 73.9109114821344 -6.762617911844288 77
    endloop
  endfacet
  facet normal 0 0 1
    outer loop
      vertex 74.57481352811241 -10.647527964050996 77
      vertex 74.65115420413849 -7.3620546488120215 77
      vertex 74.27318444144647 -7.072028249258435 77
    endloop
  endfacet
  facet normal 0 0 1
    outer loop
      vertex 74.57481352811241 -10.647527964050996 77
      vertex 75.04378478136326 -7.631902168303359 77
      vertex 74.65115420413849 -7.3620546488120215 77
    endloop
  endfacet
  facet normal 0.6494480483301791 0.7604059656000349 0
    outer loop
      vertex 72.00388925401164 -8.880580664454861 77
      vertex 72.00388925401164 -8.880580664454861 80
      vertex 72.47962132695444 -9.286894239410802 77
    endloop
  endfacet
  facet normal 0.6494480483301791 0.7604059656000349 0
    outer loop
      vertex 72.47962132695444 -9.286894239410802 77
      vertex 72.00388925401164 -8.880580664454861 80
      vertex 72.47962132695444 -9.286894239410802 80
    endloop
  endfacet
  facet normal 0 0 1
    outer loop
      vertex 72.00388925401164 -8.880580664454861 77
      vertex 72.47962132695444 -9.286894239410802 77
      vertex 72.36809783169664 -4.956215218636746 77
    endloop
  endfacet
  facet normal 0 0 1
    outer loop
      vertex 72.97596623510495 -9.66775308278062 77
      vertex 73.23738208815571 -6.089088517865609 77
      vertex 72.92797175074156 -5.72681555855352 77
    endloop
  endfacet
  facet normal 0 0 1
    outer loop
      vertex 72.47962132695444 -9.286894239410802 77
      vertex 72.63794535118798 -5.348845795861505 77
      vertex 72.36809783169664 -4.956215218636746 77
    endloop
  endfacet
  facet normal 0 0 1
    outer loop
      vertex 72.47962132695444 -9.286894239410802 77
      vertex 72.92797175074156 -5.72681555855352 77
      vertex 72.63794535118798 -5.348845795861505 77
    endloop
  endfacet
  facet normal 0 0 1
    outer loop
      vertex 73.49156353157042 -10.022113286947818 77
      vertex 73.9109114821344 -6.762617911844288 77
      vertex 73.56532829120242 -6.434671708797583 77
    endloop
  endfacet
  facet normal 0 0 1
    outer loop
      vertex 73.49156353157042 -10.022113286947818 77
      vertex 73.56532829120242 -6.434671708797583 77
      vertex 73.23738208815571 -6.089088517865609 77
    endloop
  endfacet
  facet normal 0 0 1
    outer loop
      vertex 75.13949711524418 -10.91686821882908 77
      vertex 75.45 -7.8808311744383905 77
      vertex 75.04378478136326 -7.631902168303359 77
    endloop
  endfacet
  facet normal 0 0 1
    outer loop
      vertex 75.71750300293367 -11.15628609664156 77
      vertex 76.29869654801021 -8.313263664547668 77
      vertex 75.86868645237013 -8.108159370114148 77
    endloop
  endfacet
  facet normal 0 0 1
    outer loop
      vertex 75.71750300293367 -11.15628609664156 77
      vertex 75.86868645237013 -8.108159370114148 77
      vertex 75.45 -7.8808311744383905 77
    endloop
  endfacet
  facet normal 0 0 1
    outer loop
      vertex 78.75088486395154 -11.884536649650865 77
      vertex 79.37458532289682 -11.933622940317157 77
      vertex 79.04879098426436 -9.050149247851287 77
    endloop
  endfacet
  facet normal 0 0 1
    outer loop
      vertex 79.37458532289682 -11.933622940317157 77
      vertex 80 -11.95 77
      vertex 80 -9.1 77
    endloop
  endfacet
  facet normal 0 0 1
    outer loop
      vertex 80 -11.95 77
      vertex 80.62541467710318 -11.933622940317157 77
      vertex 80 -9.1 77
    endloop
  endfacet
  facet normal 0 0 1
    outer loop
      vertex 80.62541467710318 -11.933622940317157 77
      vertex 81.24911513604846 -11.884536649650865 77
      vertex 80.4762572018108 -9.08752876626662 77
    endloop
  endfacet
  facet normal 0.1305261922200525 0.9914448613738103 0
    outer loop
      vertex 78.13060814276925 -11.802875670111895 77
      vertex 78.13060814276925 -11.802875670111895 80
      vertex 78.75088486395154 -11.884536649650865 77
    endloop
  endfacet
  facet normal 0.07845909572784578 0.9969173337331279 0
    outer loop
      vertex 78.75088486395154 -11.884536649650865 77
      vertex 78.75088486395154 -11.884536649650865 80
      vertex 79.37458532289682 -11.933622940317157 77
    endloop
  endfacet
  facet normal 0.18223552549214464 0.9832549075639551 0
    outer loop
      vertex 78.13060814276925 -11.802875670111895 77
      vertex 77.51545529472777 -11.688863828768977 80
      vertex 78.13060814276925 -11.802875670111895 80
    endloop
  endfacet
  facet normal 0.1305261922200525 0.9914448613738103 -1.0160771824455482e-18
    outer loop
      vertex 78.13060814276925 -11.802875670111895 80
      vertex 78.75088486395154 -11.884536649650865 80
      vertex 78.75088486395154 -11.884536649650865 77
    endloop
  endfacet
  facet normal 0.07845909572784578 0.9969173337331279 0
    outer loop
      vertex 79.37458532289682 -11.933622940317157 77
      vertex 78.75088486395154 -11.884536649650865 80
      vertex 79.37458532289682 -11.933622940317157 80
    endloop
  endfacet
  facet normal 0.026176948307872913 0.9996573249755573 0
    outer loop
      vertex 79.37458532289682 -11.933622940317157 77
      vertex 79.37458532289682 -11.933622940317157 80
      vertex 80 -11.95 77
    endloop
  endfacet
  facet normal -0.026176948307872913 0.9996573249755573 0
    outer loop
      vertex 80 -11.95 77
      vertex 80 -11.95 80
      vertex 80.62541467710318 -11.933622940317157 77
    endloop
  endfacet
  facet normal -0.07845909572784578 0.9969173337331279 0
    outer loop
      vertex 80.62541467710318 -11.933622940317157 77
      vertex 80.62541467710318 -11.933622940317157 80
      vertex 81.24911513604846 -11.884536649650865 77
    endloop
  endfacet
  facet normal 0.026176948307872913 0.9996573249755573 0
    outer loop
      vertex 80 -11.95 77
      vertex 79.37458532289682 -11.933622940317157 80
      vertex 80 -11.95 80
    endloop
  endfacet
  facet normal -0.026176948307872913 0.9996573249755573 0
    outer loop
      vertex 80.62541467710318 -11.933622940317157 77
      vertex 80 -11.95 80
      vertex 80.62541467710318 -11.933622940317157 80
    endloop
  endfacet
  facet normal 0 0 1
    outer loop
      vertex 78.13060814276925 -11.802875670111895 77
      vertex 78.1080036135584 -8.901143166677631 77
      vertex 77.51545529472777 -11.688863828768977 77
    endloop
  endfacet
  facet normal 0 0 1
    outer loop
      vertex 78.13060814276925 -11.802875670111895 77
      vertex 78.75088486395154 -11.884536649650865 77
      vertex 78.5764463681339 -8.987963899415753 77
    endloop
  endfacet
  facet normal 0 0 1
    outer loop
      vertex 78.13060814276925 -11.802875670111895 77
      vertex 78.5764463681339 -8.987963899415753 77
      vertex 78.1080036135584 -8.901143166677631 77
    endloop
  endfacet
  facet normal 0 0 1
    outer loop
      vertex 78.75088486395154 -11.884536649650865 77
      vertex 79.04879098426436 -9.050149247851287 77
      vertex 78.5764463681339 -8.987963899415753 77
    endloop
  endfacet
  facet normal 0 0 1
    outer loop
      vertex 79.37458532289682 -11.933622940317157 77
      vertex 79.5237427981892 -9.08752876626662 77
      vertex 79.04879098426436 -9.050149247851287 77
    endloop
  endfacet
  facet normal 0 0 1
    outer loop
      vertex 79.37458532289682 -11.933622940317157 77
      vertex 80 -9.1 77
      vertex 79.5237427981892 -9.08752876626662 77
    endloop
  endfacet
  facet normal 0 0 1
    outer loop
      vertex 80.62541467710318 -11.933622940317157 77
      vertex 80.4762572018108 -9.08752876626662 77
      vertex 80 -9.1 77
    endloop
  endfacet
  facet normal -0.1305261922200525 0.9914448613738103 0
    outer loop
      vertex 81.24911513604846 -11.884536649650865 77
      vertex 81.24911513604846 -11.884536649650865 80
      vertex 81.86939185723075 -11.802875670111895 77
    endloop
  endfacet
  facet normal -0.18223552549214464 0.9832549075639551 0
    outer loop
      vertex 81.86939185723075 -11.802875670111895 77
      vertex 81.86939185723075 -11.802875670111895 80
      vertex 82.48454470527223 -11.688863828768977 77
    endloop
  endfacet
  facet normal -0.07845909572784578 0.9969173337331279 0
    outer loop
      vertex 81.24911513604846 -11.884536649650865 77
      vertex 80.62541467710318 -11.933622940317157 80
      vertex 81.24911513604846 -11.884536649650865 80
    endloop
  endfacet
  facet normal -0.1305261922200525 0.9914448613738103 1.0160771824455482e-18
    outer loop
      vertex 81.24911513604846 -11.884536649650865 80
      vertex 81.86939185723075 -11.802875670111895 80
      vertex 81.86939185723075 -11.802875670111895 77
    endloop
  endfacet
  facet normal -0.18223552549214464 0.9832549075639551 0
    outer loop
      vertex 82.48454470527223 -11.688863828768977 77
      vertex 81.86939185723075 -11.802875670111895 80
      vertex 82.48454470527223 -11.688863828768977 80
    endloop
  endfacet
  facet normal -0.23344536385590758 0.9723699203976761 0
    outer loop
      vertex 82.48454470527223 -11.688863828768977 77
      vertex 82.48454470527223 -11.688863828768977 80
      vertex 83.09288758897512 -11.542813624154366 77
    endloop
  endfacet
  facet normal -0.2840153447039205 0.9588197348681937 0
    outer loop
      vertex 83.09288758897512 -11.542813624154366 77
      vertex 83.09288758897512 -11.542813624154366 80
      vertex 83.69275308278063 -11.365125369727084 77
    endloop
  endfacet
  facet normal -0.23344536385590758 0.9723699203976761 0
    outer loop
      vertex 83.09288758897512 -11.542813624154366 77
      vertex 82.48454470527223 -11.688863828768977 80
      vertex 83.09288758897512 -11.542813624154366 80
    endloop
  endfacet
  facet normal -0.2840153447039205 0.9588197348681937 0
    outer loop
      vertex 83.69275308278063 -11.365125369727084 77
      vertex 83.09288758897512 -11.542813624154366 80
      vertex 83.69275308278063 -11.365125369727084 80
    endloop
  endfacet
  facet normal 0 0 1
    outer loop
      vertex 81.24911513604846 -11.884536649650865 77
      vertex 81.86939185723075 -11.802875670111895 77
      vertex 80.95120901573564 -9.050149247851287 77
    endloop
  endfacet
  facet normal 0 0 1
    outer loop
      vertex 81.86939185723075 -11.802875670111895 77
      vertex 82.48454470527223 -11.688863828768977 77
      vertex 81.8919963864416 -8.901143166677631 77
    endloop
  endfacet
  facet normal 0 0 1
    outer loop
      vertex 81.24911513604846 -11.884536649650865 77
      vertex 80.95120901573564 -9.050149247851287 77
      vertex 80.4762572018108 -9.08752876626662 77
    endloop
  endfacet
  facet normal 0 0 1
    outer loop
      vertex 80.95120901573564 -9.050149247851287 77
      vertex 81.86939185723075 -11.802875670111895 77
      vertex 81.4235536318661 -8.987963899415753 77
    endloop
  endfacet
  facet normal 0 0 1
    outer loop
      vertex 81.4235536318661 -8.987963899415753 77
      vertex 81.86939185723075 -11.802875670111895 77
      vertex 81.8919963864416 -8.901143166677631 77
    endloop
  endfacet
  facet normal 0 0 1
    outer loop
      vertex 82.48454470527223 -11.688863828768977 77
      vertex 82.35525331043294 -8.789925019230521 77
      vertex 81.8919963864416 -8.901143166677631 77
    endloop
  endfacet
  facet normal 0 0 1
    outer loop
      vertex 82.48454470527223 -11.688863828768977 77
      vertex 83.09288758897512 -11.542813624154366 77
      vertex 82.35525331043294 -8.789925019230521 77
    endloop
  endfacet
  facet normal 0 0 1
    outer loop
      vertex 83.09288758897512 -11.542813624154366 77
      vertex 83.69275308278063 -11.365125369727084 77
      vertex 82.81205464881202 -8.654614298285896 77
    endloop
  endfacet
  facet normal 0 0 1
    outer loop
      vertex 83.09288758897512 -11.542813624154366 77
      vertex 82.81205464881202 -8.654614298285896 77
      vertex 82.35525331043294 -8.789925019230521 77
    endloop
  endfacet
  facet normal 0 0 1
    outer loop
      vertex 83.69275308278063 -11.365125369727084 77
      vertex 83.26114834086223 -8.495581881124535 77
      vertex 82.81205464881202 -8.654614298285896 77
    endloop
  endfacet
  facet normal 0 0 1
    outer loop
      vertex 83.69275308278063 -11.365125369727084 77
      vertex 83.70130345198979 -8.313263664547668 77
      vertex 83.26114834086223 -8.495581881124535 77
    endloop
  endfacet
  facet normal 0 0 1
    outer loop
      vertex 72.00388925401164 -8.880580664454861 77
      vertex 72.36809783169664 -4.956215218636746 77
      vertex 72.11916882556162 -4.55 77
    endloop
  endfacet
  facet normal 0 0 1
    outer loop
      vertex 72.00388925401164 -8.880580664454861 77
      vertex 72.11916882556162 -4.55 77
      vertex 71.89184062988585 -4.131313547629876 77
    endloop
  endfacet
  facet normal 0 0 1
    outer loop
      vertex 84.86701766140543 -14.979140131648668 80
      vertex 84.86050288475582 -10.91686821882908 80
      vertex 84.28249699706633 -11.15628609664156 80
    endloop
  endfacet
  facet normal 0 0 1
    outer loop
      vertex 85.64429520533848 -14.703891717330928 80
      vertex 85.42518647188759 -10.647527964050996 80
      vertex 84.86050288475582 -10.91686821882908 80
    endloop
  endfacet
  facet normal -0.3338068592337752 0.9426414910921769 0
    outer loop
      vertex 83.69275308278063 -11.365125369727084 77
      vertex 83.69275308278063 -11.365125369727084 80
      vertex 84.28249699706633 -11.15628609664156 77
    endloop
  endfacet
  facet normal -0.3826834323650831 0.9238795325112895 0
    outer loop
      vertex 84.28249699706633 -11.15628609664156 77
      vertex 84.28249699706633 -11.15628609664156 80
      vertex 84.86050288475582 -10.91686821882908 77
    endloop
  endfacet
  facet normal -0.3338068592337752 0.9426414910921769 0
    outer loop
      vertex 84.28249699706633 -11.15628609664156 77
      vertex 83.69275308278063 -11.365125369727084 80
      vertex 84.28249699706633 -11.15628609664156 80
    endloop
  endfacet
  facet normal -0.3826834323650831 0.9238795325112895 6.818839946577254e-18
    outer loop
      vertex 84.28249699706633 -11.15628609664156 80
      vertex 84.86050288475582 -10.91686821882908 80
      vertex 84.86050288475582 -10.91686821882908 77
    endloop
  endfacet
  facet normal 0 0 1
    outer loop
      vertex 86.40610212844385 -14.388340957870964 80
      vertex 85.975 -10.34900357522404 80
      vertex 85.42518647188759 -10.647527964050996 80
    endloop
  endfacet
  facet normal 0 0 1
    outer loop
      vertex 87.15035037089787 -14.033352755966794 80
      vertex 86.50843646842958 -10.022113286947818 80
      vertex 85.975 -10.34900357522404 80
    endloop
  endfacet
  facet normal 0 0 1
    outer loop
      vertex 83.69275308278063 -11.365125369727084 77
      vertex 84.28249699706633 -11.15628609664156 77
      vertex 83.70130345198979 -8.313263664547668 77
    endloop
  endfacet
  facet normal 0 0 1
    outer loop
      vertex 84.28249699706633 -11.15628609664156 77
      vertex 84.86050288475582 -10.91686821882908 77
      vertex 84.13131354762987 -8.108159370114148 77
    endloop
  endfacet
  facet normal 0 0 1
    outer loop
      vertex 84.86050288475582 -10.91686821882908 77
      vertex 85.42518647188759 -10.647527964050996 77
      vertex 84.55 -7.8808311744383905 77
    endloop
  endfacet
  facet normal 0 0 1
    outer loop
      vertex 85.42518647188759 -10.647527964050996 77
      vertex 85.975 -10.34900357522404 77
      vertex 85.34884579586151 -7.3620546488120215 77
    endloop
  endfacet
  facet normal -0.43051109680829736 0.9025852843498595 0
    outer loop
      vertex 84.86050288475582 -10.91686821882908 77
      vertex 84.86050288475582 -10.91686821882908 80
      vertex 85.42518647188759 -10.647527964050996 77
    endloop
  endfacet
  facet normal -0.43051109680829736 0.9025852843498595 -4.317152688231589e-18
    outer loop
      vertex 84.86050288475582 -10.91686821882908 80
      vertex 85.42518647188759 -10.647527964050996 80
      vertex 85.42518647188759 -10.647527964050996 77
    endloop
  endfacet
  facet normal -0.477158760259614 0.8788171126619623 0
    outer loop
      vertex 85.42518647188759 -10.647527964050996 77
      vertex 85.42518647188759 -10.647527964050996 80
      vertex 85.975 -10.34900357522404 77
    endloop
  endfacet
  facet normal -0.5224985647159389 0.8526401643540984 0
    outer loop
      vertex 85.975 -10.34900357522404 77
      vertex 85.975 -10.34900357522404 80
      vertex 86.50843646842958 -10.022113286947818 77
    endloop
  endfacet
  facet normal -0.477158760259614 0.8788171126619623 0
    outer loop
      vertex 85.975 -10.34900357522404 77
      vertex 85.42518647188759 -10.647527964050996 80
      vertex 85.975 -10.34900357522404 80
    endloop
  endfacet
  facet normal -0.5664062369248402 0.8241261886220106 0
    outer loop
      vertex 86.50843646842958 -10.022113286947818 77
      vertex 86.50843646842958 -10.022113286947818 80
      vertex 87.02403376489505 -9.66775308278062 77
    endloop
  endfacet
  facet normal -0.5224985647159389 0.8526401643540984 0
    outer loop
      vertex 86.50843646842958 -10.022113286947818 77
      vertex 85.975 -10.34900357522404 80
      vertex 86.50843646842958 -10.022113286947818 80
    endloop
  endfacet
  facet normal 0 0 1
    outer loop
      vertex 87.15035037089787 -14.033352755966794 80
      vertex 87.875 -13.639900109604907 80
      vertex 87.02403376489505 -9.66775308278062 80
    endloop
  endfacet
  facet normal 0 0 1
    outer loop
      vertex 87.875 -13.639900109604907 80
      vertex 88.57806480148668 -13.20906144514043 80
      vertex 87.52037867304556 -9.286894239410802 80
    endloop
  endfacet
  facet normal 0 0 1
    outer loop
      vertex 87.15035037089787 -14.033352755966794 80
      vertex 87.02403376489505 -9.66775308278062 80
      vertex 86.50843646842958 -10.022113286947818 80
    endloop
  endfacet
  facet normal 0 0 1
    outer loop
      vertex 88.57806480148668 -13.20906144514043 80
      vertex 89.25761772360646 -12.742017661405422 80
      vertex 88.44992603517925 -8.449926035179242 80
    endloop
  endfacet
  facet normal 0 0 1
    outer loop
      vertex 89.25761772360646 -12.742017661405422 80
      vertex 89.91179615903494 -12.240048892947291 80
      vertex 88.88058066445487 -7.996110745988355 80
    endloop
  endfacet
  facet normal 0 0 1
    outer loop
      vertex 87.875 -13.639900109604907 80
      vertex 87.52037867304556 -9.286894239410802 80
      vertex 87.02403376489505 -9.66775308278062 80
    endloop
  endfacet
  facet normal 0 0 1
    outer loop
      vertex 88.57806480148668 -13.20906144514043 80
      vertex 87.99611074598836 -8.880580664454861 80
      vertex 87.52037867304556 -9.286894239410802 80
    endloop
  endfacet
  facet normal -0.6087614290087184 0.7933533402912368 0
    outer loop
      vertex 87.02403376489505 -9.66775308278062 77
      vertex 87.02403376489505 -9.66775308278062 80
      vertex 87.52037867304556 -9.286894239410802 77
    endloop
  endfacet
  facet normal -0.5664062369248402 0.8241261886220106 0
    outer loop
      vertex 87.02403376489505 -9.66775308278062 77
      vertex 86.50843646842958 -10.022113286947818 80
      vertex 87.02403376489505 -9.66775308278062 80
    endloop
  endfacet
  facet normal -0.6087614290087184 0.7933533402912368 4.643118285352525e-18
    outer loop
      vertex 87.02403376489505 -9.66775308278062 80
      vertex 87.52037867304556 -9.286894239410802 80
      vertex 87.52037867304556 -9.286894239410802 77
    endloop
  endfacet
  facet normal 0 0 1
    outer loop
      vertex 88.57806480148668 -13.20906144514043 80
      vertex 88.44992603517925 -8.449926035179242 80
      vertex 87.99611074598836 -8.880580664454861 80
    endloop
  endfacet
  facet normal 0 0 1
    outer loop
      vertex 89.25761772360646 -12.742017661405422 80
      vertex 88.88058066445487 -7.996110745988355 80
      vertex 88.44992603517925 -8.449926035179242 80
    endloop
  endfacet
  facet normal 0 0 1
    outer loop
      vertex 84.28249699706633 -11.15628609664156 77
      vertex 84.13131354762987 -8.108159370114148 77
      vertex 83.70130345198979 -8.313263664547668 77
    endloop
  endfacet
  facet normal 0 0 1
    outer loop
      vertex 84.86050288475582 -10.91686821882908 77
      vertex 84.55 -7.8808311744383905 77
      vertex 84.13131354762987 -8.108159370114148 77
    endloop
  endfacet
  facet normal 0 0 1
    outer loop
      vertex 85.42518647188759 -10.647527964050996 77
      vertex 84.95621521863674 -7.631902168303359 77
      vertex 84.55 -7.8808311744383905 77
    endloop
  endfacet
  facet normal 0 0 1
    outer loop
      vertex 85.42518647188759 -10.647527964050996 77
      vertex 85.34884579586151 -7.3620546488120215 77
      vertex 84.95621521863674 -7.631902168303359 77
    endloop
  endfacet
  facet normal 0 0 1
    outer loop
      vertex 85.975 -10.34900357522404 77
      vertex 86.50843646842958 -10.022113286947818 77
      vertex 85.72681555855353 -7.072028249258435 77
    endloop
  endfacet
  facet normal 0 0 1
    outer loop
      vertex 86.50843646842958 -10.022113286947818 77
      vertex 87.02403376489505 -9.66775308278062 77
      vertex 86.43467170879758 -6.434671708797583 77
    endloop
  endfacet
  facet normal 0 0 1
    outer loop
      vertex 85.975 -10.34900357522404 77
      vertex 85.72681555855353 -7.072028249258435 77
      vertex 85.34884579586151 -7.3620546488120215 77
    endloop
  endfacet
  facet normal 0 0 1
    outer loop
      vertex 86.50843646842958 -10.022113286947818 77
      vertex 86.0890885178656 -6.762617911844288 77
      vertex 85.72681555855353 -7.072028249258435 77
    endloop
  endfacet
  facet normal 0 0 1
    outer loop
      vertex 86.50843646842958 -10.022113286947818 77
      vertex 86.43467170879758 -6.434671708797583 77
      vertex 86.0890885178656 -6.762617911844288 77
    endloop
  endfacet
  facet normal 0 0 1
    outer loop
      vertex 87.02403376489505 -9.66775308278062 77
      vertex 86.76261791184429 -6.089088517865609 77
      vertex 86.43467170879758 -6.434671708797583 77
    endloop
  endfacet
  facet normal 0 0 1
    outer loop
      vertex 87.02403376489505 -9.66775308278062 77
      vertex 87.52037867304556 -9.286894239410802 77
      vertex 87.07202824925844 -5.72681555855352 77
    endloop
  endfacet
  facet normal -0.6494480483301791 0.7604059656000349 0
    outer loop
      vertex 87.52037867304556 -9.286894239410802 77
      vertex 87.52037867304556 -9.286894239410802 80
      vertex 87.99611074598836 -8.880580664454861 77
    endloop
  endfacet
  facet normal -0.6883545756937562 0.7253743710122855 0
    outer loop
      vertex 87.99611074598836 -8.880580664454861 77
      vertex 87.99611074598836 -8.880580664454861 80
      vertex 88.44992603517925 -8.449926035179242 77
    endloop
  endfacet
  facet normal -0.6494480483301791 0.7604059656000349 0
    outer loop
      vertex 87.99611074598836 -8.880580664454861 77
      vertex 87.52037867304556 -9.286894239410802 80
      vertex 87.99611074598836 -8.880580664454861 80
    endloop
  endfacet
  facet normal -0.6883545756937562 0.7253743710122855 0
    outer loop
      vertex 88.44992603517925 -8.449926035179242 77
      vertex 87.99611074598836 -8.880580664454861 80
      vertex 88.44992603517925 -8.449926035179242 80
    endloop
  endfacet
  facet normal 0 0 1
    outer loop
      vertex 89.91179615903494 -12.240048892947291 80
      vertex 89.2868942394108 -7.520378673045556 80
      vertex 88.88058066445487 -7.996110745988355 80
    endloop
  endfacet
  facet normal 0 0 1
    outer loop
      vertex 89.91179615903494 -12.240048892947291 80
      vertex 89.66775308278062 -7.024033764895053 80
      vertex 89.2868942394108 -7.520378673045556 80
    endloop
  endfacet
  facet normal -0.725374371012284 0.6883545756937578 0
    outer loop
      vertex 88.44992603517925 -8.449926035179242 77
      vertex 88.44992603517925 -8.449926035179242 80
      vertex 88.88058066445487 -7.996110745988355 77
    endloop
  endfacet
  facet normal -0.7604059656000397 0.6494480483301734 0
    outer loop
      vertex 88.88058066445487 -7.996110745988355 77
      vertex 88.88058066445487 -7.996110745988355 80
      vertex 89.2868942394108 -7.520378673045556 77
    endloop
  endfacet
  facet normal -0.725374371012284 0.6883545756937578 -3.823289487621037e-18
    outer loop
      vertex 88.44992603517925 -8.449926035179242 80
      vertex 88.88058066445487 -7.996110745988355 80
      vertex 88.88058066445487 -7.996110745988355 77
    endloop
  endfacet
  facet normal 0 0 1
    outer loop
      vertex 87.02403376489505 -9.66775308278062 77
      vertex 87.07202824925844 -5.72681555855352 77
      vertex 86.76261791184429 -6.089088517865609 77
    endloop
  endfacet
  facet normal 0 0 1
    outer loop
      vertex 87.52037867304556 -9.286894239410802 77
      vertex 87.99611074598836 -8.880580664454861 77
      vertex 87.63190216830336 -4.956215218636746 77
    endloop
  endfacet
  facet normal 0 0 1
    outer loop
      vertex 87.99611074598836 -8.880580664454861 77
      vertex 88.44992603517925 -8.449926035179242 77
      vertex 88.10815937011415 -4.131313547629876 77
    endloop
  endfacet
  facet normal 0 0 1
    outer loop
      vertex 87.52037867304556 -9.286894239410802 77
      vertex 87.36205464881202 -5.348845795861505 77
      vertex 87.07202824925844 -5.72681555855352 77
    endloop
  endfacet
  facet normal 0 0 1
    outer loop
      vertex 87.52037867304556 -9.286894239410802 77
      vertex 87.63190216830336 -4.956215218636746 77
      vertex 87.36205464881202 -5.348845795861505 77
    endloop
  endfacet
  facet normal 0 0 1
    outer loop
      vertex 88.44992603517925 -8.449926035179242 77
      vertex 88.88058066445487 -7.996110745988355 77
      vertex 88.49558188112454 -3.261148340862232 77
    endloop
  endfacet
  facet normal -0.7933533402912331 0.6087614290087235 0
    outer loop
      vertex 89.2868942394108 -7.520378673045556 77
      vertex 89.2868942394108 -7.520378673045556 80
      vertex 89.66775308278062 -7.024033764895053 77
    endloop
  endfacet
  facet normal -0.7604059656000397 0.6494480483301734 5.341846115850524e-18
    outer loop
      vertex 88.88058066445487 -7.996110745988355 80
      vertex 89.2868942394108 -7.520378673045556 80
      vertex 89.2868942394108 -7.520378673045556 77
    endloop
  endfacet
  facet normal -0.7933533402912331 0.6087614290087235 0
    outer loop
      vertex 89.66775308278062 -7.024033764895053 77
      vertex 89.2868942394108 -7.520378673045556 80
      vertex 89.66775308278062 -7.024033764895053 80
    endloop
  endfacet
  facet normal -0.8241261886220174 0.5664062369248304 0
    outer loop
      vertex 89.66775308278062 -7.024033764895053 77
      vertex 89.66775308278062 -7.024033764895053 80
      vertex 90.02211328694781 -6.508436468429573 77
    endloop
  endfacet
  facet normal 0 0 1
    outer loop
      vertex 89.91179615903494 -12.240048892947291 80
      vertex 90.53880705015202 -11.70453100126896 80
      vertex 89.66775308278062 -7.024033764895053 80
    endloop
  endfacet
  facet normal 0 0 1
    outer loop
      vertex 90.53880705015202 -11.70453100126896 80
      vertex 91.13693180368813 -11.136931803688125 80
      vertex 90.34900357522405 -5.975 80
    endloop
  endfacet
  facet normal 0 0 1
    outer loop
      vertex 91.13693180368813 -11.136931803688125 80
      vertex 91.70453100126896 -10.538807050152018 80
      vertex 90.91686821882908 -4.860502884755812 80
    endloop
  endfacet
  facet normal 0 0 1
    outer loop
      vertex 90.53880705015202 -11.70453100126896 80
      vertex 90.02211328694781 -6.508436468429573 80
      vertex 89.66775308278062 -7.024033764895053 80
    endloop
  endfacet
  facet normal 0 0 1
    outer loop
      vertex 90.53880705015202 -11.70453100126896 80
      vertex 90.34900357522405 -5.975 80
      vertex 90.02211328694781 -6.508436468429573 80
    endloop
  endfacet
  facet normal 0 0 1
    outer loop
      vertex 91.13693180368813 -11.136931803688125 80
      vertex 90.647527964051 -5.425186471887584 80
      vertex 90.34900357522405 -5.975 80
    endloop
  endfacet
  facet normal 0 0 1
    outer loop
      vertex 91.13693180368813 -11.136931803688125 80
      vertex 90.91686821882908 -4.860502884755812 80
      vertex 90.647527964051 -5.425186471887584 80
    endloop
  endfacet
  facet normal -0.852640164354087 0.5224985647159575 0
    outer loop
      vertex 90.02211328694781 -6.508436468429573 77
      vertex 90.02211328694781 -6.508436468429573 80
      vertex 90.34900357522405 -5.975 77
    endloop
  endfacet
  facet normal -0.8241261886220174 0.5664062369248304 0
    outer loop
      vertex 90.02211328694781 -6.508436468429573 77
      vertex 89.66775308278062 -7.024033764895053 80
      vertex 90.02211328694781 -6.508436468429573 80
    endloop
  endfacet
  facet normal 0 0 1
    outer loop
      vertex 91.70453100126896 -10.538807050152018 80
      vertex 91.15628609664157 -4.282496997066338 80
      vertex 90.91686821882908 -4.860502884755812 80
    endloop
  endfacet
  facet normal 0 0 1
    outer loop
      vertex 91.70453100126896 -10.538807050152018 80
      vertex 92.24004889294729 -9.911796159034939 80
      vertex 91.68886382876897 -2.484544705272224 80
    endloop
  endfacet
  facet normal 0 0 1
    outer loop
      vertex 87.99611074598836 -8.880580664454861 77
      vertex 87.88083117443838 -4.55 77
      vertex 87.63190216830336 -4.956215218636746 77
    endloop
  endfacet
  facet normal 0 0 1
    outer loop
      vertex 87.99611074598836 -8.880580664454861 77
      vertex 88.10815937011415 -4.131313547629876 77
      vertex 87.88083117443838 -4.55 77
    endloop
  endfacet
  facet normal 0 0 1
    outer loop
      vertex 88.44992603517925 -8.449926035179242 77
      vertex 88.31326366454766 -3.701303451989782 77
      vertex 88.10815937011415 -4.131313547629876 77
    endloop
  endfacet
  facet normal 0 0 1
    outer loop
      vertex 88.88058066445487 -7.996110745988355 77
      vertex 89.2868942394108 -7.520378673045556 77
      vertex 89.0501492478513 -0.9512090157356465 77
    endloop
  endfacet
  facet normal 0 0 1
    outer loop
      vertex 88.44992603517925 -8.449926035179242 77
      vertex 88.49558188112454 -3.261148340862232 77
      vertex 88.31326366454766 -3.701303451989782 77
    endloop
  endfacet
  facet normal 0 0 1
    outer loop
      vertex 88.88058066445487 -7.996110745988355 77
      vertex 88.65461429828589 -2.8120546488120213 77
      vertex 88.49558188112454 -3.261148340862232 77
    endloop
  endfacet
  facet normal 0 0 1
    outer loop
      vertex 88.88058066445487 -7.996110745988355 77
      vertex 88.78992501923052 -2.3552533104329387 77
      vertex 88.65461429828589 -2.8120546488120213 77
    endloop
  endfacet
  facet normal 0 0 1
    outer loop
      vertex 88.88058066445487 -7.996110745988355 77
      vertex 88.90114316667763 -1.8919963864416098 77
      vertex 88.78992501923052 -2.3552533104329387 77
    endloop
  endfacet
  facet normal 0 0 1
    outer loop
      vertex 88.88058066445487 -7.996110745988355 77
      vertex 88.98796389941575 -1.4235536318661008 77
      vertex 88.90114316667763 -1.8919963864416098 77
    endloop
  endfacet
  facet normal 0 0 1
    outer loop
      vertex 88.88058066445487 -7.996110745988355 77
      vertex 89.0501492478513 -0.9512090157356465 77
      vertex 88.98796389941575 -1.4235536318661008 77
    endloop
  endfacet
  facet normal 0 0 1
    outer loop
      vertex 89.2868942394108 -7.520378673045556 77
      vertex 89.08752876626662 -0.4762572018107889 77
      vertex 89.0501492478513 -0.9512090157356465 77
    endloop
  endfacet
  facet normal 0 0 1
    outer loop
      vertex 89.2868942394108 -7.520378673045556 77
      vertex 89.1 0 77
      vertex 89.08752876626662 -0.4762572018107889 77
    endloop
  endfacet
  facet normal 0 0 1
    outer loop
      vertex 89.2868942394108 -7.520378673045556 77
      vertex 89.66775308278062 -7.024033764895053 77
      vertex 89.66775308278062 7.024033764895053 77
    endloop
  endfacet
  facet normal -0.8788171126619694 0.4771587602596011 0
    outer loop
      vertex 90.34900357522405 -5.975 77
      vertex 90.34900357522405 -5.975 80
      vertex 90.647527964051 -5.425186471887584 77
    endloop
  endfacet
  facet normal -0.852640164354087 0.5224985647159575 -2.027921097166966e-18
    outer loop
      vertex 90.02211328694781 -6.508436468429573 80
      vertex 90.34900357522405 -5.975 80
      vertex 90.34900357522405 -5.975 77
    endloop
  endfacet
  facet normal -0.8788171126619694 0.4771587602596011 0
    outer loop
      vertex 90.647527964051 -5.425186471887584 77
      vertex 90.34900357522405 -5.975 80
      vertex 90.647527964051 -5.425186471887584 80
    endloop
  endfacet
  facet normal -0.9025852843498597 0.4305110968082969 0
    outer loop
      vertex 90.647527964051 -5.425186471887584 77
      vertex 90.647527964051 -5.425186471887584 80
      vertex 90.91686821882908 -4.860502884755812 77
    endloop
  endfacet
  facet normal -0.9025852843498597 0.4305110968082969 0
    outer loop
      vertex 90.91686821882908 -4.860502884755812 77
      vertex 90.647527964051 -5.425186471887584 80
      vertex 90.91686821882908 -4.860502884755812 80
    endloop
  endfacet
  facet normal 0 0 1
    outer loop
      vertex 91.70453100126896 -10.538807050152018 80
      vertex 91.36512536972708 -3.692753082780621 80
      vertex 91.15628609664157 -4.282496997066338 80
    endloop
  endfacet
  facet normal 0 0 1
    outer loop
      vertex 91.70453100126896 -10.538807050152018 80
      vertex 91.54281362415436 -3.0928875889751226 80
      vertex 91.36512536972708 -3.692753082780621 80
    endloop
  endfacet
  facet normal 0 0 1
    outer loop
      vertex 91.70453100126896 -10.538807050152018 80
      vertex 91.68886382876897 -2.484544705272224 80
      vertex 91.54281362415436 -3.0928875889751226 80
    endloop
  endfacet
  facet normal 0 0 1
    outer loop
      vertex 92.24004889294729 -9.911796159034939 80
      vertex 91.80287567011189 -1.8693918572307588 80
      vertex 91.68886382876897 -2.484544705272224 80
    endloop
  endfacet
  facet normal -0.9238795325112839 0.38268343236509694 0
    outer loop
      vertex 90.91686821882908 -4.860502884755812 77
      vertex 90.91686821882908 -4.860502884755812 80
      vertex 91.15628609664157 -4.282496997066338 77
    endloop
  endfacet
  facet normal -0.9426414910921825 0.3338068592337593 0
    outer loop
      vertex 91.15628609664157 -4.282496997066338 77
      vertex 91.15628609664157 -4.282496997066338 80
      vertex 91.36512536972708 -3.692753082780621 77
    endloop
  endfacet
  facet normal -0.9238795325112839 0.38268343236509694 -2.3602267218824386e-18
    outer loop
      vertex 90.91686821882908 -4.860502884755812 80
      vertex 91.15628609664157 -4.282496997066338 80
      vertex 91.15628609664157 -4.282496997066338 77
    endloop
  endfacet
  facet normal 0 0 1
    outer loop
      vertex 92.24004889294729 -9.911796159034939 80
      vertex 91.88453664965087 -1.249115136048459 80
      vertex 91.80287567011189 -1.8693918572307588 80
    endloop
  endfacet
  facet normal 0 0 1
    outer loop
      vertex 92.24004889294729 -9.911796159034939 80
      vertex 91.93362294031715 -0.6254146771031788 80
      vertex 91.88453664965087 -1.249115136048459 80
    endloop
  endfacet
  facet normal -0.9588197348681932 0.2840153447039227 0
    outer loop
      vertex 91.36512536972708 -3.692753082780621 77
      vertex 91.36512536972708 -3.692753082780621 80
      vertex 91.54281362415436 -3.0928875889751226 77
    endloop
  endfacet
  facet normal -0.9426414910921825 0.3338068592337593 0
    outer loop
      vertex 91.36512536972708 -3.692753082780621 77
      vertex 91.15628609664157 -4.282496997066338 80
      vertex 91.36512536972708 -3.692753082780621 80
    endloop
  endfacet
  facet normal -0.9588197348681932 0.2840153447039227 -3.2503550273776462e-18
    outer loop
      vertex 91.36512536972708 -3.692753082780621 80
      vertex 91.54281362415436 -3.0928875889751226 80
      vertex 91.54281362415436 -3.0928875889751226 77
    endloop
  endfacet
  facet normal 0 0 1
    outer loop
      vertex 92.24004889294729 -9.911796159034939 80
      vertex 91.95 0 80
      vertex 91.93362294031715 -0.6254146771031788 80
    endloop
  endfacet
  facet normal 0 0 1
    outer loop
      vertex 89.66775308278062 -7.024033764895053 77
      vertex 90.02211328694781 -6.508436468429573 77
      vertex 90.02211328694781 6.508436468429573 77
    endloop
  endfacet
  facet normal 0 0 1
    outer loop
      vertex 90.02211328694781 -6.508436468429573 77
      vertex 90.34900357522405 -5.975 77
      vertex 90.34900357522405 5.975 77
    endloop
  endfacet
  facet normal 0 0 1
    outer loop
      vertex 90.34900357522405 -5.975 77
      vertex 90.647527964051 -5.425186471887584 77
      vertex 90.647527964051 5.425186471887584 77
    endloop
  endfacet
  facet normal 0 0 1
    outer loop
      vertex 90.647527964051 -5.425186471887584 77
      vertex 90.91686821882908 -4.860502884755812 77
      vertex 90.91686821882908 4.860502884755812 77
    endloop
  endfacet
  facet normal 0 0 1
    outer loop
      vertex 90.91686821882908 -4.860502884755812 77
      vertex 91.15628609664157 -4.282496997066338 77
      vertex 91.15628609664157 4.282496997066338 77
    endloop
  endfacet
  facet normal -0.972369920397677 0.23344536385590406 0
    outer loop
      vertex 91.54281362415436 -3.0928875889751226 77
      vertex 91.54281362415436 -3.0928875889751226 80
      vertex 91.68886382876897 -2.484544705272224 77
    endloop
  endfacet
  facet normal -0.972369920397677 0.23344536385590406 0
    outer loop
      vertex 91.68886382876897 -2.484544705272224 77
      vertex 91.54281362415436 -3.0928875889751226 80
      vertex 91.68886382876897 -2.484544705272224 80
    endloop
  endfacet
  facet normal 0 0 1
    outer loop
      vertex 92.24004889294729 -9.911796159034939 80
      vertex 92.74201766140543 -9.257617723606453 80
      vertex 92.24004889294729 9.911796159034939 80
    endloop
  endfacet
  facet normal -0.9832549075639556 0.18223552549214214 0
    outer loop
      vertex 91.68886382876897 -2.484544705272224 77
      vertex 91.68886382876897 -2.484544705272224 80
      vertex 91.80287567011189 -1.8693918572307588 77
    endloop
  endfacet
  facet normal -0.9914448613738082 0.1305261922200678 0
    outer loop
      vertex 91.80287567011189 -1.8693918572307588 77
      vertex 91.80287567011189 -1.8693918572307588 80
      vertex 91.88453664965087 -1.249115136048459 77
    endloop
  endfacet
  facet normal -0.9832549075639556 0.18223552549214214 0
    outer loop
      vertex 91.80287567011189 -1.8693918572307588 77
      vertex 91.68886382876897 -2.484544705272224 80
      vertex 91.80287567011189 -1.8693918572307588 80
    endloop
  endfacet
  facet normal 0 0 1
    outer loop
      vertex 91.15628609664157 -4.282496997066338 77
      vertex 91.36512536972708 -3.692753082780621 77
      vertex 91.36512536972708 3.692753082780621 77
    endloop
  endfacet
  facet normal 0 0 1
    outer loop
      vertex 91.36512536972708 -3.692753082780621 77
      vertex 91.54281362415436 -3.0928875889751226 77
      vertex 91.54281362415436 3.0928875889751226 77
    endloop
  endfacet
  facet normal 0 0 1
    outer loop
      vertex 91.54281362415436 -3.0928875889751226 77
      vertex 91.68886382876897 -2.484544705272224 77
      vertex 91.68886382876897 2.484544705272224 77
    endloop
  endfacet
  facet normal 0 0 1
    outer loop
      vertex 91.68886382876897 -2.484544705272224 77
      vertex 91.80287567011189 -1.8693918572307588 77
      vertex 91.80287567011189 1.8693918572307588 77
    endloop
  endfacet
  facet normal 0 0 1
    outer loop
      vertex 91.80287567011189 -1.8693918572307588 77
      vertex 91.88453664965087 -1.249115136048459 77
      vertex 91.88453664965087 1.249115136048459 77
    endloop
  endfacet
  facet normal 0 0 1
    outer loop
      vertex 91.88453664965087 -1.249115136048459 77
      vertex 91.93362294031715 -0.6254146771031788 77
      vertex 91.93362294031715 0.6254146771031788 77
    endloop
  endfacet
  facet normal -0.9969173337331292 0.07845909572782876 0
    outer loop
      vertex 91.88453664965087 -1.249115136048459 77
      vertex 91.88453664965087 -1.249115136048459 80
      vertex 91.93362294031715 -0.6254146771031788 77
    endloop
  endfacet
  facet normal -0.9914448613738082 0.1305261922200678 1.0193457278873862e-19
    outer loop
      vertex 91.80287567011189 -1.8693918572307588 80
      vertex 91.88453664965087 -1.249115136048459 80
      vertex 91.88453664965087 -1.249115136048459 77
    endloop
  endfacet
  facet normal -0.9969173337331292 0.07845909572782876 0
    outer loop
      vertex 91.93362294031715 -0.6254146771031788 77
      vertex 91.88453664965087 -1.249115136048459 80
      vertex 91.93362294031715 -0.6254146771031788 80
    endloop
  endfacet
  facet normal -0.9996573249755567 0.026176948307889983 0
    outer loop
      vertex 91.93362294031715 -0.6254146771031788 77
      vertex 91.93362294031715 -0.6254146771031788 80
      vertex 91.95 0 77
    endloop
  endfacet
  facet normal -0.9996573249755567 0.026176948307889983 -1.7978924615809394e-19
    outer loop
      vertex 91.93362294031715 -0.6254146771031788 80
      vertex 91.95 0 80
      vertex 91.95 0 77
    endloop
  endfacet
  facet normal 0 0 1
    outer loop
      vertex 92.74201766140543 -9.257617723606453 80
      vertex 93.20906144514043 -8.578064801486677 80
      vertex 92.74201766140543 9.257617723606453 80
    endloop
  endfacet
  facet normal 0 0 1
    outer loop
      vertex 93.20906144514043 -8.578064801486677 80
      vertex 93.63990010960491 -7.875 80
      vertex 93.20906144514043 8.578064801486677 80
    endloop
  endfacet
  facet normal 0 0 1
    outer loop
      vertex 93.63990010960491 -7.875 80
      vertex 94.03335275596679 -7.150350370897862 80
      vertex 93.63990010960491 7.875 80
    endloop
  endfacet
  facet normal 0 0 1
    outer loop
      vertex 94.03335275596679 -7.150350370897862 80
      vertex 94.38834095787097 -6.4061021284438535 80
      vertex 94.03335275596679 7.150350370897862 80
    endloop
  endfacet
  facet normal 0 0 1
    outer loop
      vertex 94.38834095787097 -6.4061021284438535 80
      vertex 94.70389171733093 -5.644295205338479 80
      vertex 94.38834095787097 6.4061021284438535 80
    endloop
  endfacet
  facet normal 0 0 1
    outer loop
      vertex 94.70389171733093 -5.644295205338479 80
      vertex 94.97914013164866 -4.867017661405422 80
      vertex 94.70389171733093 5.644295205338479 80
    endloop
  endfacet
  facet normal 0 0 1
    outer loop
      vertex 94.97914013164866 -4.867017661405422 80
      vertex 95.21333176405282 -4.076399960364702 80
      vertex 94.97914013164866 4.867017661405422 80
    endloop
  endfacet
  facet normal 0 0 1
    outer loop
      vertex 95.21333176405282 -4.076399960364702 80
      vertex 95.40582471155744 -3.2746091303797096 80
      vertex 95.21333176405282 4.076399960364702 80
    endloop
  endfacet
  facet normal 0 0 1
    outer loop
      vertex 95.40582471155744 -3.2746091303797096 80
      vertex 95.55609136437342 -2.463842824383636 80
      vertex 95.40582471155744 3.2746091303797096 80
    endloop
  endfacet
  facet normal 0 0 1
    outer loop
      vertex 95.55609136437342 -2.463842824383636 80
      vertex 95.6637198520503 -1.646323296465542 80
      vertex 95.55609136437342 2.463842824383636 80
    endloop
  endfacet
  facet normal 0 0 1
    outer loop
      vertex 95.6637198520503 -1.646323296465542 80
      vertex 95.72841517238454 -0.8242913108263654 80
      vertex 95.6637198520503 1.646323296465542 80
    endloop
  endfacet
  facet normal 0 0 -1
    outer loop
      vertex 14.208916884674748 -7.350756563825611 0
      vertex 66.43669998891258 8 0
      vertex 66.77580139530593 8 0
    endloop
  endfacet
  facet normal 0 0 -1
    outer loop
      vertex 14.128306763577742 -7.499221937981708 0
      vertex 71.89184062988585 4.131313547629876 0
      vertex 71.68673633545234 3.701303451989782 0
    endloop
  endfacet
  facet normal 0 0 -1
    outer loop
      vertex 14.128306763577742 -7.499221937981708 0
      vertex 72.11916882556162 4.55 0
      vertex 71.89184062988585 4.131313547629876 0
    endloop
  endfacet
  facet normal 0 0 -1
    outer loop
      vertex 14.128306763577742 -7.499221937981708 0
      vertex 72.36809783169664 4.956215218636746 0
      vertex 72.11916882556162 4.55 0
    endloop
  endfacet
  facet normal 0 0 -1
    outer loop
      vertex 14.128306763577742 -7.499221937981708 0
      vertex 72.63794535118798 5.348845795861505 0
      vertex 72.36809783169664 4.956215218636746 0
    endloop
  endfacet
  facet normal 0 0 -1
    outer loop
      vertex 14.128306763577742 -7.499221937981708 0
      vertex 72.92797175074156 5.72681555855352 0
      vertex 72.63794535118798 5.348845795861505 0
    endloop
  endfacet
  facet normal 0 0 -1
    outer loop
      vertex 14.128306763577742 -7.499221937981708 0
      vertex 73.23738208815571 6.089088517865609 0
      vertex 72.92797175074156 5.72681555855352 0
    endloop
  endfacet
  facet normal 0 0 -1
    outer loop
      vertex 14.128306763577742 -7.499221937981708 0
      vertex 66.77580139530593 8 0
      vertex 73.56532829120242 6.434671708797583 0
    endloop
  endfacet
  facet normal 0 0 -1
    outer loop
      vertex 14.128306763577742 -7.499221937981708 0
      vertex 73.56532829120242 6.434671708797583 0
      vertex 73.23738208815571 6.089088517865609 0
    endloop
  endfacet
  facet normal 0 0 1
    outer loop
      vertex 14.256104387013886 7.263847995832749 18
      vertex 65.02085986835134 4.867017661405422 18
      vertex 65.29610828266907 5.644295205338479 18
    endloop
  endfacet
  facet normal 0 0 1
    outer loop
      vertex 14.256104387013886 7.263847995832749 18
      vertex 65.29610828266907 5.644295205338479 18
      vertex 65.61165904212903 6.4061021284438535 18
    endloop
  endfacet
  facet normal 0 0 1
    outer loop
      vertex 14.256104387013886 7.263847995832749 18
      vertex 65.61165904212903 6.4061021284438535 18
      vertex 65.96664724403321 7.150350370897862 18
    endloop
  endfacet
  facet normal 0 0 1
    outer loop
      vertex 14.256104387013886 7.263847995832749 18
      vertex 65.96664724403321 7.150350370897862 18
      vertex 66.36009989039509 7.875 18
    endloop
  endfacet
  facet normal 0 0 1
    outer loop
      vertex 13.856406460551018 8 18
      vertex 66.36009989039509 7.875 18
      vertex 66.43669998891258 8 18
    endloop
  endfacet
  facet normal 0 1 0
    outer loop
      vertex 32 8 12
      vertex 66.43669998891258 8 18
      vertex 66.43669998891258 8 0
    endloop
  endfacet
  facet normal 0 0 1
    outer loop
      vertex 64.25 0 18
      vertex 64.27158482761546 0.8242913108263654 18
      vertex 64.25 4 18
    endloop
  endfacet
  facet normal 0 0 1
    outer loop
      vertex 64.27158482761546 0.8242913108263654 18
      vertex 64.3362801479497 1.646323296465542 18
      vertex 64.25 4 18
    endloop
  endfacet
  facet normal 0 0 1
    outer loop
      vertex 64.3362801479497 1.646323296465542 18
      vertex 64.44390863562658 2.463842824383636 18
      vertex 64.25 4 18
    endloop
  endfacet
  facet normal 0 0 1
    outer loop
      vertex 64.44390863562658 2.463842824383636 18
      vertex 64.59417528844256 3.2746091303797096 18
      vertex 64.25 4 18
    endloop
  endfacet
  facet normal 0 0 1
    outer loop
      vertex 64.25 4 18
      vertex 64.59417528844256 3.2746091303797096 18
      vertex 64.78666823594718 4.076399960364702 18
    endloop
  endfacet
  facet normal 0 0 -1
    outer loop
      vertex 66.43669998891258 8 0
      vertex 66.79093855485957 8.578064801486677 0
      vertex 66.77580139530593 8 0
    endloop
  endfacet
  facet normal 0 0 -1
    outer loop
      vertex 66.77580139530593 8 0
      vertex 66.79093855485957 8.578064801486677 0
      vertex 67.25798233859457 9.257617723606453 0
    endloop
  endfacet
  facet normal 0 0 -1
    outer loop
      vertex 66.77580139530593 8 0
      vertex 67.25798233859457 9.257617723606453 0
      vertex 67.75995110705271 9.911796159034939 0
    endloop
  endfacet
  facet normal 0 0 -1
    outer loop
      vertex 66.77580139530593 8 0
      vertex 73.9109114821344 6.762617911844288 0
      vertex 73.56532829120242 6.434671708797583 0
    endloop
  endfacet
  facet normal 0 0 -1
    outer loop
      vertex 66.77580139530593 8 0
      vertex 74.27318444144647 7.072028249258435 0
      vertex 73.9109114821344 6.762617911844288 0
    endloop
  endfacet
  facet normal 0 0 -1
    outer loop
      vertex 66.77580139530593 8 0
      vertex 74.65115420413849 7.3620546488120215 0
      vertex 74.27318444144647 7.072028249258435 0
    endloop
  endfacet
  facet normal -0.8526401643540945 0.5224985647159451 0
    outer loop
      vertex 66.43669998891258 8 0
      vertex 66.43669998891258 8 18
      vertex 66.79093855485957 8.578064801486677 0
    endloop
  endfacet
  facet normal 0 0 -1
    outer loop
      vertex 66.77580139530593 8 0
      vertex 67.75995110705271 9.911796159034939 0
      vertex 68.29546899873104 10.538807050152018 0
    endloop
  endfacet
  facet normal 0 0 -1
    outer loop
      vertex 66.77580139530593 8 0
      vertex 68.29546899873104 10.538807050152018 0
      vertex 68.86306819631187 11.136931803688125 0
    endloop
  endfacet
  facet normal 0 0 -1
    outer loop
      vertex 66.77580139530593 8 0
      vertex 68.86306819631187 11.136931803688125 0
      vertex 69.46119294984798 11.70453100126896 0
    endloop
  endfacet
  facet normal 0 0 -1
    outer loop
      vertex 66.77580139530593 8 0
      vertex 69.46119294984798 11.70453100126896 0
      vertex 70.08820384096506 12.240048892947291 0
    endloop
  endfacet
  facet normal 0 0 -1
    outer loop
      vertex 66.77580139530593 8 0
      vertex 70.08820384096506 12.240048892947291 0
      vertex 70.74238227639354 12.742017661405422 0
    endloop
  endfacet
  facet normal 0 0 -1
    outer loop
      vertex 66.77580139530593 8 0
      vertex 70.74238227639354 12.742017661405422 0
      vertex 71.42193519851332 13.20906144514043 0
    endloop
  endfacet
  facet normal 0 0 -1
    outer loop
      vertex 66.77580139530593 8 0
      vertex 71.42193519851332 13.20906144514043 0
      vertex 72.125 13.639900109604907 0
    endloop
  endfacet
  facet normal 0 0 -1
    outer loop
      vertex 66.77580139530593 8 0
      vertex 72.125 13.639900109604907 0
      vertex 72.84964962910213 14.033352755966794 0
    endloop
  endfacet
  facet normal 0 0 -1
    outer loop
      vertex 66.77580139530593 8 0
      vertex 72.84964962910213 14.033352755966794 0
      vertex 73.59389787155615 14.388340957870964 0
    endloop
  endfacet
  facet normal 0 0 -1
    outer loop
      vertex 66.77580139530593 8 0
      vertex 73.59389787155615 14.388340957870964 0
      vertex 74.35570479466152 14.703891717330928 0
    endloop
  endfacet
  facet normal 0 1 0
    outer loop
      vertex 34.25 4 18
      vertex 64.25 4 48
      vertex 64.25 4 18
    endloop
  endfacet
  facet normal -0.7071067811865475 0 0.7071067811865475
    outer loop
      vertex 34.25 4 18
      vertex 64.25 -4 48
      vertex 64.25 0 48
    endloop
  endfacet
  facet normal -0.7071067811865475 0 0.7071067811865475
    outer loop
      vertex 34.25 4 18
      vertex 64.25 0 48
      vertex 64.25 4 48
    endloop
  endfacet
  facet normal 1 0 0
    outer loop
      vertex 64.25 0 18
      vertex 64.25 4 18
      vertex 64.25 0 48
    endloop
  endfacet
  facet normal 0.9996573249755573 -0.026176948307875765 -6.786450029271473e-21
    outer loop
      vertex 70.9 0 0
      vertex 70.91247123373338 0.4762572018107889 0
      vertex 70.91247123373338 0.4762572018107889 77
    endloop
  endfacet
  facet normal 0.9969173337331303 -0.07845909572781588 -2.406316137645806e-21
    outer loop
      vertex 70.91247123373338 0.4762572018107889 0
      vertex 70.9498507521487 0.9512090157356465 0
      vertex 70.9498507521487 0.9512090157356465 77
    endloop
  endfacet
  facet normal 0.9914448613738065 -0.13052619222008108 -4.0269753735403715e-21
    outer loop
      vertex 70.9498507521487 0.9512090157356465 0
      vertex 71.01203610058425 1.4235536318661008 0
      vertex 71.01203610058425 1.4235536318661008 77
    endloop
  endfacet
  facet normal 0.9832549075639558 -0.18223552549214042 7.232707273421227e-20
    outer loop
      vertex 71.01203610058425 1.4235536318661008 0
      vertex 71.09885683332237 1.8919963864416098 0
      vertex 71.09885683332237 1.8919963864416098 77
    endloop
  endfacet
  facet normal 0.9723699203976792 -0.23344536385589446 -5.928807786735508e-20
    outer loop
      vertex 71.09885683332237 1.8919963864416098 0
      vertex 71.21007498076948 2.3552533104329387 0
      vertex 71.21007498076948 2.3552533104329387 77
    endloop
  endfacet
  facet normal 0.958819734868189 -0.28401534470393575 5.1762222426237675e-21
    outer loop
      vertex 71.21007498076948 2.3552533104329387 0
      vertex 71.34538570171411 2.8120546488120213 0
      vertex 71.34538570171411 2.8120546488120213 77
    endloop
  endfacet
  facet normal 0.9426414910921821 -0.33380685923376047 9.366388787356183e-20
    outer loop
      vertex 71.34538570171411 2.8120546488120213 0
      vertex 71.50441811887546 3.261148340862232 0
      vertex 71.50441811887546 3.261148340862232 77
    endloop
  endfacet
  facet normal 0.9238795325112822 -0.38268343236510116 -1.3688839784610023e-19
    outer loop
      vertex 71.50441811887546 3.261148340862232 0
      vertex 71.68673633545234 3.701303451989782 0
      vertex 71.68673633545234 3.701303451989782 77
    endloop
  endfacet
  facet normal 0.9025852843498686 -0.43051109680827815 -1.5482954196139064e-19
    outer loop
      vertex 71.68673633545234 3.701303451989782 0
      vertex 71.89184062988585 4.131313547629876 0
      vertex 71.89184062988585 4.131313547629876 77
    endloop
  endfacet
  facet normal -0.9996573249755575 0.02617694830786649 1.8832491026684612e-20
    outer loop
      vertex 64.25 0 18
      vertex 64.27158482761546 0.8242913108263654 80
      vertex 64.27158482761546 0.8242913108263654 18
    endloop
  endfacet
  facet normal -0.9969173337331275 0.07845909572785013 -8.36943739562694e-21
    outer loop
      vertex 64.27158482761546 0.8242913108263654 18
      vertex 64.3362801479497 1.646323296465542 80
      vertex 64.3362801479497 1.646323296465542 18
    endloop
  endfacet
  facet normal -0.9914448613738095 0.1305261922200576 2.778977993108098e-20
    outer loop
      vertex 64.3362801479497 1.646323296465542 18
      vertex 64.44390863562658 2.463842824383636 80
      vertex 64.44390863562658 2.463842824383636 18
    endloop
  endfacet
  facet normal 1 0 0
    outer loop
      vertex 64.25 4 18
      vertex 64.25 4 48
      vertex 64.25 0 48
    endloop
  endfacet
  facet normal -0.9832549075639565 0.1822355254921378 6.367218022931228e-20
    outer loop
      vertex 64.44390863562658 2.463842824383636 18
      vertex 64.59417528844256 3.2746091303797096 80
      vertex 64.59417528844256 3.2746091303797096 18
    endloop
  endfacet
  facet normal -0.9723699203976752 0.23344536385591136 2.6930436632435285e-19
    outer loop
      vertex 64.59417528844256 3.2746091303797096 18
      vertex 64.78666823594718 4.076399960364702 80
      vertex 64.78666823594718 4.076399960364702 18
    endloop
  endfacet
  facet normal -0.9588197348681914 0.2840153447039285 1.4618227430235467e-19
    outer loop
      vertex 64.78666823594718 4.076399960364702 18
      vertex 65.02085986835134 4.867017661405422 80
      vertex 65.02085986835134 4.867017661405422 18
    endloop
  endfacet
  facet normal -0.9426414910921829 0.33380685923375863 1.376277287919641e-19
    outer loop
      vertex 65.02085986835134 4.867017661405422 18
      vertex 65.29610828266907 5.644295205338479 80
      vertex 65.29610828266907 5.644295205338479 18
    endloop
  endfacet
  facet normal -0.9238795325112853 0.3826834323650932 1.7916110745055434e-19
    outer loop
      vertex 65.29610828266907 5.644295205338479 18
      vertex 65.61165904212903 6.4061021284438535 80
      vertex 65.61165904212903 6.4061021284438535 18
    endloop
  endfacet
  facet normal -0.8241261886220149 0.5664062369248338 -3.8366402667340387e-19
    outer loop
      vertex 66.79093855485957 8.578064801486677 0
      vertex 67.25798233859457 9.257617723606453 80
      vertex 67.25798233859457 9.257617723606453 0
    endloop
  endfacet
  facet normal -0.793353340291228 0.60876142900873 -3.676699994216012e-19
    outer loop
      vertex 67.25798233859457 9.257617723606453 0
      vertex 67.75995110705271 9.911796159034939 80
      vertex 67.75995110705271 9.911796159034939 0
    endloop
  endfacet
  facet normal -0.7604059656000366 0.6494480483301771 3.7249855716216837e-19
    outer loop
      vertex 67.75995110705271 9.911796159034939 0
      vertex 68.29546899873104 10.538807050152018 80
      vertex 68.29546899873104 10.538807050152018 0
    endloop
  endfacet
  facet normal -0.7253743710122893 0.6883545756937522 5.244476932385556e-20
    outer loop
      vertex 68.29546899873104 10.538807050152018 0
      vertex 68.86306819631187 11.136931803688125 80
      vertex 68.86306819631187 11.136931803688125 0
    endloop
  endfacet
  facet normal -0.68835457569375 0.7253743710122913 0
    outer loop
      vertex 68.86306819631187 11.136931803688125 0
      vertex 68.86306819631187 11.136931803688125 80
      vertex 69.46119294984798 11.70453100126896 0
    endloop
  endfacet
  facet normal -0.649448048330181 0.7604059656000333 0
    outer loop
      vertex 69.46119294984798 11.70453100126896 0
      vertex 69.46119294984798 11.70453100126896 80
      vertex 70.08820384096506 12.240048892947291 0
    endloop
  endfacet
  facet normal -0.6087614290087271 0.7933533402912302 0
    outer loop
      vertex 70.08820384096506 12.240048892947291 0
      vertex 70.08820384096506 12.240048892947291 80
      vertex 70.74238227639354 12.742017661405422 0
    endloop
  endfacet
  facet normal -0.9025852843498572 0.4305110968083023 1.121484885990466e-19
    outer loop
      vertex 65.61165904212903 6.4061021284438535 18
      vertex 65.96664724403321 7.150350370897862 80
      vertex 65.96664724403321 7.150350370897862 18
    endloop
  endfacet
  facet normal -0.8526401643540945 0.5224985647159451 0
    outer loop
      vertex 66.79093855485957 8.578064801486677 0
      vertex 66.43669998891258 8 18
      vertex 66.79093855485957 8.578064801486677 80
    endloop
  endfacet
  facet normal -0.8788171126619682 0.47715876025960324 2.696284446882252e-19
    outer loop
      vertex 65.96664724403321 7.150350370897862 18
      vertex 66.36009989039509 7.875 80
      vertex 66.36009989039509 7.875 18
    endloop
  endfacet
  facet normal -0.8526401643541016 0.5224985647159335 0
    outer loop
      vertex 66.36009989039509 7.875 18
      vertex 66.36009989039509 7.875 80
      vertex 66.43669998891258 8 18
    endloop
  endfacet
  facet normal -0.5664062369248298 0.8241261886220177 0
    outer loop
      vertex 70.74238227639354 12.742017661405422 0
      vertex 70.74238227639354 12.742017661405422 80
      vertex 71.42193519851332 13.20906144514043 0
    endloop
  endfacet
  facet normal -0.5224985647159471 0.8526401643540932 0
    outer loop
      vertex 71.42193519851332 13.20906144514043 0
      vertex 71.42193519851332 13.20906144514043 80
      vertex 72.125 13.639900109604907 0
    endloop
  endfacet
  facet normal 0 0 -1
    outer loop
      vertex 66.77580139530593 8 0
      vertex 75.04378478136326 7.631902168303359 0
      vertex 74.65115420413849 7.3620546488120215 0
    endloop
  endfacet
  facet normal 0 0 -1
    outer loop
      vertex 66.77580139530593 8 0
      vertex 75.45 7.8808311744383905 0
      vertex 75.04378478136326 7.631902168303359 0
    endloop
  endfacet
  facet normal 0 0 -1
    outer loop
      vertex 66.77580139530593 8 0
      vertex 75.66948167344218 8 0
      vertex 75.45 7.8808311744383905 0
    endloop
  endfacet
  facet normal 0 0 -1
    outer loop
      vertex 66.77580139530593 8 0
      vertex 80 15.75 0
      vertex 75.66948167344218 8 0
    endloop
  endfacet
  facet normal 0 0 -1
    outer loop
      vertex 75.66948167344218 8 0
      vertex 80 15.75 0
      vertex 75.86868645237013 8.108159370114148 0
    endloop
  endfacet
  facet normal 0 0 -1
    outer loop
      vertex 75.86868645237013 8.108159370114148 0
      vertex 80 15.75 0
      vertex 76.29869654801021 8.313263664547668 0
    endloop
  endfacet
  facet normal 0 0 -1
    outer loop
      vertex 76.29869654801021 8.313263664547668 0
      vertex 80 15.75 0
      vertex 76.73885165913777 8.495581881124535 0
    endloop
  endfacet
  facet normal 0 0 -1
    outer loop
      vertex 76.73885165913777 8.495581881124535 0
      vertex 80 15.75 0
      vertex 77.18794535118798 8.654614298285896 0
    endloop
  endfacet
  facet normal 0 0 -1
    outer loop
      vertex 77.18794535118798 8.654614298285896 0
      vertex 80 15.75 0
      vertex 77.64474668956706 8.789925019230521 0
    endloop
  endfacet
  facet normal 0 0 -1
    outer loop
      vertex 77.64474668956706 8.789925019230521 0
      vertex 80 15.75 0
      vertex 78.1080036135584 8.901143166677631 0
    endloop
  endfacet
  facet normal 0 0 -1
    outer loop
      vertex 78.1080036135584 8.901143166677631 0
      vertex 80 15.75 0
      vertex 78.5764463681339 8.987963899415753 0
    endloop
  endfacet
  facet normal 0 0 -1
    outer loop
      vertex 78.5764463681339 8.987963899415753 0
      vertex 80 15.75 0
      vertex 79.04879098426436 9.050149247851287 0
    endloop
  endfacet
  facet normal 0 0 -1
    outer loop
      vertex 79.04879098426436 9.050149247851287 0
      vertex 80 15.75 0
      vertex 79.5237427981892 9.08752876626662 0
    endloop
  endfacet
  facet normal 0 0 -1
    outer loop
      vertex 79.5237427981892 9.08752876626662 0
      vertex 80 15.75 0
      vertex 80 9.1 0
    endloop
  endfacet
  facet normal 0 0 -1
    outer loop
      vertex 80 9.1 0
      vertex 80.82429131082637 15.728415172384539 0
      vertex 80.4762572018108 9.08752876626662 0
    endloop
  endfacet
  facet normal 0 0 -1
    outer loop
      vertex 83.26114834086223 8.495581881124535 0
      vertex 82.81205464881202 8.654614298285896 0
      vertex 83.27460913037972 15.40582471155744 0
    endloop
  endfacet
  facet normal 0 0 -1
    outer loop
      vertex 83.26114834086223 8.495581881124535 0
      vertex 84.0763999603647 15.213331764052827 0
      vertex 83.70130345198979 8.313263664547668 0
    endloop
  endfacet
  facet normal 0 0 -1
    outer loop
      vertex 80.4762572018108 9.08752876626662 0
      vertex 81.64632329646554 15.663719852050304 0
      vertex 80.95120901573564 9.050149247851287 0
    endloop
  endfacet
  facet normal 0 0 -1
    outer loop
      vertex 80.95120901573564 9.050149247851287 0
      vertex 81.64632329646554 15.663719852050304 0
      vertex 81.4235536318661 8.987963899415753 0
    endloop
  endfacet
  facet normal 0 0 -1
    outer loop
      vertex 81.4235536318661 8.987963899415753 0
      vertex 82.46384282438363 15.55609136437342 0
      vertex 81.8919963864416 8.901143166677631 0
    endloop
  endfacet
  facet normal 0 0 -1
    outer loop
      vertex 81.8919963864416 8.901143166677631 0
      vertex 82.46384282438363 15.55609136437342 0
      vertex 82.35525331043294 8.789925019230521 0
    endloop
  endfacet
  facet normal 0 0 -1
    outer loop
      vertex 82.35525331043294 8.789925019230521 0
      vertex 83.27460913037972 15.40582471155744 0
      vertex 82.81205464881202 8.654614298285896 0
    endloop
  endfacet
  facet normal 0 0 -1
    outer loop
      vertex 89.25761772360646 -12.742017661405422 0
      vertex 89.1 0 0
      vertex 89.25761772360646 12.742017661405422 0
    endloop
  endfacet
  facet normal 0 0 -1
    outer loop
      vertex 89.25761772360646 -12.742017661405422 0
      vertex 89.25761772360646 12.742017661405422 0
      vertex 89.91179615903494 12.240048892947291 0
    endloop
  endfacet
  facet normal 0 0 -1
    outer loop
      vertex 89.1 0 0
      vertex 89.08752876626662 0.4762572018107889 0
      vertex 89.25761772360646 12.742017661405422 0
    endloop
  endfacet
  facet normal 0 0 -1
    outer loop
      vertex 89.08752876626662 0.4762572018107889 0
      vertex 89.0501492478513 0.9512090157356465 0
      vertex 89.25761772360646 12.742017661405422 0
    endloop
  endfacet
  facet normal 0 0 -1
    outer loop
      vertex 89.0501492478513 0.9512090157356465 0
      vertex 88.98796389941575 1.4235536318661008 0
      vertex 89.25761772360646 12.742017661405422 0
    endloop
  endfacet
  facet normal 0 0 -1
    outer loop
      vertex 88.98796389941575 1.4235536318661008 0
      vertex 88.90114316667763 1.8919963864416098 0
      vertex 89.25761772360646 12.742017661405422 0
    endloop
  endfacet
  facet normal 0 0 -1
    outer loop
      vertex 88.90114316667763 1.8919963864416098 0
      vertex 88.78992501923052 2.3552533104329387 0
      vertex 89.25761772360646 12.742017661405422 0
    endloop
  endfacet
  facet normal 0 0 -1
    outer loop
      vertex 88.65461429828589 2.8120546488120213 0
      vertex 89.25761772360646 12.742017661405422 0
      vertex 88.78992501923052 2.3552533104329387 0
    endloop
  endfacet
  facet normal 0 0 -1
    outer loop
      vertex 92.24004889294729 -9.911796159034939 0
      vertex 92.24004889294729 9.911796159034939 0
      vertex 92.74201766140543 9.257617723606453 0
    endloop
  endfacet
  facet normal 0 0 -1
    outer loop
      vertex 95.72841517238454 -0.8242913108263654 0
      vertex 95.72841517238454 0.8242913108263654 0
      vertex 95.75 0 0
    endloop
  endfacet
  facet normal 0 0 -1
    outer loop
      vertex 95.6637198520503 -1.646323296465542 0
      vertex 95.6637198520503 1.646323296465542 0
      vertex 95.72841517238454 0.8242913108263654 0
    endloop
  endfacet
  facet normal 0 0 -1
    outer loop
      vertex 95.55609136437342 -2.463842824383636 0
      vertex 95.55609136437342 2.463842824383636 0
      vertex 95.6637198520503 1.646323296465542 0
    endloop
  endfacet
  facet normal 0 0 -1
    outer loop
      vertex 95.21333176405282 -4.076399960364702 0
      vertex 95.21333176405282 4.076399960364702 0
      vertex 95.40582471155744 3.2746091303797096 0
    endloop
  endfacet
  facet normal 0 0 -1
    outer loop
      vertex 95.40582471155744 -3.2746091303797096 0
      vertex 95.40582471155744 3.2746091303797096 0
      vertex 95.55609136437342 2.463842824383636 0
    endloop
  endfacet
  facet normal 0 0 -1
    outer loop
      vertex 94.97914013164866 -4.867017661405422 0
      vertex 94.97914013164866 4.867017661405422 0
      vertex 95.21333176405282 4.076399960364702 0
    endloop
  endfacet
  facet normal 0 0 -1
    outer loop
      vertex 94.03335275596679 -7.150350370897862 0
      vertex 94.03335275596679 7.150350370897862 0
      vertex 94.38834095787097 6.4061021284438535 0
    endloop
  endfacet
  facet normal 0 0 -1
    outer loop
      vertex 93.20906144514043 -8.578064801486677 0
      vertex 93.20906144514043 8.578064801486677 0
      vertex 93.63990010960491 7.875 0
    endloop
  endfacet
  facet normal 0 0 -1
    outer loop
      vertex 92.74201766140543 -9.257617723606453 0
      vertex 92.74201766140543 9.257617723606453 0
      vertex 93.20906144514043 8.578064801486677 0
    endloop
  endfacet
  facet normal 0 0 -1
    outer loop
      vertex 93.63990010960491 -7.875 0
      vertex 93.63990010960491 7.875 0
      vertex 94.03335275596679 7.150350370897862 0
    endloop
  endfacet
  facet normal 0 0 -1
    outer loop
      vertex 94.38834095787097 -6.4061021284438535 0
      vertex 94.38834095787097 6.4061021284438535 0
      vertex 94.70389171733093 5.644295205338479 0
    endloop
  endfacet
  facet normal 0 0 -1
    outer loop
      vertex 94.70389171733093 -5.644295205338479 0
      vertex 94.70389171733093 5.644295205338479 0
      vertex 94.97914013164866 4.867017661405422 0
    endloop
  endfacet
  facet normal 0 0 -1
    outer loop
      vertex 89.91179615903494 -12.240048892947291 0
      vertex 89.91179615903494 12.240048892947291 0
      vertex 90.53880705015202 11.70453100126896 0
    endloop
  endfacet
  facet normal 0 0 -1
    outer loop
      vertex 90.53880705015202 -11.70453100126896 0
      vertex 90.53880705015202 11.70453100126896 0
      vertex 91.13693180368813 11.136931803688125 0
    endloop
  endfacet
  facet normal 0 0 -1
    outer loop
      vertex 91.13693180368813 -11.136931803688125 0
      vertex 91.13693180368813 11.136931803688125 0
      vertex 91.70453100126896 10.538807050152018 0
    endloop
  endfacet
  facet normal 0 0 -1
    outer loop
      vertex 91.70453100126896 -10.538807050152018 0
      vertex 91.70453100126896 10.538807050152018 0
      vertex 92.24004889294729 9.911796159034939 0
    endloop
  endfacet
  facet normal 0 0 -1
    outer loop
      vertex 86.76261791184429 6.089088517865609 0
      vertex 86.43467170879758 6.434671708797583 0
      vertex 87.15035037089787 14.033352755966794 0
    endloop
  endfacet
  facet normal 0 0 -1
    outer loop
      vertex 86.0890885178656 6.762617911844288 0
      vertex 87.15035037089787 14.033352755966794 0
      vertex 86.43467170879758 6.434671708797583 0
    endloop
  endfacet
  facet normal 0 0 -1
    outer loop
      vertex 87.88083117443838 4.55 0
      vertex 88.57806480148668 13.20906144514043 0
      vertex 88.10815937011415 4.131313547629876 0
    endloop
  endfacet
  facet normal 0 0 -1
    outer loop
      vertex 87.88083117443838 4.55 0
      vertex 87.63190216830336 4.956215218636746 0
      vertex 88.57806480148668 13.20906144514043 0
    endloop
  endfacet
  facet normal 0 0 -1
    outer loop
      vertex 88.65461429828589 2.8120546488120213 0
      vertex 88.49558188112454 3.261148340862232 0
      vertex 89.25761772360646 12.742017661405422 0
    endloop
  endfacet
  facet normal 0 0 -1
    outer loop
      vertex 88.49558188112454 3.261148340862232 0
      vertex 88.31326366454766 3.701303451989782 0
      vertex 88.57806480148668 13.20906144514043 0
    endloop
  endfacet
  facet normal 0 0 -1
    outer loop
      vertex 88.31326366454766 3.701303451989782 0
      vertex 88.10815937011415 4.131313547629876 0
      vertex 88.57806480148668 13.20906144514043 0
    endloop
  endfacet
  facet normal 0 0 -1
    outer loop
      vertex 87.36205464881202 5.348845795861505 0
      vertex 87.07202824925844 5.72681555855352 0
      vertex 87.875 13.639900109604907 0
    endloop
  endfacet
  facet normal 0 0 -1
    outer loop
      vertex 87.63190216830336 4.956215218636746 0
      vertex 87.36205464881202 5.348845795861505 0
      vertex 87.875 13.639900109604907 0
    endloop
  endfacet
  facet normal 0 0 -1
    outer loop
      vertex 86.76261791184429 6.089088517865609 0
      vertex 87.15035037089787 14.033352755966794 0
      vertex 87.07202824925844 5.72681555855352 0
    endloop
  endfacet
  facet normal 0 0 -1
    outer loop
      vertex 84.95621521863674 7.631902168303359 0
      vertex 85.64429520533848 14.703891717330928 0
      vertex 85.34884579586151 7.3620546488120215 0
    endloop
  endfacet
  facet normal 0 0 -1
    outer loop
      vertex 84.95621521863674 7.631902168303359 0
      vertex 84.55 7.8808311744383905 0
      vertex 85.64429520533848 14.703891717330928 0
    endloop
  endfacet
  facet normal 0 0 -1
    outer loop
      vertex 84.13131354762987 8.108159370114148 0
      vertex 84.86701766140543 14.979140131648668 0
      vertex 84.55 7.8808311744383905 0
    endloop
  endfacet
  facet normal 0 0 -1
    outer loop
      vertex 84.13131354762987 8.108159370114148 0
      vertex 83.70130345198979 8.313263664547668 0
      vertex 84.86701766140543 14.979140131648668 0
    endloop
  endfacet
  facet normal 0 0 -1
    outer loop
      vertex 85.34884579586151 7.3620546488120215 0
      vertex 86.40610212844385 14.388340957870964 0
      vertex 85.72681555855353 7.072028249258435 0
    endloop
  endfacet
  facet normal 0 0 -1
    outer loop
      vertex 86.0890885178656 6.762617911844288 0
      vertex 85.72681555855353 7.072028249258435 0
      vertex 86.40610212844385 14.388340957870964 0
    endloop
  endfacet
  facet normal 0 0 -1
    outer loop
      vertex 85.34884579586151 7.3620546488120215 0
      vertex 85.64429520533848 14.703891717330928 0
      vertex 86.40610212844385 14.388340957870964 0
    endloop
  endfacet
  facet normal 0 0 -1
    outer loop
      vertex 86.0890885178656 6.762617911844288 0
      vertex 86.40610212844385 14.388340957870964 0
      vertex 87.15035037089787 14.033352755966794 0
    endloop
  endfacet
  facet normal 0 0 -1
    outer loop
      vertex 87.63190216830336 4.956215218636746 0
      vertex 87.875 13.639900109604907 0
      vertex 88.57806480148668 13.20906144514043 0
    endloop
  endfacet
  facet normal 0 0 -1
    outer loop
      vertex 88.49558188112454 3.261148340862232 0
      vertex 88.57806480148668 13.20906144514043 0
      vertex 89.25761772360646 12.742017661405422 0
    endloop
  endfacet
  facet normal 0 0 -1
    outer loop
      vertex 87.07202824925844 5.72681555855352 0
      vertex 87.15035037089787 14.033352755966794 0
      vertex 87.875 13.639900109604907 0
    endloop
  endfacet
  facet normal 0.8788171126619553 -0.47715876025962717 1.201880954837372e-19
    outer loop
      vertex 71.89184062988585 4.131313547629876 0
      vertex 72.11916882556162 4.55 0
      vertex 72.11916882556162 4.55 77
    endloop
  endfacet
  facet normal 0.8526401643540962 -0.5224985647159426 -1.8379027479828054e-19
    outer loop
      vertex 72.11916882556162 4.55 0
      vertex 72.36809783169664 4.956215218636746 0
      vertex 72.36809783169664 4.956215218636746 77
    endloop
  endfacet
  facet normal 0.8241261886220171 -0.5664062369248307 6.699036163160814e-20
    outer loop
      vertex 72.36809783169664 4.956215218636746 0
      vertex 72.63794535118798 5.348845795861505 0
      vertex 72.63794535118798 5.348845795861505 77
    endloop
  endfacet
  facet normal 0.7933533402912388 -0.6087614290087158 -5.917114765338678e-20
    outer loop
      vertex 72.63794535118798 5.348845795861505 0
      vertex 72.92797175074156 5.72681555855352 0
      vertex 72.92797175074156 5.72681555855352 77
    endloop
  endfacet
  facet normal 0.7604059656000289 -0.649448048330186 8.941997563031054e-20
    outer loop
      vertex 72.92797175074156 5.72681555855352 0
      vertex 73.23738208815571 6.089088517865609 0
      vertex 73.23738208815571 6.089088517865609 77
    endloop
  endfacet
  facet normal 0.7253743710122864 -0.6883545756937554 -1.0135642136630056e-19
    outer loop
      vertex 73.23738208815571 6.089088517865609 0
      vertex 73.56532829120242 6.434671708797583 0
      vertex 73.56532829120242 6.434671708797583 77
    endloop
  endfacet
  facet normal 0.6883545756937506 -0.725374371012291 1.3513605416962624e-19
    outer loop
      vertex 73.56532829120242 6.434671708797583 0
      vertex 73.9109114821344 6.762617911844288 0
      vertex 73.9109114821344 6.762617911844288 77
    endloop
  endfacet
  facet normal 0.649448048330193 -0.760405965600023 -5.482133605598464e-20
    outer loop
      vertex 73.9109114821344 6.762617911844288 0
      vertex 74.27318444144647 7.072028249258435 0
      vertex 74.27318444144647 7.072028249258435 77
    endloop
  endfacet
  facet normal 0.608761429008718 -0.793353340291237 1.5385580322837385e-20
    outer loop
      vertex 74.27318444144647 7.072028249258435 0
      vertex 74.65115420413849 7.3620546488120215 0
      vertex 74.65115420413849 7.3620546488120215 77
    endloop
  endfacet
  facet normal 0.5664062369248279 -0.824126188622019 2.089851339547988e-20
    outer loop
      vertex 74.65115420413849 7.3620546488120215 0
      vertex 75.04378478136326 7.631902168303359 0
      vertex 75.04378478136326 7.631902168303359 77
    endloop
  endfacet
  facet normal 0.5224985647159475 -0.8526401643540932 -1.6038637432692886e-19
    outer loop
      vertex 75.04378478136326 7.631902168303359 0
      vertex 75.45 7.8808311744383905 0
      vertex 75.45 7.8808311744383905 77
    endloop
  endfacet
  facet normal 0.4771587602596035 -0.878817112661968 4.868992825844802e-17
    outer loop
      vertex 75.45 7.8808311744383905 0
      vertex 75.66948167344218 8 0
      vertex 75.86868645237013 8.108159370114148 77
    endloop
  endfacet
  facet normal 0.4771587602596181 -0.8788171126619602 8.747543302440616e-20
    outer loop
      vertex 75.66948167344218 8 0
      vertex 75.86868645237013 8.108159370114148 0
      vertex 75.86868645237013 8.108159370114148 77
    endloop
  endfacet
  facet normal 0.43051109680830063 -0.9025852843498581 -1.7763634585659286e-19
    outer loop
      vertex 75.86868645237013 8.108159370114148 0
      vertex 76.29869654801021 8.313263664547668 0
      vertex 76.29869654801021 8.313263664547668 77
    endloop
  endfacet
  facet normal 0.3826834323650864 -0.9238795325112882 1.0737416507655775e-19
    outer loop
      vertex 76.29869654801021 8.313263664547668 0
      vertex 76.73885165913777 8.495581881124535 0
      vertex 76.73885165913777 8.495581881124535 77
    endloop
  endfacet
  facet normal 0.33380685923376957 -0.942641491092179 -1.260512129164137e-20
    outer loop
      vertex 76.73885165913777 8.495581881124535 0
      vertex 77.18794535118798 8.654614298285896 0
      vertex 77.18794535118798 8.654614298285896 77
    endloop
  endfacet
  facet normal 0.284015344703927 -0.9588197348681916 4.627032124292846e-20
    outer loop
      vertex 77.18794535118798 8.654614298285896 0
      vertex 77.64474668956706 8.789925019230521 0
      vertex 77.64474668956706 8.789925019230521 77
    endloop
  endfacet
  facet normal 0.23344536385590067 -0.9723699203976778 7.30283133880825e-20
    outer loop
      vertex 77.64474668956706 8.789925019230521 0
      vertex 78.1080036135584 8.901143166677631 0
      vertex 78.1080036135584 8.901143166677631 77
    endloop
  endfacet
  facet normal 0.1822355254921489 -0.9832549075639544 -8.490701965034948e-20
    outer loop
      vertex 78.1080036135584 8.901143166677631 0
      vertex 78.5764463681339 8.987963899415753 0
      vertex 78.5764463681339 8.987963899415753 77
    endloop
  endfacet
  facet normal 0.13052619222005116 -0.9914448613738105 3.073319145344464e-21
    outer loop
      vertex 78.5764463681339 8.987963899415753 0
      vertex 79.04879098426436 9.050149247851287 0
      vertex 79.04879098426436 9.050149247851287 77
    endloop
  endfacet
  facet normal 0.07845909572784364 -0.9969173337331282 -3.9022000980000133e-20
    outer loop
      vertex 79.04879098426436 9.050149247851287 0
      vertex 79.5237427981892 9.08752876626662 0
      vertex 79.5237427981892 9.08752876626662 77
    endloop
  endfacet
  facet normal 0.026176948307875373 -0.9996573249755573 -2.9006518937772137e-21
    outer loop
      vertex 79.5237427981892 9.08752876626662 0
      vertex 80 9.1 0
      vertex 80 9.1 77
    endloop
  endfacet
  facet normal -0.026176948307875373 -0.9996573249755573 2.9006518937772137e-21
    outer loop
      vertex 80 9.1 0
      vertex 80.4762572018108 9.08752876626662 0
      vertex 80.4762572018108 9.08752876626662 77
    endloop
  endfacet
  facet normal -0.07845909572784364 -0.9969173337331282 3.9022000980000133e-20
    outer loop
      vertex 80.4762572018108 9.08752876626662 0
      vertex 80.95120901573564 9.050149247851287 0
      vertex 80.95120901573564 9.050149247851287 77
    endloop
  endfacet
  facet normal -0.13052619222005116 -0.9914448613738105 -3.073319145344464e-21
    outer loop
      vertex 80.95120901573564 9.050149247851287 0
      vertex 81.4235536318661 8.987963899415753 0
      vertex 81.4235536318661 8.987963899415753 77
    endloop
  endfacet
  facet normal -0.1822355254921489 -0.9832549075639544 8.490701965034948e-20
    outer loop
      vertex 81.4235536318661 8.987963899415753 0
      vertex 81.8919963864416 8.901143166677631 0
      vertex 81.8919963864416 8.901143166677631 77
    endloop
  endfacet
  facet normal -0.23344536385590067 -0.9723699203976778 -7.30283133880825e-20
    outer loop
      vertex 81.8919963864416 8.901143166677631 0
      vertex 82.35525331043294 8.789925019230521 0
      vertex 82.35525331043294 8.789925019230521 77
    endloop
  endfacet
  facet normal -0.33380685923376957 -0.942641491092179 0
    outer loop
      vertex 83.26114834086223 8.495581881124535 0
      vertex 83.26114834086223 8.495581881124535 77
      vertex 82.81205464881202 8.654614298285896 0
    endloop
  endfacet
  facet normal -0.3826834323650864 -0.9238795325112882 -1.0737416507655775e-19
    outer loop
      vertex 83.26114834086223 8.495581881124535 0
      vertex 83.70130345198979 8.313263664547668 0
      vertex 83.70130345198979 8.313263664547668 77
    endloop
  endfacet
  facet normal -0.284015344703927 -0.9588197348681916 -4.627032124292846e-20
    outer loop
      vertex 82.35525331043294 8.789925019230521 0
      vertex 82.81205464881202 8.654614298285896 0
      vertex 82.81205464881202 8.654614298285896 77
    endloop
  endfacet
  facet normal -0.9996573249755573 -0.026176948307875765 0
    outer loop
      vertex 89.1 0 0
      vertex 89.1 0 77
      vertex 89.08752876626662 0.4762572018107889 0
    endloop
  endfacet
  facet normal -0.9969173337331303 -0.07845909572781588 0
    outer loop
      vertex 89.08752876626662 0.4762572018107889 0
      vertex 89.08752876626662 0.4762572018107889 77
      vertex 89.0501492478513 0.9512090157356465 0
    endloop
  endfacet
  facet normal -0.9914448613738065 -0.13052619222008108 0
    outer loop
      vertex 89.0501492478513 0.9512090157356465 0
      vertex 89.0501492478513 0.9512090157356465 77
      vertex 88.98796389941575 1.4235536318661008 0
    endloop
  endfacet
  facet normal -0.9832549075639558 -0.18223552549214042 0
    outer loop
      vertex 88.98796389941575 1.4235536318661008 0
      vertex 88.98796389941575 1.4235536318661008 77
      vertex 88.90114316667763 1.8919963864416098 0
    endloop
  endfacet
  facet normal -0.9723699203976792 -0.23344536385589446 0
    outer loop
      vertex 88.90114316667763 1.8919963864416098 0
      vertex 88.90114316667763 1.8919963864416098 77
      vertex 88.78992501923052 2.3552533104329387 0
    endloop
  endfacet
  facet normal -0.958819734868189 -0.28401534470393575 -5.1762222426237675e-21
    outer loop
      vertex 88.65461429828589 2.8120546488120213 0
      vertex 88.78992501923052 2.3552533104329387 0
      vertex 88.78992501923052 2.3552533104329387 77
    endloop
  endfacet
  facet normal -0.9426414910921821 -0.33380685923376047 0
    outer loop
      vertex 88.65461429828589 2.8120546488120213 0
      vertex 88.65461429828589 2.8120546488120213 77
      vertex 88.49558188112454 3.261148340862232 0
    endloop
  endfacet
  facet normal -0.7253743710122864 -0.6883545756937554 0
    outer loop
      vertex 86.76261791184429 6.089088517865609 0
      vertex 86.76261791184429 6.089088517865609 77
      vertex 86.43467170879758 6.434671708797583 0
    endloop
  endfacet
  facet normal -0.9025852843498686 -0.43051109680827815 0
    outer loop
      vertex 88.31326366454766 3.701303451989782 0
      vertex 88.31326366454766 3.701303451989782 77
      vertex 88.10815937011415 4.131313547629876 0
    endloop
  endfacet
  facet normal -0.8788171126619553 -0.47715876025962717 -1.201880954837372e-19
    outer loop
      vertex 87.88083117443838 4.55 0
      vertex 88.10815937011415 4.131313547629876 0
      vertex 88.10815937011415 4.131313547629876 77
    endloop
  endfacet
  facet normal -0.8526401643540962 -0.5224985647159426 0
    outer loop
      vertex 87.88083117443838 4.55 0
      vertex 87.88083117443838 4.55 77
      vertex 87.63190216830336 4.956215218636746 0
    endloop
  endfacet
  facet normal -0.9238795325112822 -0.38268343236510116 0
    outer loop
      vertex 88.49558188112454 3.261148340862232 0
      vertex 88.49558188112454 3.261148340862232 77
      vertex 88.31326366454766 3.701303451989782 0
    endloop
  endfacet
  facet normal -0.8241261886220171 -0.5664062369248307 0
    outer loop
      vertex 87.63190216830336 4.956215218636746 0
      vertex 87.63190216830336 4.956215218636746 77
      vertex 87.36205464881202 5.348845795861505 0
    endloop
  endfacet
  facet normal -0.7604059656000289 -0.649448048330186 -8.941997563031054e-20
    outer loop
      vertex 86.76261791184429 6.089088517865609 0
      vertex 87.07202824925844 5.72681555855352 0
      vertex 87.07202824925844 5.72681555855352 77
    endloop
  endfacet
  facet normal -0.7933533402912388 -0.6087614290087158 0
    outer loop
      vertex 87.36205464881202 5.348845795861505 0
      vertex 87.36205464881202 5.348845795861505 77
      vertex 87.07202824925844 5.72681555855352 0
    endloop
  endfacet
  facet normal 0.9996573249755576 0.026176948307866495 0
    outer loop
      vertex 95.75 0 0
      vertex 95.72841517238454 0.8242913108263654 0
      vertex 95.75 0 80
    endloop
  endfacet
  facet normal 0.9969173337331276 0.07845909572785013 0
    outer loop
      vertex 95.72841517238454 0.8242913108263654 0
      vertex 95.6637198520503 1.646323296465542 0
      vertex 95.72841517238454 0.8242913108263654 80
    endloop
  endfacet
  facet normal 0.9914448613738096 0.13052619222005762 0
    outer loop
      vertex 95.6637198520503 1.646323296465542 0
      vertex 95.55609136437342 2.463842824383636 0
      vertex 95.6637198520503 1.646323296465542 80
    endloop
  endfacet
  facet normal 0.9832549075639563 0.18223552549213778 0
    outer loop
      vertex 95.55609136437342 2.463842824383636 0
      vertex 95.40582471155744 3.2746091303797096 0
      vertex 95.55609136437342 2.463842824383636 80
    endloop
  endfacet
  facet normal 0.9723699203976752 0.23344536385591136 0
    outer loop
      vertex 95.40582471155744 3.2746091303797096 0
      vertex 95.21333176405282 4.076399960364702 0
      vertex 95.40582471155744 3.2746091303797096 80
    endloop
  endfacet
  facet normal 0.9588197348681913 0.2840153447039285 0
    outer loop
      vertex 95.21333176405282 4.076399960364702 0
      vertex 94.97914013164866 4.867017661405422 0
      vertex 95.21333176405282 4.076399960364702 80
    endloop
  endfacet
  facet normal 0.9426414910921829 0.33380685923375863 0
    outer loop
      vertex 94.97914013164866 4.867017661405422 0
      vertex 94.70389171733093 5.644295205338479 0
      vertex 94.97914013164866 4.867017661405422 80
    endloop
  endfacet
  facet normal 0.9238795325112855 0.3826834323650933 0
    outer loop
      vertex 94.70389171733093 5.644295205338479 0
      vertex 94.38834095787097 6.4061021284438535 0
      vertex 94.70389171733093 5.644295205338479 80
    endloop
  endfacet
  facet normal -0.5224985647159475 -0.8526401643540932 0
    outer loop
      vertex 84.95621521863674 7.631902168303359 0
      vertex 84.95621521863674 7.631902168303359 77
      vertex 84.55 7.8808311744383905 0
    endloop
  endfacet
  facet normal -0.5664062369248279 -0.824126188622019 -2.089851339547988e-20
    outer loop
      vertex 84.95621521863674 7.631902168303359 0
      vertex 85.34884579586151 7.3620546488120215 0
      vertex 85.34884579586151 7.3620546488120215 77
    endloop
  endfacet
  facet normal -0.649448048330193 -0.760405965600023 0
    outer loop
      vertex 86.0890885178656 6.762617911844288 0
      vertex 86.0890885178656 6.762617911844288 77
      vertex 85.72681555855353 7.072028249258435 0
    endloop
  endfacet
  facet normal -0.6883545756937506 -0.725374371012291 -1.3513605416962624e-19
    outer loop
      vertex 86.0890885178656 6.762617911844288 0
      vertex 86.43467170879758 6.434671708797583 0
      vertex 86.43467170879758 6.434671708797583 77
    endloop
  endfacet
  facet normal -0.608761429008718 -0.793353340291237 -1.5385580322837385e-20
    outer loop
      vertex 85.34884579586151 7.3620546488120215 0
      vertex 85.72681555855353 7.072028249258435 0
      vertex 85.72681555855353 7.072028249258435 77
    endloop
  endfacet
  facet normal -0.43051109680830063 -0.9025852843498581 0
    outer loop
      vertex 84.13131354762987 8.108159370114148 0
      vertex 84.13131354762987 8.108159370114148 77
      vertex 83.70130345198979 8.313263664547668 0
    endloop
  endfacet
  facet normal -0.47715876025961046 -0.8788171126619642 -4.2160216561921515e-20
    outer loop
      vertex 84.13131354762987 8.108159370114148 0
      vertex 84.55 7.8808311744383905 0
      vertex 84.55 7.8808311744383905 77
    endloop
  endfacet
  facet normal 0.8788171126619682 0.47715876025960324 0
    outer loop
      vertex 94.03335275596679 7.150350370897862 0
      vertex 93.63990010960491 7.875 0
      vertex 94.03335275596679 7.150350370897862 80
    endloop
  endfacet
  facet normal 0.9025852843498571 0.4305110968083022 0
    outer loop
      vertex 94.38834095787097 6.4061021284438535 0
      vertex 94.03335275596679 7.150350370897862 0
      vertex 94.38834095787097 6.4061021284438535 80
    endloop
  endfacet
  facet normal 0.8526401643540956 0.522498564715943 0
    outer loop
      vertex 93.63990010960491 7.875 0
      vertex 93.20906144514043 8.578064801486677 0
      vertex 93.63990010960491 7.875 80
    endloop
  endfacet
  facet normal 0.8241261886220149 0.5664062369248338 0
    outer loop
      vertex 93.20906144514043 8.578064801486677 0
      vertex 92.74201766140543 9.257617723606453 0
      vertex 93.20906144514043 8.578064801486677 80
    endloop
  endfacet
  facet normal 0.793353340291228 0.60876142900873 0
    outer loop
      vertex 92.74201766140543 9.257617723606453 0
      vertex 92.24004889294729 9.911796159034939 0
      vertex 92.74201766140543 9.257617723606453 80
    endloop
  endfacet
  facet normal 0.7604059656000366 0.6494480483301771 0
    outer loop
      vertex 92.24004889294729 9.911796159034939 0
      vertex 91.70453100126896 10.538807050152018 0
      vertex 92.24004889294729 9.911796159034939 80
    endloop
  endfacet
  facet normal 0.7253743710122893 0.6883545756937522 0
    outer loop
      vertex 91.70453100126896 10.538807050152018 0
      vertex 91.13693180368813 11.136931803688125 0
      vertex 91.70453100126896 10.538807050152018 80
    endloop
  endfacet
  facet normal 0.68835457569375 0.7253743710122913 2.593229976114215e-19
    outer loop
      vertex 91.13693180368813 11.136931803688125 0
      vertex 90.53880705015202 11.70453100126896 0
      vertex 90.53880705015202 11.70453100126896 80
    endloop
  endfacet
  facet normal 0.649448048330181 0.7604059656000333 0
    outer loop
      vertex 89.91179615903494 12.240048892947291 0
      vertex 89.91179615903494 12.240048892947291 80
      vertex 90.53880705015202 11.70453100126896 0
    endloop
  endfacet
  facet normal 0 0 -1
    outer loop
      vertex 66.77580139530593 8 0
      vertex 74.35570479466152 14.703891717330928 0
      vertex 75.13298233859457 14.979140131648668 0
    endloop
  endfacet
  facet normal 0 0 -1
    outer loop
      vertex 66.77580139530593 8 0
      vertex 75.13298233859457 14.979140131648668 0
      vertex 75.9236000396353 15.213331764052827 0
    endloop
  endfacet
  facet normal 0 0 -1
    outer loop
      vertex 66.77580139530593 8 0
      vertex 75.9236000396353 15.213331764052827 0
      vertex 76.72539086962028 15.40582471155744 0
    endloop
  endfacet
  facet normal 0 0 -1
    outer loop
      vertex 66.77580139530593 8 0
      vertex 76.72539086962028 15.40582471155744 0
      vertex 77.53615717561637 15.55609136437342 0
    endloop
  endfacet
  facet normal 0 0 -1
    outer loop
      vertex 66.77580139530593 8 0
      vertex 77.53615717561637 15.55609136437342 0
      vertex 78.35367670353446 15.663719852050304 0
    endloop
  endfacet
  facet normal 0 0 -1
    outer loop
      vertex 66.77580139530593 8 0
      vertex 78.35367670353446 15.663719852050304 0
      vertex 79.17570868917363 15.728415172384539 0
    endloop
  endfacet
  facet normal 0 0 -1
    outer loop
      vertex 66.77580139530593 8 0
      vertex 79.17570868917363 15.728415172384539 0
      vertex 80 15.75 0
    endloop
  endfacet
  facet normal 0 0 -1
    outer loop
      vertex 80 9.1 0
      vertex 80 15.75 0
      vertex 80.82429131082637 15.728415172384539 0
    endloop
  endfacet
  facet normal 0 0 -1
    outer loop
      vertex 80.4762572018108 9.08752876626662 0
      vertex 80.82429131082637 15.728415172384539 0
      vertex 81.64632329646554 15.663719852050304 0
    endloop
  endfacet
  facet normal 0 0 -1
    outer loop
      vertex 81.4235536318661 8.987963899415753 0
      vertex 81.64632329646554 15.663719852050304 0
      vertex 82.46384282438363 15.55609136437342 0
    endloop
  endfacet
  facet normal 0 0 -1
    outer loop
      vertex 82.35525331043294 8.789925019230521 0
      vertex 82.46384282438363 15.55609136437342 0
      vertex 83.27460913037972 15.40582471155744 0
    endloop
  endfacet
  facet normal 0 0 -1
    outer loop
      vertex 83.26114834086223 8.495581881124535 0
      vertex 83.27460913037972 15.40582471155744 0
      vertex 84.0763999603647 15.213331764052827 0
    endloop
  endfacet
  facet normal 0 0 -1
    outer loop
      vertex 83.70130345198979 8.313263664547668 0
      vertex 84.0763999603647 15.213331764052827 0
      vertex 84.86701766140543 14.979140131648668 0
    endloop
  endfacet
  facet normal 0 0 -1
    outer loop
      vertex 84.55 7.8808311744383905 0
      vertex 84.86701766140543 14.979140131648668 0
      vertex 85.64429520533848 14.703891717330928 0
    endloop
  endfacet
  facet normal -0.47715876025961296 0.8788171126619627 0
    outer loop
      vertex 72.125 13.639900109604907 0
      vertex 72.125 13.639900109604907 80
      vertex 72.84964962910213 14.033352755966794 0
    endloop
  endfacet
  facet normal -0.4305110968082898 0.9025852843498632 0
    outer loop
      vertex 72.84964962910213 14.033352755966794 0
      vertex 72.84964962910213 14.033352755966794 80
      vertex 73.59389787155615 14.388340957870964 0
    endloop
  endfacet
  facet normal -0.38268343236509217 0.9238795325112857 0
    outer loop
      vertex 73.59389787155615 14.388340957870964 0
      vertex 73.59389787155615 14.388340957870964 80
      vertex 74.35570479466152 14.703891717330928 0
    endloop
  endfacet
  facet normal -0.3338068592337718 0.9426414910921781 0
    outer loop
      vertex 74.35570479466152 14.703891717330928 0
      vertex 74.35570479466152 14.703891717330928 80
      vertex 75.13298233859457 14.979140131648668 0
    endloop
  endfacet
  facet normal -0.284015344703921 0.9588197348681935 0
    outer loop
      vertex 75.13298233859457 14.979140131648668 0
      vertex 75.13298233859457 14.979140131648668 80
      vertex 75.9236000396353 15.213331764052827 0
    endloop
  endfacet
  facet normal -0.23344536385590842 0.9723699203976759 0
    outer loop
      vertex 75.9236000396353 15.213331764052827 0
      vertex 75.9236000396353 15.213331764052827 80
      vertex 76.72539086962028 15.40582471155744 0
    endloop
  endfacet
  facet normal -0.1822355254921462 0.9832549075639548 0
    outer loop
      vertex 76.72539086962028 15.40582471155744 0
      vertex 76.72539086962028 15.40582471155744 80
      vertex 77.53615717561637 15.55609136437342 0
    endloop
  endfacet
  facet normal -0.13052619222004913 0.9914448613738107 0
    outer loop
      vertex 77.53615717561637 15.55609136437342 0
      vertex 77.53615717561637 15.55609136437342 80
      vertex 78.35367670353446 15.663719852050304 0
    endloop
  endfacet
  facet normal 0.1822355254921462 0.9832549075639548 0
    outer loop
      vertex 82.46384282438363 15.55609136437342 0
      vertex 82.46384282438363 15.55609136437342 80
      vertex 83.27460913037972 15.40582471155744 0
    endloop
  endfacet
  facet normal 0.23344536385590842 0.9723699203976759 0
    outer loop
      vertex 83.27460913037972 15.40582471155744 0
      vertex 83.27460913037972 15.40582471155744 80
      vertex 84.0763999603647 15.213331764052827 0
    endloop
  endfacet
  facet normal -0.07845909572784637 0.9969173337331277 0
    outer loop
      vertex 78.35367670353446 15.663719852050304 0
      vertex 78.35367670353446 15.663719852050304 80
      vertex 79.17570868917363 15.728415172384539 0
    endloop
  endfacet
  facet normal -0.026176948307872875 0.9996573249755574 0
    outer loop
      vertex 79.17570868917363 15.728415172384539 0
      vertex 79.17570868917363 15.728415172384539 80
      vertex 80 15.75 0
    endloop
  endfacet
  facet normal 0.026176948307872875 0.9996573249755574 0
    outer loop
      vertex 80 15.75 0
      vertex 80 15.75 80
      vertex 80.82429131082637 15.728415172384539 0
    endloop
  endfacet
  facet normal 0.07845909572784637 0.9969173337331277 0
    outer loop
      vertex 80.82429131082637 15.728415172384539 0
      vertex 80.82429131082637 15.728415172384539 80
      vertex 81.64632329646554 15.663719852050304 0
    endloop
  endfacet
  facet normal 0.13052619222004913 0.9914448613738107 0
    outer loop
      vertex 81.64632329646554 15.663719852050304 0
      vertex 81.64632329646554 15.663719852050304 80
      vertex 82.46384282438363 15.55609136437342 0
    endloop
  endfacet
  facet normal 0.284015344703921 0.9588197348681935 0
    outer loop
      vertex 84.0763999603647 15.213331764052827 0
      vertex 84.0763999603647 15.213331764052827 80
      vertex 84.86701766140543 14.979140131648668 0
    endloop
  endfacet
  facet normal 0.3338068592337718 0.9426414910921781 0
    outer loop
      vertex 84.86701766140543 14.979140131648668 0
      vertex 84.86701766140543 14.979140131648668 80
      vertex 85.64429520533848 14.703891717330928 0
    endloop
  endfacet
  facet normal 0.38268343236509217 0.9238795325112857 0
    outer loop
      vertex 85.64429520533848 14.703891717330928 0
      vertex 85.64429520533848 14.703891717330928 80
      vertex 86.40610212844385 14.388340957870964 0
    endloop
  endfacet
  facet normal 0.4305110968082898 0.9025852843498632 2.7176207268337977e-19
    outer loop
      vertex 87.15035037089787 14.033352755966794 0
      vertex 86.40610212844385 14.388340957870964 0
      vertex 86.40610212844385 14.388340957870964 80
    endloop
  endfacet
  facet normal 0.47715876025961296 0.8788171126619627 5.320607842999731e-20
    outer loop
      vertex 87.875 13.639900109604907 0
      vertex 87.15035037089787 14.033352755966794 0
      vertex 87.15035037089787 14.033352755966794 80
    endloop
  endfacet
  facet normal 0.5224985647159471 0.8526401643540932 -1.027064293077821e-19
    outer loop
      vertex 88.57806480148668 13.20906144514043 0
      vertex 87.875 13.639900109604907 0
      vertex 87.875 13.639900109604907 80
    endloop
  endfacet
  facet normal 0.5664062369248298 0.8241261886220177 0
    outer loop
      vertex 88.57806480148668 13.20906144514043 0
      vertex 88.57806480148668 13.20906144514043 80
      vertex 89.25761772360646 12.742017661405422 0
    endloop
  endfacet
  facet normal 0.6087614290087271 0.7933533402912302 2.9804538863975525e-19
    outer loop
      vertex 89.91179615903494 12.240048892947291 0
      vertex 89.25761772360646 12.742017661405422 0
      vertex 89.25761772360646 12.742017661405422 80
    endloop
  endfacet
  facet normal -0.9996573249755575 0.026176948307866495 0
    outer loop
      vertex 64.25 0 18
      vertex 64.25 0 48
      vertex 64.27158482761546 0.8242913108263654 80
    endloop
  endfacet
  facet normal -0.9969173337331275 0.07845909572785013 0
    outer loop
      vertex 64.27158482761546 0.8242913108263654 18
      vertex 64.27158482761546 0.8242913108263654 80
      vertex 64.3362801479497 1.646323296465542 80
    endloop
  endfacet
  facet normal -0.9914448613738095 0.1305261922200576 0
    outer loop
      vertex 64.3362801479497 1.646323296465542 18
      vertex 64.3362801479497 1.646323296465542 80
      vertex 64.44390863562658 2.463842824383636 80
    endloop
  endfacet
  facet normal -0.9832549075639565 0.1822355254921378 0
    outer loop
      vertex 64.44390863562658 2.463842824383636 18
      vertex 64.44390863562658 2.463842824383636 80
      vertex 64.59417528844256 3.2746091303797096 80
    endloop
  endfacet
  facet normal -0.9723699203976752 0.23344536385591136 0
    outer loop
      vertex 64.59417528844256 3.2746091303797096 18
      vertex 64.59417528844256 3.2746091303797096 80
      vertex 64.78666823594718 4.076399960364702 80
    endloop
  endfacet
  facet normal -0.9588197348681914 0.2840153447039285 0
    outer loop
      vertex 64.78666823594718 4.076399960364702 18
      vertex 64.78666823594718 4.076399960364702 80
      vertex 65.02085986835134 4.867017661405422 80
    endloop
  endfacet
  facet normal -0.9426414910921829 0.33380685923375863 0
    outer loop
      vertex 65.02085986835134 4.867017661405422 18
      vertex 65.02085986835134 4.867017661405422 80
      vertex 65.29610828266907 5.644295205338479 80
    endloop
  endfacet
  facet normal -0.9238795325112853 0.3826834323650932 0
    outer loop
      vertex 65.29610828266907 5.644295205338479 18
      vertex 65.29610828266907 5.644295205338479 80
      vertex 65.61165904212903 6.4061021284438535 80
    endloop
  endfacet
  facet normal 0.9996573249755573 -0.026176948307875765 0
    outer loop
      vertex 70.9 0 0
      vertex 70.91247123373338 0.4762572018107889 77
      vertex 70.9 0 77
    endloop
  endfacet
  facet normal 0.9969173337331303 -0.07845909572781588 0
    outer loop
      vertex 70.91247123373338 0.4762572018107889 0
      vertex 70.9498507521487 0.9512090157356465 77
      vertex 70.91247123373338 0.4762572018107889 77
    endloop
  endfacet
  facet normal 0.9914448613738065 -0.13052619222008108 0
    outer loop
      vertex 70.9498507521487 0.9512090157356465 0
      vertex 71.01203610058425 1.4235536318661008 77
      vertex 70.9498507521487 0.9512090157356465 77
    endloop
  endfacet
  facet normal 0.9832549075639558 -0.18223552549214042 0
    outer loop
      vertex 71.01203610058425 1.4235536318661008 0
      vertex 71.09885683332237 1.8919963864416098 77
      vertex 71.01203610058425 1.4235536318661008 77
    endloop
  endfacet
  facet normal 0.9723699203976792 -0.23344536385589446 0
    outer loop
      vertex 71.09885683332237 1.8919963864416098 0
      vertex 71.21007498076948 2.3552533104329387 77
      vertex 71.09885683332237 1.8919963864416098 77
    endloop
  endfacet
  facet normal 0.958819734868189 -0.28401534470393575 0
    outer loop
      vertex 71.21007498076948 2.3552533104329387 0
      vertex 71.34538570171411 2.8120546488120213 77
      vertex 71.21007498076948 2.3552533104329387 77
    endloop
  endfacet
  facet normal 0.9426414910921821 -0.33380685923376047 0
    outer loop
      vertex 71.34538570171411 2.8120546488120213 0
      vertex 71.50441811887546 3.261148340862232 77
      vertex 71.34538570171411 2.8120546488120213 77
    endloop
  endfacet
  facet normal 0.9238795325112822 -0.38268343236510116 0
    outer loop
      vertex 71.50441811887546 3.261148340862232 0
      vertex 71.68673633545234 3.701303451989782 77
      vertex 71.50441811887546 3.261148340862232 77
    endloop
  endfacet
  facet normal 0.9025852843498686 -0.43051109680827815 0
    outer loop
      vertex 71.68673633545234 3.701303451989782 0
      vertex 71.89184062988585 4.131313547629876 77
      vertex 71.68673633545234 3.701303451989782 77
    endloop
  endfacet
  facet normal -0.9025852843498572 0.4305110968083023 0
    outer loop
      vertex 65.61165904212903 6.4061021284438535 18
      vertex 65.61165904212903 6.4061021284438535 80
      vertex 65.96664724403321 7.150350370897862 80
    endloop
  endfacet
  facet normal -0.8241261886220149 0.5664062369248338 0
    outer loop
      vertex 66.79093855485957 8.578064801486677 0
      vertex 66.79093855485957 8.578064801486677 80
      vertex 67.25798233859457 9.257617723606453 80
    endloop
  endfacet
  facet normal -0.8788171126619682 0.47715876025960324 0
    outer loop
      vertex 65.96664724403321 7.150350370897862 18
      vertex 65.96664724403321 7.150350370897862 80
      vertex 66.36009989039509 7.875 80
    endloop
  endfacet
  facet normal -0.8526401643540957 0.522498564715943 2.669079044310823e-17
    outer loop
      vertex 66.43669998891258 8 18
      vertex 66.36009989039509 7.875 80
      vertex 66.79093855485957 8.578064801486677 80
    endloop
  endfacet
  facet normal -0.793353340291228 0.60876142900873 0
    outer loop
      vertex 67.25798233859457 9.257617723606453 0
      vertex 67.25798233859457 9.257617723606453 80
      vertex 67.75995110705271 9.911796159034939 80
    endloop
  endfacet
  facet normal -0.7604059656000366 0.6494480483301771 0
    outer loop
      vertex 67.75995110705271 9.911796159034939 0
      vertex 67.75995110705271 9.911796159034939 80
      vertex 68.29546899873104 10.538807050152018 80
    endloop
  endfacet
  facet normal -0.7253743710122893 0.6883545756937522 0
    outer loop
      vertex 68.29546899873104 10.538807050152018 0
      vertex 68.29546899873104 10.538807050152018 80
      vertex 68.86306819631187 11.136931803688125 80
    endloop
  endfacet
  facet normal -0.68835457569375 0.7253743710122913 0
    outer loop
      vertex 69.46119294984798 11.70453100126896 0
      vertex 68.86306819631187 11.136931803688125 80
      vertex 69.46119294984798 11.70453100126896 80
    endloop
  endfacet
  facet normal -0.649448048330181 0.7604059656000333 0
    outer loop
      vertex 70.08820384096506 12.240048892947291 0
      vertex 69.46119294984798 11.70453100126896 80
      vertex 70.08820384096506 12.240048892947291 80
    endloop
  endfacet
  facet normal -0.9996573249755575 0.02617694830786649 0
    outer loop
      vertex 64.25 0 48
      vertex 64.25 0 80
      vertex 64.27158482761546 0.8242913108263654 80
    endloop
  endfacet
  facet normal 0 0 1
    outer loop
      vertex 64.27158482761546 -0.8242913108263654 80
      vertex 64.27158482761546 0.8242913108263654 80
      vertex 64.25 0 80
    endloop
  endfacet
  facet normal 0 0 1
    outer loop
      vertex 64.3362801479497 -1.646323296465542 80
      vertex 64.3362801479497 1.646323296465542 80
      vertex 64.27158482761546 0.8242913108263654 80
    endloop
  endfacet
  facet normal 0 0 1
    outer loop
      vertex 64.44390863562658 -2.463842824383636 80
      vertex 64.44390863562658 2.463842824383636 80
      vertex 64.3362801479497 1.646323296465542 80
    endloop
  endfacet
  facet normal 0 0 1
    outer loop
      vertex 64.59417528844256 -3.2746091303797096 80
      vertex 64.59417528844256 3.2746091303797096 80
      vertex 64.44390863562658 2.463842824383636 80
    endloop
  endfacet
  facet normal 0 0 1
    outer loop
      vertex 64.78666823594718 -4.076399960364702 80
      vertex 64.78666823594718 4.076399960364702 80
      vertex 64.59417528844256 3.2746091303797096 80
    endloop
  endfacet
  facet normal 0 0 1
    outer loop
      vertex 65.02085986835134 -4.867017661405422 80
      vertex 65.02085986835134 4.867017661405422 80
      vertex 64.78666823594718 4.076399960364702 80
    endloop
  endfacet
  facet normal 0 0 1
    outer loop
      vertex 65.29610828266907 -5.644295205338479 80
      vertex 65.29610828266907 5.644295205338479 80
      vertex 65.02085986835134 4.867017661405422 80
    endloop
  endfacet
  facet normal 0 0 1
    outer loop
      vertex 65.61165904212903 -6.4061021284438535 80
      vertex 65.61165904212903 6.4061021284438535 80
      vertex 65.29610828266907 5.644295205338479 80
    endloop
  endfacet
  facet normal 0 0 1
    outer loop
      vertex 65.96664724403321 -7.150350370897862 80
      vertex 65.96664724403321 7.150350370897862 80
      vertex 65.61165904212903 6.4061021284438535 80
    endloop
  endfacet
  facet normal 0 0 1
    outer loop
      vertex 68.06637705968285 -0.6254146771031788 77
      vertex 68.06637705968285 0.6254146771031788 77
      vertex 68.05 0 77
    endloop
  endfacet
  facet normal 0 0 1
    outer loop
      vertex 68.06637705968285 -0.6254146771031788 77
      vertex 68.11546335034913 1.249115136048459 77
      vertex 68.06637705968285 0.6254146771031788 77
    endloop
  endfacet
  facet normal 0 0 1
    outer loop
      vertex 68.11546335034913 -1.249115136048459 77
      vertex 68.19712432988811 1.8693918572307588 77
      vertex 68.11546335034913 1.249115136048459 77
    endloop
  endfacet
  facet normal 0 0 1
    outer loop
      vertex 68.19712432988811 -1.8693918572307588 77
      vertex 68.31113617123103 2.484544705272224 77
      vertex 68.19712432988811 1.8693918572307588 77
    endloop
  endfacet
  facet normal 0 0 1
    outer loop
      vertex 68.31113617123103 -2.484544705272224 77
      vertex 68.45718637584564 3.0928875889751226 77
      vertex 68.31113617123103 2.484544705272224 77
    endloop
  endfacet
  facet normal 0 0 1
    outer loop
      vertex 68.45718637584564 -3.0928875889751226 77
      vertex 68.63487463027292 3.692753082780621 77
      vertex 68.45718637584564 3.0928875889751226 77
    endloop
  endfacet
  facet normal 0 0 1
    outer loop
      vertex 68.63487463027292 -3.692753082780621 77
      vertex 68.84371390335843 4.282496997066338 77
      vertex 68.63487463027292 3.692753082780621 77
    endloop
  endfacet
  facet normal 0.9996573249755567 -0.026176948307889983 -1.7978924615809394e-19
    outer loop
      vertex 68.05 0 77
      vertex 68.06637705968285 0.6254146771031788 77
      vertex 68.06637705968285 0.6254146771031788 80
    endloop
  endfacet
  facet normal 0.9996573249755567 -0.026176948307889983 0
    outer loop
      vertex 68.05 0 77
      vertex 68.06637705968285 0.6254146771031788 80
      vertex 68.05 0 80
    endloop
  endfacet
  facet normal 0.9969173337331292 -0.07845909572782876 5.185357324556415e-19
    outer loop
      vertex 68.06637705968285 0.6254146771031788 77
      vertex 68.11546335034913 1.249115136048459 77
      vertex 68.11546335034913 1.249115136048459 80
    endloop
  endfacet
  facet normal 0.9969173337331292 -0.07845909572782876 0
    outer loop
      vertex 68.06637705968285 0.6254146771031788 77
      vertex 68.11546335034913 1.249115136048459 80
      vertex 68.06637705968285 0.6254146771031788 80
    endloop
  endfacet
  facet normal 0.9914448613738082 -0.1305261922200678 0
    outer loop
      vertex 68.11546335034913 1.249115136048459 77
      vertex 68.19712432988811 1.8693918572307588 80
      vertex 68.11546335034913 1.249115136048459 80
    endloop
  endfacet
  facet normal 0 0 1
    outer loop
      vertex 68.84371390335843 -4.282496997066338 77
      vertex 69.08313178117092 4.860502884755812 77
      vertex 68.84371390335843 4.282496997066338 77
    endloop
  endfacet
  facet normal 0 0 1
    outer loop
      vertex 66.36009989039509 -7.875 80
      vertex 66.36009989039509 7.875 80
      vertex 65.96664724403321 7.150350370897862 80
    endloop
  endfacet
  facet normal 0 0 1
    outer loop
      vertex 66.79093855485957 -8.578064801486677 80
      vertex 66.79093855485957 8.578064801486677 80
      vertex 66.36009989039509 7.875 80
    endloop
  endfacet
  facet normal 0 0 1
    outer loop
      vertex 67.25798233859457 -9.257617723606453 80
      vertex 67.25798233859457 9.257617723606453 80
      vertex 66.79093855485957 8.578064801486677 80
    endloop
  endfacet
  facet normal 0.9914448613738082 -0.1305261922200678 1.0193457278873862e-19
    outer loop
      vertex 68.11546335034913 1.249115136048459 77
      vertex 68.19712432988811 1.8693918572307588 77
      vertex 68.19712432988811 1.8693918572307588 80
    endloop
  endfacet
  facet normal 0.9832549075639556 -0.18223552549214214 -1.2679307324774306e-18
    outer loop
      vertex 68.19712432988811 1.8693918572307588 77
      vertex 68.31113617123103 2.484544705272224 77
      vertex 68.31113617123103 2.484544705272224 80
    endloop
  endfacet
  facet normal 0.9832549075639556 -0.18223552549214214 0
    outer loop
      vertex 68.19712432988811 1.8693918572307588 77
      vertex 68.31113617123103 2.484544705272224 80
      vertex 68.19712432988811 1.8693918572307588 80
    endloop
  endfacet
  facet normal 0.972369920397677 -0.23344536385590406 2.8320531163715947e-18
    outer loop
      vertex 68.31113617123103 2.484544705272224 77
      vertex 68.45718637584564 3.0928875889751226 77
      vertex 68.45718637584564 3.0928875889751226 80
    endloop
  endfacet
  facet normal 0 0 1
    outer loop
      vertex 67.75995110705271 -9.911796159034939 80
      vertex 67.75995110705271 9.911796159034939 80
      vertex 67.25798233859457 9.257617723606453 80
    endloop
  endfacet
  facet normal 0.972369920397677 -0.23344536385590406 0
    outer loop
      vertex 68.31113617123103 2.484544705272224 77
      vertex 68.45718637584564 3.0928875889751226 80
      vertex 68.31113617123103 2.484544705272224 80
    endloop
  endfacet
  facet normal 0 0 1
    outer loop
      vertex 70.7131057605892 -7.520378673045556 77
      vertex 70.9 0 77
      vertex 70.7131057605892 7.520378673045556 77
    endloop
  endfacet
  facet normal 0 0 1
    outer loop
      vertex 69.08313178117092 -4.860502884755812 77
      vertex 69.352472035949 5.425186471887584 77
      vertex 69.08313178117092 4.860502884755812 77
    endloop
  endfacet
  facet normal 0 0 1
    outer loop
      vertex 69.352472035949 -5.425186471887584 77
      vertex 69.65099642477595 5.975 77
      vertex 69.352472035949 5.425186471887584 77
    endloop
  endfacet
  facet normal 0 0 1
    outer loop
      vertex 69.65099642477595 -5.975 77
      vertex 69.97788671305219 6.508436468429573 77
      vertex 69.65099642477595 5.975 77
    endloop
  endfacet
  facet normal 0 0 1
    outer loop
      vertex 69.97788671305219 -6.508436468429573 77
      vertex 70.33224691721938 7.024033764895053 77
      vertex 69.97788671305219 6.508436468429573 77
    endloop
  endfacet
  facet normal 0 0 1
    outer loop
      vertex 70.33224691721938 -7.024033764895053 77
      vertex 70.7131057605892 7.520378673045556 77
      vertex 70.33224691721938 7.024033764895053 77
    endloop
  endfacet
  facet normal 0 0 1
    outer loop
      vertex 70.9 0 77
      vertex 70.91247123373338 0.4762572018107889 77
      vertex 70.7131057605892 7.520378673045556 77
    endloop
  endfacet
  facet normal 0 0 1
    outer loop
      vertex 70.91247123373338 0.4762572018107889 77
      vertex 70.9498507521487 0.9512090157356465 77
      vertex 70.7131057605892 7.520378673045556 77
    endloop
  endfacet
  facet normal 0.9588197348681932 -0.2840153447039227 -3.2503550273776462e-18
    outer loop
      vertex 68.45718637584564 3.0928875889751226 77
      vertex 68.63487463027292 3.692753082780621 77
      vertex 68.63487463027292 3.692753082780621 80
    endloop
  endfacet
  facet normal 0 0 1
    outer loop
      vertex 67.75995110705271 9.911796159034939 80
      vertex 68.05 0 80
      vertex 68.06637705968285 0.6254146771031788 80
    endloop
  endfacet
  facet normal 0.9588197348681932 -0.2840153447039227 0
    outer loop
      vertex 68.45718637584564 3.0928875889751226 77
      vertex 68.63487463027292 3.692753082780621 80
      vertex 68.45718637584564 3.0928875889751226 80
    endloop
  endfacet
  facet normal 0.9426414910921825 -0.3338068592337593 0
    outer loop
      vertex 68.63487463027292 3.692753082780621 77
      vertex 68.84371390335843 4.282496997066338 80
      vertex 68.63487463027292 3.692753082780621 80
    endloop
  endfacet
  facet normal 0.9426414910921825 -0.3338068592337593 2.6030932305915606e-18
    outer loop
      vertex 68.63487463027292 3.692753082780621 77
      vertex 68.84371390335843 4.282496997066338 77
      vertex 68.84371390335843 4.282496997066338 80
    endloop
  endfacet
  facet normal 0 0 1
    outer loop
      vertex 67.75995110705271 9.911796159034939 80
      vertex 68.06637705968285 0.6254146771031788 80
      vertex 68.11546335034913 1.249115136048459 80
    endloop
  endfacet
  facet normal 0 0 1
    outer loop
      vertex 67.75995110705271 9.911796159034939 80
      vertex 68.11546335034913 1.249115136048459 80
      vertex 68.19712432988811 1.8693918572307588 80
    endloop
  endfacet
  facet normal 0.9238795325112839 -0.38268343236509694 0
    outer loop
      vertex 68.84371390335843 4.282496997066338 77
      vertex 69.08313178117092 4.860502884755812 80
      vertex 68.84371390335843 4.282496997066338 80
    endloop
  endfacet
  facet normal 0 0 1
    outer loop
      vertex 67.75995110705271 9.911796159034939 80
      vertex 68.19712432988811 1.8693918572307588 80
      vertex 68.31113617123103 2.484544705272224 80
    endloop
  endfacet
  facet normal 0 0 1
    outer loop
      vertex 68.31113617123103 2.484544705272224 80
      vertex 68.45718637584564 3.0928875889751226 80
      vertex 68.29546899873104 10.538807050152018 80
    endloop
  endfacet
  facet normal 0 0 1
    outer loop
      vertex 68.45718637584564 3.0928875889751226 80
      vertex 68.63487463027292 3.692753082780621 80
      vertex 68.29546899873104 10.538807050152018 80
    endloop
  endfacet
  facet normal 0 0 1
    outer loop
      vertex 68.63487463027292 3.692753082780621 80
      vertex 68.84371390335843 4.282496997066338 80
      vertex 68.29546899873104 10.538807050152018 80
    endloop
  endfacet
  facet normal 0 0 1
    outer loop
      vertex 70.9498507521487 0.9512090157356465 77
      vertex 71.01203610058425 1.4235536318661008 77
      vertex 71.11941933554513 7.996110745988355 77
    endloop
  endfacet
  facet normal 0 0 1
    outer loop
      vertex 71.01203610058425 1.4235536318661008 77
      vertex 71.09885683332237 1.8919963864416098 77
      vertex 71.11941933554513 7.996110745988355 77
    endloop
  endfacet
  facet normal 0 0 1
    outer loop
      vertex 71.09885683332237 1.8919963864416098 77
      vertex 71.21007498076948 2.3552533104329387 77
      vertex 71.11941933554513 7.996110745988355 77
    endloop
  endfacet
  facet normal 0 0 1
    outer loop
      vertex 71.21007498076948 2.3552533104329387 77
      vertex 71.34538570171411 2.8120546488120213 77
      vertex 71.11941933554513 7.996110745988355 77
    endloop
  endfacet
  facet normal 0.9238795325112839 -0.38268343236509694 -2.3602267218824386e-18
    outer loop
      vertex 68.84371390335843 4.282496997066338 77
      vertex 69.08313178117092 4.860502884755812 77
      vertex 69.08313178117092 4.860502884755812 80
    endloop
  endfacet
  facet normal 0 0 1
    outer loop
      vertex 71.34538570171411 2.8120546488120213 77
      vertex 71.50441811887546 3.261148340862232 77
      vertex 71.11941933554513 7.996110745988355 77
    endloop
  endfacet
  facet normal 0 0 1
    outer loop
      vertex 71.50441811887546 3.261148340862232 77
      vertex 71.68673633545234 3.701303451989782 77
      vertex 71.55007396482075 8.449926035179242 77
    endloop
  endfacet
  facet normal 0 0 1
    outer loop
      vertex 71.68673633545234 3.701303451989782 77
      vertex 71.89184062988585 4.131313547629876 77
      vertex 71.55007396482075 8.449926035179242 77
    endloop
  endfacet
  facet normal 0 0 1
    outer loop
      vertex 70.9498507521487 0.9512090157356465 77
      vertex 71.11941933554513 7.996110745988355 77
      vertex 70.7131057605892 7.520378673045556 77
    endloop
  endfacet
  facet normal 0.9025852843498597 -0.4305110968082969 -8.539249897559563e-19
    outer loop
      vertex 69.08313178117092 4.860502884755812 77
      vertex 69.352472035949 5.425186471887584 77
      vertex 69.352472035949 5.425186471887584 80
    endloop
  endfacet
  facet normal 0.9025852843498597 -0.4305110968082969 0
    outer loop
      vertex 69.08313178117092 4.860502884755812 77
      vertex 69.352472035949 5.425186471887584 80
      vertex 69.08313178117092 4.860502884755812 80
    endloop
  endfacet
  facet normal 0.8788171126619694 -0.4771587602596011 1.7003101116346378e-18
    outer loop
      vertex 69.352472035949 5.425186471887584 77
      vertex 69.65099642477595 5.975 77
      vertex 69.65099642477595 5.975 80
    endloop
  endfacet
  facet normal 0.8788171126619694 -0.4771587602596011 0
    outer loop
      vertex 69.352472035949 5.425186471887584 77
      vertex 69.65099642477595 5.975 80
      vertex 69.352472035949 5.425186471887584 80
    endloop
  endfacet
  facet normal 0.852640164354087 -0.5224985647159575 0
    outer loop
      vertex 69.65099642477595 5.975 77
      vertex 69.97788671305219 6.508436468429573 80
      vertex 69.65099642477595 5.975 80
    endloop
  endfacet
  facet normal 0 0 1
    outer loop
      vertex 68.84371390335843 4.282496997066338 80
      vertex 69.08313178117092 4.860502884755812 80
      vertex 68.29546899873104 10.538807050152018 80
    endloop
  endfacet
  facet normal 0 0 1
    outer loop
      vertex 67.75995110705271 9.911796159034939 80
      vertex 68.31113617123103 2.484544705272224 80
      vertex 68.29546899873104 10.538807050152018 80
    endloop
  endfacet
  facet normal 0 0 1
    outer loop
      vertex 69.08313178117092 4.860502884755812 80
      vertex 68.86306819631187 11.136931803688125 80
      vertex 68.29546899873104 10.538807050152018 80
    endloop
  endfacet
  facet normal 0 0 1
    outer loop
      vertex 71.50441811887546 3.261148340862232 77
      vertex 71.55007396482075 8.449926035179242 77
      vertex 71.11941933554513 7.996110745988355 77
    endloop
  endfacet
  facet normal 0 0 1
    outer loop
      vertex 71.89184062988585 4.131313547629876 77
      vertex 72.00388925401164 8.880580664454861 77
      vertex 71.55007396482075 8.449926035179242 77
    endloop
  endfacet
  facet normal 0.852640164354087 -0.5224985647159575 -2.027921097166966e-18
    outer loop
      vertex 69.65099642477595 5.975 77
      vertex 69.97788671305219 6.508436468429573 77
      vertex 69.97788671305219 6.508436468429573 80
    endloop
  endfacet
  facet normal 0.8241261886220174 -0.5664062369248304 6.603126865536453e-19
    outer loop
      vertex 69.97788671305219 6.508436468429573 77
      vertex 70.33224691721938 7.024033764895053 77
      vertex 70.33224691721938 7.024033764895053 80
    endloop
  endfacet
  facet normal 0.8241261886220174 -0.5664062369248304 0
    outer loop
      vertex 69.97788671305219 6.508436468429573 77
      vertex 70.33224691721938 7.024033764895053 80
      vertex 69.97788671305219 6.508436468429573 80
    endloop
  endfacet
  facet normal 0 0 1
    outer loop
      vertex 69.08313178117092 4.860502884755812 80
      vertex 69.352472035949 5.425186471887584 80
      vertex 68.86306819631187 11.136931803688125 80
    endloop
  endfacet
  facet normal 0 0 1
    outer loop
      vertex 69.352472035949 5.425186471887584 80
      vertex 69.65099642477595 5.975 80
      vertex 68.86306819631187 11.136931803688125 80
    endloop
  endfacet
  facet normal 0.7933533402912331 -0.6087614290087235 6.967543710812246e-18
    outer loop
      vertex 70.33224691721938 7.024033764895053 77
      vertex 70.7131057605892 7.520378673045556 77
      vertex 70.7131057605892 7.520378673045556 80
    endloop
  endfacet
  facet normal 0.7933533402912331 -0.6087614290087235 0
    outer loop
      vertex 70.33224691721938 7.024033764895053 77
      vertex 70.7131057605892 7.520378673045556 80
      vertex 70.33224691721938 7.024033764895053 80
    endloop
  endfacet
  facet normal 0.7604059656000397 -0.6494480483301734 0
    outer loop
      vertex 70.7131057605892 7.520378673045556 77
      vertex 71.11941933554513 7.996110745988355 80
      vertex 70.7131057605892 7.520378673045556 80
    endloop
  endfacet
  facet normal 0 0 1
    outer loop
      vertex 69.65099642477595 5.975 80
      vertex 69.97788671305219 6.508436468429573 80
      vertex 69.46119294984798 11.70453100126896 80
    endloop
  endfacet
  facet normal 0 0 1
    outer loop
      vertex 69.97788671305219 6.508436468429573 80
      vertex 70.33224691721938 7.024033764895053 80
      vertex 69.46119294984798 11.70453100126896 80
    endloop
  endfacet
  facet normal 0 0 1
    outer loop
      vertex 70.33224691721938 7.024033764895053 80
      vertex 70.7131057605892 7.520378673045556 80
      vertex 70.08820384096506 12.240048892947291 80
    endloop
  endfacet
  facet normal 0.7604059656000397 -0.6494480483301734 5.341846115850524e-18
    outer loop
      vertex 70.7131057605892 7.520378673045556 77
      vertex 71.11941933554513 7.996110745988355 77
      vertex 71.11941933554513 7.996110745988355 80
    endloop
  endfacet
  facet normal 0.725374371012284 -0.6883545756937578 -3.823289487621037e-18
    outer loop
      vertex 71.11941933554513 7.996110745988355 77
      vertex 71.55007396482075 8.449926035179242 77
      vertex 71.55007396482075 8.449926035179242 80
    endloop
  endfacet
  facet normal 0.725374371012284 -0.6883545756937578 0
    outer loop
      vertex 71.11941933554513 7.996110745988355 77
      vertex 71.55007396482075 8.449926035179242 80
      vertex 71.11941933554513 7.996110745988355 80
    endloop
  endfacet
  facet normal 0.6883545756937562 -0.7253743710122855 0
    outer loop
      vertex 71.55007396482075 8.449926035179242 77
      vertex 72.00388925401164 8.880580664454861 80
      vertex 71.55007396482075 8.449926035179242 80
    endloop
  endfacet
  facet normal 0.6883545756937562 -0.7253743710122855 1.3487961264791695e-18
    outer loop
      vertex 71.55007396482075 8.449926035179242 77
      vertex 72.00388925401164 8.880580664454861 77
      vertex 72.00388925401164 8.880580664454861 80
    endloop
  endfacet
  facet normal 0 0 1
    outer loop
      vertex 70.7131057605892 7.520378673045556 80
      vertex 71.11941933554513 7.996110745988355 80
      vertex 70.08820384096506 12.240048892947291 80
    endloop
  endfacet
  facet normal 0 0 1
    outer loop
      vertex 69.65099642477595 5.975 80
      vertex 69.46119294984798 11.70453100126896 80
      vertex 68.86306819631187 11.136931803688125 80
    endloop
  endfacet
  facet normal 0 0 1
    outer loop
      vertex 70.33224691721938 7.024033764895053 80
      vertex 70.08820384096506 12.240048892947291 80
      vertex 69.46119294984798 11.70453100126896 80
    endloop
  endfacet
  facet normal 0 0 1
    outer loop
      vertex 71.11941933554513 7.996110745988355 80
      vertex 71.55007396482075 8.449926035179242 80
      vertex 70.74238227639354 12.742017661405422 80
    endloop
  endfacet
  facet normal 0 0 1
    outer loop
      vertex 71.55007396482075 8.449926035179242 80
      vertex 72.00388925401164 8.880580664454861 80
      vertex 71.42193519851332 13.20906144514043 80
    endloop
  endfacet
  facet normal 0 0 1
    outer loop
      vertex 71.11941933554513 7.996110745988355 80
      vertex 70.74238227639354 12.742017661405422 80
      vertex 70.08820384096506 12.240048892947291 80
    endloop
  endfacet
  facet normal 0 0 1
    outer loop
      vertex 71.55007396482075 8.449926035179242 80
      vertex 71.42193519851332 13.20906144514043 80
      vertex 70.74238227639354 12.742017661405422 80
    endloop
  endfacet
  facet normal -0.6087614290087271 0.7933533402912302 0
    outer loop
      vertex 70.74238227639354 12.742017661405422 0
      vertex 70.08820384096506 12.240048892947291 80
      vertex 70.74238227639354 12.742017661405422 80
    endloop
  endfacet
  facet normal -0.5664062369248298 0.8241261886220177 0
    outer loop
      vertex 71.42193519851332 13.20906144514043 0
      vertex 70.74238227639354 12.742017661405422 80
      vertex 71.42193519851332 13.20906144514043 80
    endloop
  endfacet
  facet normal -0.5224985647159471 0.8526401643540932 0
    outer loop
      vertex 72.125 13.639900109604907 0
      vertex 71.42193519851332 13.20906144514043 80
      vertex 72.125 13.639900109604907 80
    endloop
  endfacet
  facet normal 0.8788171126619553 -0.47715876025962717 0
    outer loop
      vertex 71.89184062988585 4.131313547629876 0
      vertex 72.11916882556162 4.55 77
      vertex 71.89184062988585 4.131313547629876 77
    endloop
  endfacet
  facet normal 0.8526401643540962 -0.5224985647159426 0
    outer loop
      vertex 72.11916882556162 4.55 0
      vertex 72.36809783169664 4.956215218636746 77
      vertex 72.11916882556162 4.55 77
    endloop
  endfacet
  facet normal 0.8241261886220171 -0.5664062369248307 0
    outer loop
      vertex 72.36809783169664 4.956215218636746 0
      vertex 72.63794535118798 5.348845795861505 77
      vertex 72.36809783169664 4.956215218636746 77
    endloop
  endfacet
  facet normal 0.7933533402912388 -0.6087614290087158 0
    outer loop
      vertex 72.63794535118798 5.348845795861505 0
      vertex 72.92797175074156 5.72681555855352 77
      vertex 72.63794535118798 5.348845795861505 77
    endloop
  endfacet
  facet normal 0.7604059656000289 -0.649448048330186 0
    outer loop
      vertex 72.92797175074156 5.72681555855352 0
      vertex 73.23738208815571 6.089088517865609 77
      vertex 72.92797175074156 5.72681555855352 77
    endloop
  endfacet
  facet normal 0.7253743710122864 -0.6883545756937554 0
    outer loop
      vertex 73.23738208815571 6.089088517865609 0
      vertex 73.56532829120242 6.434671708797583 77
      vertex 73.23738208815571 6.089088517865609 77
    endloop
  endfacet
  facet normal 0.6883545756937506 -0.725374371012291 0
    outer loop
      vertex 73.56532829120242 6.434671708797583 0
      vertex 73.9109114821344 6.762617911844288 77
      vertex 73.56532829120242 6.434671708797583 77
    endloop
  endfacet
  facet normal 0.649448048330193 -0.760405965600023 0
    outer loop
      vertex 73.9109114821344 6.762617911844288 0
      vertex 74.27318444144647 7.072028249258435 77
      vertex 73.9109114821344 6.762617911844288 77
    endloop
  endfacet
  facet normal 0.608761429008718 -0.793353340291237 0
    outer loop
      vertex 74.27318444144647 7.072028249258435 0
      vertex 74.65115420413849 7.3620546488120215 77
      vertex 74.27318444144647 7.072028249258435 77
    endloop
  endfacet
  facet normal 0.5664062369248279 -0.824126188622019 0
    outer loop
      vertex 74.65115420413849 7.3620546488120215 0
      vertex 75.04378478136326 7.631902168303359 77
      vertex 74.65115420413849 7.3620546488120215 77
    endloop
  endfacet
  facet normal 0.5224985647159475 -0.8526401643540932 0
    outer loop
      vertex 75.04378478136326 7.631902168303359 0
      vertex 75.45 7.8808311744383905 77
      vertex 75.04378478136326 7.631902168303359 77
    endloop
  endfacet
  facet normal 0.47715876025961046 -0.8788171126619642 0
    outer loop
      vertex 75.45 7.8808311744383905 0
      vertex 75.86868645237013 8.108159370114148 77
      vertex 75.45 7.8808311744383905 77
    endloop
  endfacet
  facet normal 0.43051109680830063 -0.9025852843498581 0
    outer loop
      vertex 75.86868645237013 8.108159370114148 0
      vertex 76.29869654801021 8.313263664547668 77
      vertex 75.86868645237013 8.108159370114148 77
    endloop
  endfacet
  facet normal 0.3826834323650864 -0.9238795325112882 0
    outer loop
      vertex 76.29869654801021 8.313263664547668 0
      vertex 76.73885165913777 8.495581881124535 77
      vertex 76.29869654801021 8.313263664547668 77
    endloop
  endfacet
  facet normal 0.33380685923376957 -0.942641491092179 0
    outer loop
      vertex 76.73885165913777 8.495581881124535 0
      vertex 77.18794535118798 8.654614298285896 77
      vertex 76.73885165913777 8.495581881124535 77
    endloop
  endfacet
  facet normal 0.284015344703927 -0.9588197348681916 0
    outer loop
      vertex 77.18794535118798 8.654614298285896 0
      vertex 77.64474668956706 8.789925019230521 77
      vertex 77.18794535118798 8.654614298285896 77
    endloop
  endfacet
  facet normal 0.23344536385590067 -0.9723699203976778 0
    outer loop
      vertex 77.64474668956706 8.789925019230521 0
      vertex 78.1080036135584 8.901143166677631 77
      vertex 77.64474668956706 8.789925019230521 77
    endloop
  endfacet
  facet normal 0.1822355254921489 -0.9832549075639544 0
    outer loop
      vertex 78.1080036135584 8.901143166677631 0
      vertex 78.5764463681339 8.987963899415753 77
      vertex 78.1080036135584 8.901143166677631 77
    endloop
  endfacet
  facet normal 0.13052619222005116 -0.9914448613738105 0
    outer loop
      vertex 78.5764463681339 8.987963899415753 0
      vertex 79.04879098426436 9.050149247851287 77
      vertex 78.5764463681339 8.987963899415753 77
    endloop
  endfacet
  facet normal 0.07845909572784364 -0.9969173337331282 0
    outer loop
      vertex 79.04879098426436 9.050149247851287 0
      vertex 79.5237427981892 9.08752876626662 77
      vertex 79.04879098426436 9.050149247851287 77
    endloop
  endfacet
  facet normal 0.026176948307875373 -0.9996573249755573 0
    outer loop
      vertex 79.5237427981892 9.08752876626662 0
      vertex 80 9.1 77
      vertex 79.5237427981892 9.08752876626662 77
    endloop
  endfacet
  facet normal -0.026176948307875373 -0.9996573249755573 0
    outer loop
      vertex 80 9.1 0
      vertex 80.4762572018108 9.08752876626662 77
      vertex 80 9.1 77
    endloop
  endfacet
  facet normal -0.07845909572784364 -0.9969173337331282 0
    outer loop
      vertex 80.4762572018108 9.08752876626662 0
      vertex 80.95120901573564 9.050149247851287 77
      vertex 80.4762572018108 9.08752876626662 77
    endloop
  endfacet
  facet normal -0.1822355254921489 -0.9832549075639544 0
    outer loop
      vertex 81.4235536318661 8.987963899415753 0
      vertex 81.8919963864416 8.901143166677631 77
      vertex 81.4235536318661 8.987963899415753 77
    endloop
  endfacet
  facet normal -0.13052619222005116 -0.9914448613738105 0
    outer loop
      vertex 80.95120901573564 9.050149247851287 0
      vertex 81.4235536318661 8.987963899415753 77
      vertex 80.95120901573564 9.050149247851287 77
    endloop
  endfacet
  facet normal -0.23344536385590067 -0.9723699203976778 0
    outer loop
      vertex 81.8919963864416 8.901143166677631 0
      vertex 82.35525331043294 8.789925019230521 77
      vertex 81.8919963864416 8.901143166677631 77
    endloop
  endfacet
  facet normal -0.3826834323650864 -0.9238795325112882 0
    outer loop
      vertex 83.26114834086223 8.495581881124535 0
      vertex 83.70130345198979 8.313263664547668 77
      vertex 83.26114834086223 8.495581881124535 77
    endloop
  endfacet
  facet normal -0.284015344703927 -0.9588197348681916 0
    outer loop
      vertex 82.35525331043294 8.789925019230521 0
      vertex 82.81205464881202 8.654614298285896 77
      vertex 82.35525331043294 8.789925019230521 77
    endloop
  endfacet
  facet normal -0.33380685923376957 -0.942641491092179 0
    outer loop
      vertex 82.81205464881202 8.654614298285896 0
      vertex 83.26114834086223 8.495581881124535 77
      vertex 82.81205464881202 8.654614298285896 77
    endloop
  endfacet
  facet normal -0.9996573249755573 -0.026176948307875765 0
    outer loop
      vertex 89.08752876626662 0.4762572018107889 0
      vertex 89.1 0 77
      vertex 89.08752876626662 0.4762572018107889 77
    endloop
  endfacet
  facet normal -0.9914448613738065 -0.13052619222008108 0
    outer loop
      vertex 88.98796389941575 1.4235536318661008 0
      vertex 89.0501492478513 0.9512090157356465 77
      vertex 88.98796389941575 1.4235536318661008 77
    endloop
  endfacet
  facet normal -0.9969173337331303 -0.07845909572781588 0
    outer loop
      vertex 89.0501492478513 0.9512090157356465 0
      vertex 89.08752876626662 0.4762572018107889 77
      vertex 89.0501492478513 0.9512090157356465 77
    endloop
  endfacet
  facet normal -0.9832549075639558 -0.18223552549214042 0
    outer loop
      vertex 88.90114316667763 1.8919963864416098 0
      vertex 88.98796389941575 1.4235536318661008 77
      vertex 88.90114316667763 1.8919963864416098 77
    endloop
  endfacet
  facet normal -0.9723699203976792 -0.23344536385589446 0
    outer loop
      vertex 88.78992501923052 2.3552533104329387 0
      vertex 88.90114316667763 1.8919963864416098 77
      vertex 88.78992501923052 2.3552533104329387 77
    endloop
  endfacet
  facet normal -0.958819734868189 -0.28401534470393575 0
    outer loop
      vertex 88.65461429828589 2.8120546488120213 0
      vertex 88.78992501923052 2.3552533104329387 77
      vertex 88.65461429828589 2.8120546488120213 77
    endloop
  endfacet
  facet normal -0.9426414910921821 -0.33380685923376047 0
    outer loop
      vertex 88.49558188112454 3.261148340862232 0
      vertex 88.65461429828589 2.8120546488120213 77
      vertex 88.49558188112454 3.261148340862232 77
    endloop
  endfacet
  facet normal -0.9025852843498686 -0.43051109680827815 0
    outer loop
      vertex 88.10815937011415 4.131313547629876 0
      vertex 88.31326366454766 3.701303451989782 77
      vertex 88.10815937011415 4.131313547629876 77
    endloop
  endfacet
  facet normal -0.8788171126619553 -0.47715876025962717 0
    outer loop
      vertex 87.88083117443838 4.55 0
      vertex 88.10815937011415 4.131313547629876 77
      vertex 87.88083117443838 4.55 77
    endloop
  endfacet
  facet normal -0.9238795325112822 -0.38268343236510116 0
    outer loop
      vertex 88.31326366454766 3.701303451989782 0
      vertex 88.49558188112454 3.261148340862232 77
      vertex 88.31326366454766 3.701303451989782 77
    endloop
  endfacet
  facet normal -0.8241261886220171 -0.5664062369248307 0
    outer loop
      vertex 87.36205464881202 5.348845795861505 0
      vertex 87.63190216830336 4.956215218636746 77
      vertex 87.36205464881202 5.348845795861505 77
    endloop
  endfacet
  facet normal -0.8526401643540962 -0.5224985647159426 0
    outer loop
      vertex 87.63190216830336 4.956215218636746 0
      vertex 87.88083117443838 4.55 77
      vertex 87.63190216830336 4.956215218636746 77
    endloop
  endfacet
  facet normal -0.7933533402912388 -0.6087614290087158 0
    outer loop
      vertex 87.07202824925844 5.72681555855352 0
      vertex 87.36205464881202 5.348845795861505 77
      vertex 87.07202824925844 5.72681555855352 77
    endloop
  endfacet
  facet normal -0.7604059656000289 -0.649448048330186 0
    outer loop
      vertex 86.76261791184429 6.089088517865609 0
      vertex 87.07202824925844 5.72681555855352 77
      vertex 86.76261791184429 6.089088517865609 77
    endloop
  endfacet
  facet normal 0.9996573249755576 0.026176948307866495 0
    outer loop
      vertex 95.72841517238454 0.8242913108263654 0
      vertex 95.72841517238454 0.8242913108263654 80
      vertex 95.75 0 80
    endloop
  endfacet
  facet normal 0.9969173337331276 0.07845909572785013 0
    outer loop
      vertex 95.6637198520503 1.646323296465542 0
      vertex 95.6637198520503 1.646323296465542 80
      vertex 95.72841517238454 0.8242913108263654 80
    endloop
  endfacet
  facet normal 0.9914448613738096 0.13052619222005762 0
    outer loop
      vertex 95.55609136437342 2.463842824383636 0
      vertex 95.55609136437342 2.463842824383636 80
      vertex 95.6637198520503 1.646323296465542 80
    endloop
  endfacet
  facet normal 0.9832549075639563 0.18223552549213778 0
    outer loop
      vertex 95.40582471155744 3.2746091303797096 0
      vertex 95.40582471155744 3.2746091303797096 80
      vertex 95.55609136437342 2.463842824383636 80
    endloop
  endfacet
  facet normal 0.9723699203976752 0.23344536385591136 0
    outer loop
      vertex 95.21333176405282 4.076399960364702 0
      vertex 95.21333176405282 4.076399960364702 80
      vertex 95.40582471155744 3.2746091303797096 80
    endloop
  endfacet
  facet normal 0.9588197348681913 0.2840153447039285 0
    outer loop
      vertex 94.97914013164866 4.867017661405422 0
      vertex 94.97914013164866 4.867017661405422 80
      vertex 95.21333176405282 4.076399960364702 80
    endloop
  endfacet
  facet normal 0.9426414910921829 0.33380685923375863 0
    outer loop
      vertex 94.70389171733093 5.644295205338479 0
      vertex 94.70389171733093 5.644295205338479 80
      vertex 94.97914013164866 4.867017661405422 80
    endloop
  endfacet
  facet normal 0.9238795325112855 0.3826834323650933 0
    outer loop
      vertex 94.38834095787097 6.4061021284438535 0
      vertex 94.38834095787097 6.4061021284438535 80
      vertex 94.70389171733093 5.644295205338479 80
    endloop
  endfacet
  facet normal -0.5224985647159475 -0.8526401643540932 0
    outer loop
      vertex 84.55 7.8808311744383905 0
      vertex 84.95621521863674 7.631902168303359 77
      vertex 84.55 7.8808311744383905 77
    endloop
  endfacet
  facet normal -0.5664062369248279 -0.824126188622019 0
    outer loop
      vertex 84.95621521863674 7.631902168303359 0
      vertex 85.34884579586151 7.3620546488120215 77
      vertex 84.95621521863674 7.631902168303359 77
    endloop
  endfacet
  facet normal -0.649448048330193 -0.760405965600023 0
    outer loop
      vertex 85.72681555855353 7.072028249258435 0
      vertex 86.0890885178656 6.762617911844288 77
      vertex 85.72681555855353 7.072028249258435 77
    endloop
  endfacet
  facet normal -0.7253743710122864 -0.6883545756937554 0
    outer loop
      vertex 86.43467170879758 6.434671708797583 0
      vertex 86.76261791184429 6.089088517865609 77
      vertex 86.43467170879758 6.434671708797583 77
    endloop
  endfacet
  facet normal -0.6883545756937506 -0.725374371012291 0
    outer loop
      vertex 86.0890885178656 6.762617911844288 0
      vertex 86.43467170879758 6.434671708797583 77
      vertex 86.0890885178656 6.762617911844288 77
    endloop
  endfacet
  facet normal -0.608761429008718 -0.793353340291237 0
    outer loop
      vertex 85.34884579586151 7.3620546488120215 0
      vertex 85.72681555855353 7.072028249258435 77
      vertex 85.34884579586151 7.3620546488120215 77
    endloop
  endfacet
  facet normal -0.47715876025961046 -0.8788171126619642 0
    outer loop
      vertex 84.13131354762987 8.108159370114148 0
      vertex 84.55 7.8808311744383905 77
      vertex 84.13131354762987 8.108159370114148 77
    endloop
  endfacet
  facet normal -0.43051109680830063 -0.9025852843498581 0
    outer loop
      vertex 83.70130345198979 8.313263664547668 0
      vertex 84.13131354762987 8.108159370114148 77
      vertex 83.70130345198979 8.313263664547668 77
    endloop
  endfacet
  facet normal 0.6087614290087271 0.7933533402912302 0
    outer loop
      vertex 89.91179615903494 12.240048892947291 0
      vertex 89.25761772360646 12.742017661405422 80
      vertex 89.91179615903494 12.240048892947291 80
    endloop
  endfacet
  facet normal 0.9025852843498571 0.4305110968083022 0
    outer loop
      vertex 94.03335275596679 7.150350370897862 0
      vertex 94.03335275596679 7.150350370897862 80
      vertex 94.38834095787097 6.4061021284438535 80
    endloop
  endfacet
  facet normal 0.8788171126619682 0.47715876025960324 0
    outer loop
      vertex 93.63990010960491 7.875 0
      vertex 93.63990010960491 7.875 80
      vertex 94.03335275596679 7.150350370897862 80
    endloop
  endfacet
  facet normal 0.8526401643540956 0.522498564715943 0
    outer loop
      vertex 93.20906144514043 8.578064801486677 0
      vertex 93.20906144514043 8.578064801486677 80
      vertex 93.63990010960491 7.875 80
    endloop
  endfacet
  facet normal 0.8241261886220149 0.5664062369248338 0
    outer loop
      vertex 92.74201766140543 9.257617723606453 0
      vertex 92.74201766140543 9.257617723606453 80
      vertex 93.20906144514043 8.578064801486677 80
    endloop
  endfacet
  facet normal 0.793353340291228 0.60876142900873 0
    outer loop
      vertex 92.24004889294729 9.911796159034939 0
      vertex 92.24004889294729 9.911796159034939 80
      vertex 92.74201766140543 9.257617723606453 80
    endloop
  endfacet
  facet normal 0.7604059656000366 0.6494480483301771 0
    outer loop
      vertex 91.70453100126896 10.538807050152018 0
      vertex 91.70453100126896 10.538807050152018 80
      vertex 92.24004889294729 9.911796159034939 80
    endloop
  endfacet
  facet normal 0.68835457569375 0.7253743710122913 0
    outer loop
      vertex 91.13693180368813 11.136931803688125 0
      vertex 90.53880705015202 11.70453100126896 80
      vertex 91.13693180368813 11.136931803688125 80
    endloop
  endfacet
  facet normal 0.649448048330181 0.7604059656000333 0
    outer loop
      vertex 90.53880705015202 11.70453100126896 0
      vertex 89.91179615903494 12.240048892947291 80
      vertex 90.53880705015202 11.70453100126896 80
    endloop
  endfacet
  facet normal 0.7253743710122893 0.6883545756937522 0
    outer loop
      vertex 91.13693180368813 11.136931803688125 0
      vertex 91.13693180368813 11.136931803688125 80
      vertex 91.70453100126896 10.538807050152018 80
    endloop
  endfacet
  facet normal 0 0 1
    outer loop
      vertex 71.89184062988585 4.131313547629876 77
      vertex 72.11916882556162 4.55 77
      vertex 72.00388925401164 8.880580664454861 77
    endloop
  endfacet
  facet normal 0 0 1
    outer loop
      vertex 72.11916882556162 4.55 77
      vertex 72.36809783169664 4.956215218636746 77
      vertex 72.00388925401164 8.880580664454861 77
    endloop
  endfacet
  facet normal 0 0 1
    outer loop
      vertex 72.36809783169664 4.956215218636746 77
      vertex 72.63794535118798 5.348845795861505 77
      vertex 72.47962132695444 9.286894239410802 77
    endloop
  endfacet
  facet normal 0 0 1
    outer loop
      vertex 72.63794535118798 5.348845795861505 77
      vertex 72.92797175074156 5.72681555855352 77
      vertex 72.47962132695444 9.286894239410802 77
    endloop
  endfacet
  facet normal 0 0 1
    outer loop
      vertex 72.36809783169664 4.956215218636746 77
      vertex 72.47962132695444 9.286894239410802 77
      vertex 72.00388925401164 8.880580664454861 77
    endloop
  endfacet
  facet normal 0 0 1
    outer loop
      vertex 72.92797175074156 5.72681555855352 77
      vertex 73.23738208815571 6.089088517865609 77
      vertex 72.97596623510495 9.66775308278062 77
    endloop
  endfacet
  facet normal 0 0 1
    outer loop
      vertex 73.23738208815571 6.089088517865609 77
      vertex 73.56532829120242 6.434671708797583 77
      vertex 72.97596623510495 9.66775308278062 77
    endloop
  endfacet
  facet normal 0 0 1
    outer loop
      vertex 73.56532829120242 6.434671708797583 77
      vertex 73.9109114821344 6.762617911844288 77
      vertex 73.49156353157042 10.022113286947818 77
    endloop
  endfacet
  facet normal 0 0 1
    outer loop
      vertex 72.92797175074156 5.72681555855352 77
      vertex 72.97596623510495 9.66775308278062 77
      vertex 72.47962132695444 9.286894239410802 77
    endloop
  endfacet
  facet normal 0 0 1
    outer loop
      vertex 73.56532829120242 6.434671708797583 77
      vertex 73.49156353157042 10.022113286947818 77
      vertex 72.97596623510495 9.66775308278062 77
    endloop
  endfacet
  facet normal 0 0 1
    outer loop
      vertex 73.9109114821344 6.762617911844288 77
      vertex 74.27318444144647 7.072028249258435 77
      vertex 73.49156353157042 10.022113286947818 77
    endloop
  endfacet
  facet normal 0 0 1
    outer loop
      vertex 74.27318444144647 7.072028249258435 77
      vertex 74.65115420413849 7.3620546488120215 77
      vertex 74.025 10.34900357522404 77
    endloop
  endfacet
  facet normal 0 0 1
    outer loop
      vertex 74.65115420413849 7.3620546488120215 77
      vertex 75.04378478136326 7.631902168303359 77
      vertex 74.57481352811241 10.647527964050996 77
    endloop
  endfacet
  facet normal 0 0 1
    outer loop
      vertex 74.27318444144647 7.072028249258435 77
      vertex 74.025 10.34900357522404 77
      vertex 73.49156353157042 10.022113286947818 77
    endloop
  endfacet
  facet normal 0.6494480483301791 -0.7604059656000349 8.066703730706304e-19
    outer loop
      vertex 72.00388925401164 8.880580664454861 77
      vertex 72.47962132695444 9.286894239410802 77
      vertex 72.47962132695444 9.286894239410802 80
    endloop
  endfacet
  facet normal 0.6494480483301791 -0.7604059656000349 0
    outer loop
      vertex 72.00388925401164 8.880580664454861 77
      vertex 72.47962132695444 9.286894239410802 80
      vertex 72.00388925401164 8.880580664454861 80
    endloop
  endfacet
  facet normal 0 0 1
    outer loop
      vertex 74.57481352811241 10.647527964050996 77
      vertex 75.04378478136326 7.631902168303359 77
      vertex 75.45 7.8808311744383905 77
    endloop
  endfacet
  facet normal 0 0 1
    outer loop
      vertex 75.45 7.8808311744383905 77
      vertex 75.86868645237013 8.108159370114148 77
      vertex 75.13949711524418 10.91686821882908 77
    endloop
  endfacet
  facet normal 0 0 1
    outer loop
      vertex 75.86868645237013 8.108159370114148 77
      vertex 76.29869654801021 8.313263664547668 77
      vertex 75.71750300293367 11.15628609664156 77
    endloop
  endfacet
  facet normal 0 0 1
    outer loop
      vertex 74.65115420413849 7.3620546488120215 77
      vertex 74.57481352811241 10.647527964050996 77
      vertex 74.025 10.34900357522404 77
    endloop
  endfacet
  facet normal 0.6087614290087184 -0.7933533402912368 4.643118285352525e-18
    outer loop
      vertex 72.47962132695444 9.286894239410802 77
      vertex 72.97596623510495 9.66775308278062 77
      vertex 72.97596623510495 9.66775308278062 80
    endloop
  endfacet
  facet normal 0.5664062369248402 -0.8241261886220106 -2.1639701339341106e-19
    outer loop
      vertex 72.97596623510495 9.66775308278062 77
      vertex 73.49156353157042 10.022113286947818 77
      vertex 73.49156353157042 10.022113286947818 80
    endloop
  endfacet
  facet normal 0.6087614290087184 -0.7933533402912368 0
    outer loop
      vertex 72.47962132695444 9.286894239410802 77
      vertex 72.97596623510495 9.66775308278062 80
      vertex 72.47962132695444 9.286894239410802 80
    endloop
  endfacet
  facet normal 0.5664062369248402 -0.8241261886220106 0
    outer loop
      vertex 72.97596623510495 9.66775308278062 77
      vertex 73.49156353157042 10.022113286947818 80
      vertex 72.97596623510495 9.66775308278062 80
    endloop
  endfacet
  facet normal 0 0 1
    outer loop
      vertex 72.00388925401164 8.880580664454861 80
      vertex 72.47962132695444 9.286894239410802 80
      vertex 71.42193519851332 13.20906144514043 80
    endloop
  endfacet
  facet normal 0 0 1
    outer loop
      vertex 72.47962132695444 9.286894239410802 80
      vertex 72.97596623510495 9.66775308278062 80
      vertex 72.125 13.639900109604907 80
    endloop
  endfacet
  facet normal 0.5224985647159389 -0.8526401643540984 0
    outer loop
      vertex 73.49156353157042 10.022113286947818 77
      vertex 74.025 10.34900357522404 80
      vertex 73.49156353157042 10.022113286947818 80
    endloop
  endfacet
  facet normal 0.5224985647159389 -0.8526401643540984 2.2116766294896805e-18
    outer loop
      vertex 73.49156353157042 10.022113286947818 77
      vertex 74.025 10.34900357522404 77
      vertex 74.025 10.34900357522404 80
    endloop
  endfacet
  facet normal 0.477158760259614 -0.8788171126619623 -3.2852494148615535e-20
    outer loop
      vertex 74.025 10.34900357522404 77
      vertex 74.57481352811241 10.647527964050996 77
      vertex 74.57481352811241 10.647527964050996 80
    endloop
  endfacet
  facet normal 0.477158760259614 -0.8788171126619623 0
    outer loop
      vertex 74.025 10.34900357522404 77
      vertex 74.57481352811241 10.647527964050996 80
      vertex 74.025 10.34900357522404 80
    endloop
  endfacet
  facet normal 0.43051109680829736 -0.9025852843498595 0
    outer loop
      vertex 74.57481352811241 10.647527964050996 77
      vertex 75.13949711524418 10.91686821882908 80
      vertex 74.57481352811241 10.647527964050996 80
    endloop
  endfacet
  facet normal 0 0 1
    outer loop
      vertex 72.97596623510495 9.66775308278062 80
      vertex 73.49156353157042 10.022113286947818 80
      vertex 72.84964962910213 14.033352755966794 80
    endloop
  endfacet
  facet normal 0 0 1
    outer loop
      vertex 72.47962132695444 9.286894239410802 80
      vertex 72.125 13.639900109604907 80
      vertex 71.42193519851332 13.20906144514043 80
    endloop
  endfacet
  facet normal 0 0 1
    outer loop
      vertex 72.97596623510495 9.66775308278062 80
      vertex 72.84964962910213 14.033352755966794 80
      vertex 72.125 13.639900109604907 80
    endloop
  endfacet
  facet normal 0 0 1
    outer loop
      vertex 73.49156353157042 10.022113286947818 80
      vertex 74.025 10.34900357522404 80
      vertex 72.84964962910213 14.033352755966794 80
    endloop
  endfacet
  facet normal 0 0 1
    outer loop
      vertex 74.025 10.34900357522404 80
      vertex 74.57481352811241 10.647527964050996 80
      vertex 73.59389787155615 14.388340957870964 80
    endloop
  endfacet
  facet normal 0 0 1
    outer loop
      vertex 74.57481352811241 10.647527964050996 80
      vertex 75.13949711524418 10.91686821882908 80
      vertex 74.35570479466152 14.703891717330928 80
    endloop
  endfacet
  facet normal 0 0 1
    outer loop
      vertex 74.57481352811241 10.647527964050996 77
      vertex 75.45 7.8808311744383905 77
      vertex 75.13949711524418 10.91686821882908 77
    endloop
  endfacet
  facet normal 0 0 1
    outer loop
      vertex 75.86868645237013 8.108159370114148 77
      vertex 75.71750300293367 11.15628609664156 77
      vertex 75.13949711524418 10.91686821882908 77
    endloop
  endfacet
  facet normal 0 0 1
    outer loop
      vertex 76.29869654801021 8.313263664547668 77
      vertex 76.30724691721937 11.365125369727084 77
      vertex 75.71750300293367 11.15628609664156 77
    endloop
  endfacet
  facet normal 0 0 1
    outer loop
      vertex 76.29869654801021 8.313263664547668 77
      vertex 76.73885165913777 8.495581881124535 77
      vertex 76.30724691721937 11.365125369727084 77
    endloop
  endfacet
  facet normal 0 0 1
    outer loop
      vertex 76.73885165913777 8.495581881124535 77
      vertex 77.18794535118798 8.654614298285896 77
      vertex 76.30724691721937 11.365125369727084 77
    endloop
  endfacet
  facet normal 0 0 1
    outer loop
      vertex 77.18794535118798 8.654614298285896 77
      vertex 77.64474668956706 8.789925019230521 77
      vertex 76.90711241102488 11.542813624154366 77
    endloop
  endfacet
  facet normal 0 0 1
    outer loop
      vertex 77.64474668956706 8.789925019230521 77
      vertex 78.1080036135584 8.901143166677631 77
      vertex 77.51545529472777 11.688863828768977 77
    endloop
  endfacet
  facet normal 0 0 1
    outer loop
      vertex 77.18794535118798 8.654614298285896 77
      vertex 76.90711241102488 11.542813624154366 77
      vertex 76.30724691721937 11.365125369727084 77
    endloop
  endfacet
  facet normal 0 0 1
    outer loop
      vertex 77.64474668956706 8.789925019230521 77
      vertex 77.51545529472777 11.688863828768977 77
      vertex 76.90711241102488 11.542813624154366 77
    endloop
  endfacet
  facet normal 0.43051109680829736 -0.9025852843498595 -4.317152688231589e-18
    outer loop
      vertex 74.57481352811241 10.647527964050996 77
      vertex 75.13949711524418 10.91686821882908 77
      vertex 75.13949711524418 10.91686821882908 80
    endloop
  endfacet
  facet normal 0.3826834323650831 -0.9238795325112895 6.818839946577254e-18
    outer loop
      vertex 75.13949711524418 10.91686821882908 77
      vertex 75.71750300293367 11.15628609664156 77
      vertex 75.71750300293367 11.15628609664156 80
    endloop
  endfacet
  facet normal 0.3338068592337752 -0.9426414910921769 -3.35200451145718e-18
    outer loop
      vertex 75.71750300293367 11.15628609664156 77
      vertex 76.30724691721937 11.365125369727084 77
      vertex 76.30724691721937 11.365125369727084 80
    endloop
  endfacet
  facet normal 0.3826834323650831 -0.9238795325112895 0
    outer loop
      vertex 75.13949711524418 10.91686821882908 77
      vertex 75.71750300293367 11.15628609664156 80
      vertex 75.13949711524418 10.91686821882908 80
    endloop
  endfacet
  facet normal 0.3338068592337752 -0.9426414910921769 0
    outer loop
      vertex 75.71750300293367 11.15628609664156 77
      vertex 76.30724691721937 11.365125369727084 80
      vertex 75.71750300293367 11.15628609664156 80
    endloop
  endfacet
  facet normal 0 0 1
    outer loop
      vertex 75.13949711524418 10.91686821882908 80
      vertex 75.71750300293367 11.15628609664156 80
      vertex 75.13298233859457 14.979140131648668 80
    endloop
  endfacet
  facet normal 0.2840153447039205 -0.9588197348681937 3.651148317059201e-18
    outer loop
      vertex 76.30724691721937 11.365125369727084 77
      vertex 76.90711241102488 11.542813624154366 77
      vertex 76.90711241102488 11.542813624154366 80
    endloop
  endfacet
  facet normal 0.23344536385590758 -0.9723699203976761 -3.2262134046944956e-18
    outer loop
      vertex 76.90711241102488 11.542813624154366 77
      vertex 77.51545529472777 11.688863828768977 77
      vertex 77.51545529472777 11.688863828768977 80
    endloop
  endfacet
  facet normal 0.2840153447039205 -0.9588197348681937 0
    outer loop
      vertex 76.30724691721937 11.365125369727084 77
      vertex 76.90711241102488 11.542813624154366 80
      vertex 76.30724691721937 11.365125369727084 80
    endloop
  endfacet
  facet normal 0.23344536385590758 -0.9723699203976761 0
    outer loop
      vertex 76.90711241102488 11.542813624154366 77
      vertex 77.51545529472777 11.688863828768977 80
      vertex 76.90711241102488 11.542813624154366 80
    endloop
  endfacet
  facet normal 0.18223552549214464 -0.9832549075639551 0
    outer loop
      vertex 77.51545529472777 11.688863828768977 77
      vertex 78.13060814276925 11.802875670111895 80
      vertex 77.51545529472777 11.688863828768977 80
    endloop
  endfacet
  facet normal 0 0 1
    outer loop
      vertex 78.1080036135584 8.901143166677631 77
      vertex 78.5764463681339 8.987963899415753 77
      vertex 78.13060814276925 11.802875670111895 77
    endloop
  endfacet
  facet normal 0 0 1
    outer loop
      vertex 78.5764463681339 8.987963899415753 77
      vertex 79.04879098426436 9.050149247851287 77
      vertex 78.13060814276925 11.802875670111895 77
    endloop
  endfacet
  facet normal 0 0 1
    outer loop
      vertex 79.04879098426436 9.050149247851287 77
      vertex 79.5237427981892 9.08752876626662 77
      vertex 78.75088486395154 11.884536649650865 77
    endloop
  endfacet
  facet normal 0 0 1
    outer loop
      vertex 78.1080036135584 8.901143166677631 77
      vertex 78.13060814276925 11.802875670111895 77
      vertex 77.51545529472777 11.688863828768977 77
    endloop
  endfacet
  facet normal 0 0 1
    outer loop
      vertex 79.04879098426436 9.050149247851287 77
      vertex 78.75088486395154 11.884536649650865 77
      vertex 78.13060814276925 11.802875670111895 77
    endloop
  endfacet
  facet normal 0 0 1
    outer loop
      vertex 79.5237427981892 9.08752876626662 77
      vertex 80 9.1 77
      vertex 79.37458532289682 11.933622940317157 77
    endloop
  endfacet
  facet normal 0 0 1
    outer loop
      vertex 80 9.1 77
      vertex 80.4762572018108 9.08752876626662 77
      vertex 80.62541467710318 11.933622940317157 77
    endloop
  endfacet
  facet normal 0 0 1
    outer loop
      vertex 80.4762572018108 9.08752876626662 77
      vertex 80.95120901573564 9.050149247851287 77
      vertex 80.62541467710318 11.933622940317157 77
    endloop
  endfacet
  facet normal 0 0 1
    outer loop
      vertex 79.5237427981892 9.08752876626662 77
      vertex 79.37458532289682 11.933622940317157 77
      vertex 78.75088486395154 11.884536649650865 77
    endloop
  endfacet
  facet normal 0 0 1
    outer loop
      vertex 80 9.1 77
      vertex 80 11.95 77
      vertex 79.37458532289682 11.933622940317157 77
    endloop
  endfacet
  facet normal 0 0 1
    outer loop
      vertex 80 9.1 77
      vertex 80.62541467710318 11.933622940317157 77
      vertex 80 11.95 77
    endloop
  endfacet
  facet normal 0.18223552549214464 -0.9832549075639551 3.294327564330197e-19
    outer loop
      vertex 77.51545529472777 11.688863828768977 77
      vertex 78.13060814276925 11.802875670111895 77
      vertex 78.13060814276925 11.802875670111895 80
    endloop
  endfacet
  facet normal 0.1305261922200525 -0.9914448613738103 1.0160771824455482e-18
    outer loop
      vertex 78.13060814276925 11.802875670111895 77
      vertex 78.75088486395154 11.884536649650865 77
      vertex 78.75088486395154 11.884536649650865 80
    endloop
  endfacet
  facet normal 0.07845909572784578 -0.9969173337331279 -2.5184595482441527e-19
    outer loop
      vertex 78.75088486395154 11.884536649650865 77
      vertex 79.37458532289682 11.933622940317157 77
      vertex 79.37458532289682 11.933622940317157 80
    endloop
  endfacet
  facet normal 0.1305261922200525 -0.9914448613738103 0
    outer loop
      vertex 78.13060814276925 11.802875670111895 77
      vertex 78.75088486395154 11.884536649650865 80
      vertex 78.13060814276925 11.802875670111895 80
    endloop
  endfacet
  facet normal 0.07845909572784578 -0.9969173337331279 0
    outer loop
      vertex 78.75088486395154 11.884536649650865 77
      vertex 79.37458532289682 11.933622940317157 80
      vertex 78.75088486395154 11.884536649650865 80
    endloop
  endfacet
  facet normal 0.026176948307872913 -0.9996573249755573 -2.4121335459525934e-19
    outer loop
      vertex 79.37458532289682 11.933622940317157 77
      vertex 80 11.95 77
      vertex 80 11.95 80
    endloop
  endfacet
  facet normal -0.026176948307872913 -0.9996573249755573 2.4121335459525934e-19
    outer loop
      vertex 80 11.95 77
      vertex 80.62541467710318 11.933622940317157 77
      vertex 80.62541467710318 11.933622940317157 80
    endloop
  endfacet
  facet normal 0.026176948307872913 -0.9996573249755573 0
    outer loop
      vertex 79.37458532289682 11.933622940317157 77
      vertex 80 11.95 80
      vertex 79.37458532289682 11.933622940317157 80
    endloop
  endfacet
  facet normal -0.026176948307872913 -0.9996573249755573 0
    outer loop
      vertex 80 11.95 77
      vertex 80.62541467710318 11.933622940317157 80
      vertex 80 11.95 80
    endloop
  endfacet
  facet normal -0.07845909572784578 -0.9969173337331279 0
    outer loop
      vertex 80.62541467710318 11.933622940317157 77
      vertex 81.24911513604846 11.884536649650865 80
      vertex 80.62541467710318 11.933622940317157 80
    endloop
  endfacet
  facet normal 0 0 1
    outer loop
      vertex 80.95120901573564 9.050149247851287 77
      vertex 81.4235536318661 8.987963899415753 77
      vertex 81.24911513604846 11.884536649650865 77
    endloop
  endfacet
  facet normal 0 0 1
    outer loop
      vertex 81.4235536318661 8.987963899415753 77
      vertex 81.8919963864416 8.901143166677631 77
      vertex 81.86939185723075 11.802875670111895 77
    endloop
  endfacet
  facet normal 0 0 1
    outer loop
      vertex 81.8919963864416 8.901143166677631 77
      vertex 82.35525331043294 8.789925019230521 77
      vertex 82.48454470527223 11.688863828768977 77
    endloop
  endfacet
  facet normal 0 0 1
    outer loop
      vertex 81.4235536318661 8.987963899415753 77
      vertex 81.86939185723075 11.802875670111895 77
      vertex 81.24911513604846 11.884536649650865 77
    endloop
  endfacet
  facet normal 0 0 1
    outer loop
      vertex 81.8919963864416 8.901143166677631 77
      vertex 82.48454470527223 11.688863828768977 77
      vertex 81.86939185723075 11.802875670111895 77
    endloop
  endfacet
  facet normal 0 0 1
    outer loop
      vertex 82.35525331043294 8.789925019230521 77
      vertex 82.81205464881202 8.654614298285896 77
      vertex 82.48454470527223 11.688863828768977 77
    endloop
  endfacet
  facet normal 0 0 1
    outer loop
      vertex 83.26114834086223 8.495581881124535 77
      vertex 83.09288758897512 11.542813624154366 77
      vertex 82.81205464881202 8.654614298285896 77
    endloop
  endfacet
  facet normal 0 0 1
    outer loop
      vertex 83.26114834086223 8.495581881124535 77
      vertex 83.70130345198979 8.313263664547668 77
      vertex 83.69275308278063 11.365125369727084 77
    endloop
  endfacet
  facet normal 0 0 1
    outer loop
      vertex 82.81205464881202 8.654614298285896 77
      vertex 83.09288758897512 11.542813624154366 77
      vertex 82.48454470527223 11.688863828768977 77
    endloop
  endfacet
  facet normal 0 0 1
    outer loop
      vertex 83.26114834086223 8.495581881124535 77
      vertex 83.69275308278063 11.365125369727084 77
      vertex 83.09288758897512 11.542813624154366 77
    endloop
  endfacet
  facet normal 0 0 1
    outer loop
      vertex 80.95120901573564 9.050149247851287 77
      vertex 81.24911513604846 11.884536649650865 77
      vertex 80.62541467710318 11.933622940317157 77
    endloop
  endfacet
  facet normal -0.07845909572784578 -0.9969173337331279 2.5184595482441527e-19
    outer loop
      vertex 80.62541467710318 11.933622940317157 77
      vertex 81.24911513604846 11.884536649650865 77
      vertex 81.24911513604846 11.884536649650865 80
    endloop
  endfacet
  facet normal -0.1305261922200525 -0.9914448613738103 -1.0160771824455482e-18
    outer loop
      vertex 81.24911513604846 11.884536649650865 77
      vertex 81.86939185723075 11.802875670111895 77
      vertex 81.86939185723075 11.802875670111895 80
    endloop
  endfacet
  facet normal -0.18223552549214464 -0.9832549075639551 0
    outer loop
      vertex 82.48454470527223 11.688863828768977 77
      vertex 82.48454470527223 11.688863828768977 80
      vertex 81.86939185723075 11.802875670111895 77
    endloop
  endfacet
  facet normal -0.1305261922200525 -0.9914448613738103 0
    outer loop
      vertex 81.24911513604846 11.884536649650865 77
      vertex 81.86939185723075 11.802875670111895 80
      vertex 81.24911513604846 11.884536649650865 80
    endloop
  endfacet
  facet normal -0.18223552549214464 -0.9832549075639551 0
    outer loop
      vertex 81.86939185723075 11.802875670111895 77
      vertex 82.48454470527223 11.688863828768977 80
      vertex 81.86939185723075 11.802875670111895 80
    endloop
  endfacet
  facet normal -0.23344536385590758 -0.9723699203976761 3.2262134046944956e-18
    outer loop
      vertex 82.48454470527223 11.688863828768977 77
      vertex 83.09288758897512 11.542813624154366 77
      vertex 83.09288758897512 11.542813624154366 80
    endloop
  endfacet
  facet normal -0.2840153447039205 -0.9588197348681937 -3.651148317059201e-18
    outer loop
      vertex 83.09288758897512 11.542813624154366 77
      vertex 83.69275308278063 11.365125369727084 77
      vertex 83.69275308278063 11.365125369727084 80
    endloop
  endfacet
  facet normal -0.23344536385590758 -0.9723699203976761 0
    outer loop
      vertex 82.48454470527223 11.688863828768977 77
      vertex 83.09288758897512 11.542813624154366 80
      vertex 82.48454470527223 11.688863828768977 80
    endloop
  endfacet
  facet normal -0.2840153447039205 -0.9588197348681937 0
    outer loop
      vertex 83.09288758897512 11.542813624154366 77
      vertex 83.69275308278063 11.365125369727084 80
      vertex 83.09288758897512 11.542813624154366 80
    endloop
  endfacet
  facet normal 0 0 1
    outer loop
      vertex 89.2868942394108 -7.520378673045556 77
      vertex 89.2868942394108 7.520378673045556 77
      vertex 89.1 0 77
    endloop
  endfacet
  facet normal 0 0 1
    outer loop
      vertex 89.2868942394108 -7.520378673045556 77
      vertex 89.66775308278062 7.024033764895053 77
      vertex 89.2868942394108 7.520378673045556 77
    endloop
  endfacet
  facet normal 0 0 1
    outer loop
      vertex 89.66775308278062 -7.024033764895053 77
      vertex 90.02211328694781 6.508436468429573 77
      vertex 89.66775308278062 7.024033764895053 77
    endloop
  endfacet
  facet normal 0 0 1
    outer loop
      vertex 89.1 0 77
      vertex 89.2868942394108 7.520378673045556 77
      vertex 89.08752876626662 0.4762572018107889 77
    endloop
  endfacet
  facet normal 0 0 1
    outer loop
      vertex 89.08752876626662 0.4762572018107889 77
      vertex 89.2868942394108 7.520378673045556 77
      vertex 89.0501492478513 0.9512090157356465 77
    endloop
  endfacet
  facet normal 0 0 1
    outer loop
      vertex 89.0501492478513 0.9512090157356465 77
      vertex 89.2868942394108 7.520378673045556 77
      vertex 88.98796389941575 1.4235536318661008 77
    endloop
  endfacet
  facet normal 0 0 1
    outer loop
      vertex 88.98796389941575 1.4235536318661008 77
      vertex 89.2868942394108 7.520378673045556 77
      vertex 88.90114316667763 1.8919963864416098 77
    endloop
  endfacet
  facet normal 0 0 1
    outer loop
      vertex 88.90114316667763 1.8919963864416098 77
      vertex 88.88058066445487 7.996110745988355 77
      vertex 88.78992501923052 2.3552533104329387 77
    endloop
  endfacet
  facet normal 0 0 1
    outer loop
      vertex 88.65461429828589 2.8120546488120213 77
      vertex 88.78992501923052 2.3552533104329387 77
      vertex 88.88058066445487 7.996110745988355 77
    endloop
  endfacet
  facet normal 0 0 1
    outer loop
      vertex 88.31326366454766 3.701303451989782 77
      vertex 88.44992603517925 8.449926035179242 77
      vertex 88.10815937011415 4.131313547629876 77
    endloop
  endfacet
  facet normal 0 0 1
    outer loop
      vertex 87.88083117443838 4.55 77
      vertex 88.10815937011415 4.131313547629876 77
      vertex 87.99611074598836 8.880580664454861 77
    endloop
  endfacet
  facet normal 0 0 1
    outer loop
      vertex 87.88083117443838 4.55 77
      vertex 87.99611074598836 8.880580664454861 77
      vertex 87.63190216830336 4.956215218636746 77
    endloop
  endfacet
  facet normal 0 0 1
    outer loop
      vertex 88.65461429828589 2.8120546488120213 77
      vertex 88.88058066445487 7.996110745988355 77
      vertex 88.49558188112454 3.261148340862232 77
    endloop
  endfacet
  facet normal 0 0 1
    outer loop
      vertex 88.49558188112454 3.261148340862232 77
      vertex 88.44992603517925 8.449926035179242 77
      vertex 88.31326366454766 3.701303451989782 77
    endloop
  endfacet
  facet normal 0 0 1
    outer loop
      vertex 88.90114316667763 1.8919963864416098 77
      vertex 89.2868942394108 7.520378673045556 77
      vertex 88.88058066445487 7.996110745988355 77
    endloop
  endfacet
  facet normal 0 0 1
    outer loop
      vertex 91.15628609664157 -4.282496997066338 77
      vertex 91.36512536972708 3.692753082780621 77
      vertex 91.15628609664157 4.282496997066338 77
    endloop
  endfacet
  facet normal 0 0 1
    outer loop
      vertex 90.91686821882908 -4.860502884755812 77
      vertex 91.15628609664157 4.282496997066338 77
      vertex 90.91686821882908 4.860502884755812 77
    endloop
  endfacet
  facet normal 0 0 1
    outer loop
      vertex 91.93362294031715 -0.6254146771031788 77
      vertex 91.95 0 77
      vertex 91.93362294031715 0.6254146771031788 77
    endloop
  endfacet
  facet normal 0 0 1
    outer loop
      vertex 91.88453664965087 -1.249115136048459 77
      vertex 91.93362294031715 0.6254146771031788 77
      vertex 91.88453664965087 1.249115136048459 77
    endloop
  endfacet
  facet normal 0 0 1
    outer loop
      vertex 91.80287567011189 -1.8693918572307588 77
      vertex 91.88453664965087 1.249115136048459 77
      vertex 91.80287567011189 1.8693918572307588 77
    endloop
  endfacet
  facet normal 0 0 1
    outer loop
      vertex 91.68886382876897 -2.484544705272224 77
      vertex 91.80287567011189 1.8693918572307588 77
      vertex 91.68886382876897 2.484544705272224 77
    endloop
  endfacet
  facet normal 0 0 1
    outer loop
      vertex 91.54281362415436 -3.0928875889751226 77
      vertex 91.68886382876897 2.484544705272224 77
      vertex 91.54281362415436 3.0928875889751226 77
    endloop
  endfacet
  facet normal 0 0 1
    outer loop
      vertex 91.36512536972708 -3.692753082780621 77
      vertex 91.54281362415436 3.0928875889751226 77
      vertex 91.36512536972708 3.692753082780621 77
    endloop
  endfacet
  facet normal -0.9996573249755567 -0.026176948307889983 0
    outer loop
      vertex 91.95 0 77
      vertex 91.95 0 80
      vertex 91.93362294031715 0.6254146771031788 77
    endloop
  endfacet
  facet normal 0 0 1
    outer loop
      vertex 92.24004889294729 -9.911796159034939 80
      vertex 91.70453100126896 10.538807050152018 80
      vertex 91.95 0 80
    endloop
  endfacet
  facet normal -0.9996573249755567 -0.026176948307889983 0
    outer loop
      vertex 91.93362294031715 0.6254146771031788 77
      vertex 91.95 0 80
      vertex 91.93362294031715 0.6254146771031788 80
    endloop
  endfacet
  facet normal -0.9969173337331292 -0.07845909572782876 0
    outer loop
      vertex 91.93362294031715 0.6254146771031788 77
      vertex 91.93362294031715 0.6254146771031788 80
      vertex 91.88453664965087 1.249115136048459 77
    endloop
  endfacet
  facet normal -0.9914448613738082 -0.1305261922200678 0
    outer loop
      vertex 91.88453664965087 1.249115136048459 77
      vertex 91.88453664965087 1.249115136048459 80
      vertex 91.80287567011189 1.8693918572307588 77
    endloop
  endfacet
  facet normal -0.9969173337331292 -0.07845909572782876 0
    outer loop
      vertex 91.88453664965087 1.249115136048459 77
      vertex 91.93362294031715 0.6254146771031788 80
      vertex 91.88453664965087 1.249115136048459 80
    endloop
  endfacet
  facet normal 0 0 1
    outer loop
      vertex 90.34900357522405 -5.975 77
      vertex 90.647527964051 5.425186471887584 77
      vertex 90.34900357522405 5.975 77
    endloop
  endfacet
  facet normal 0 0 1
    outer loop
      vertex 90.02211328694781 -6.508436468429573 77
      vertex 90.34900357522405 5.975 77
      vertex 90.02211328694781 6.508436468429573 77
    endloop
  endfacet
  facet normal 0 0 1
    outer loop
      vertex 90.647527964051 -5.425186471887584 77
      vertex 90.91686821882908 4.860502884755812 77
      vertex 90.647527964051 5.425186471887584 77
    endloop
  endfacet
  facet normal -0.9832549075639556 -0.18223552549214214 0
    outer loop
      vertex 91.80287567011189 1.8693918572307588 77
      vertex 91.80287567011189 1.8693918572307588 80
      vertex 91.68886382876897 2.484544705272224 77
    endloop
  endfacet
  facet normal -0.9914448613738082 -0.1305261922200678 -1.0193457278873862e-19
    outer loop
      vertex 91.88453664965087 1.249115136048459 80
      vertex 91.80287567011189 1.8693918572307588 80
      vertex 91.80287567011189 1.8693918572307588 77
    endloop
  endfacet
  facet normal -0.9832549075639556 -0.18223552549214214 0
    outer loop
      vertex 91.68886382876897 2.484544705272224 77
      vertex 91.80287567011189 1.8693918572307588 80
      vertex 91.68886382876897 2.484544705272224 80
    endloop
  endfacet
  facet normal -0.972369920397677 -0.23344536385590406 0
    outer loop
      vertex 91.68886382876897 2.484544705272224 77
      vertex 91.68886382876897 2.484544705272224 80
      vertex 91.54281362415436 3.0928875889751226 77
    endloop
  endfacet
  facet normal -0.972369920397677 -0.23344536385590406 0
    outer loop
      vertex 91.54281362415436 3.0928875889751226 77
      vertex 91.68886382876897 2.484544705272224 80
      vertex 91.54281362415436 3.0928875889751226 80
    endloop
  endfacet
  facet normal 0 0 1
    outer loop
      vertex 95.72841517238454 -0.8242913108263654 80
      vertex 95.75 0 80
      vertex 95.72841517238454 0.8242913108263654 80
    endloop
  endfacet
  facet normal 0 0 1
    outer loop
      vertex 95.72841517238454 -0.8242913108263654 80
      vertex 95.72841517238454 0.8242913108263654 80
      vertex 95.6637198520503 1.646323296465542 80
    endloop
  endfacet
  facet normal 0 0 1
    outer loop
      vertex 95.6637198520503 -1.646323296465542 80
      vertex 95.6637198520503 1.646323296465542 80
      vertex 95.55609136437342 2.463842824383636 80
    endloop
  endfacet
  facet normal 0 0 1
    outer loop
      vertex 95.55609136437342 -2.463842824383636 80
      vertex 95.55609136437342 2.463842824383636 80
      vertex 95.40582471155744 3.2746091303797096 80
    endloop
  endfacet
  facet normal 0 0 1
    outer loop
      vertex 95.40582471155744 -3.2746091303797096 80
      vertex 95.40582471155744 3.2746091303797096 80
      vertex 95.21333176405282 4.076399960364702 80
    endloop
  endfacet
  facet normal 0 0 1
    outer loop
      vertex 93.20906144514043 -8.578064801486677 80
      vertex 93.20906144514043 8.578064801486677 80
      vertex 92.74201766140543 9.257617723606453 80
    endloop
  endfacet
  facet normal 0 0 1
    outer loop
      vertex 93.63990010960491 -7.875 80
      vertex 93.63990010960491 7.875 80
      vertex 93.20906144514043 8.578064801486677 80
    endloop
  endfacet
  facet normal 0 0 1
    outer loop
      vertex 94.03335275596679 -7.150350370897862 80
      vertex 94.03335275596679 7.150350370897862 80
      vertex 93.63990010960491 7.875 80
    endloop
  endfacet
  facet normal 0 0 1
    outer loop
      vertex 94.97914013164866 -4.867017661405422 80
      vertex 94.97914013164866 4.867017661405422 80
      vertex 94.70389171733093 5.644295205338479 80
    endloop
  endfacet
  facet normal 0 0 1
    outer loop
      vertex 94.70389171733093 -5.644295205338479 80
      vertex 94.70389171733093 5.644295205338479 80
      vertex 94.38834095787097 6.4061021284438535 80
    endloop
  endfacet
  facet normal 0 0 1
    outer loop
      vertex 95.21333176405282 -4.076399960364702 80
      vertex 95.21333176405282 4.076399960364702 80
      vertex 94.97914013164866 4.867017661405422 80
    endloop
  endfacet
  facet normal 0 0 1
    outer loop
      vertex 94.38834095787097 -6.4061021284438535 80
      vertex 94.38834095787097 6.4061021284438535 80
      vertex 94.03335275596679 7.150350370897862 80
    endloop
  endfacet
  facet normal -0.9238795325112839 -0.38268343236509694 0
    outer loop
      vertex 91.15628609664157 4.282496997066338 77
      vertex 91.15628609664157 4.282496997066338 80
      vertex 90.91686821882908 4.860502884755812 77
    endloop
  endfacet
  facet normal -0.9426414910921825 -0.3338068592337593 0
    outer loop
      vertex 91.15628609664157 4.282496997066338 77
      vertex 91.36512536972708 3.692753082780621 80
      vertex 91.15628609664157 4.282496997066338 80
    endloop
  endfacet
  facet normal -0.9238795325112839 -0.38268343236509694 2.3602267218824386e-18
    outer loop
      vertex 91.15628609664157 4.282496997066338 80
      vertex 90.91686821882908 4.860502884755812 80
      vertex 90.91686821882908 4.860502884755812 77
    endloop
  endfacet
  facet normal -0.9588197348681932 -0.2840153447039227 0
    outer loop
      vertex 91.54281362415436 3.0928875889751226 77
      vertex 91.54281362415436 3.0928875889751226 80
      vertex 91.36512536972708 3.692753082780621 77
    endloop
  endfacet
  facet normal -0.9426414910921825 -0.3338068592337593 0
    outer loop
      vertex 91.36512536972708 3.692753082780621 77
      vertex 91.36512536972708 3.692753082780621 80
      vertex 91.15628609664157 4.282496997066338 77
    endloop
  endfacet
  facet normal -0.9588197348681932 -0.2840153447039227 3.2503550273776462e-18
    outer loop
      vertex 91.54281362415436 3.0928875889751226 80
      vertex 91.36512536972708 3.692753082780621 80
      vertex 91.36512536972708 3.692753082780621 77
    endloop
  endfacet
  facet normal 0 0 1
    outer loop
      vertex 91.95 0 80
      vertex 91.70453100126896 10.538807050152018 80
      vertex 91.93362294031715 0.6254146771031788 80
    endloop
  endfacet
  facet normal 0 0 1
    outer loop
      vertex 92.24004889294729 -9.911796159034939 80
      vertex 92.24004889294729 9.911796159034939 80
      vertex 91.70453100126896 10.538807050152018 80
    endloop
  endfacet
  facet normal 0 0 1
    outer loop
      vertex 92.74201766140543 -9.257617723606453 80
      vertex 92.74201766140543 9.257617723606453 80
      vertex 92.24004889294729 9.911796159034939 80
    endloop
  endfacet
  facet normal 0 0 1
    outer loop
      vertex 91.93362294031715 0.6254146771031788 80
      vertex 91.70453100126896 10.538807050152018 80
      vertex 91.88453664965087 1.249115136048459 80
    endloop
  endfacet
  facet normal 0 0 1
    outer loop
      vertex 91.88453664965087 1.249115136048459 80
      vertex 91.70453100126896 10.538807050152018 80
      vertex 91.80287567011189 1.8693918572307588 80
    endloop
  endfacet
  facet normal -0.9025852843498597 -0.4305110968082969 0
    outer loop
      vertex 90.91686821882908 4.860502884755812 77
      vertex 90.91686821882908 4.860502884755812 80
      vertex 90.647527964051 5.425186471887584 77
    endloop
  endfacet
  facet normal -0.9025852843498597 -0.4305110968082969 0
    outer loop
      vertex 90.647527964051 5.425186471887584 77
      vertex 90.91686821882908 4.860502884755812 80
      vertex 90.647527964051 5.425186471887584 80
    endloop
  endfacet
  facet normal -0.852640164354087 -0.5224985647159575 0
    outer loop
      vertex 90.34900357522405 5.975 77
      vertex 90.34900357522405 5.975 80
      vertex 90.02211328694781 6.508436468429573 77
    endloop
  endfacet
  facet normal -0.8788171126619694 -0.4771587602596011 -1.7003101116346378e-18
    outer loop
      vertex 90.34900357522405 5.975 77
      vertex 90.647527964051 5.425186471887584 77
      vertex 90.647527964051 5.425186471887584 80
    endloop
  endfacet
  facet normal -0.8788171126619694 -0.4771587602596011 0
    outer loop
      vertex 90.34900357522405 5.975 77
      vertex 90.647527964051 5.425186471887584 80
      vertex 90.34900357522405 5.975 80
    endloop
  endfacet
  facet normal 0 0 1
    outer loop
      vertex 91.80287567011189 1.8693918572307588 80
      vertex 91.70453100126896 10.538807050152018 80
      vertex 91.68886382876897 2.484544705272224 80
    endloop
  endfacet
  facet normal 0 0 1
    outer loop
      vertex 91.68886382876897 2.484544705272224 80
      vertex 91.70453100126896 10.538807050152018 80
      vertex 91.54281362415436 3.0928875889751226 80
    endloop
  endfacet
  facet normal 0 0 1
    outer loop
      vertex 91.54281362415436 3.0928875889751226 80
      vertex 91.70453100126896 10.538807050152018 80
      vertex 91.36512536972708 3.692753082780621 80
    endloop
  endfacet
  facet normal 0 0 1
    outer loop
      vertex 86.0890885178656 6.762617911844288 77
      vertex 86.43467170879758 6.434671708797583 77
      vertex 86.50843646842958 10.022113286947818 77
    endloop
  endfacet
  facet normal 0 0 1
    outer loop
      vertex 86.76261791184429 6.089088517865609 77
      vertex 86.50843646842958 10.022113286947818 77
      vertex 86.43467170879758 6.434671708797583 77
    endloop
  endfacet
  facet normal 0 0 1
    outer loop
      vertex 84.95621521863674 7.631902168303359 77
      vertex 85.34884579586151 7.3620546488120215 77
      vertex 85.42518647188759 10.647527964050996 77
    endloop
  endfacet
  facet normal 0 0 1
    outer loop
      vertex 84.13131354762987 8.108159370114148 77
      vertex 84.28249699706633 11.15628609664156 77
      vertex 83.70130345198979 8.313263664547668 77
    endloop
  endfacet
  facet normal 0 0 1
    outer loop
      vertex 84.13131354762987 8.108159370114148 77
      vertex 84.55 7.8808311744383905 77
      vertex 84.28249699706633 11.15628609664156 77
    endloop
  endfacet
  facet normal 0 0 1
    outer loop
      vertex 84.95621521863674 7.631902168303359 77
      vertex 84.86050288475582 10.91686821882908 77
      vertex 84.55 7.8808311744383905 77
    endloop
  endfacet
  facet normal 0 0 1
    outer loop
      vertex 86.0890885178656 6.762617911844288 77
      vertex 85.975 10.34900357522404 77
      vertex 85.72681555855353 7.072028249258435 77
    endloop
  endfacet
  facet normal 0 0 1
    outer loop
      vertex 85.34884579586151 7.3620546488120215 77
      vertex 85.72681555855353 7.072028249258435 77
      vertex 85.42518647188759 10.647527964050996 77
    endloop
  endfacet
  facet normal 0 0 1
    outer loop
      vertex 86.76261791184429 6.089088517865609 77
      vertex 87.02403376489505 9.66775308278062 77
      vertex 86.50843646842958 10.022113286947818 77
    endloop
  endfacet
  facet normal 0 0 1
    outer loop
      vertex 85.72681555855353 7.072028249258435 77
      vertex 85.975 10.34900357522404 77
      vertex 85.42518647188759 10.647527964050996 77
    endloop
  endfacet
  facet normal 0 0 1
    outer loop
      vertex 86.0890885178656 6.762617911844288 77
      vertex 86.50843646842958 10.022113286947818 77
      vertex 85.975 10.34900357522404 77
    endloop
  endfacet
  facet normal 0 0 1
    outer loop
      vertex 87.63190216830336 4.956215218636746 77
      vertex 87.52037867304556 9.286894239410802 77
      vertex 87.36205464881202 5.348845795861505 77
    endloop
  endfacet
  facet normal 0 0 1
    outer loop
      vertex 87.36205464881202 5.348845795861505 77
      vertex 87.52037867304556 9.286894239410802 77
      vertex 87.07202824925844 5.72681555855352 77
    endloop
  endfacet
  facet normal 0 0 1
    outer loop
      vertex 86.76261791184429 6.089088517865609 77
      vertex 87.07202824925844 5.72681555855352 77
      vertex 87.02403376489505 9.66775308278062 77
    endloop
  endfacet
  facet normal 0 0 1
    outer loop
      vertex 88.10815937011415 4.131313547629876 77
      vertex 88.44992603517925 8.449926035179242 77
      vertex 87.99611074598836 8.880580664454861 77
    endloop
  endfacet
  facet normal 0 0 1
    outer loop
      vertex 87.63190216830336 4.956215218636746 77
      vertex 87.99611074598836 8.880580664454861 77
      vertex 87.52037867304556 9.286894239410802 77
    endloop
  endfacet
  facet normal 0 0 1
    outer loop
      vertex 88.49558188112454 3.261148340862232 77
      vertex 88.88058066445487 7.996110745988355 77
      vertex 88.44992603517925 8.449926035179242 77
    endloop
  endfacet
  facet normal -0.8241261886220174 -0.5664062369248304 0
    outer loop
      vertex 89.66775308278062 7.024033764895053 77
      vertex 90.02211328694781 6.508436468429573 80
      vertex 89.66775308278062 7.024033764895053 80
    endloop
  endfacet
  facet normal -0.7933533402912331 -0.6087614290087235 0
    outer loop
      vertex 89.66775308278062 7.024033764895053 77
      vertex 89.66775308278062 7.024033764895053 80
      vertex 89.2868942394108 7.520378673045556 77
    endloop
  endfacet
  facet normal -0.7604059656000397 -0.6494480483301734 0
    outer loop
      vertex 89.2868942394108 7.520378673045556 77
      vertex 89.2868942394108 7.520378673045556 80
      vertex 88.88058066445487 7.996110745988355 77
    endloop
  endfacet
  facet normal -0.7933533402912331 -0.6087614290087235 0
    outer loop
      vertex 89.2868942394108 7.520378673045556 77
      vertex 89.66775308278062 7.024033764895053 80
      vertex 89.2868942394108 7.520378673045556 80
    endloop
  endfacet
  facet normal 0 0 1
    outer loop
      vertex 87.07202824925844 5.72681555855352 77
      vertex 87.52037867304556 9.286894239410802 77
      vertex 87.02403376489505 9.66775308278062 77
    endloop
  endfacet
  facet normal -0.6883545756937562 -0.7253743710122855 0
    outer loop
      vertex 88.44992603517925 8.449926035179242 77
      vertex 88.44992603517925 8.449926035179242 80
      vertex 87.99611074598836 8.880580664454861 77
    endloop
  endfacet
  facet normal -0.6494480483301791 -0.7604059656000349 -8.066703730706304e-19
    outer loop
      vertex 87.52037867304556 9.286894239410802 77
      vertex 87.99611074598836 8.880580664454861 77
      vertex 87.99611074598836 8.880580664454861 80
    endloop
  endfacet
  facet normal -0.6883545756937562 -0.7253743710122855 0
    outer loop
      vertex 87.99611074598836 8.880580664454861 77
      vertex 88.44992603517925 8.449926035179242 80
      vertex 87.99611074598836 8.880580664454861 80
    endloop
  endfacet
  facet normal -0.6494480483301791 -0.7604059656000349 0
    outer loop
      vertex 87.52037867304556 9.286894239410802 77
      vertex 87.99611074598836 8.880580664454861 80
      vertex 87.52037867304556 9.286894239410802 80
    endloop
  endfacet
  facet normal -0.725374371012284 -0.6883545756937578 3.823289487621037e-18
    outer loop
      vertex 88.44992603517925 8.449926035179242 77
      vertex 88.88058066445487 7.996110745988355 77
      vertex 88.88058066445487 7.996110745988355 80
    endloop
  endfacet
  facet normal -0.7604059656000397 -0.6494480483301734 -5.341846115850524e-18
    outer loop
      vertex 89.2868942394108 7.520378673045556 80
      vertex 88.88058066445487 7.996110745988355 80
      vertex 88.88058066445487 7.996110745988355 77
    endloop
  endfacet
  facet normal -0.725374371012284 -0.6883545756937578 0
    outer loop
      vertex 88.44992603517925 8.449926035179242 77
      vertex 88.88058066445487 7.996110745988355 80
      vertex 88.44992603517925 8.449926035179242 80
    endloop
  endfacet
  facet normal 0 0 1
    outer loop
      vertex 89.66775308278062 7.024033764895053 80
      vertex 89.25761772360646 12.742017661405422 80
      vertex 89.2868942394108 7.520378673045556 80
    endloop
  endfacet
  facet normal 0 0 1
    outer loop
      vertex 84.55 7.8808311744383905 77
      vertex 84.86050288475582 10.91686821882908 77
      vertex 84.28249699706633 11.15628609664156 77
    endloop
  endfacet
  facet normal 0 0 1
    outer loop
      vertex 84.95621521863674 7.631902168303359 77
      vertex 85.42518647188759 10.647527964050996 77
      vertex 84.86050288475582 10.91686821882908 77
    endloop
  endfacet
  facet normal 0 0 1
    outer loop
      vertex 83.70130345198979 8.313263664547668 77
      vertex 84.28249699706633 11.15628609664156 77
      vertex 83.69275308278063 11.365125369727084 77
    endloop
  endfacet
  facet normal -0.43051109680829736 -0.9025852843498595 4.317152688231589e-18
    outer loop
      vertex 84.86050288475582 10.91686821882908 77
      vertex 85.42518647188759 10.647527964050996 77
      vertex 85.42518647188759 10.647527964050996 80
    endloop
  endfacet
  facet normal -0.43051109680829736 -0.9025852843498595 0
    outer loop
      vertex 84.86050288475582 10.91686821882908 77
      vertex 85.42518647188759 10.647527964050996 80
      vertex 84.86050288475582 10.91686821882908 80
    endloop
  endfacet
  facet normal -0.5224985647159389 -0.8526401643540984 0
    outer loop
      vertex 86.50843646842958 10.022113286947818 77
      vertex 86.50843646842958 10.022113286947818 80
      vertex 85.975 10.34900357522404 77
    endloop
  endfacet
  facet normal -0.5664062369248402 -0.8241261886220106 0
    outer loop
      vertex 86.50843646842958 10.022113286947818 77
      vertex 87.02403376489505 9.66775308278062 80
      vertex 86.50843646842958 10.022113286947818 80
    endloop
  endfacet
  facet normal -0.477158760259614 -0.8788171126619623 0
    outer loop
      vertex 85.975 10.34900357522404 77
      vertex 85.975 10.34900357522404 80
      vertex 85.42518647188759 10.647527964050996 77
    endloop
  endfacet
  facet normal -0.477158760259614 -0.8788171126619623 0
    outer loop
      vertex 85.42518647188759 10.647527964050996 77
      vertex 85.975 10.34900357522404 80
      vertex 85.42518647188759 10.647527964050996 80
    endloop
  endfacet
  facet normal -0.5224985647159389 -0.8526401643540984 0
    outer loop
      vertex 85.975 10.34900357522404 77
      vertex 86.50843646842958 10.022113286947818 80
      vertex 85.975 10.34900357522404 80
    endloop
  endfacet
  facet normal -0.3338068592337752 -0.9426414910921769 0
    outer loop
      vertex 84.28249699706633 11.15628609664156 77
      vertex 84.28249699706633 11.15628609664156 80
      vertex 83.69275308278063 11.365125369727084 77
    endloop
  endfacet
  facet normal -0.3826834323650831 -0.9238795325112895 0
    outer loop
      vertex 84.86050288475582 10.91686821882908 77
      vertex 84.86050288475582 10.91686821882908 80
      vertex 84.28249699706633 11.15628609664156 77
    endloop
  endfacet
  facet normal -0.3338068592337752 -0.9426414910921769 0
    outer loop
      vertex 83.69275308278063 11.365125369727084 77
      vertex 84.28249699706633 11.15628609664156 80
      vertex 83.69275308278063 11.365125369727084 80
    endloop
  endfacet
  facet normal -0.3826834323650831 -0.9238795325112895 -6.818839946577254e-18
    outer loop
      vertex 84.86050288475582 10.91686821882908 80
      vertex 84.28249699706633 11.15628609664156 80
      vertex 84.28249699706633 11.15628609664156 77
    endloop
  endfacet
  facet normal 0 0 1
    outer loop
      vertex 84.86050288475582 10.91686821882908 80
      vertex 84.86701766140543 14.979140131648668 80
      vertex 84.28249699706633 11.15628609664156 80
    endloop
  endfacet
  facet normal 0 0 1
    outer loop
      vertex 84.86050288475582 10.91686821882908 80
      vertex 85.42518647188759 10.647527964050996 80
      vertex 84.86701766140543 14.979140131648668 80
    endloop
  endfacet
  facet normal 0 0 1
    outer loop
      vertex 86.50843646842958 10.022113286947818 80
      vertex 86.40610212844385 14.388340957870964 80
      vertex 85.975 10.34900357522404 80
    endloop
  endfacet
  facet normal 0 0 1
    outer loop
      vertex 86.50843646842958 10.022113286947818 80
      vertex 87.02403376489505 9.66775308278062 80
      vertex 86.40610212844385 14.388340957870964 80
    endloop
  endfacet
  facet normal 0 0 1
    outer loop
      vertex 85.975 10.34900357522404 80
      vertex 85.64429520533848 14.703891717330928 80
      vertex 85.42518647188759 10.647527964050996 80
    endloop
  endfacet
  facet normal -0.6087614290087184 -0.7933533402912368 0
    outer loop
      vertex 87.52037867304556 9.286894239410802 77
      vertex 87.52037867304556 9.286894239410802 80
      vertex 87.02403376489505 9.66775308278062 77
    endloop
  endfacet
  facet normal -0.5664062369248402 -0.8241261886220106 2.1639701339341106e-19
    outer loop
      vertex 86.50843646842958 10.022113286947818 77
      vertex 87.02403376489505 9.66775308278062 77
      vertex 87.02403376489505 9.66775308278062 80
    endloop
  endfacet
  facet normal -0.6087614290087184 -0.7933533402912368 -4.643118285352525e-18
    outer loop
      vertex 87.52037867304556 9.286894239410802 80
      vertex 87.02403376489505 9.66775308278062 80
      vertex 87.02403376489505 9.66775308278062 77
    endloop
  endfacet
  facet normal 0 0 1
    outer loop
      vertex 88.44992603517925 8.449926035179242 80
      vertex 87.875 13.639900109604907 80
      vertex 87.99611074598836 8.880580664454861 80
    endloop
  endfacet
  facet normal 0 0 1
    outer loop
      vertex 87.52037867304556 9.286894239410802 80
      vertex 87.99611074598836 8.880580664454861 80
      vertex 87.875 13.639900109604907 80
    endloop
  endfacet
  facet normal 0 0 1
    outer loop
      vertex 88.44992603517925 8.449926035179242 80
      vertex 88.88058066445487 7.996110745988355 80
      vertex 88.57806480148668 13.20906144514043 80
    endloop
  endfacet
  facet normal 0 0 1
    outer loop
      vertex 89.2868942394108 7.520378673045556 80
      vertex 89.25761772360646 12.742017661405422 80
      vertex 88.88058066445487 7.996110745988355 80
    endloop
  endfacet
  facet normal 0 0 1
    outer loop
      vertex 89.66775308278062 7.024033764895053 80
      vertex 89.91179615903494 12.240048892947291 80
      vertex 89.25761772360646 12.742017661405422 80
    endloop
  endfacet
  facet normal 0 0 1
    outer loop
      vertex 87.52037867304556 9.286894239410802 80
      vertex 87.15035037089787 14.033352755966794 80
      vertex 87.02403376489505 9.66775308278062 80
    endloop
  endfacet
  facet normal 0 0 1
    outer loop
      vertex 87.52037867304556 9.286894239410802 80
      vertex 87.875 13.639900109604907 80
      vertex 87.15035037089787 14.033352755966794 80
    endloop
  endfacet
  facet normal 0 0 1
    outer loop
      vertex 88.88058066445487 7.996110745988355 80
      vertex 89.25761772360646 12.742017661405422 80
      vertex 88.57806480148668 13.20906144514043 80
    endloop
  endfacet
  facet normal 0 0 1
    outer loop
      vertex 88.44992603517925 8.449926035179242 80
      vertex 88.57806480148668 13.20906144514043 80
      vertex 87.875 13.639900109604907 80
    endloop
  endfacet
  facet normal -0.8241261886220174 -0.5664062369248304 0
    outer loop
      vertex 90.02211328694781 6.508436468429573 77
      vertex 90.02211328694781 6.508436468429573 80
      vertex 89.66775308278062 7.024033764895053 77
    endloop
  endfacet
  facet normal -0.852640164354087 -0.5224985647159575 2.027921097166966e-18
    outer loop
      vertex 90.34900357522405 5.975 80
      vertex 90.02211328694781 6.508436468429573 80
      vertex 90.02211328694781 6.508436468429573 77
    endloop
  endfacet
  facet normal 0 0 1
    outer loop
      vertex 91.36512536972708 3.692753082780621 80
      vertex 91.13693180368813 11.136931803688125 80
      vertex 91.15628609664157 4.282496997066338 80
    endloop
  endfacet
  facet normal 0 0 1
    outer loop
      vertex 91.15628609664157 4.282496997066338 80
      vertex 91.13693180368813 11.136931803688125 80
      vertex 90.91686821882908 4.860502884755812 80
    endloop
  endfacet
  facet normal 0 0 1
    outer loop
      vertex 90.34900357522405 5.975 80
      vertex 90.647527964051 5.425186471887584 80
      vertex 90.53880705015202 11.70453100126896 80
    endloop
  endfacet
  facet normal 0 0 1
    outer loop
      vertex 90.91686821882908 4.860502884755812 80
      vertex 90.53880705015202 11.70453100126896 80
      vertex 90.647527964051 5.425186471887584 80
    endloop
  endfacet
  facet normal 0 0 1
    outer loop
      vertex 90.34900357522405 5.975 80
      vertex 89.91179615903494 12.240048892947291 80
      vertex 90.02211328694781 6.508436468429573 80
    endloop
  endfacet
  facet normal 0 0 1
    outer loop
      vertex 90.02211328694781 6.508436468429573 80
      vertex 89.91179615903494 12.240048892947291 80
      vertex 89.66775308278062 7.024033764895053 80
    endloop
  endfacet
  facet normal 0 0 1
    outer loop
      vertex 90.91686821882908 4.860502884755812 80
      vertex 91.13693180368813 11.136931803688125 80
      vertex 90.53880705015202 11.70453100126896 80
    endloop
  endfacet
  facet normal 0 0 1
    outer loop
      vertex 91.36512536972708 3.692753082780621 80
      vertex 91.70453100126896 10.538807050152018 80
      vertex 91.13693180368813 11.136931803688125 80
    endloop
  endfacet
  facet normal 0 0 1
    outer loop
      vertex 90.34900357522405 5.975 80
      vertex 90.53880705015202 11.70453100126896 80
      vertex 89.91179615903494 12.240048892947291 80
    endloop
  endfacet
  facet normal -0.47715876025961296 0.8788171126619627 0
    outer loop
      vertex 72.84964962910213 14.033352755966794 0
      vertex 72.125 13.639900109604907 80
      vertex 72.84964962910213 14.033352755966794 80
    endloop
  endfacet
  facet normal -0.4305110968082898 0.9025852843498632 0
    outer loop
      vertex 73.59389787155615 14.388340957870964 0
      vertex 72.84964962910213 14.033352755966794 80
      vertex 73.59389787155615 14.388340957870964 80
    endloop
  endfacet
  facet normal -0.38268343236509217 0.9238795325112857 0
    outer loop
      vertex 74.35570479466152 14.703891717330928 0
      vertex 73.59389787155615 14.388340957870964 80
      vertex 74.35570479466152 14.703891717330928 80
    endloop
  endfacet
  facet normal -0.3338068592337718 0.9426414910921781 0
    outer loop
      vertex 75.13298233859457 14.979140131648668 0
      vertex 74.35570479466152 14.703891717330928 80
      vertex 75.13298233859457 14.979140131648668 80
    endloop
  endfacet
  facet normal -0.284015344703921 0.9588197348681935 0
    outer loop
      vertex 75.9236000396353 15.213331764052827 0
      vertex 75.13298233859457 14.979140131648668 80
      vertex 75.9236000396353 15.213331764052827 80
    endloop
  endfacet
  facet normal -0.23344536385590842 0.9723699203976759 0
    outer loop
      vertex 76.72539086962028 15.40582471155744 0
      vertex 75.9236000396353 15.213331764052827 80
      vertex 76.72539086962028 15.40582471155744 80
    endloop
  endfacet
  facet normal -0.1822355254921462 0.9832549075639548 0
    outer loop
      vertex 77.53615717561637 15.55609136437342 0
      vertex 76.72539086962028 15.40582471155744 80
      vertex 77.53615717561637 15.55609136437342 80
    endloop
  endfacet
  facet normal 0.13052619222004913 0.9914448613738107 0
    outer loop
      vertex 82.46384282438363 15.55609136437342 0
      vertex 81.64632329646554 15.663719852050304 80
      vertex 82.46384282438363 15.55609136437342 80
    endloop
  endfacet
  facet normal 0.1822355254921462 0.9832549075639548 0
    outer loop
      vertex 83.27460913037972 15.40582471155744 0
      vertex 82.46384282438363 15.55609136437342 80
      vertex 83.27460913037972 15.40582471155744 80
    endloop
  endfacet
  facet normal 0.23344536385590842 0.9723699203976759 0
    outer loop
      vertex 84.0763999603647 15.213331764052827 0
      vertex 83.27460913037972 15.40582471155744 80
      vertex 84.0763999603647 15.213331764052827 80
    endloop
  endfacet
  facet normal -0.13052619222004913 0.9914448613738107 0
    outer loop
      vertex 78.35367670353446 15.663719852050304 0
      vertex 77.53615717561637 15.55609136437342 80
      vertex 78.35367670353446 15.663719852050304 80
    endloop
  endfacet
  facet normal -0.07845909572784637 0.9969173337331277 0
    outer loop
      vertex 79.17570868917363 15.728415172384539 0
      vertex 78.35367670353446 15.663719852050304 80
      vertex 79.17570868917363 15.728415172384539 80
    endloop
  endfacet
  facet normal -0.026176948307872875 0.9996573249755574 0
    outer loop
      vertex 80 15.75 0
      vertex 79.17570868917363 15.728415172384539 80
      vertex 80 15.75 80
    endloop
  endfacet
  facet normal 0.026176948307872875 0.9996573249755574 0
    outer loop
      vertex 80.82429131082637 15.728415172384539 0
      vertex 80 15.75 80
      vertex 80.82429131082637 15.728415172384539 80
    endloop
  endfacet
  facet normal 0.07845909572784637 0.9969173337331277 0
    outer loop
      vertex 81.64632329646554 15.663719852050304 0
      vertex 80.82429131082637 15.728415172384539 80
      vertex 81.64632329646554 15.663719852050304 80
    endloop
  endfacet
  facet normal 0.284015344703921 0.9588197348681935 0
    outer loop
      vertex 84.86701766140543 14.979140131648668 0
      vertex 84.0763999603647 15.213331764052827 80
      vertex 84.86701766140543 14.979140131648668 80
    endloop
  endfacet
  facet normal 0.3338068592337718 0.9426414910921781 0
    outer loop
      vertex 85.64429520533848 14.703891717330928 0
      vertex 84.86701766140543 14.979140131648668 80
      vertex 85.64429520533848 14.703891717330928 80
    endloop
  endfacet
  facet normal 0.38268343236509217 0.9238795325112857 0
    outer loop
      vertex 86.40610212844385 14.388340957870964 0
      vertex 85.64429520533848 14.703891717330928 80
      vertex 86.40610212844385 14.388340957870964 80
    endloop
  endfacet
  facet normal 0.47715876025961296 0.8788171126619627 0
    outer loop
      vertex 87.875 13.639900109604907 0
      vertex 87.15035037089787 14.033352755966794 80
      vertex 87.875 13.639900109604907 80
    endloop
  endfacet
  facet normal 0.5664062369248298 0.8241261886220177 0
    outer loop
      vertex 89.25761772360646 12.742017661405422 0
      vertex 88.57806480148668 13.20906144514043 80
      vertex 89.25761772360646 12.742017661405422 80
    endloop
  endfacet
  facet normal 0.5224985647159471 0.8526401643540932 0
    outer loop
      vertex 88.57806480148668 13.20906144514043 0
      vertex 87.875 13.639900109604907 80
      vertex 88.57806480148668 13.20906144514043 80
    endloop
  endfacet
  facet normal 0.4305110968082898 0.9025852843498632 0
    outer loop
      vertex 87.15035037089787 14.033352755966794 0
      vertex 86.40610212844385 14.388340957870964 80
      vertex 87.15035037089787 14.033352755966794 80
    endloop
  endfacet
  facet normal 0 0 1
    outer loop
      vertex 74.025 10.34900357522404 80
      vertex 73.59389787155615 14.388340957870964 80
      vertex 72.84964962910213 14.033352755966794 80
    endloop
  endfacet
  facet normal 0 0 1
    outer loop
      vertex 74.57481352811241 10.647527964050996 80
      vertex 74.35570479466152 14.703891717330928 80
      vertex 73.59389787155615 14.388340957870964 80
    endloop
  endfacet
  facet normal 0 0 1
    outer loop
      vertex 75.13949711524418 10.91686821882908 80
      vertex 75.13298233859457 14.979140131648668 80
      vertex 74.35570479466152 14.703891717330928 80
    endloop
  endfacet
  facet normal 0 0 1
    outer loop
      vertex 75.71750300293367 11.15628609664156 80
      vertex 76.30724691721937 11.365125369727084 80
      vertex 75.13298233859457 14.979140131648668 80
    endloop
  endfacet
  facet normal 0 0 1
    outer loop
      vertex 76.30724691721937 11.365125369727084 80
      vertex 76.90711241102488 11.542813624154366 80
      vertex 75.9236000396353 15.213331764052827 80
    endloop
  endfacet
  facet normal 0 0 1
    outer loop
      vertex 76.30724691721937 11.365125369727084 80
      vertex 75.9236000396353 15.213331764052827 80
      vertex 75.13298233859457 14.979140131648668 80
    endloop
  endfacet
  facet normal 0 0 1
    outer loop
      vertex 76.90711241102488 11.542813624154366 80
      vertex 77.51545529472777 11.688863828768977 80
      vertex 76.72539086962028 15.40582471155744 80
    endloop
  endfacet
  facet normal 0 0 1
    outer loop
      vertex 77.51545529472777 11.688863828768977 80
      vertex 78.13060814276925 11.802875670111895 80
      vertex 76.72539086962028 15.40582471155744 80
    endloop
  endfacet
  facet normal 0 0 1
    outer loop
      vertex 76.90711241102488 11.542813624154366 80
      vertex 76.72539086962028 15.40582471155744 80
      vertex 75.9236000396353 15.213331764052827 80
    endloop
  endfacet
  facet normal 0 0 1
    outer loop
      vertex 78.13060814276925 11.802875670111895 80
      vertex 77.53615717561637 15.55609136437342 80
      vertex 76.72539086962028 15.40582471155744 80
    endloop
  endfacet
  facet normal 0 0 1
    outer loop
      vertex 78.13060814276925 11.802875670111895 80
      vertex 78.75088486395154 11.884536649650865 80
      vertex 77.53615717561637 15.55609136437342 80
    endloop
  endfacet
  facet normal 0 0 1
    outer loop
      vertex 78.75088486395154 11.884536649650865 80
      vertex 79.37458532289682 11.933622940317157 80
      vertex 78.35367670353446 15.663719852050304 80
    endloop
  endfacet
  facet normal 0 0 1
    outer loop
      vertex 79.37458532289682 11.933622940317157 80
      vertex 80 11.95 80
      vertex 80 15.75 80
    endloop
  endfacet
  facet normal 0 0 1
    outer loop
      vertex 80 11.95 80
      vertex 80.62541467710318 11.933622940317157 80
      vertex 80 15.75 80
    endloop
  endfacet
  facet normal 0 0 1
    outer loop
      vertex 78.75088486395154 11.884536649650865 80
      vertex 78.35367670353446 15.663719852050304 80
      vertex 77.53615717561637 15.55609136437342 80
    endloop
  endfacet
  facet normal 0 0 1
    outer loop
      vertex 79.37458532289682 11.933622940317157 80
      vertex 79.17570868917363 15.728415172384539 80
      vertex 78.35367670353446 15.663719852050304 80
    endloop
  endfacet
  facet normal 0 0 1
    outer loop
      vertex 79.37458532289682 11.933622940317157 80
      vertex 80 15.75 80
      vertex 79.17570868917363 15.728415172384539 80
    endloop
  endfacet
  facet normal 0 0 1
    outer loop
      vertex 80.62541467710318 11.933622940317157 80
      vertex 80.82429131082637 15.728415172384539 80
      vertex 80 15.75 80
    endloop
  endfacet
  facet normal 0 0 1
    outer loop
      vertex 80.62541467710318 11.933622940317157 80
      vertex 81.24911513604846 11.884536649650865 80
      vertex 80.82429131082637 15.728415172384539 80
    endloop
  endfacet
  facet normal 0 0 1
    outer loop
      vertex 81.24911513604846 11.884536649650865 80
      vertex 81.86939185723075 11.802875670111895 80
      vertex 81.64632329646554 15.663719852050304 80
    endloop
  endfacet
  facet normal 0 0 1
    outer loop
      vertex 82.48454470527223 11.688863828768977 80
      vertex 82.46384282438363 15.55609136437342 80
      vertex 81.86939185723075 11.802875670111895 80
    endloop
  endfacet
  facet normal 0 0 1
    outer loop
      vertex 82.48454470527223 11.688863828768977 80
      vertex 83.09288758897512 11.542813624154366 80
      vertex 82.46384282438363 15.55609136437342 80
    endloop
  endfacet
  facet normal 0 0 1
    outer loop
      vertex 83.09288758897512 11.542813624154366 80
      vertex 83.69275308278063 11.365125369727084 80
      vertex 83.27460913037972 15.40582471155744 80
    endloop
  endfacet
  facet normal 0 0 1
    outer loop
      vertex 83.69275308278063 11.365125369727084 80
      vertex 84.0763999603647 15.213331764052827 80
      vertex 83.27460913037972 15.40582471155744 80
    endloop
  endfacet
  facet normal 0 0 1
    outer loop
      vertex 81.24911513604846 11.884536649650865 80
      vertex 81.64632329646554 15.663719852050304 80
      vertex 80.82429131082637 15.728415172384539 80
    endloop
  endfacet
  facet normal 0 0 1
    outer loop
      vertex 81.86939185723075 11.802875670111895 80
      vertex 82.46384282438363 15.55609136437342 80
      vertex 81.64632329646554 15.663719852050304 80
    endloop
  endfacet
  facet normal 0 0 1
    outer loop
      vertex 83.09288758897512 11.542813624154366 80
      vertex 83.27460913037972 15.40582471155744 80
      vertex 82.46384282438363 15.55609136437342 80
    endloop
  endfacet
  facet normal 0 0 1
    outer loop
      vertex 84.28249699706633 11.15628609664156 80
      vertex 84.0763999603647 15.213331764052827 80
      vertex 83.69275308278063 11.365125369727084 80
    endloop
  endfacet
  facet normal 0 0 1
    outer loop
      vertex 84.28249699706633 11.15628609664156 80
      vertex 84.86701766140543 14.979140131648668 80
      vertex 84.0763999603647 15.213331764052827 80
    endloop
  endfacet
  facet normal 0 0 1
    outer loop
      vertex 85.42518647188759 10.647527964050996 80
      vertex 85.64429520533848 14.703891717330928 80
      vertex 84.86701766140543 14.979140131648668 80
    endloop
  endfacet
  facet normal 0 0 1
    outer loop
      vertex 85.975 10.34900357522404 80
      vertex 86.40610212844385 14.388340957870964 80
      vertex 85.64429520533848 14.703891717330928 80
    endloop
  endfacet
  facet normal 0 0 1
    outer loop
      vertex 87.02403376489505 9.66775308278062 80
      vertex 87.15035037089787 14.033352755966794 80
      vertex 86.40610212844385 14.388340957870964 80
    endloop
  endfacet
endsolid OpenSCAD_Model
