solid OpenSCAD_Model
  facet normal -0.9238795325112866 -0.3826834323650901 0
    outer loop
      vertex -14.937286823955228 -5.733887192724804 30
      vertex -14.937286823955228 -5.733887192724804 0.2
      vertex -14.616727322281614 -6.507786289212803 0.2
    endloop
  endfacet
  facet normal -0.9426414910921787 -0.33380685923377024 0
    outer loop
      vertex -15.216904260722456 -4.944271909999158 30
      vertex -15.216904260722456 -4.944271909999158 0.2
      vertex -14.937286823955228 -5.733887192724804 0.2
    endloop
  endfacet
  facet normal -0.9588197348681927 -0.2840153447039238 0
    outer loop
      vertex -15.454813220625093 -4.141104721640332 30
      vertex -15.454813220625093 -4.141104721640332 0.2
      vertex -15.216904260722456 -4.944271909999158 0.2
    endloop
  endfacet
  facet normal -0.9914448613738106 -0.13052619222004988 0
    outer loop
      vertex -15.912350325892373 -1.6724554122824555 30
      vertex -15.912350325892373 -1.6724554122824555 0.2
      vertex -15.803013449522204 -2.502951440643694 0.2
    endloop
  endfacet
  facet normal -0.9723699203976766 -0.23344536385590603 0
    outer loop
      vertex -15.650361611740891 -3.3265870530841495 30
      vertex -15.650361611740891 -3.3265870530841495 0.2
      vertex -15.454813220625093 -4.141104721640332 0.2
    endloop
  endfacet
  facet normal -0.9832549075639546 -0.1822355254921473 0
    outer loop
      vertex -15.803013449522204 -2.502951440643694 30
      vertex -15.803013449522204 -2.502951440643694 0.2
      vertex -15.650361611740891 -3.3265870530841495 0.2
    endloop
  endfacet
  facet normal -0.9969173337331281 -0.07845909572784508 0
    outer loop
      vertex -15.978072556073181 -0.8373752998871014 30
      vertex -15.978072556073181 -0.8373752998871014 0.2
      vertex -15.912350325892373 -1.6724554122824555 0.2
    endloop
  endfacet
  facet normal -0.9996573249755571 -0.026176948307873926 0
    outer loop
      vertex -16 0 30
      vertex -16 0 0.2
      vertex -15.978072556073181 -0.8373752998871014 0.2
    endloop
  endfacet
  facet normal -0.8788171126619646 -0.4771587602596098 0
    outer loop
      vertex -14.256104387013886 -7.263847995832749 30
      vertex -14.256104387013886 -7.263847995832749 0.2
      vertex -13.856406460551018 -8 0.2
    endloop
  endfacet
  facet normal -0.8526401643540928 -0.5224985647159479 0
    outer loop
      vertex -13.856406460551018 -8 30
      vertex -13.856406460551018 -8 0.2
      vertex -13.418729087126785 -8.714224560240433 0.2
    endloop
  endfacet
  facet normal -0.8241261886220158 -0.5664062369248326 0
    outer loop
      vertex -13.418729087126785 -8.714224560240433 30
      vertex -13.418729087126785 -8.714224560240433 0.2
      vertex -12.94427190999916 -9.40456403667957 0.2
    endloop
  endfacet
  facet normal -0.7933533402912347 -0.6087614290087213 0
    outer loop
      vertex -12.94427190999916 -9.40456403667957 30
      vertex -12.94427190999916 -9.40456403667957 0.2
      vertex -12.434335383311534 -10.069126256797398 0.2
    endloop
  endfacet
  facet normal -0.7604059656000315 -0.649448048330183 0
    outer loop
      vertex -12.434335383311534 -10.069126256797398 30
      vertex -12.434335383311534 -10.069126256797398 0.2
      vertex -11.890317207638308 -10.706089701741732 0.2
    endloop
  endfacet
  facet normal -0.7253743710122883 -0.6883545756937535 0
    outer loop
      vertex -11.890317207638308 -10.706089701741732 30
      vertex -11.890317207638308 -10.706089701741732 0.2
      vertex -11.313708498984761 -11.313708498984761 0.2
    endloop
  endfacet
  facet normal -0.9025852843498612 -0.430511096808294 0
    outer loop
      vertex -14.616727322281614 -6.507786289212803 30
      vertex -14.616727322281614 -6.507786289212803 0.2
      vertex -14.256104387013886 -7.263847995832749 0.2
    endloop
  endfacet
  facet normal -0.6883545756937535 -0.7253743710122883 0
    outer loop
      vertex -11.313708498984761 -11.313708498984761 30
      vertex -11.313708498984761 -11.313708498984761 0.2
      vertex -10.706089701741732 -11.890317207638308 0.2
    endloop
  endfacet
  facet normal -0.649448048330183 -0.7604059656000315 0
    outer loop
      vertex -10.706089701741732 -11.890317207638308 30
      vertex -10.706089701741732 -11.890317207638308 0.2
      vertex -10.069126256797398 -12.434335383311534 0.2
    endloop
  endfacet
  facet normal -0.6087614290087213 -0.7933533402912347 0
    outer loop
      vertex -10.069126256797398 -12.434335383311534 30
      vertex -10.069126256797398 -12.434335383311534 0.2
      vertex -9.40456403667957 -12.94427190999916 0.2
    endloop
  endfacet
  facet normal -0.5664062369248326 -0.8241261886220158 0
    outer loop
      vertex -9.40456403667957 -12.94427190999916 30
      vertex -9.40456403667957 -12.94427190999916 0.2
      vertex -8.714224560240433 -13.418729087126785 0.2
    endloop
  endfacet
  facet normal -0.5224985647159479 -0.8526401643540928 0
    outer loop
      vertex -8.714224560240433 -13.418729087126785 30
      vertex -8.714224560240433 -13.418729087126785 0.2
      vertex -8 -13.856406460551018 0.2
    endloop
  endfacet
  facet normal 0.9832549075639545 0.1822355254921479 0
    outer loop
      vertex -9.977105527484817 -2.120699246341145 30
      vertex -9.977105527484817 -2.120699246341145 0.2
      vertex -10.074421074070404 -1.5956315434103547 0.2
    endloop
  endfacet
  facet normal 0.9723699203976764 0.23344536385590578 0
    outer loop
      vertex -9.852443428148495 -2.6399542600457115 30
      vertex -9.852443428148495 -2.6399542600457115 0.2
      vertex -9.977105527484817 -2.120699246341145 0.2
    endloop
  endfacet
  facet normal 0.9914448613738106 0.13052619222004996 0
    outer loop
      vertex -10.074421074070404 -1.5956315434103547 30
      vertex -10.074421074070404 -1.5956315434103547 0.2
      vertex -10.144123332756386 -1.0661903253300653 0.2
    endloop
  endfacet
  facet normal 0.9969173337331281 0.07845909572784422 0
    outer loop
      vertex -10.144123332756386 -1.0661903253300653 30
      vertex -10.144123332756386 -1.0661903253300653 0.2
      vertex -10.186021254496652 -0.5338267536780271 0.2
    endloop
  endfacet
  facet normal 0.9996573249755573 0.026176948307875546 0
    outer loop
      vertex -10.186021254496652 -0.5338267536780271 30
      vertex -10.186021254496652 -0.5338267536780271 0.2
      vertex -10.2 0 0.2
    endloop
  endfacet
  facet normal 0.9238795325112865 0.3826834323650904 0
    outer loop
      vertex -9.318163667954527 -4.148713759373162 30
      vertex -9.318163667954527 -4.148713759373162 0.2
      vertex -9.522520350271456 -3.6553530853620626 0.2
    endloop
  endfacet
  facet normal 0.9025852843498617 0.43051109680829286 0
    outer loop
      vertex -9.088266546721352 -4.630703097343377 30
      vertex -9.088266546721352 -4.630703097343377 0.2
      vertex -9.318163667954527 -4.148713759373162 0.2
    endloop
  endfacet
  facet normal 0.8241261886220151 0.5664062369248337 0
    outer loop
      vertex -8.251973342624463 -5.995409573383226 30
      vertex -8.251973342624463 -5.995409573383226 0.2
      vertex -8.554439793043326 -5.555318157153276 0.2
    endloop
  endfacet
  facet normal 0.878817112661964 0.47715876025961074 0
    outer loop
      vertex -8.833459118601272 -5.1 30
      vertex -8.833459118601272 -5.1 0.2
      vertex -9.088266546721352 -4.630703097343377 0.2
    endloop
  endfacet
  facet normal 0.8526401643540942 0.5224985647159457 0
    outer loop
      vertex -8.554439793043326 -5.555318157153276 30
      vertex -8.554439793043326 -5.555318157153276 0.2
      vertex -8.833459118601272 -5.1 0.2
    endloop
  endfacet
  facet normal 0.9588197348681927 0.28401534470392376 0
    outer loop
      vertex -9.700776466210565 -3.1519733426244634 30
      vertex -9.700776466210565 -3.1519733426244634 0.2
      vertex -9.852443428148495 -2.6399542600457115 0.2
    endloop
  endfacet
  facet normal 0.9426414910921787 0.3338068592337703 0
    outer loop
      vertex -9.522520350271456 -3.6553530853620626 30
      vertex -9.522520350271456 -3.6553530853620626 0.2
      vertex -9.700776466210565 -3.1519733426244634 0.2
    endloop
  endfacet
  facet normal -0.9723699203976766 -0.23344536385590603 4.8771538064993936e-20
    outer loop
      vertex -15.650361611740891 -3.3265870530841495 30
      vertex -15.454813220625093 -4.141104721640332 0.2
      vertex -15.454813220625093 -4.141104721640332 30
    endloop
  endfacet
  facet normal -0.9238795325112866 -0.3826834323650901 0
    outer loop
      vertex -14.616727322281614 -6.507786289212803 30
      vertex -14.937286823955228 -5.733887192724804 30
      vertex -14.616727322281614 -6.507786289212803 0.2
    endloop
  endfacet
  facet normal -0.9426414910921787 -0.33380685923377024 -3.4851230533981306e-19
    outer loop
      vertex -15.216904260722456 -4.944271909999158 30
      vertex -14.937286823955228 -5.733887192724804 0.2
      vertex -14.937286823955228 -5.733887192724804 30
    endloop
  endfacet
  facet normal -0.9588197348681927 -0.2840153447039238 0
    outer loop
      vertex -15.216904260722456 -4.944271909999158 30
      vertex -15.454813220625093 -4.141104721640332 30
      vertex -15.216904260722456 -4.944271909999158 0.2
    endloop
  endfacet
  facet normal -0.9914448613738106 -0.13052619222004988 0
    outer loop
      vertex -15.803013449522204 -2.502951440643694 30
      vertex -15.912350325892373 -1.6724554122824555 30
      vertex -15.803013449522204 -2.502951440643694 0.2
    endloop
  endfacet
  facet normal -0.9832549075639546 -0.1822355254921473 0
    outer loop
      vertex -15.650361611740891 -3.3265870530841495 30
      vertex -15.803013449522204 -2.502951440643694 30
      vertex -15.650361611740891 -3.3265870530841495 0.2
    endloop
  endfacet
  facet normal -0.9969173337331281 -0.07845909572784508 0
    outer loop
      vertex -15.912350325892373 -1.6724554122824555 30
      vertex -15.978072556073181 -0.8373752998871014 30
      vertex -15.912350325892373 -1.6724554122824555 0.2
    endloop
  endfacet
  facet normal -0.9996573249755571 -0.026176948307873926 0
    outer loop
      vertex -15.978072556073181 -0.8373752998871014 30
      vertex -16 0 30
      vertex -15.978072556073181 -0.8373752998871014 0.2
    endloop
  endfacet
  facet normal 0 0 1
    outer loop
      vertex -15.912350325892373 -1.6724554122824555 30
      vertex -15.978072556073181 0.8373752998871014 30
      vertex -15.978072556073181 -0.8373752998871014 30
    endloop
  endfacet
  facet normal 0 0 1
    outer loop
      vertex -15.803013449522204 -2.502951440643694 30
      vertex -15.912350325892373 1.6724554122824555 30
      vertex -15.912350325892373 -1.6724554122824555 30
    endloop
  endfacet
  facet normal 0 0 1
    outer loop
      vertex -15.650361611740891 -3.3265870530841495 30
      vertex -15.803013449522204 2.502951440643694 30
      vertex -15.803013449522204 -2.502951440643694 30
    endloop
  endfacet
  facet normal 0 0 1
    outer loop
      vertex -15.650361611740891 -3.3265870530841495 30
      vertex -15.454813220625093 -4.141104721640332 30
      vertex -15.650361611740891 3.3265870530841495 30
    endloop
  endfacet
  facet normal 0 0 1
    outer loop
      vertex -15.216904260722456 -4.944271909999158 30
      vertex -14.937286823955228 -5.733887192724804 30
      vertex -15.216904260722456 4.944271909999158 30
    endloop
  endfacet
  facet normal 0 0 1
    outer loop
      vertex -14.616727322281614 -6.507786289212803 30
      vertex -14.937286823955228 5.733887192724804 30
      vertex -14.937286823955228 -5.733887192724804 30
    endloop
  endfacet
  facet normal 0 0 1
    outer loop
      vertex -15.216904260722456 -4.944271909999158 30
      vertex -15.454813220625093 4.141104721640332 30
      vertex -15.454813220625093 -4.141104721640332 30
    endloop
  endfacet
  facet normal -0.8788171126619646 -0.4771587602596098 9.682617953089049e-19
    outer loop
      vertex -14.256104387013886 -7.263847995832749 30
      vertex -13.856406460551018 -8 0.2
      vertex -13.856406460551018 -8 30
    endloop
  endfacet
  facet normal -0.8526401643540928 -0.5224985647159479 -5.363483613771413e-19
    outer loop
      vertex -13.856406460551018 -8 30
      vertex -13.418729087126785 -8.714224560240433 0.2
      vertex -13.418729087126785 -8.714224560240433 30
    endloop
  endfacet
  facet normal -0.8241261886220158 -0.5664062369248326 -2.5794155978183017e-19
    outer loop
      vertex -13.418729087126785 -8.714224560240433 30
      vertex -12.94427190999916 -9.40456403667957 0.2
      vertex -12.94427190999916 -9.40456403667957 30
    endloop
  endfacet
  facet normal -0.7933533402912347 -0.6087614290087213 -7.600888010264921e-19
    outer loop
      vertex -12.94427190999916 -9.40456403667957 30
      vertex -12.434335383311534 -10.069126256797398 0.2
      vertex -12.434335383311534 -10.069126256797398 30
    endloop
  endfacet
  facet normal -0.7604059656000315 -0.649448048330183 1.224385130274537e-19
    outer loop
      vertex -12.434335383311534 -10.069126256797398 30
      vertex -11.890317207638308 -10.706089701741732 0.2
      vertex -11.890317207638308 -10.706089701741732 30
    endloop
  endfacet
  facet normal -0.7253743710122883 -0.6883545756937535 6.420334009982183e-19
    outer loop
      vertex -11.890317207638308 -10.706089701741732 30
      vertex -11.313708498984761 -11.313708498984761 0.2
      vertex -11.313708498984761 -11.313708498984761 30
    endloop
  endfacet
  facet normal -0.9025852843498612 -0.430511096808294 -1.590895407845095e-19
    outer loop
      vertex -14.616727322281614 -6.507786289212803 30
      vertex -14.256104387013886 -7.263847995832749 0.2
      vertex -14.256104387013886 -7.263847995832749 30
    endloop
  endfacet
  facet normal -0.6883545756937535 -0.7253743710122883 6.420334009982183e-19
    outer loop
      vertex -11.313708498984761 -11.313708498984761 30
      vertex -10.706089701741732 -11.890317207638308 0.2
      vertex -10.706089701741732 -11.890317207638308 30
    endloop
  endfacet
  facet normal -0.649448048330183 -0.7604059656000315 1.224385130274537e-19
    outer loop
      vertex -10.706089701741732 -11.890317207638308 30
      vertex -10.069126256797398 -12.434335383311534 0.2
      vertex -10.069126256797398 -12.434335383311534 30
    endloop
  endfacet
  facet normal -0.6087614290087213 -0.7933533402912347 0
    outer loop
      vertex -9.40456403667957 -12.94427190999916 30
      vertex -10.069126256797398 -12.434335383311534 30
      vertex -9.40456403667957 -12.94427190999916 0.2
    endloop
  endfacet
  facet normal -0.5664062369248326 -0.8241261886220158 -2.5794155978183017e-19
    outer loop
      vertex -9.40456403667957 -12.94427190999916 30
      vertex -8.714224560240433 -13.418729087126785 0.2
      vertex -8.714224560240433 -13.418729087126785 30
    endloop
  endfacet
  facet normal -0.5224985647159479 -0.8526401643540928 -5.363483613771413e-19
    outer loop
      vertex -8.714224560240433 -13.418729087126785 30
      vertex -8 -13.856406460551018 0.2
      vertex -8 -13.856406460551018 30
    endloop
  endfacet
  facet normal 0.9588197348681927 0.28401534470392376 -1.9795255835899567e-19
    outer loop
      vertex -9.700776466210565 -3.1519733426244634 30
      vertex -9.852443428148495 -2.6399542600457115 0.2
      vertex -9.852443428148495 -2.6399542600457115 30
    endloop
  endfacet
  facet normal 0.9723699203976764 0.23344536385590578 0
    outer loop
      vertex -9.977105527484817 -2.120699246341145 30
      vertex -9.852443428148495 -2.6399542600457115 30
      vertex -9.977105527484817 -2.120699246341145 0.2
    endloop
  endfacet
  facet normal 0.9832549075639545 0.1822355254921479 0
    outer loop
      vertex -10.074421074070404 -1.5956315434103547 30
      vertex -9.977105527484817 -2.120699246341145 30
      vertex -10.074421074070404 -1.5956315434103547 0.2
    endloop
  endfacet
  facet normal 0.9914448613738106 0.13052619222004996 -5.505695726622423e-20
    outer loop
      vertex -10.074421074070404 -1.5956315434103547 30
      vertex -10.144123332756386 -1.0661903253300653 0.2
      vertex -10.144123332756386 -1.0661903253300653 30
    endloop
  endfacet
  facet normal 0.9969173337331281 0.07845909572784422 0
    outer loop
      vertex -10.186021254496652 -0.5338267536780271 30
      vertex -10.144123332756386 -1.0661903253300653 30
      vertex -10.186021254496652 -0.5338267536780271 0.2
    endloop
  endfacet
  facet normal 0.9996573249755573 0.026176948307875546 -2.9150790964164027e-21
    outer loop
      vertex -10.186021254496652 -0.5338267536780271 30
      vertex -10.2 0 0.2
      vertex -10.2 0 30
    endloop
  endfacet
  facet normal 0.9238795325112865 0.3826834323650904 0
    outer loop
      vertex -9.522520350271456 -3.6553530853620626 30
      vertex -9.318163667954527 -4.148713759373162 30
      vertex -9.522520350271456 -3.6553530853620626 0.2
    endloop
  endfacet
  facet normal 0.878817112661964 0.47715876025961074 9.252191287856703e-20
    outer loop
      vertex -8.833459118601272 -5.1 30
      vertex -9.088266546721352 -4.630703097343377 0.2
      vertex -9.088266546721352 -4.630703097343377 30
    endloop
  endfacet
  facet normal 0.9025852843498617 0.43051109680829286 0
    outer loop
      vertex -9.318163667954527 -4.148713759373162 30
      vertex -9.088266546721352 -4.630703097343377 30
      vertex -9.318163667954527 -4.148713759373162 0.2
    endloop
  endfacet
  facet normal 0.8241261886220151 0.5664062369248337 0
    outer loop
      vertex -8.554439793043326 -5.555318157153276 30
      vertex -8.251973342624463 -5.995409573383226 30
      vertex -8.554439793043326 -5.555318157153276 0.2
    endloop
  endfacet
  facet normal 0.8526401643540942 0.5224985647159457 0
    outer loop
      vertex -8.833459118601272 -5.1 30
      vertex -8.554439793043326 -5.555318157153276 30
      vertex -8.833459118601272 -5.1 0.2
    endloop
  endfacet
  facet normal 0.9426414910921787 0.3338068592337703 0
    outer loop
      vertex -9.700776466210565 -3.1519733426244634 30
      vertex -9.522520350271456 -3.6553530853620626 30
      vertex -9.700776466210565 -3.1519733426244634 0.2
    endloop
  endfacet
  facet normal 0 0 1
    outer loop
      vertex -14.616727322281614 -6.507786289212803 30
      vertex -14.256104387013886 -7.263847995832749 30
      vertex -14.616727322281614 6.507786289212803 30
    endloop
  endfacet
  facet normal 0 0 1
    outer loop
      vertex -14.256104387013886 -7.263847995832749 30
      vertex -13.856406460551018 -8 30
      vertex -14.256104387013886 7.263847995832749 30
    endloop
  endfacet
  facet normal 0 0 1
    outer loop
      vertex -13.856406460551018 -8 30
      vertex -13.418729087126785 -8.714224560240433 30
      vertex -13.856406460551018 8 30
    endloop
  endfacet
  facet normal 0 0 1
    outer loop
      vertex -13.418729087126785 -8.714224560240433 30
      vertex -12.94427190999916 -9.40456403667957 30
      vertex -13.418729087126785 8.714224560240433 30
    endloop
  endfacet
  facet normal 0 0 1
    outer loop
      vertex -11.890317207638308 -10.706089701741732 30
      vertex -11.313708498984761 -11.313708498984761 30
      vertex -11.890317207638308 10.706089701741732 30
    endloop
  endfacet
  facet normal 0 0 1
    outer loop
      vertex -12.94427190999916 -9.40456403667957 30
      vertex -12.434335383311534 -10.069126256797398 30
      vertex -12.94427190999916 9.40456403667957 30
    endloop
  endfacet
  facet normal 0 0 1
    outer loop
      vertex -12.434335383311534 -10.069126256797398 30
      vertex -11.890317207638308 -10.706089701741732 30
      vertex -12.434335383311534 10.069126256797398 30
    endloop
  endfacet
  facet normal 0 0 1
    outer loop
      vertex -9.40456403667957 -12.94427190999916 30
      vertex -9.700776466210565 -3.1519733426244634 30
      vertex -10.069126256797398 -12.434335383311534 30
    endloop
  endfacet
  facet normal 0 0 1
    outer loop
      vertex -9.40456403667957 -12.94427190999916 30
      vertex -8.714224560240433 -13.418729087126785 30
      vertex -9.088266546721352 -4.630703097343377 30
    endloop
  endfacet
  facet normal 0 0 1
    outer loop
      vertex -8.714224560240433 -13.418729087126785 30
      vertex -8 -13.856406460551018 30
      vertex -8.251973342624463 -5.995409573383226 30
    endloop
  endfacet
  facet normal 0 0 1
    outer loop
      vertex -8.714224560240433 -13.418729087126785 30
      vertex -8.833459118601272 -5.1 30
      vertex -9.088266546721352 -4.630703097343377 30
    endloop
  endfacet
  facet normal 0 0 1
    outer loop
      vertex -8.714224560240433 -13.418729087126785 30
      vertex -8.554439793043326 -5.555318157153276 30
      vertex -8.833459118601272 -5.1 30
    endloop
  endfacet
  facet normal 0 0 1
    outer loop
      vertex -8.714224560240433 -13.418729087126785 30
      vertex -8.251973342624463 -5.995409573383226 30
      vertex -8.554439793043326 -5.555318157153276 30
    endloop
  endfacet
  facet normal 0 0 1
    outer loop
      vertex -11.313708498984761 -11.313708498984761 30
      vertex -10.706089701741732 -11.890317207638308 30
      vertex -11.313708498984761 11.313708498984761 30
    endloop
  endfacet
  facet normal 0 0 1
    outer loop
      vertex -10.069126256797398 -12.434335383311534 30
      vertex -9.852443428148495 -2.6399542600457115 30
      vertex -9.977105527484817 -2.120699246341145 30
    endloop
  endfacet
  facet normal 0 0 1
    outer loop
      vertex -10.069126256797398 -12.434335383311534 30
      vertex -9.700776466210565 -3.1519733426244634 30
      vertex -9.852443428148495 -2.6399542600457115 30
    endloop
  endfacet
  facet normal 0 0 1
    outer loop
      vertex -10.706089701741732 -11.890317207638308 30
      vertex -10.069126256797398 -12.434335383311534 30
      vertex -10.706089701741732 11.890317207638308 30
    endloop
  endfacet
  facet normal 0 0 1
    outer loop
      vertex -10.069126256797398 -12.434335383311534 30
      vertex -9.977105527484817 -2.120699246341145 30
      vertex -10.074421074070404 -1.5956315434103547 30
    endloop
  endfacet
  facet normal 0 0 1
    outer loop
      vertex -10.069126256797398 -12.434335383311534 30
      vertex -10.074421074070404 -1.5956315434103547 30
      vertex -10.144123332756386 -1.0661903253300653 30
    endloop
  endfacet
  facet normal 0 0 1
    outer loop
      vertex -10.186021254496652 -0.5338267536780271 30
      vertex -10.069126256797398 -12.434335383311534 30
      vertex -10.144123332756386 -1.0661903253300653 30
    endloop
  endfacet
  facet normal 0 0 1
    outer loop
      vertex -10.186021254496652 -0.5338267536780271 30
      vertex -10.2 0 30
      vertex -10.069126256797398 -12.434335383311534 30
    endloop
  endfacet
  facet normal 0 0 1
    outer loop
      vertex -10.069126256797398 -12.434335383311534 30
      vertex -10.2 0 30
      vertex -10.706089701741732 11.890317207638308 30
    endloop
  endfacet
  facet normal 0 0 1
    outer loop
      vertex -9.40456403667957 -12.94427190999916 30
      vertex -9.522520350271456 -3.6553530853620626 30
      vertex -9.700776466210565 -3.1519733426244634 30
    endloop
  endfacet
  facet normal 0 0 1
    outer loop
      vertex -9.40456403667957 -12.94427190999916 30
      vertex -9.318163667954527 -4.148713759373162 30
      vertex -9.522520350271456 -3.6553530853620626 30
    endloop
  endfacet
  facet normal 0 0 1
    outer loop
      vertex -9.40456403667957 -12.94427190999916 30
      vertex -9.088266546721352 -4.630703097343377 30
      vertex -9.318163667954527 -4.148713759373162 30
    endloop
  endfacet
  facet normal -0.9996573249755571 0.026176948307873926 0
    outer loop
      vertex -15.978072556073181 0.8373752998871014 30
      vertex -15.978072556073181 0.8373752998871014 0.2
      vertex -16 0 0.2
    endloop
  endfacet
  facet normal -0.9969173337331281 0.07845909572784508 0
    outer loop
      vertex -15.912350325892373 1.6724554122824555 30
      vertex -15.912350325892373 1.6724554122824555 0.2
      vertex -15.978072556073181 0.8373752998871014 0.2
    endloop
  endfacet
  facet normal -0.9914448613738106 0.13052619222004988 0
    outer loop
      vertex -15.803013449522204 2.502951440643694 30
      vertex -15.803013449522204 2.502951440643694 0.2
      vertex -15.912350325892373 1.6724554122824555 0.2
    endloop
  endfacet
  facet normal -0.9832549075639546 0.1822355254921473 0
    outer loop
      vertex -15.650361611740891 3.3265870530841495 30
      vertex -15.650361611740891 3.3265870530841495 0.2
      vertex -15.803013449522204 2.502951440643694 0.2
    endloop
  endfacet
  facet normal -0.9723699203976766 0.23344536385590603 0
    outer loop
      vertex -15.454813220625093 4.141104721640332 30
      vertex -15.454813220625093 4.141104721640332 0.2
      vertex -15.650361611740891 3.3265870530841495 0.2
    endloop
  endfacet
  facet normal -0.9588197348681927 0.2840153447039238 0
    outer loop
      vertex -15.216904260722456 4.944271909999158 30
      vertex -15.216904260722456 4.944271909999158 0.2
      vertex -15.454813220625093 4.141104721640332 0.2
    endloop
  endfacet
  facet normal -0.9426414910921787 0.33380685923377024 0
    outer loop
      vertex -14.937286823955228 5.733887192724804 30
      vertex -14.937286823955228 5.733887192724804 0.2
      vertex -15.216904260722456 4.944271909999158 0.2
    endloop
  endfacet
  facet normal -0.9238795325112866 0.3826834323650901 0
    outer loop
      vertex -14.616727322281614 6.507786289212803 30
      vertex -14.616727322281614 6.507786289212803 0.2
      vertex -14.937286823955228 5.733887192724804 0.2
    endloop
  endfacet
  facet normal -0.9025852843498612 0.430511096808294 0
    outer loop
      vertex -14.256104387013886 7.263847995832749 30
      vertex -14.256104387013886 7.263847995832749 0.2
      vertex -14.616727322281614 6.507786289212803 0.2
    endloop
  endfacet
  facet normal -0.8788171126619646 0.4771587602596098 0
    outer loop
      vertex -13.856406460551018 8 30
      vertex -13.856406460551018 8 0.2
      vertex -14.256104387013886 7.263847995832749 0.2
    endloop
  endfacet
  facet normal -0.8526401643540928 0.5224985647159479 0
    outer loop
      vertex -13.418729087126785 8.714224560240433 30
      vertex -13.418729087126785 8.714224560240433 0.2
      vertex -13.856406460551018 8 0.2
    endloop
  endfacet
  facet normal -0.8241261886220158 0.5664062369248326 0
    outer loop
      vertex -12.94427190999916 9.40456403667957 30
      vertex -12.94427190999916 9.40456403667957 0.2
      vertex -13.418729087126785 8.714224560240433 0.2
    endloop
  endfacet
  facet normal -0.7933533402912347 0.6087614290087213 0
    outer loop
      vertex -12.434335383311534 10.069126256797398 30
      vertex -12.434335383311534 10.069126256797398 0.2
      vertex -12.94427190999916 9.40456403667957 0.2
    endloop
  endfacet
  facet normal -0.7604059656000315 0.649448048330183 0
    outer loop
      vertex -11.890317207638308 10.706089701741732 30
      vertex -11.890317207638308 10.706089701741732 0.2
      vertex -12.434335383311534 10.069126256797398 0.2
    endloop
  endfacet
  facet normal -0.7253743710122883 0.6883545756937535 0
    outer loop
      vertex -11.313708498984761 11.313708498984761 30
      vertex -11.313708498984761 11.313708498984761 0.2
      vertex -11.890317207638308 10.706089701741732 0.2
    endloop
  endfacet
  facet normal 0.9996573249755573 -0.026176948307875546 0
    outer loop
      vertex -10.2 0 30
      vertex -10.2 0 0.2
      vertex -10.186021254496652 0.5338267536780271 0.2
    endloop
  endfacet
  facet normal 0.9969173337331281 -0.07845909572784422 0
    outer loop
      vertex -10.186021254496652 0.5338267536780271 30
      vertex -10.186021254496652 0.5338267536780271 0.2
      vertex -10.144123332756386 1.0661903253300653 0.2
    endloop
  endfacet
  facet normal 0.9914448613738106 -0.13052619222004996 0
    outer loop
      vertex -10.144123332756386 1.0661903253300653 30
      vertex -10.144123332756386 1.0661903253300653 0.2
      vertex -10.074421074070404 1.5956315434103547 0.2
    endloop
  endfacet
  facet normal 0.9832549075639545 -0.1822355254921479 0
    outer loop
      vertex -10.074421074070404 1.5956315434103547 30
      vertex -10.074421074070404 1.5956315434103547 0.2
      vertex -9.977105527484817 2.120699246341145 0.2
    endloop
  endfacet
  facet normal 0.9723699203976764 -0.23344536385590578 0
    outer loop
      vertex -9.977105527484817 2.120699246341145 30
      vertex -9.977105527484817 2.120699246341145 0.2
      vertex -9.852443428148495 2.6399542600457115 0.2
    endloop
  endfacet
  facet normal 0.9588197348681927 -0.28401534470392376 0
    outer loop
      vertex -9.852443428148495 2.6399542600457115 30
      vertex -9.852443428148495 2.6399542600457115 0.2
      vertex -9.700776466210565 3.1519733426244634 0.2
    endloop
  endfacet
  facet normal 0.9426414910921787 -0.3338068592337703 0
    outer loop
      vertex -9.700776466210565 3.1519733426244634 30
      vertex -9.700776466210565 3.1519733426244634 0.2
      vertex -9.522520350271456 3.6553530853620626 0.2
    endloop
  endfacet
  facet normal 0.9238795325112865 -0.3826834323650904 0
    outer loop
      vertex -9.522520350271456 3.6553530853620626 30
      vertex -9.522520350271456 3.6553530853620626 0.2
      vertex -9.318163667954527 4.148713759373162 0.2
    endloop
  endfacet
  facet normal 0.9025852843498617 -0.43051109680829286 0
    outer loop
      vertex -9.318163667954527 4.148713759373162 30
      vertex -9.318163667954527 4.148713759373162 0.2
      vertex -9.088266546721352 4.630703097343377 0.2
    endloop
  endfacet
  facet normal 0.878817112661964 -0.47715876025961074 0
    outer loop
      vertex -9.088266546721352 4.630703097343377 30
      vertex -9.088266546721352 4.630703097343377 0.2
      vertex -8.833459118601272 5.1 0.2
    endloop
  endfacet
  facet normal 0.8526401643540942 -0.5224985647159457 0
    outer loop
      vertex -8.833459118601272 5.1 30
      vertex -8.833459118601272 5.1 0.2
      vertex -8.554439793043326 5.555318157153276 0.2
    endloop
  endfacet
  facet normal 0.8241261886220151 -0.5664062369248337 0
    outer loop
      vertex -8.554439793043326 5.555318157153276 30
      vertex -8.554439793043326 5.555318157153276 0.2
      vertex -8.251973342624463 5.995409573383226 0.2
    endloop
  endfacet
  facet normal -0.6883545756937535 0.7253743710122883 0
    outer loop
      vertex -10.706089701741732 11.890317207638308 30
      vertex -10.706089701741732 11.890317207638308 0.2
      vertex -11.313708498984761 11.313708498984761 0.2
    endloop
  endfacet
  facet normal -0.649448048330183 0.7604059656000315 0
    outer loop
      vertex -10.069126256797398 12.434335383311534 30
      vertex -10.069126256797398 12.434335383311534 0.2
      vertex -10.706089701741732 11.890317207638308 0.2
    endloop
  endfacet
  facet normal -0.6087614290087213 0.7933533402912347 0
    outer loop
      vertex -9.40456403667957 12.94427190999916 30
      vertex -9.40456403667957 12.94427190999916 0.2
      vertex -10.069126256797398 12.434335383311534 0.2
    endloop
  endfacet
  facet normal -0.5664062369248326 0.8241261886220158 0
    outer loop
      vertex -8.714224560240433 13.418729087126785 30
      vertex -8.714224560240433 13.418729087126785 0.2
      vertex -9.40456403667957 12.94427190999916 0.2
    endloop
  endfacet
  facet normal -0.5224985647159479 0.8526401643540928 0
    outer loop
      vertex -8 13.856406460551018 30
      vertex -8 13.856406460551018 0.2
      vertex -8.714224560240433 13.418729087126785 0.2
    endloop
  endfacet
  facet normal -0.9996573249755571 0.026176948307873926 0
    outer loop
      vertex -16 0 30
      vertex -15.978072556073181 0.8373752998871014 30
      vertex -16 0 0.2
    endloop
  endfacet
  facet normal -0.9969173337331281 0.07845909572784508 0
    outer loop
      vertex -15.978072556073181 0.8373752998871014 30
      vertex -15.912350325892373 1.6724554122824555 30
      vertex -15.978072556073181 0.8373752998871014 0.2
    endloop
  endfacet
  facet normal -0.9914448613738106 0.13052619222004988 0
    outer loop
      vertex -15.912350325892373 1.6724554122824555 30
      vertex -15.803013449522204 2.502951440643694 30
      vertex -15.912350325892373 1.6724554122824555 0.2
    endloop
  endfacet
  facet normal -0.9832549075639546 0.1822355254921473 0
    outer loop
      vertex -15.803013449522204 2.502951440643694 30
      vertex -15.650361611740891 3.3265870530841495 30
      vertex -15.803013449522204 2.502951440643694 0.2
    endloop
  endfacet
  facet normal -0.9723699203976766 0.23344536385590603 0
    outer loop
      vertex -15.650361611740891 3.3265870530841495 30
      vertex -15.454813220625093 4.141104721640332 30
      vertex -15.650361611740891 3.3265870530841495 0.2
    endloop
  endfacet
  facet normal -0.9588197348681927 0.2840153447039238 0
    outer loop
      vertex -15.454813220625093 4.141104721640332 30
      vertex -15.216904260722456 4.944271909999158 30
      vertex -15.454813220625093 4.141104721640332 0.2
    endloop
  endfacet
  facet normal -0.9426414910921787 0.33380685923377024 0
    outer loop
      vertex -15.216904260722456 4.944271909999158 30
      vertex -14.937286823955228 5.733887192724804 30
      vertex -15.216904260722456 4.944271909999158 0.2
    endloop
  endfacet
  facet normal -0.9238795325112866 0.3826834323650901 0
    outer loop
      vertex -14.937286823955228 5.733887192724804 30
      vertex -14.616727322281614 6.507786289212803 30
      vertex -14.937286823955228 5.733887192724804 0.2
    endloop
  endfacet
  facet normal 0 0 1
    outer loop
      vertex -15.978072556073181 -0.8373752998871014 30
      vertex -15.978072556073181 0.8373752998871014 30
      vertex -16 0 30
    endloop
  endfacet
  facet normal 0 0 1
    outer loop
      vertex -15.912350325892373 -1.6724554122824555 30
      vertex -15.912350325892373 1.6724554122824555 30
      vertex -15.978072556073181 0.8373752998871014 30
    endloop
  endfacet
  facet normal 0 0 1
    outer loop
      vertex -15.803013449522204 -2.502951440643694 30
      vertex -15.803013449522204 2.502951440643694 30
      vertex -15.912350325892373 1.6724554122824555 30
    endloop
  endfacet
  facet normal 0 0 1
    outer loop
      vertex -15.650361611740891 -3.3265870530841495 30
      vertex -15.650361611740891 3.3265870530841495 30
      vertex -15.803013449522204 2.502951440643694 30
    endloop
  endfacet
  facet normal 0 0 1
    outer loop
      vertex -15.454813220625093 -4.141104721640332 30
      vertex -15.454813220625093 4.141104721640332 30
      vertex -15.650361611740891 3.3265870530841495 30
    endloop
  endfacet
  facet normal 0 0 1
    outer loop
      vertex -15.216904260722456 -4.944271909999158 30
      vertex -15.216904260722456 4.944271909999158 30
      vertex -15.454813220625093 4.141104721640332 30
    endloop
  endfacet
  facet normal 0 0 1
    outer loop
      vertex -14.937286823955228 -5.733887192724804 30
      vertex -14.937286823955228 5.733887192724804 30
      vertex -15.216904260722456 4.944271909999158 30
    endloop
  endfacet
  facet normal 0 0 1
    outer loop
      vertex -14.616727322281614 -6.507786289212803 30
      vertex -14.616727322281614 6.507786289212803 30
      vertex -14.937286823955228 5.733887192724804 30
    endloop
  endfacet
  facet normal -0.9025852843498612 0.430511096808294 0
    outer loop
      vertex -14.616727322281614 6.507786289212803 30
      vertex -14.256104387013886 7.263847995832749 30
      vertex -14.616727322281614 6.507786289212803 0.2
    endloop
  endfacet
  facet normal -0.8788171126619646 0.4771587602596098 0
    outer loop
      vertex -14.256104387013886 7.263847995832749 30
      vertex -13.856406460551018 8 30
      vertex -14.256104387013886 7.263847995832749 0.2
    endloop
  endfacet
  facet normal -0.8526401643540928 0.5224985647159479 0
    outer loop
      vertex -13.856406460551018 8 30
      vertex -13.418729087126785 8.714224560240433 30
      vertex -13.856406460551018 8 0.2
    endloop
  endfacet
  facet normal -0.8241261886220158 0.5664062369248326 0
    outer loop
      vertex -13.418729087126785 8.714224560240433 30
      vertex -12.94427190999916 9.40456403667957 30
      vertex -13.418729087126785 8.714224560240433 0.2
    endloop
  endfacet
  facet normal -0.7933533402912347 0.6087614290087213 0
    outer loop
      vertex -12.94427190999916 9.40456403667957 30
      vertex -12.434335383311534 10.069126256797398 30
      vertex -12.94427190999916 9.40456403667957 0.2
    endloop
  endfacet
  facet normal -0.7604059656000315 0.649448048330183 0
    outer loop
      vertex -12.434335383311534 10.069126256797398 30
      vertex -11.890317207638308 10.706089701741732 30
      vertex -12.434335383311534 10.069126256797398 0.2
    endloop
  endfacet
  facet normal -0.7253743710122883 0.6883545756937535 0
    outer loop
      vertex -11.890317207638308 10.706089701741732 30
      vertex -11.313708498984761 11.313708498984761 30
      vertex -11.890317207638308 10.706089701741732 0.2
    endloop
  endfacet
  facet normal 0.9996573249755573 -0.026176948307875546 2.9150790964164027e-21
    outer loop
      vertex -10.2 0 30
      vertex -10.186021254496652 0.5338267536780271 0.2
      vertex -10.186021254496652 0.5338267536780271 30
    endloop
  endfacet
  facet normal 0.9969173337331281 -0.07845909572784422 -3.290486049419507e-20
    outer loop
      vertex -10.186021254496652 0.5338267536780271 30
      vertex -10.144123332756386 1.0661903253300653 0.2
      vertex -10.144123332756386 1.0661903253300653 30
    endloop
  endfacet
  facet normal 0.9914448613738106 -0.13052619222004996 5.505695726622423e-20
    outer loop
      vertex -10.144123332756386 1.0661903253300653 30
      vertex -10.074421074070404 1.5956315434103547 0.2
      vertex -10.074421074070404 1.5956315434103547 30
    endloop
  endfacet
  facet normal 0.9832549075639545 -0.1822355254921479 -1.2653063892973045e-19
    outer loop
      vertex -10.074421074070404 1.5956315434103547 30
      vertex -9.977105527484817 2.120699246341145 0.2
      vertex -9.977105527484817 2.120699246341145 30
    endloop
  endfacet
  facet normal 0.9723699203976764 -0.23344536385590578 -1.0389161593375438e-19
    outer loop
      vertex -9.977105527484817 2.120699246341145 30
      vertex -9.852443428148495 2.6399542600457115 0.2
      vertex -9.852443428148495 2.6399542600457115 30
    endloop
  endfacet
  facet normal 0.9588197348681927 -0.28401534470392376 1.9795255835899567e-19
    outer loop
      vertex -9.852443428148495 2.6399542600457115 30
      vertex -9.700776466210565 3.1519733426244634 0.2
      vertex -9.700776466210565 3.1519733426244634 30
    endloop
  endfacet
  facet normal 0.9426414910921787 -0.3338068592337703 -7.453150931466319e-20
    outer loop
      vertex -9.700776466210565 3.1519733426244634 30
      vertex -9.522520350271456 3.6553530853620626 0.2
      vertex -9.522520350271456 3.6553530853620626 30
    endloop
  endfacet
  facet normal 0.9238795325112865 -0.3826834323650904 -6.037970846265507e-20
    outer loop
      vertex -9.522520350271456 3.6553530853620626 30
      vertex -9.318163667954527 4.148713759373162 0.2
      vertex -9.318163667954527 4.148713759373162 30
    endloop
  endfacet
  facet normal 0.9025852843498617 -0.43051109680829286 1.9814065506128945e-19
    outer loop
      vertex -9.318163667954527 4.148713759373162 30
      vertex -9.088266546721352 4.630703097343377 0.2
      vertex -9.088266546721352 4.630703097343377 30
    endloop
  endfacet
  facet normal 0.878817112661964 -0.47715876025961074 -9.252191287856703e-20
    outer loop
      vertex -9.088266546721352 4.630703097343377 30
      vertex -8.833459118601272 5.1 0.2
      vertex -8.833459118601272 5.1 30
    endloop
  endfacet
  facet normal 0.8526401643540942 -0.5224985647159457 3.9741766702745404e-19
    outer loop
      vertex -8.833459118601272 5.1 30
      vertex -8.554439793043326 5.555318157153276 0.2
      vertex -8.554439793043326 5.555318157153276 30
    endloop
  endfacet
  facet normal 0.8241261886220151 -0.5664062369248337 -3.106286220614338e-19
    outer loop
      vertex -8.554439793043326 5.555318157153276 30
      vertex -8.251973342624463 5.995409573383226 0.2
      vertex -8.251973342624463 5.995409573383226 30
    endloop
  endfacet
  facet normal -0.6883545756937535 0.7253743710122883 0
    outer loop
      vertex -11.313708498984761 11.313708498984761 30
      vertex -10.706089701741732 11.890317207638308 30
      vertex -11.313708498984761 11.313708498984761 0.2
    endloop
  endfacet
  facet normal -0.649448048330183 0.7604059656000315 0
    outer loop
      vertex -10.706089701741732 11.890317207638308 30
      vertex -10.069126256797398 12.434335383311534 30
      vertex -10.706089701741732 11.890317207638308 0.2
    endloop
  endfacet
  facet normal -0.6087614290087213 0.7933533402912347 0
    outer loop
      vertex -10.069126256797398 12.434335383311534 30
      vertex -9.40456403667957 12.94427190999916 30
      vertex -10.069126256797398 12.434335383311534 0.2
    endloop
  endfacet
  facet normal -0.5664062369248326 0.8241261886220158 0
    outer loop
      vertex -9.40456403667957 12.94427190999916 30
      vertex -8.714224560240433 13.418729087126785 30
      vertex -9.40456403667957 12.94427190999916 0.2
    endloop
  endfacet
  facet normal -0.5224985647159479 0.8526401643540928 0
    outer loop
      vertex -8.714224560240433 13.418729087126785 30
      vertex -8 13.856406460551018 30
      vertex -8.714224560240433 13.418729087126785 0.2
    endloop
  endfacet
  facet normal 0 0 1
    outer loop
      vertex -14.256104387013886 -7.263847995832749 30
      vertex -14.256104387013886 7.263847995832749 30
      vertex -14.616727322281614 6.507786289212803 30
    endloop
  endfacet
  facet normal 0 0 1
    outer loop
      vertex -13.856406460551018 -8 30
      vertex -13.856406460551018 8 30
      vertex -14.256104387013886 7.263847995832749 30
    endloop
  endfacet
  facet normal 0 0 1
    outer loop
      vertex -13.418729087126785 -8.714224560240433 30
      vertex -13.418729087126785 8.714224560240433 30
      vertex -13.856406460551018 8 30
    endloop
  endfacet
  facet normal 0 0 1
    outer loop
      vertex -12.94427190999916 -9.40456403667957 30
      vertex -12.94427190999916 9.40456403667957 30
      vertex -13.418729087126785 8.714224560240433 30
    endloop
  endfacet
  facet normal 0 0 1
    outer loop
      vertex -12.434335383311534 -10.069126256797398 30
      vertex -12.434335383311534 10.069126256797398 30
      vertex -12.94427190999916 9.40456403667957 30
    endloop
  endfacet
  facet normal 0 0 1
    outer loop
      vertex -11.890317207638308 -10.706089701741732 30
      vertex -11.890317207638308 10.706089701741732 30
      vertex -12.434335383311534 10.069126256797398 30
    endloop
  endfacet
  facet normal 0 0 1
    outer loop
      vertex -11.313708498984761 -11.313708498984761 30
      vertex -11.313708498984761 11.313708498984761 30
      vertex -11.890317207638308 10.706089701741732 30
    endloop
  endfacet
  facet normal 0 0 1
    outer loop
      vertex -10.706089701741732 -11.890317207638308 30
      vertex -10.706089701741732 11.890317207638308 30
      vertex -11.313708498984761 11.313708498984761 30
    endloop
  endfacet
  facet normal 0 0 1
    outer loop
      vertex -10.2 0 30
      vertex -10.186021254496652 0.5338267536780271 30
      vertex -10.706089701741732 11.890317207638308 30
    endloop
  endfacet
  facet normal 0 0 1
    outer loop
      vertex -10.186021254496652 0.5338267536780271 30
      vertex -10.144123332756386 1.0661903253300653 30
      vertex -10.706089701741732 11.890317207638308 30
    endloop
  endfacet
  facet normal 0 0 1
    outer loop
      vertex -10.706089701741732 11.890317207638308 30
      vertex -10.144123332756386 1.0661903253300653 30
      vertex -10.074421074070404 1.5956315434103547 30
    endloop
  endfacet
  facet normal 0 0 1
    outer loop
      vertex -10.706089701741732 11.890317207638308 30
      vertex -10.074421074070404 1.5956315434103547 30
      vertex -9.977105527484817 2.120699246341145 30
    endloop
  endfacet
  facet normal 0 0 1
    outer loop
      vertex -9.977105527484817 2.120699246341145 30
      vertex -9.852443428148495 2.6399542600457115 30
      vertex -10.069126256797398 12.434335383311534 30
    endloop
  endfacet
  facet normal 0 0 1
    outer loop
      vertex -9.852443428148495 2.6399542600457115 30
      vertex -9.700776466210565 3.1519733426244634 30
      vertex -10.069126256797398 12.434335383311534 30
    endloop
  endfacet
  facet normal 0 0 1
    outer loop
      vertex -9.700776466210565 3.1519733426244634 30
      vertex -9.522520350271456 3.6553530853620626 30
      vertex -10.069126256797398 12.434335383311534 30
    endloop
  endfacet
  facet normal 0 0 1
    outer loop
      vertex -9.522520350271456 3.6553530853620626 30
      vertex -9.318163667954527 4.148713759373162 30
      vertex -10.069126256797398 12.434335383311534 30
    endloop
  endfacet
  facet normal 0 0 1
    outer loop
      vertex -9.318163667954527 4.148713759373162 30
      vertex -9.088266546721352 4.630703097343377 30
      vertex -9.40456403667957 12.94427190999916 30
    endloop
  endfacet
  facet normal 0 0 1
    outer loop
      vertex -10.706089701741732 11.890317207638308 30
      vertex -9.977105527484817 2.120699246341145 30
      vertex -10.069126256797398 12.434335383311534 30
    endloop
  endfacet
  facet normal 0 0 1
    outer loop
      vertex -9.088266546721352 4.630703097343377 30
      vertex -8.833459118601272 5.1 30
      vertex -9.40456403667957 12.94427190999916 30
    endloop
  endfacet
  facet normal 0 0 1
    outer loop
      vertex -9.318163667954527 4.148713759373162 30
      vertex -9.40456403667957 12.94427190999916 30
      vertex -10.069126256797398 12.434335383311534 30
    endloop
  endfacet
  facet normal 0 0 1
    outer loop
      vertex -8.833459118601272 5.1 30
      vertex -8.554439793043326 5.555318157153276 30
      vertex -9.40456403667957 12.94427190999916 30
    endloop
  endfacet
  facet normal 0 0 1
    outer loop
      vertex -8.554439793043326 5.555318157153276 30
      vertex -8.251973342624463 5.995409573383226 30
      vertex -8.714224560240433 13.418729087126785 30
    endloop
  endfacet
  facet normal 0 0 1
    outer loop
      vertex -8.251973342624463 5.995409573383226 30
      vertex -7.926888806861102 6.419067988708341 30
      vertex -8.714224560240433 13.418729087126785 30
    endloop
  endfacet
  facet normal 0 0 1
    outer loop
      vertex -8.554439793043326 5.555318157153276 30
      vertex -8.714224560240433 13.418729087126785 30
      vertex -9.40456403667957 12.94427190999916 30
    endloop
  endfacet
  facet normal 0 0 1
    outer loop
      vertex -8.714224560240433 13.418729087126785 30
      vertex -7.926888806861102 6.419067988708341 30
      vertex -8 13.856406460551018 30
    endloop
  endfacet
  facet normal -1 0 0
    outer loop
      vertex -8 -16.899444040381297 14.193672113523075
      vertex -8 -16 0.2
      vertex -8 -22 0.2
    endloop
  endfacet
  facet normal 0 -1 0
    outer loop
      vertex -0.39999999999997726 -25 16.199999999999932
      vertex -5 -25 0.2
      vertex -0.39999999999997726 -25 0.2
    endloop
  endfacet
  facet normal -0.9426414928622097 -0.3338068542353567 0
    outer loop
      vertex -7.853169545531273 -22.92705098539591 30
      vertex -7.853169545531273 -22.92705098539591 0.2
      vertex -7.8007412776350975 -23.075103849172592 0.2
    endloop
  endfacet
  facet normal -0.9832549101845729 -0.1822355113525557 0
    outer loop
      vertex -7.963065020740032 -22.469303391873837 30
      vertex -7.963065020740032 -22.469303391873837 0.2
      vertex -7.934442803263664 -22.623735070228577 0.2
    endloop
  endfacet
  facet normal -0.9723699157063979 -0.2334453833964867 0
    outer loop
      vertex -7.934442803263664 -22.623735070228577 30
      vertex -7.934442803263664 -22.623735070228577 0.2
      vertex -7.89777747541666 -22.776457138359547 0.2
    endloop
  endfacet
  facet normal -0.9588197346341912 -0.28401534549389984 0
    outer loop
      vertex -7.89777747541666 -22.776457138359547 30
      vertex -7.89777747541666 -22.776457138359547 0.2
      vertex -7.853169545531273 -22.92705098539591 0.2
    endloop
  endfacet
  facet normal -0.8526401856157652 -0.5224985300200504 0
    outer loop
      vertex -7.598076209425926 -23.5 30
      vertex -7.598076209425926 -23.5 0.2
      vertex -7.516011707484722 -23.63391710817814 0.2
    endloop
  endfacet
  facet normal -0.8241261728965001 -0.566406259805599 0
    outer loop
      vertex -7.516011707484722 -23.63391710817814 30
      vertex -7.516011707484722 -23.63391710817814 0.2
      vertex -7.427050985395908 -23.763355754315853 0.2
    endloop
  endfacet
  facet normal -0.9025852916253636 -0.43051108155488527 0
    outer loop
      vertex -7.740636371076107 -23.220209926366806 30
      vertex -7.740636371076107 -23.220209926366806 0.2
      vertex -7.673019573092461 -23.361971497535706 0.2
    endloop
  endfacet
  facet normal -0.9238795293544398 -0.38268343998639204 0
    outer loop
      vertex -7.8007412776350975 -23.075103849172592 30
      vertex -7.8007412776350975 -23.075103849172592 0.2
      vertex -7.740636371076107 -23.220209926366806 0.2
    endloop
  endfacet
  facet normal -0.8788171085477188 -0.4771587678371079 0
    outer loop
      vertex -7.673019573092461 -23.361971497535706 30
      vertex -7.673019573092461 -23.361971497535706 0.2
      vertex -7.598076209425926 -23.5 0.2
    endloop
  endfacet
  facet normal -0.566406259805599 -0.8241261728965001 0
    outer loop
      vertex -6.763355754315853 -24.42705098539591 30
      vertex -6.763355754315853 -24.42705098539591 0.2
      vertex -6.633917108178139 -24.516011707484722 0.2
    endloop
  endfacet
  facet normal -0.7604059586793502 -0.6494480564332595 0
    outer loop
      vertex -7.331437885761261 -23.88796117156744 30
      vertex -7.331437885761261 -23.88796117156744 0.2
      vertex -7.229434475302696 -24.007391817867756 0.2
    endloop
  endfacet
  facet normal -0.7933533398941753 -0.608761429526179 0
    outer loop
      vertex -7.427050985395908 -23.763355754315853 30
      vertex -7.427050985395908 -23.763355754315853 0.2
      vertex -7.331437885761261 -23.88796117156744 0.2
    endloop
  endfacet
  facet normal -0.7253743841239493 -0.6883545618769453 0
    outer loop
      vertex -7.229434475302696 -24.007391817867756 30
      vertex -7.229434475302696 -24.007391817867756 0.2
      vertex -7.121320344507694 -24.121320344507694 0.2
    endloop
  endfacet
  facet normal -0.6883545618769453 -0.7253743841239493 0
    outer loop
      vertex -7.121320344507694 -24.121320344507694 30
      vertex -7.121320344507694 -24.121320344507694 0.2
      vertex -7.007391817867756 -24.229434475302696 0.2
    endloop
  endfacet
  facet normal -0.6494480564332595 -0.7604059586793502 0
    outer loop
      vertex -7.007391817867756 -24.229434475302696 30
      vertex -7.007391817867756 -24.229434475302696 0.2
      vertex -6.88796117156744 -24.33143788576126 0.2
    endloop
  endfacet
  facet normal -0.608761429526179 -0.7933533398941753 0
    outer loop
      vertex -6.88796117156744 -24.33143788576126 30
      vertex -6.88796117156744 -24.33143788576126 0.2
      vertex -6.763355754315853 -24.42705098539591 0.2
    endloop
  endfacet
  facet normal -0.5224985300200504 -0.8526401856157652 0
    outer loop
      vertex -6.633917108178139 -24.516011707484722 30
      vertex -6.633917108178139 -24.516011707484722 0.2
      vertex -6.5 -24.598076209425926 0.2
    endloop
  endfacet
  facet normal -0.4771587678371079 -0.8788171085477188 0
    outer loop
      vertex -6.5 -24.598076209425926 30
      vertex -6.5 -24.598076209425926 0.2
      vertex -6.361971497535706 -24.67301957309246 0.2
    endloop
  endfacet
  facet normal -0.43051108155488527 -0.9025852916253636 0
    outer loop
      vertex -6.361971497535706 -24.67301957309246 30
      vertex -6.361971497535706 -24.67301957309246 0.2
      vertex -6.220209926366806 -24.740636371076107 0.2
    endloop
  endfacet
  facet normal -0.38268343998639204 -0.9238795293544398 0
    outer loop
      vertex -6.220209926366806 -24.740636371076107 30
      vertex -6.220209926366806 -24.740636371076107 0.2
      vertex -6.075103849172592 -24.800741277635098 0.2
    endloop
  endfacet
  facet normal -0.3338068542353567 -0.9426414928622097 0
    outer loop
      vertex -6.075103849172592 -24.800741277635098 30
      vertex -6.075103849172592 -24.800741277635098 0.2
      vertex -5.927050985395908 -24.853169545531273 0.2
    endloop
  endfacet
  facet normal -0.28401534549389984 -0.9588197346341912 0
    outer loop
      vertex -5.927050985395908 -24.853169545531273 30
      vertex -5.927050985395908 -24.853169545531273 0.2
      vertex -5.776457138359547 -24.89777747541666 0.2
    endloop
  endfacet
  facet normal -0.2334453833964867 -0.9723699157063979 0
    outer loop
      vertex -5.776457138359547 -24.89777747541666 30
      vertex -5.776457138359547 -24.89777747541666 0.2
      vertex -5.623735070228577 -24.934442803263664 0.2
    endloop
  endfacet
  facet normal -0.1822355113525557 -0.9832549101845729 0
    outer loop
      vertex -5.623735070228577 -24.934442803263664 30
      vertex -5.623735070228577 -24.934442803263664 0.2
      vertex -5.4693033918738365 -24.963065020740032 0.2
    endloop
  endfacet
  facet normal -0.13052621687442656 -0.991444858128 0
    outer loop
      vertex -5.4693033918738365 -24.963065020740032 30
      vertex -5.4693033918738365 -24.963065020740032 0.2
      vertex -5.313585393130779 -24.98356568813324 0.2
    endloop
  endfacet
  facet normal -0.07845908885695775 -0.9969173342738784 0
    outer loop
      vertex -5.313585393130779 -24.98356568813324 30
      vertex -5.313585393130779 -24.98356568813324 0.2
      vertex -5.1570078656077385 -24.995888605713844 0.2
    endloop
  endfacet
  facet normal -0.026176939601381184 -0.9996573252035448 0
    outer loop
      vertex -5.1570078656077385 -24.995888605713844 30
      vertex -5.1570078656077385 -24.995888605713844 0.2
      vertex -5 -25 0.2
    endloop
  endfacet
  facet normal -1 0 0
    outer loop
      vertex -8 -20.322516817658066 13.179711762656368
      vertex -8 -22 0.2
      vertex -8 -20.415970879862133 13.251421586721815
    endloop
  endfacet
  facet normal -1 0 0
    outer loop
      vertex -8 -20.22543782878381 13.112991222122796
      vertex -8 -20.125 13.051442841485013
      vertex -8 -22 0.2
    endloop
  endfacet
  facet normal -1 0 0
    outer loop
      vertex -8 -20.02147862441398 12.995235320576173
      vertex -8 -19.91515744692055 12.944522720304148
      vertex -8 -22 0.2
    endloop
  endfacet
  facet normal -1 0 0
    outer loop
      vertex -8 -20.125 13.051442841485013
      vertex -8 -20.02147862441398 12.995235320576173
      vertex -8 -22 0.2
    endloop
  endfacet
  facet normal -1 0 0
    outer loop
      vertex -8 -20.22543782878381 13.112991222122796
      vertex -8 -22 0.2
      vertex -8 -20.322516817658066 13.179711762656368
    endloop
  endfacet
  facet normal -1 0 0
    outer loop
      vertex -8 -20.748578413278185 13.584029120137865
      vertex -8 -20.67207585732414 13.49445613569257
      vertex -8 -22 0.2
    endloop
  endfacet
  facet normal -1 0 0
    outer loop
      vertex -8 -20.820288237343632 13.677483182341936
      vertex -8 -22 0.2
      vertex -8 -20.887008777877206 13.77456217121619
    endloop
  endfacet
  facet normal -1 0 0
    outer loop
      vertex -8 -20.748578413278185 13.584029120137865
      vertex -8 -22 0.2
      vertex -8 -20.820288237343632 13.677483182341936
    endloop
  endfacet
  facet normal -1 0 0
    outer loop
      vertex -8 -20.887008777877206 13.77456217121619
      vertex -8 -22 0.2
      vertex -8 -20.948557158514987 13.875
    endloop
  endfacet
  facet normal -1 0 0
    outer loop
      vertex -8 -20.948557158514987 13.875
      vertex -8 -22 0.2
      vertex -8 -21.00476467942383 13.97852137558602
    endloop
  endfacet
  facet normal -1 0 0
    outer loop
      vertex -8 -20.50554386430743 13.327924142675863
      vertex -8 -22 0.2
      vertex -8 -20.59099025766973 13.409009742330268
    endloop
  endfacet
  facet normal -1 0 0
    outer loop
      vertex -8 -20.415970879862133 13.251421586721815
      vertex -8 -22 0.2
      vertex -8 -20.50554386430743 13.327924142675863
    endloop
  endfacet
  facet normal -1 0 0
    outer loop
      vertex -8 -20.59099025766973 13.409009742330268
      vertex -8 -22 0.2
      vertex -8 -20.67207585732414 13.49445613569257
    endloop
  endfacet
  facet normal -1 0 0
    outer loop
      vertex -8 -19.695288237343632 12.860122838335904
      vertex -8 -22 0.2
      vertex -8 -19.806327886476925 12.899444040381296
    endloop
  endfacet
  facet normal -1 0 0
    outer loop
      vertex -8 -19.695288237343632 12.860122838335904
      vertex -8 -19.58234285148067 12.826666890849596
      vertex -8 -22 0.2
    endloop
  endfacet
  facet normal -1 0 0
    outer loop
      vertex -8 -19.58234285148067 12.826666890849596
      vertex -8 -19.467801304339957 12.799167898348937
      vertex -8 -22 0.2
    endloop
  endfacet
  facet normal -1 0 0
    outer loop
      vertex -8 -19.467801304339957 12.799167898348937
      vertex -8 -19.35197754634052 12.77770123366094
      vertex -8 -22 0.2
    endloop
  endfacet
  facet normal -1 0 0
    outer loop
      vertex -8 -19.35197754634052 12.77770123366094
      vertex -8 -19.23518904235222 12.762325735421385
      vertex -8 -22 0.2
    endloop
  endfacet
  facet normal -1 0 0
    outer loop
      vertex -8 -19.91515744692055 12.944522720304148
      vertex -8 -19.806327886476925 12.899444040381296
      vertex -8 -22 0.2
    endloop
  endfacet
  facet normal -1 0 0
    outer loop
      vertex -8 -19.23518904235222 12.762325735421385
      vertex -8 -19.117755901546623 12.753083546802209
      vertex -8 -22 0.2
    endloop
  endfacet
  facet normal -1 0 0
    outer loop
      vertex -8 -19.117755901546623 12.753083546802209
      vertex -8 -19 12.75
      vertex -8 -22 0.2
    endloop
  endfacet
  facet normal -1 0 0
    outer loop
      vertex -8 -19 12.75
      vertex -8 -18.882244098453377 12.753083546802209
      vertex -8 -22 0.2
    endloop
  endfacet
  facet normal -1 0 0
    outer loop
      vertex -8 -18.882244098453377 12.753083546802209
      vertex -8 -18.76481095764778 12.762325735421385
      vertex -8 -22 0.2
    endloop
  endfacet
  facet normal -1 0 0
    outer loop
      vertex -8 -18.76481095764778 12.762325735421385
      vertex -8 -18.64802245365948 12.77770123366094
      vertex -8 -22 0.2
    endloop
  endfacet
  facet normal -1 0 0
    outer loop
      vertex -8 -18.64802245365948 12.77770123366094
      vertex -8 -18.532198695660043 12.799167898348937
      vertex -8 -22 0.2
    endloop
  endfacet
  facet normal -1 0 0
    outer loop
      vertex -8 -18.532198695660043 12.799167898348937
      vertex -8 -18.41765714851933 12.826666890849596
      vertex -8 -22 0.2
    endloop
  endfacet
  facet normal -1 0 0
    outer loop
      vertex -8 -18.41765714851933 12.826666890849596
      vertex -8 -18.304711762656368 12.860122838335904
      vertex -8 -22 0.2
    endloop
  endfacet
  facet normal -1 0 0
    outer loop
      vertex -8 -18.304711762656368 12.860122838335904
      vertex -8 -18.193672113523075 12.899444040381296
      vertex -8 -22 0.2
    endloop
  endfacet
  facet normal -1 0 0
    outer loop
      vertex -8 -18.193672113523075 12.899444040381296
      vertex -8 -18.08484255307945 12.944522720304148
      vertex -8 -22 0.2
    endloop
  endfacet
  facet normal -1 0 0
    outer loop
      vertex -8 -18.08484255307945 12.944522720304148
      vertex -8 -17.97852137558602 12.995235320576173
      vertex -8 -22 0.2
    endloop
  endfacet
  facet normal -1 0 0
    outer loop
      vertex -8 -17.97852137558602 12.995235320576173
      vertex -8 -17.875 13.051442841485013
      vertex -8 -22 0.2
    endloop
  endfacet
  facet normal -1 0 0
    outer loop
      vertex -8 -17.875 13.051442841485013
      vertex -8 -17.77456217121619 13.112991222122796
      vertex -8 -22 0.2
    endloop
  endfacet
  facet normal -1 0 0
    outer loop
      vertex -8 -17.77456217121619 13.112991222122796
      vertex -8 -17.677483182341934 13.179711762656368
      vertex -8 -22 0.2
    endloop
  endfacet
  facet normal -1 0 0
    outer loop
      vertex -8 -17.677483182341934 13.179711762656368
      vertex -8 -17.584029120137867 13.251421586721815
      vertex -8 -22 0.2
    endloop
  endfacet
  facet normal -1 0 0
    outer loop
      vertex -8 -17.584029120137867 13.251421586721815
      vertex -8 -17.49445613569257 13.327924142675863
      vertex -8 -22 0.2
    endloop
  endfacet
  facet normal -1 0 0
    outer loop
      vertex -8 -17.49445613569257 13.327924142675863
      vertex -8 -17.40900974233027 13.409009742330268
      vertex -8 -22 0.2
    endloop
  endfacet
  facet normal -1 0 0
    outer loop
      vertex -8 -17.40900974233027 13.409009742330268
      vertex -8 -17.32792414267586 13.49445613569257
      vertex -8 -22 0.2
    endloop
  endfacet
  facet normal -1 0 0
    outer loop
      vertex -8 -17.32792414267586 13.49445613569257
      vertex -8 -17.251421586721815 13.584029120137865
      vertex -8 -22 0.2
    endloop
  endfacet
  facet normal -1 0 0
    outer loop
      vertex -8 -17.251421586721815 13.584029120137865
      vertex -8 -17.179711762656368 13.677483182341936
      vertex -8 -22 0.2
    endloop
  endfacet
  facet normal -1 0 0
    outer loop
      vertex -8 -17.179711762656368 13.677483182341936
      vertex -8 -17.112991222122794 13.77456217121619
      vertex -8 -22 0.2
    endloop
  endfacet
  facet normal -0.991444858128 -0.13052621687442656 0
    outer loop
      vertex -7.98356568813324 -22.31358539313078 30
      vertex -7.98356568813324 -22.31358539313078 0.2
      vertex -7.963065020740032 -22.469303391873837 0.2
    endloop
  endfacet
  facet normal -0.9969173342738784 -0.07845908885695775 0
    outer loop
      vertex -7.995888605713844 -22.15700786560774 30
      vertex -7.995888605713844 -22.15700786560774 0.2
      vertex -7.98356568813324 -22.31358539313078 0.2
    endloop
  endfacet
  facet normal -0.9996573252035448 -0.026176939601381184 0
    outer loop
      vertex -8 -22 30
      vertex -8 -22 0.2
      vertex -7.995888605713844 -22.15700786560774 0.2
    endloop
  endfacet
  facet normal -1 0 0
    outer loop
      vertex -8 -21.00476467942383 13.97852137558602
      vertex -8 -22 0.2
      vertex -8 -21.05547727969585 14.084842553079449
    endloop
  endfacet
  facet normal -1 0 0
    outer loop
      vertex -8 -21.100555959618703 14.193672113523075
      vertex -8 -21.05547727969585 14.084842553079449
      vertex -8 -22 0.2
    endloop
  endfacet
  facet normal -1 0 0
    outer loop
      vertex -8 -21.100555959618703 14.193672113523075
      vertex -8 -22 0.2
      vertex -8 -21.139877161664096 14.304711762656368
    endloop
  endfacet
  facet normal -1 0 0
    outer loop
      vertex -8 -21.173333109150406 14.417657148519329
      vertex -8 -22 0.2
      vertex -8 -21.200832101651063 14.53219869566004
    endloop
  endfacet
  facet normal -1 0 0
    outer loop
      vertex -8 -21.139877161664096 14.304711762656368
      vertex -8 -22 0.2
      vertex -8 -21.173333109150406 14.417657148519329
    endloop
  endfacet
  facet normal -1 0 0
    outer loop
      vertex -8 -21.200832101651063 14.53219869566004
      vertex -8 -22 0.2
      vertex -8 -21.22229876633906 14.64802245365948
    endloop
  endfacet
  facet normal -1 0 0
    outer loop
      vertex -8 -21.22229876633906 14.64802245365948
      vertex -8 -22 0.2
      vertex -8 -21.237674264578615 14.76481095764778
    endloop
  endfacet
  facet normal -1 0 0
    outer loop
      vertex -8 -21.237674264578615 14.76481095764778
      vertex -8 -22 0.2
      vertex -8 -21.24691645319779 14.882244098453377
    endloop
  endfacet
  facet normal -1 0 0
    outer loop
      vertex -8 -17.112991222122794 13.77456217121619
      vertex -8 -17.051442841485013 13.875
      vertex -8 -22 0.2
    endloop
  endfacet
  facet normal -1 0 0
    outer loop
      vertex -8 -17.051442841485013 13.875
      vertex -8 -16.99523532057617 13.97852137558602
      vertex -8 -22 0.2
    endloop
  endfacet
  facet normal -1 0 0
    outer loop
      vertex -8 -16.99523532057617 13.97852137558602
      vertex -8 -16.94452272030415 14.084842553079449
      vertex -8 -22 0.2
    endloop
  endfacet
  facet normal -1 0 0
    outer loop
      vertex -8 -16.94452272030415 14.084842553079449
      vertex -8 -16.899444040381297 14.193672113523075
      vertex -8 -22 0.2
    endloop
  endfacet
  facet normal -1 0 0
    outer loop
      vertex -8 -16.899444040381297 14.193672113523075
      vertex -8 -16.860122838335904 14.304711762656368
      vertex -8 -16 0.2
    endloop
  endfacet
  facet normal -1 0 0
    outer loop
      vertex -8 -16.860122838335904 14.304711762656368
      vertex -8 -16.826666890849594 14.417657148519329
      vertex -8 -16 0.2
    endloop
  endfacet
  facet normal -1 0 0
    outer loop
      vertex -8 -16.826666890849594 14.417657148519329
      vertex -8 -16.799167898348937 14.53219869566004
      vertex -8 -16 0.2
    endloop
  endfacet
  facet normal -1 0 0
    outer loop
      vertex -8 -16.799167898348937 14.53219869566004
      vertex -8 -16.77770123366094 14.64802245365948
      vertex -8 -16 0.2
    endloop
  endfacet
  facet normal -1 0 0
    outer loop
      vertex -8 -16.77770123366094 14.64802245365948
      vertex -8 -16.762325735421385 14.76481095764778
      vertex -8 -16 0.2
    endloop
  endfacet
  facet normal -1 0 0
    outer loop
      vertex -8 -16.762325735421385 14.76481095764778
      vertex -8 -16.75308354680221 14.882244098453377
      vertex -8 -16 0.2
    endloop
  endfacet
  facet normal -1 0 0
    outer loop
      vertex -8 -16.75308354680221 14.882244098453377
      vertex -8 -16.75 15
      vertex -8 -16 0.2
    endloop
  endfacet
  facet normal -1 0 0
    outer loop
      vertex -8 -16.75 15
      vertex -8 -16.75308354680221 15.117755901546623
      vertex -8 -16 0.2
    endloop
  endfacet
  facet normal -0.9996573252035448 0.026176939601381184 0
    outer loop
      vertex -7.995888605713844 -15.842992134392262 30
      vertex -7.995888605713844 -15.842992134392262 0.2
      vertex -8 -16 0.2
    endloop
  endfacet
  facet normal -0.9969173342738784 0.07845908885695775 0
    outer loop
      vertex -7.98356568813324 -15.68641460686922 30
      vertex -7.98356568813324 -15.68641460686922 0.2
      vertex -7.995888605713844 -15.842992134392262 0.2
    endloop
  endfacet
  facet normal -0.991444858128 0.13052621687442656 0
    outer loop
      vertex -7.963065020740032 -15.530696608126163 30
      vertex -7.963065020740032 -15.530696608126163 0.2
      vertex -7.98356568813324 -15.68641460686922 0.2
    endloop
  endfacet
  facet normal -0.9832549101845729 0.1822355113525557 0
    outer loop
      vertex -7.934442803263664 -15.376264929771423 30
      vertex -7.934442803263664 -15.376264929771423 0.2
      vertex -7.963065020740032 -15.530696608126163 0.2
    endloop
  endfacet
  facet normal -0.9723699157063979 0.2334453833964867 0
    outer loop
      vertex -7.89777747541666 -15.223542861640453 30
      vertex -7.89777747541666 -15.223542861640453 0.2
      vertex -7.934442803263664 -15.376264929771423 0.2
    endloop
  endfacet
  facet normal -0.9588197346341912 0.28401534549389984 0
    outer loop
      vertex -7.853169545531273 -15.072949014604092 30
      vertex -7.853169545531273 -15.072949014604092 0.2
      vertex -7.89777747541666 -15.223542861640453 0.2
    endloop
  endfacet
  facet normal 6.548814608527974e-20 0.5224985647159488 0.8526401643540924
    outer loop
      vertex -8 -20.22543782878381 13.112991222122796
      vertex -0.39999999999997726 -20.125 13.051442841485013
      vertex -8 -20.125 13.051442841485013
    endloop
  endfacet
  facet normal 0 0.3338068592337713 0.9426414910921782
    outer loop
      vertex -8 -19.695288237343632 12.860122838335904
      vertex -8 -19.806327886476925 12.899444040381296
      vertex -0.39999999999997726 -19.695288237343632 12.860122838335904
    endloop
  endfacet
  facet normal 3.017134472441605e-19 0.430511096808295 0.9025852843498607
    outer loop
      vertex -8 -20.02147862441398 12.995235320576173
      vertex -0.39999999999997726 -19.91515744692055 12.944522720304148
      vertex -8 -19.91515744692055 12.944522720304148
    endloop
  endfacet
  facet normal -2.940202778903447e-19 0.47715876025960446 0.8788171126619676
    outer loop
      vertex -8 -20.125 13.051442841485013
      vertex -0.39999999999997726 -20.02147862441398 12.995235320576173
      vertex -8 -20.02147862441398 12.995235320576173
    endloop
  endfacet
  facet normal 4.01534113125259e-19 0.38268343236509583 0.9238795325112842
    outer loop
      vertex -8 -19.91515744692055 12.944522720304148
      vertex -0.39999999999997726 -19.806327886476925 12.899444040381296
      vertex -8 -19.806327886476925 12.899444040381296
    endloop
  endfacet
  facet normal -1.197988304621007e-19 0.28401534470392015 0.9588197348681937
    outer loop
      vertex -8 -19.695288237343632 12.860122838335904
      vertex -0.39999999999997726 -19.58234285148067 12.826666890849596
      vertex -8 -19.58234285148067 12.826666890849596
    endloop
  endfacet
  facet normal -1.0795296745488409e-19 0.23344536385590353 0.972369920397677
    outer loop
      vertex -8 -19.58234285148067 12.826666890849596
      vertex -0.39999999999997726 -19.467801304339957 12.799167898348937
      vertex -8 -19.467801304339957 12.799167898348937
    endloop
  endfacet
  facet normal -2.262507770065965e-20 0.1305261922200507 0.9914448613738106
    outer loop
      vertex -8 -19.35197754634052 12.77770123366094
      vertex -0.39999999999997726 -19.23518904235222 12.762325735421385
      vertex -8 -19.23518904235222 12.762325735421385
    endloop
  endfacet
  facet normal 1.7341810786917683e-19 0.18223552549215238 0.9832549075639537
    outer loop
      vertex -8 -19.467801304339957 12.799167898348937
      vertex -0.39999999999997726 -19.35197754634052 12.77770123366094
      vertex -8 -19.35197754634052 12.77770123366094
    endloop
  endfacet
  facet normal 8.73785793058762e-20 0.0784590957278404 0.9969173337331283
    outer loop
      vertex -8 -19.23518904235222 12.762325735421385
      vertex -0.39999999999997726 -19.117755901546623 12.753083546802209
      vertex -8 -19.117755901546623 12.753083546802209
    endloop
  endfacet
  facet normal 2.88795490255989e-20 0.026176948307875245 0.9996573249755571
    outer loop
      vertex -8 -19.117755901546623 12.753083546802209
      vertex -0.39999999999997726 -19 12.75
      vertex -8 -19 12.75
    endloop
  endfacet
  facet normal -2.88795490255989e-20 -0.026176948307875245 0.9996573249755571
    outer loop
      vertex -8 -19 12.75
      vertex -0.39999999999997726 -18.882244098453377 12.753083546802209
      vertex -8 -18.882244098453377 12.753083546802209
    endloop
  endfacet
  facet normal -8.73785793058762e-20 -0.0784590957278404 0.9969173337331283
    outer loop
      vertex -8 -18.882244098453377 12.753083546802209
      vertex -0.39999999999997726 -18.76481095764778 12.762325735421385
      vertex -8 -18.76481095764778 12.762325735421385
    endloop
  endfacet
  facet normal -4.571885942065014e-19 0.760405965600029 0.6494480483301859
    outer loop
      vertex -8 -20.748578413278185 13.584029120137865
      vertex -0.39999999999997726 -20.67207585732414 13.49445613569257
      vertex -8 -20.67207585732414 13.49445613569257
    endloop
  endfacet
  facet normal 0 0.8526401643540991 0.5224985647159378
    outer loop
      vertex -8 -20.887008777877206 13.77456217121619
      vertex -8 -20.948557158514987 13.875
      vertex -0.39999999999997726 -20.887008777877206 13.77456217121619
    endloop
  endfacet
  facet normal 0 0.7933533402912383 0.6087614290087167
    outer loop
      vertex -8 -20.748578413278185 13.584029120137865
      vertex -8 -20.820288237343632 13.677483182341936
      vertex -0.39999999999997726 -20.748578413278185 13.584029120137865
    endloop
  endfacet
  facet normal 0 0.8241261886220103 0.5664062369248408
    outer loop
      vertex -8 -20.820288237343632 13.677483182341936
      vertex -8 -20.887008777877206 13.77456217121619
      vertex -0.39999999999997726 -20.820288237343632 13.677483182341936
    endloop
  endfacet
  facet normal 0 0.8788171126619613 0.4771587602596161
    outer loop
      vertex -8 -20.948557158514987 13.875
      vertex -8 -21.00476467942383 13.97852137558602
      vertex -0.39999999999997726 -20.948557158514987 13.875
    endloop
  endfacet
  facet normal 0 0.9025852843498696 0.43051109680827626
    outer loop
      vertex -8 -21.00476467942383 13.97852137558602
      vertex -8 -21.05547727969585 14.084842553079449
      vertex -0.39999999999997726 -21.00476467942383 13.97852137558602
    endloop
  endfacet
  facet normal 0 0.9426414910921735 0.33380685923378467
    outer loop
      vertex -8 -21.100555959618703 14.193672113523075
      vertex -8 -21.139877161664096 14.304711762656368
      vertex -0.39999999999997726 -21.100555959618703 14.193672113523075
    endloop
  endfacet
  facet normal 0 0.9588197348681897 0.2840153447039341
    outer loop
      vertex -8 -21.139877161664096 14.304711762656368
      vertex -8 -21.173333109150406 14.417657148519329
      vertex -0.39999999999997726 -21.139877161664096 14.304711762656368
    endloop
  endfacet
  facet normal 0 0.9723699203976798 0.23344536385589273
    outer loop
      vertex -8 -21.173333109150406 14.417657148519329
      vertex -8 -21.200832101651063 14.53219869566004
      vertex -0.39999999999997726 -21.173333109150406 14.417657148519329
    endloop
  endfacet
  facet normal 9.040203900880331e-20 0.9238795325112864 0.3826834323650905
    outer loop
      vertex -8 -21.100555959618703 14.193672113523075
      vertex -0.39999999999997726 -21.05547727969585 14.084842553079449
      vertex -8 -21.05547727969585 14.084842553079449
    endloop
  endfacet
  facet normal 0 0.9832549075639574 0.1822355254921324
    outer loop
      vertex -8 -21.200832101651063 14.53219869566004
      vertex -8 -21.22229876633906 14.64802245365948
      vertex -0.39999999999997726 -21.200832101651063 14.53219869566004
    endloop
  endfacet
  facet normal 0 0.9914448613738086 0.13052619222006553
    outer loop
      vertex -8 -21.22229876633906 14.64802245365948
      vertex -8 -21.237674264578615 14.76481095764778
      vertex -0.39999999999997726 -21.22229876633906 14.64802245365948
    endloop
  endfacet
  facet normal 0 0.9969173337331282 0.0784590957278416
    outer loop
      vertex -8 -21.237674264578615 14.76481095764778
      vertex -8 -21.24691645319779 14.882244098453377
      vertex -0.39999999999997726 -21.237674264578615 14.76481095764778
    endloop
  endfacet
  facet normal 0 0.9996573249755571 0.026176948307875245
    outer loop
      vertex -8 -21.24691645319779 14.882244098453377
      vertex -8 -21.25 15
      vertex -0.39999999999997726 -21.24691645319779 14.882244098453377
    endloop
  endfacet
  facet normal 0 0.6883545756937532 0.7253743710122884
    outer loop
      vertex -8 -20.50554386430743 13.327924142675863
      vertex -8 -20.59099025766973 13.409009742330268
      vertex -0.39999999999997726 -20.50554386430743 13.327924142675863
    endloop
  endfacet
  facet normal 0 0.6494480483301871 0.7604059656000278
    outer loop
      vertex -8 -20.415970879862133 13.251421586721815
      vertex -8 -20.50554386430743 13.327924142675863
      vertex -0.39999999999997726 -20.415970879862133 13.251421586721815
    endloop
  endfacet
  facet normal 0 0.6087614290087312 0.793353340291227
    outer loop
      vertex -8 -20.322516817658066 13.179711762656368
      vertex -8 -20.415970879862133 13.251421586721815
      vertex -0.39999999999997726 -20.322516817658066 13.179711762656368
    endloop
  endfacet
  facet normal 0 0.5664062369248234 0.8241261886220221
    outer loop
      vertex -8 -20.22543782878381 13.112991222122796
      vertex -8 -20.322516817658066 13.179711762656368
      vertex -0.39999999999997726 -20.22543782878381 13.112991222122796
    endloop
  endfacet
  facet normal 0 0.7253743710122805 0.6883545756937615
    outer loop
      vertex -8 -20.59099025766973 13.409009742330268
      vertex -8 -20.67207585732414 13.49445613569257
      vertex -0.39999999999997726 -20.59099025766973 13.409009742330268
    endloop
  endfacet
  facet normal 2.262507770065965e-20 -0.1305261922200507 0.9914448613738106
    outer loop
      vertex -8 -18.76481095764778 12.762325735421385
      vertex -0.39999999999997726 -18.64802245365948 12.77770123366094
      vertex -8 -18.64802245365948 12.77770123366094
    endloop
  endfacet
  facet normal -1.7341810786917683e-19 -0.18223552549215238 0.9832549075639537
    outer loop
      vertex -8 -18.64802245365948 12.77770123366094
      vertex -0.39999999999997726 -18.532198695660043 12.799167898348937
      vertex -8 -18.532198695660043 12.799167898348937
    endloop
  endfacet
  facet normal 1.0795296745488409e-19 -0.23344536385590353 0.972369920397677
    outer loop
      vertex -8 -18.532198695660043 12.799167898348937
      vertex -0.39999999999997726 -18.41765714851933 12.826666890849596
      vertex -8 -18.41765714851933 12.826666890849596
    endloop
  endfacet
  facet normal 1.197988304621007e-19 -0.28401534470392015 0.9588197348681937
    outer loop
      vertex -8 -18.41765714851933 12.826666890849596
      vertex -0.39999999999997726 -18.304711762656368 12.860122838335904
      vertex -8 -18.304711762656368 12.860122838335904
    endloop
  endfacet
  facet normal 5.426817440245354e-20 -0.3338068592337713 0.9426414910921782
    outer loop
      vertex -8 -18.304711762656368 12.860122838335904
      vertex -0.39999999999997726 -18.193672113523075 12.899444040381296
      vertex -8 -18.193672113523075 12.899444040381296
    endloop
  endfacet
  facet normal -4.01534113125259e-19 -0.38268343236509583 0.9238795325112842
    outer loop
      vertex -8 -18.193672113523075 12.899444040381296
      vertex -0.39999999999997726 -18.08484255307945 12.944522720304148
      vertex -8 -18.08484255307945 12.944522720304148
    endloop
  endfacet
  facet normal -3.017134472441605e-19 -0.430511096808295 0.9025852843498607
    outer loop
      vertex -8 -18.08484255307945 12.944522720304148
      vertex -0.39999999999997726 -17.97852137558602 12.995235320576173
      vertex -8 -17.97852137558602 12.995235320576173
    endloop
  endfacet
  facet normal 2.940202778903447e-19 -0.47715876025960446 0.8788171126619676
    outer loop
      vertex -8 -17.97852137558602 12.995235320576173
      vertex -0.39999999999997726 -17.875 13.051442841485013
      vertex -8 -17.875 13.051442841485013
    endloop
  endfacet
  facet normal -6.548814608527974e-20 -0.5224985647159488 0.8526401643540924
    outer loop
      vertex -8 -17.875 13.051442841485013
      vertex -0.39999999999997726 -17.77456217121619 13.112991222122796
      vertex -8 -17.77456217121619 13.112991222122796
    endloop
  endfacet
  facet normal -1.4469702481700119e-19 -0.5664062369248234 0.8241261886220221
    outer loop
      vertex -8 -17.77456217121619 13.112991222122796
      vertex -0.39999999999997726 -17.677483182341934 13.179711762656368
      vertex -8 -17.677483182341934 13.179711762656368
    endloop
  endfacet
  facet normal 1.6222152618456225e-19 -0.6087614290087312 0.793353340291227
    outer loop
      vertex -8 -17.677483182341934 13.179711762656368
      vertex -0.39999999999997726 -17.584029120137867 13.251421586721815
      vertex -8 -17.584029120137867 13.251421586721815
    endloop
  endfacet
  facet normal -3.9277423330408086e-19 -0.6494480483301871 0.7604059656000278
    outer loop
      vertex -8 -17.584029120137867 13.251421586721815
      vertex -0.39999999999997726 -17.49445613569257 13.327924142675863
      vertex -8 -17.49445613569257 13.327924142675863
    endloop
  endfacet
  facet normal 2.716755098620591e-19 -0.6883545756937532 0.7253743710122884
    outer loop
      vertex -8 -17.49445613569257 13.327924142675863
      vertex -0.39999999999997726 -17.40900974233027 13.409009742330268
      vertex -8 -17.40900974233027 13.409009742330268
    endloop
  endfacet
  facet normal 3.217990972015049e-19 -0.7253743710122805 0.6883545756937615
    outer loop
      vertex -8 -17.40900974233027 13.409009742330268
      vertex -0.39999999999997726 -17.32792414267586 13.49445613569257
      vertex -8 -17.32792414267586 13.49445613569257
    endloop
  endfacet
  facet normal 4.571885942065014e-19 -0.760405965600029 0.6494480483301859
    outer loop
      vertex -8 -17.32792414267586 13.49445613569257
      vertex -0.39999999999997726 -17.251421586721815 13.584029120137865
      vertex -8 -17.251421586721815 13.584029120137865
    endloop
  endfacet
  facet normal -1.0572337141743905e-19 -0.7933533402912383 0.6087614290087167
    outer loop
      vertex -8 -17.251421586721815 13.584029120137865
      vertex -0.39999999999997726 -17.179711762656368 13.677483182341936
      vertex -8 -17.179711762656368 13.677483182341936
    endloop
  endfacet
  facet normal 2.3981347663282665e-20 -0.8241261886220103 0.5664062369248408
    outer loop
      vertex -8 -17.179711762656368 13.677483182341936
      vertex -0.39999999999997726 -17.112991222122794 13.77456217121619
      vertex -8 -17.112991222122794 13.77456217121619
    endloop
  endfacet
  facet normal 2.2838892884585954e-19 -0.8526401643540991 0.5224985647159378
    outer loop
      vertex -8 -17.112991222122794 13.77456217121619
      vertex -0.39999999999997726 -17.051442841485013 13.875
      vertex -8 -17.051442841485013 13.875
    endloop
  endfacet
  facet normal 3.054305813628555e-19 -0.8788171126619613 0.4771587602596161
    outer loop
      vertex -8 -17.051442841485013 13.875
      vertex -0.39999999999997726 -16.99523532057617 13.97852137558602
      vertex -8 -16.99523532057617 13.97852137558602
    endloop
  endfacet
  facet normal 3.271181901077284e-19 -0.9025852843498696 0.43051109680827626
    outer loop
      vertex -8 -16.99523532057617 13.97852137558602
      vertex -0.39999999999997726 -16.94452272030415 14.084842553079449
      vertex -8 -16.94452272030415 14.084842553079449
    endloop
  endfacet
  facet normal -9.040203900880331e-20 -0.9238795325112864 0.3826834323650905
    outer loop
      vertex -8 -16.94452272030415 14.084842553079449
      vertex -0.39999999999997726 -16.899444040381297 14.193672113523075
      vertex -8 -16.899444040381297 14.193672113523075
    endloop
  endfacet
  facet normal 4.507216925233556e-19 -0.9426414910921735 0.33380685923378467
    outer loop
      vertex -8 -16.899444040381297 14.193672113523075
      vertex -0.39999999999997726 -16.860122838335904 14.304711762656368
      vertex -8 -16.860122838335904 14.304711762656368
    endloop
  endfacet
  facet normal -6.219881366035063e-20 -0.9588197348681897 0.2840153447039341
    outer loop
      vertex -8 -16.860122838335904 14.304711762656368
      vertex -0.39999999999997726 -16.826666890849594 14.417657148519329
      vertex -8 -16.826666890849594 14.417657148519329
    endloop
  endfacet
  facet normal 2.0578209999140226e-19 -0.9723699203976798 0.23344536385589273
    outer loop
      vertex -8 -16.826666890849594 14.417657148519329
      vertex -0.39999999999997726 -16.799167898348937 14.53219869566004
      vertex -8 -16.799167898348937 14.53219869566004
    endloop
  endfacet
  facet normal 4.011785267279098e-20 -0.9832549075639574 0.1822355254921324
    outer loop
      vertex -8 -16.799167898348937 14.53219869566004
      vertex -0.39999999999997726 -16.77770123366094 14.64802245365948
      vertex -8 -16.77770123366094 14.64802245365948
    endloop
  endfacet
  facet normal -4.242701346115026e-20 -0.9914448613738086 0.13052619222006553
    outer loop
      vertex -8 -16.77770123366094 14.64802245365948
      vertex -0.39999999999997726 -16.762325735421385 14.76481095764778
      vertex -8 -16.762325735421385 14.76481095764778
    endloop
  endfacet
  facet normal -1.762382562724881e-20 -0.9969173337331282 0.0784590957278416
    outer loop
      vertex -8 -16.762325735421385 14.76481095764778
      vertex -0.39999999999997726 -16.75308354680221 14.882244098453377
      vertex -8 -16.75308354680221 14.882244098453377
    endloop
  endfacet
  facet normal -2.88795490255989e-20 -0.9996573249755571 0.026176948307875245
    outer loop
      vertex -8 -16.75308354680221 14.882244098453377
      vertex -0.39999999999997726 -16.75 15
      vertex -8 -16.75 15
    endloop
  endfacet
  facet normal 0 0.5224985647159488 0.8526401643540924
    outer loop
      vertex -8 -20.22543782878381 13.112991222122796
      vertex -0.39999999999997726 -20.22543782878381 13.112991222122796
      vertex -0.39999999999997726 -20.125 13.051442841485013
    endloop
  endfacet
  facet normal 0 0.3338068592337713 0.9426414910921782
    outer loop
      vertex -8 -19.806327886476925 12.899444040381296
      vertex -0.39999999999997726 -19.806327886476925 12.899444040381296
      vertex -0.39999999999997726 -19.695288237343632 12.860122838335904
    endloop
  endfacet
  facet normal 0 0.430511096808295 0.9025852843498607
    outer loop
      vertex -8 -20.02147862441398 12.995235320576173
      vertex -0.39999999999997726 -20.02147862441398 12.995235320576173
      vertex -0.39999999999997726 -19.91515744692055 12.944522720304148
    endloop
  endfacet
  facet normal 0 0.47715876025960446 0.8788171126619676
    outer loop
      vertex -8 -20.125 13.051442841485013
      vertex -0.39999999999997726 -20.125 13.051442841485013
      vertex -0.39999999999997726 -20.02147862441398 12.995235320576173
    endloop
  endfacet
  facet normal 0 0.38268343236509583 0.9238795325112842
    outer loop
      vertex -8 -19.91515744692055 12.944522720304148
      vertex -0.39999999999997726 -19.91515744692055 12.944522720304148
      vertex -0.39999999999997726 -19.806327886476925 12.899444040381296
    endloop
  endfacet
  facet normal 0 0.28401534470392015 0.9588197348681937
    outer loop
      vertex -8 -19.695288237343632 12.860122838335904
      vertex -0.39999999999997726 -19.695288237343632 12.860122838335904
      vertex -0.39999999999997726 -19.58234285148067 12.826666890849596
    endloop
  endfacet
  facet normal 0 0.23344536385590353 0.972369920397677
    outer loop
      vertex -8 -19.58234285148067 12.826666890849596
      vertex -0.39999999999997726 -19.58234285148067 12.826666890849596
      vertex -0.39999999999997726 -19.467801304339957 12.799167898348937
    endloop
  endfacet
  facet normal 0 0.1305261922200507 0.9914448613738106
    outer loop
      vertex -8 -19.35197754634052 12.77770123366094
      vertex -0.39999999999997726 -19.35197754634052 12.77770123366094
      vertex -0.39999999999997726 -19.23518904235222 12.762325735421385
    endloop
  endfacet
  facet normal 0 0.18223552549215238 0.9832549075639537
    outer loop
      vertex -8 -19.467801304339957 12.799167898348937
      vertex -0.39999999999997726 -19.467801304339957 12.799167898348937
      vertex -0.39999999999997726 -19.35197754634052 12.77770123366094
    endloop
  endfacet
  facet normal 0 0.0784590957278404 0.9969173337331283
    outer loop
      vertex -8 -19.23518904235222 12.762325735421385
      vertex -0.39999999999997726 -19.23518904235222 12.762325735421385
      vertex -0.39999999999997726 -19.117755901546623 12.753083546802209
    endloop
  endfacet
  facet normal 0 0.026176948307875245 0.9996573249755571
    outer loop
      vertex -8 -19.117755901546623 12.753083546802209
      vertex -0.39999999999997726 -19.117755901546623 12.753083546802209
      vertex -0.39999999999997726 -19 12.75
    endloop
  endfacet
  facet normal 0 -0.026176948307875245 0.9996573249755571
    outer loop
      vertex -8 -19 12.75
      vertex -0.39999999999997726 -19 12.75
      vertex -0.39999999999997726 -18.882244098453377 12.753083546802209
    endloop
  endfacet
  facet normal 0 -0.0784590957278404 0.9969173337331283
    outer loop
      vertex -8 -18.882244098453377 12.753083546802209
      vertex -0.39999999999997726 -18.882244098453377 12.753083546802209
      vertex -0.39999999999997726 -18.76481095764778 12.762325735421385
    endloop
  endfacet
  facet normal 0 0.7253743710122805 0.6883545756937615
    outer loop
      vertex -8 -20.67207585732414 13.49445613569257
      vertex -0.39999999999997726 -20.67207585732414 13.49445613569257
      vertex -0.39999999999997726 -20.59099025766973 13.409009742330268
    endloop
  endfacet
  facet normal 0 0.760405965600029 0.6494480483301859
    outer loop
      vertex -8 -20.748578413278185 13.584029120137865
      vertex -0.39999999999997726 -20.748578413278185 13.584029120137865
      vertex -0.39999999999997726 -20.67207585732414 13.49445613569257
    endloop
  endfacet
  facet normal 0 0.8241261886220103 0.5664062369248408
    outer loop
      vertex -8 -20.887008777877206 13.77456217121619
      vertex -0.39999999999997726 -20.887008777877206 13.77456217121619
      vertex -0.39999999999997726 -20.820288237343632 13.677483182341936
    endloop
  endfacet
  facet normal 0 0.7933533402912383 0.6087614290087167
    outer loop
      vertex -8 -20.820288237343632 13.677483182341936
      vertex -0.39999999999997726 -20.820288237343632 13.677483182341936
      vertex -0.39999999999997726 -20.748578413278185 13.584029120137865
    endloop
  endfacet
  facet normal 0 0.8788171126619613 0.4771587602596161
    outer loop
      vertex -8 -21.00476467942383 13.97852137558602
      vertex -0.39999999999997726 -21.00476467942383 13.97852137558602
      vertex -0.39999999999997726 -20.948557158514987 13.875
    endloop
  endfacet
  facet normal 0 0.8526401643540991 0.5224985647159378
    outer loop
      vertex -8 -20.948557158514987 13.875
      vertex -0.39999999999997726 -20.948557158514987 13.875
      vertex -0.39999999999997726 -20.887008777877206 13.77456217121619
    endloop
  endfacet
  facet normal 0 0.9025852843498696 0.43051109680827626
    outer loop
      vertex -8 -21.05547727969585 14.084842553079449
      vertex -0.39999999999997726 -21.05547727969585 14.084842553079449
      vertex -0.39999999999997726 -21.00476467942383 13.97852137558602
    endloop
  endfacet
  facet normal 0 0.9426414910921735 0.33380685923378467
    outer loop
      vertex -8 -21.139877161664096 14.304711762656368
      vertex -0.39999999999997726 -21.139877161664096 14.304711762656368
      vertex -0.39999999999997726 -21.100555959618703 14.193672113523075
    endloop
  endfacet
  facet normal 0 0.9588197348681897 0.2840153447039341
    outer loop
      vertex -8 -21.173333109150406 14.417657148519329
      vertex -0.39999999999997726 -21.173333109150406 14.417657148519329
      vertex -0.39999999999997726 -21.139877161664096 14.304711762656368
    endloop
  endfacet
  facet normal 0 0.9723699203976798 0.23344536385589273
    outer loop
      vertex -8 -21.200832101651063 14.53219869566004
      vertex -0.39999999999997726 -21.200832101651063 14.53219869566004
      vertex -0.39999999999997726 -21.173333109150406 14.417657148519329
    endloop
  endfacet
  facet normal 0 0.9238795325112864 0.3826834323650905
    outer loop
      vertex -8 -21.100555959618703 14.193672113523075
      vertex -0.39999999999997726 -21.100555959618703 14.193672113523075
      vertex -0.39999999999997726 -21.05547727969585 14.084842553079449
    endloop
  endfacet
  facet normal 0 0.9832549075639574 0.1822355254921324
    outer loop
      vertex -8 -21.22229876633906 14.64802245365948
      vertex -0.39999999999997726 -21.22229876633906 14.64802245365948
      vertex -0.39999999999997726 -21.200832101651063 14.53219869566004
    endloop
  endfacet
  facet normal 0 0.9914448613738086 0.13052619222006553
    outer loop
      vertex -8 -21.237674264578615 14.76481095764778
      vertex -0.39999999999997726 -21.237674264578615 14.76481095764778
      vertex -0.39999999999997726 -21.22229876633906 14.64802245365948
    endloop
  endfacet
  facet normal 0 0.9969173337331282 0.0784590957278416
    outer loop
      vertex -8 -21.24691645319779 14.882244098453377
      vertex -0.39999999999997726 -21.24691645319779 14.882244098453377
      vertex -0.39999999999997726 -21.237674264578615 14.76481095764778
    endloop
  endfacet
  facet normal 2.88795490255989e-20 0.9996573249755571 0.026176948307875245
    outer loop
      vertex -0.39999999999997726 -21.24691645319779 14.882244098453377
      vertex -8 -21.25 15
      vertex -0.39999999999997726 -21.25 15
    endloop
  endfacet
  facet normal 0 0.6494480483301871 0.7604059656000278
    outer loop
      vertex -8 -20.50554386430743 13.327924142675863
      vertex -0.39999999999997726 -20.50554386430743 13.327924142675863
      vertex -0.39999999999997726 -20.415970879862133 13.251421586721815
    endloop
  endfacet
  facet normal 0 0.5664062369248234 0.8241261886220221
    outer loop
      vertex -8 -20.322516817658066 13.179711762656368
      vertex -0.39999999999997726 -20.322516817658066 13.179711762656368
      vertex -0.39999999999997726 -20.22543782878381 13.112991222122796
    endloop
  endfacet
  facet normal 0 0.6087614290087312 0.793353340291227
    outer loop
      vertex -8 -20.415970879862133 13.251421586721815
      vertex -0.39999999999997726 -20.415970879862133 13.251421586721815
      vertex -0.39999999999997726 -20.322516817658066 13.179711762656368
    endloop
  endfacet
  facet normal 0 0.6883545756937532 0.7253743710122884
    outer loop
      vertex -8 -20.59099025766973 13.409009742330268
      vertex -0.39999999999997726 -20.59099025766973 13.409009742330268
      vertex -0.39999999999997726 -20.50554386430743 13.327924142675863
    endloop
  endfacet
  facet normal 0 -0.1305261922200507 0.9914448613738106
    outer loop
      vertex -8 -18.76481095764778 12.762325735421385
      vertex -0.39999999999997726 -18.76481095764778 12.762325735421385
      vertex -0.39999999999997726 -18.64802245365948 12.77770123366094
    endloop
  endfacet
  facet normal 0 -0.18223552549215238 0.9832549075639537
    outer loop
      vertex -8 -18.64802245365948 12.77770123366094
      vertex -0.39999999999997726 -18.64802245365948 12.77770123366094
      vertex -0.39999999999997726 -18.532198695660043 12.799167898348937
    endloop
  endfacet
  facet normal 0 -0.23344536385590353 0.972369920397677
    outer loop
      vertex -8 -18.532198695660043 12.799167898348937
      vertex -0.39999999999997726 -18.532198695660043 12.799167898348937
      vertex -0.39999999999997726 -18.41765714851933 12.826666890849596
    endloop
  endfacet
  facet normal 0 -0.28401534470392015 0.9588197348681937
    outer loop
      vertex -8 -18.41765714851933 12.826666890849596
      vertex -0.39999999999997726 -18.41765714851933 12.826666890849596
      vertex -0.39999999999997726 -18.304711762656368 12.860122838335904
    endloop
  endfacet
  facet normal 0 -0.3338068592337713 0.9426414910921782
    outer loop
      vertex -8 -18.304711762656368 12.860122838335904
      vertex -0.39999999999997726 -18.304711762656368 12.860122838335904
      vertex -0.39999999999997726 -18.193672113523075 12.899444040381296
    endloop
  endfacet
  facet normal 0 -0.38268343236509583 0.9238795325112842
    outer loop
      vertex -8 -18.193672113523075 12.899444040381296
      vertex -0.39999999999997726 -18.193672113523075 12.899444040381296
      vertex -0.39999999999997726 -18.08484255307945 12.944522720304148
    endloop
  endfacet
  facet normal 0 -0.430511096808295 0.9025852843498607
    outer loop
      vertex -8 -18.08484255307945 12.944522720304148
      vertex -0.39999999999997726 -18.08484255307945 12.944522720304148
      vertex -0.39999999999997726 -17.97852137558602 12.995235320576173
    endloop
  endfacet
  facet normal 0 -0.47715876025960446 0.8788171126619676
    outer loop
      vertex -8 -17.97852137558602 12.995235320576173
      vertex -0.39999999999997726 -17.97852137558602 12.995235320576173
      vertex -0.39999999999997726 -17.875 13.051442841485013
    endloop
  endfacet
  facet normal 0 -0.5224985647159488 0.8526401643540924
    outer loop
      vertex -8 -17.875 13.051442841485013
      vertex -0.39999999999997726 -17.875 13.051442841485013
      vertex -0.39999999999997726 -17.77456217121619 13.112991222122796
    endloop
  endfacet
  facet normal 0 -0.5664062369248234 0.8241261886220221
    outer loop
      vertex -8 -17.77456217121619 13.112991222122796
      vertex -0.39999999999997726 -17.77456217121619 13.112991222122796
      vertex -0.39999999999997726 -17.677483182341934 13.179711762656368
    endloop
  endfacet
  facet normal 0 -0.6087614290087312 0.793353340291227
    outer loop
      vertex -8 -17.677483182341934 13.179711762656368
      vertex -0.39999999999997726 -17.677483182341934 13.179711762656368
      vertex -0.39999999999997726 -17.584029120137867 13.251421586721815
    endloop
  endfacet
  facet normal 0 -0.6494480483301871 0.7604059656000278
    outer loop
      vertex -8 -17.584029120137867 13.251421586721815
      vertex -0.39999999999997726 -17.584029120137867 13.251421586721815
      vertex -0.39999999999997726 -17.49445613569257 13.327924142675863
    endloop
  endfacet
  facet normal 0 -0.6883545756937532 0.7253743710122884
    outer loop
      vertex -8 -17.49445613569257 13.327924142675863
      vertex -0.39999999999997726 -17.49445613569257 13.327924142675863
      vertex -0.39999999999997726 -17.40900974233027 13.409009742330268
    endloop
  endfacet
  facet normal 0 -0.7253743710122805 0.6883545756937615
    outer loop
      vertex -8 -17.40900974233027 13.409009742330268
      vertex -0.39999999999997726 -17.40900974233027 13.409009742330268
      vertex -0.39999999999997726 -17.32792414267586 13.49445613569257
    endloop
  endfacet
  facet normal 0 -0.760405965600029 0.6494480483301859
    outer loop
      vertex -8 -17.32792414267586 13.49445613569257
      vertex -0.39999999999997726 -17.32792414267586 13.49445613569257
      vertex -0.39999999999997726 -17.251421586721815 13.584029120137865
    endloop
  endfacet
  facet normal 0 -0.7933533402912383 0.6087614290087167
    outer loop
      vertex -8 -17.251421586721815 13.584029120137865
      vertex -0.39999999999997726 -17.251421586721815 13.584029120137865
      vertex -0.39999999999997726 -17.179711762656368 13.677483182341936
    endloop
  endfacet
  facet normal 0 -0.8241261886220103 0.5664062369248408
    outer loop
      vertex -8 -17.179711762656368 13.677483182341936
      vertex -0.39999999999997726 -17.179711762656368 13.677483182341936
      vertex -0.39999999999997726 -17.112991222122794 13.77456217121619
    endloop
  endfacet
  facet normal 0 -0.8526401643540991 0.5224985647159378
    outer loop
      vertex -8 -17.112991222122794 13.77456217121619
      vertex -0.39999999999997726 -17.112991222122794 13.77456217121619
      vertex -0.39999999999997726 -17.051442841485013 13.875
    endloop
  endfacet
  facet normal 0 -0.8788171126619613 0.4771587602596161
    outer loop
      vertex -8 -17.051442841485013 13.875
      vertex -0.39999999999997726 -17.051442841485013 13.875
      vertex -0.39999999999997726 -16.99523532057617 13.97852137558602
    endloop
  endfacet
  facet normal 0 -0.9025852843498696 0.43051109680827626
    outer loop
      vertex -8 -16.99523532057617 13.97852137558602
      vertex -0.39999999999997726 -16.99523532057617 13.97852137558602
      vertex -0.39999999999997726 -16.94452272030415 14.084842553079449
    endloop
  endfacet
  facet normal 0 -0.9238795325112864 0.3826834323650905
    outer loop
      vertex -8 -16.94452272030415 14.084842553079449
      vertex -0.39999999999997726 -16.94452272030415 14.084842553079449
      vertex -0.39999999999997726 -16.899444040381297 14.193672113523075
    endloop
  endfacet
  facet normal 0 -0.9426414910921735 0.33380685923378467
    outer loop
      vertex -8 -16.899444040381297 14.193672113523075
      vertex -0.39999999999997726 -16.899444040381297 14.193672113523075
      vertex -0.39999999999997726 -16.860122838335904 14.304711762656368
    endloop
  endfacet
  facet normal 0 -0.9588197348681897 0.2840153447039341
    outer loop
      vertex -8 -16.860122838335904 14.304711762656368
      vertex -0.39999999999997726 -16.860122838335904 14.304711762656368
      vertex -0.39999999999997726 -16.826666890849594 14.417657148519329
    endloop
  endfacet
  facet normal 0 -0.9723699203976798 0.23344536385589273
    outer loop
      vertex -8 -16.826666890849594 14.417657148519329
      vertex -0.39999999999997726 -16.826666890849594 14.417657148519329
      vertex -0.39999999999997726 -16.799167898348937 14.53219869566004
    endloop
  endfacet
  facet normal 0 -0.9832549075639574 0.1822355254921324
    outer loop
      vertex -8 -16.799167898348937 14.53219869566004
      vertex -0.39999999999997726 -16.799167898348937 14.53219869566004
      vertex -0.39999999999997726 -16.77770123366094 14.64802245365948
    endloop
  endfacet
  facet normal 0 -0.9914448613738086 0.13052619222006553
    outer loop
      vertex -8 -16.77770123366094 14.64802245365948
      vertex -0.39999999999997726 -16.77770123366094 14.64802245365948
      vertex -0.39999999999997726 -16.762325735421385 14.76481095764778
    endloop
  endfacet
  facet normal 0 -0.9969173337331282 0.0784590957278416
    outer loop
      vertex -8 -16.762325735421385 14.76481095764778
      vertex -0.39999999999997726 -16.762325735421385 14.76481095764778
      vertex -0.39999999999997726 -16.75308354680221 14.882244098453377
    endloop
  endfacet
  facet normal 0 -0.9996573249755571 0.026176948307875245
    outer loop
      vertex -8 -16.75308354680221 14.882244098453377
      vertex -0.39999999999997726 -16.75308354680221 14.882244098453377
      vertex -0.39999999999997726 -16.75 15
    endloop
  endfacet
  facet normal -0.9426414928622097 0.3338068542353567 0
    outer loop
      vertex -7.8007412776350975 -14.924896150827408 30
      vertex -7.8007412776350975 -14.924896150827408 0.2
      vertex -7.853169545531273 -15.072949014604092 0.2
    endloop
  endfacet
  facet normal -0.9238795293544398 0.38268343998639204 0
    outer loop
      vertex -7.740636371076107 -14.779790073633194 30
      vertex -7.740636371076107 -14.779790073633194 0.2
      vertex -7.8007412776350975 -14.924896150827408 0.2
    endloop
  endfacet
  facet normal -0.9025852916253636 0.43051108155488527 0
    outer loop
      vertex -7.673019573092461 -14.638028502464294 30
      vertex -7.673019573092461 -14.638028502464294 0.2
      vertex -7.740636371076107 -14.779790073633194 0.2
    endloop
  endfacet
  facet normal -0.8788171085477188 0.4771587678371079 0
    outer loop
      vertex -7.598076209425926 -14.5 30
      vertex -7.598076209425926 -14.5 0.2
      vertex -7.673019573092461 -14.638028502464294 0.2
    endloop
  endfacet
  facet normal -0.8526401856157652 0.5224985300200504 0
    outer loop
      vertex -7.516011707484722 -14.366082891821861 30
      vertex -7.516011707484722 -14.366082891821861 0.2
      vertex -7.598076209425926 -14.5 0.2
    endloop
  endfacet
  facet normal -0.4771587602596106 -0.8788171126619642 0
    outer loop
      vertex -7.3895942845617615 -14.187829722840089 30
      vertex -8 -13.856406460551018 0.2
      vertex -7.3895942845617615 -14.187829722840089 0.2
    endloop
  endfacet
  facet normal -0.8241261728965001 0.566406259805599 0
    outer loop
      vertex -7.427050985395908 -14.236644245684147 30
      vertex -7.427050985395908 -14.236644245684147 0.2
      vertex -7.516011707484722 -14.366082891821861 0.2
    endloop
  endfacet
  facet normal -0.7933533398941721 0.6087614295261831 0
    outer loop
      vertex -7.3895942845617615 -14.187829722840089 30
      vertex -7.3895942845617615 -14.187829722840089 0.2
      vertex -7.427050985395908 -14.236644245684147 0.2
    endloop
  endfacet
  facet normal 0.6494480483301828 0.7604059656000317 0
    outer loop
      vertex -6.419067988708341 -7.926888806861102 30
      vertex -6.419067988708341 -7.926888806861102 0.2
      vertex -6.825132184860354 -7.580077219869421 0.2
    endloop
  endfacet
  facet normal 0.608761429008722 0.7933533402912343 0
    outer loop
      vertex -5.995409573383226 -8.251973342624463 30
      vertex -5.995409573383226 -8.251973342624463 0.2
      vertex -6.419067988708341 -7.926888806861102 0.2
    endloop
  endfacet
  facet normal 0.5664062369248337 0.8241261886220151 0
    outer loop
      vertex -5.555318157153276 -8.554439793043326 30
      vertex -5.555318157153276 -8.554439793043326 0.2
      vertex -5.995409573383226 -8.251973342624463 0.2
    endloop
  endfacet
  facet normal 0.5224985647159457 0.8526401643540942 0
    outer loop
      vertex -5.1 -8.833459118601272 30
      vertex -5.1 -8.833459118601272 0.2
      vertex -5.555318157153276 -8.554439793043326 0.2
    endloop
  endfacet
  facet normal 0.7933533402912343 0.608761429008722 0
    outer loop
      vertex -7.926888806861102 -6.419067988708341 30
      vertex -7.926888806861102 -6.419067988708341 0.2
      vertex -8.251973342624463 -5.995409573383226 0.2
    endloop
  endfacet
  facet normal 0.7604059656000317 0.6494480483301828 0
    outer loop
      vertex -7.580077219869421 -6.825132184860354 30
      vertex -7.580077219869421 -6.825132184860354 0.2
      vertex -7.926888806861102 -6.419067988708341 0.2
    endloop
  endfacet
  facet normal 0.7253743710122883 0.6883545756937532 0
    outer loop
      vertex -7.212489168102785 -7.212489168102785 30
      vertex -7.212489168102785 -7.212489168102785 0.2
      vertex -7.580077219869421 -6.825132184860354 0.2
    endloop
  endfacet
  facet normal 0.6883545756937532 0.7253743710122883 0
    outer loop
      vertex -6.825132184860354 -7.580077219869421 30
      vertex -6.825132184860354 -7.580077219869421 0.2
      vertex -7.212489168102785 -7.212489168102785 0.2
    endloop
  endfacet
  facet normal 0.47715876025961074 0.878817112661964 0
    outer loop
      vertex -4.630703097343377 -9.088266546721352 30
      vertex -4.630703097343377 -9.088266546721352 0.2
      vertex -5.1 -8.833459118601272 0.2
    endloop
  endfacet
  facet normal 0.43051109680829286 0.9025852843498617 0
    outer loop
      vertex -4.148713759373162 -9.318163667954527 30
      vertex -4.148713759373162 -9.318163667954527 0.2
      vertex -4.630703097343377 -9.088266546721352 0.2
    endloop
  endfacet
  facet normal 0.3826834323650904 0.9238795325112865 0
    outer loop
      vertex -3.6553530853620626 -9.522520350271456 30
      vertex -3.6553530853620626 -9.522520350271456 0.2
      vertex -4.148713759373162 -9.318163667954527 0.2
    endloop
  endfacet
  facet normal 0.3338068592337703 0.9426414910921787 0
    outer loop
      vertex -3.1519733426244634 -9.700776466210565 30
      vertex -3.1519733426244634 -9.700776466210565 0.2
      vertex -3.6553530853620626 -9.522520350271456 0.2
    endloop
  endfacet
  facet normal 0.28401534470392376 0.9588197348681927 0
    outer loop
      vertex -2.6399542600457115 -9.852443428148495 30
      vertex -2.6399542600457115 -9.852443428148495 0.2
      vertex -3.1519733426244634 -9.700776466210565 0.2
    endloop
  endfacet
  facet normal 0.23344536385590578 0.9723699203976764 0
    outer loop
      vertex -2.120699246341145 -9.977105527484817 30
      vertex -2.120699246341145 -9.977105527484817 0.2
      vertex -2.6399542600457115 -9.852443428148495 0.2
    endloop
  endfacet
  facet normal 1 0 0
    outer loop
      vertex -0.39999999999997726 -20.748578413278185 13.584029120137865
      vertex -0.39999999999997726 -25 0.2
      vertex -0.39999999999997726 -10.189525631372325 0.2
    endloop
  endfacet
  facet normal 1 0 0
    outer loop
      vertex -0.39999999999997726 -20.748578413278185 13.584029120137865
      vertex -0.39999999999997726 -25 16.199999999999932
      vertex -0.39999999999997726 -25 0.2
    endloop
  endfacet
  facet normal 1 0 0
    outer loop
      vertex -0.39999999999997726 -20.22543782878381 13.112991222122796
      vertex -0.39999999999997726 -20.322516817658066 13.179711762656368
      vertex -0.39999999999997726 -10.189525631372325 0.2
    endloop
  endfacet
  facet normal 1 0 0
    outer loop
      vertex -0.39999999999997726 -20.322516817658066 13.179711762656368
      vertex -0.39999999999997726 -20.415970879862133 13.251421586721815
      vertex -0.39999999999997726 -10.189525631372325 0.2
    endloop
  endfacet
  facet normal 1 0 0
    outer loop
      vertex -0.39999999999997726 -20.59099025766973 13.409009742330268
      vertex -0.39999999999997726 -20.67207585732414 13.49445613569257
      vertex -0.39999999999997726 -10.189525631372325 0.2
    endloop
  endfacet
  facet normal 1 0 0
    outer loop
      vertex -0.39999999999997726 -20.748578413278185 13.584029120137865
      vertex -0.39999999999997726 -10.189525631372325 0.2
      vertex -0.39999999999997726 -20.67207585732414 13.49445613569257
    endloop
  endfacet
  facet normal 1 0 0
    outer loop
      vertex -0.39999999999997726 -20.415970879862133 13.251421586721815
      vertex -0.39999999999997726 -20.50554386430743 13.327924142675863
      vertex -0.39999999999997726 -10.189525631372325 0.2
    endloop
  endfacet
  facet normal 1 0 0
    outer loop
      vertex -0.39999999999997726 -20.50554386430743 13.327924142675863
      vertex -0.39999999999997726 -20.59099025766973 13.409009742330268
      vertex -0.39999999999997726 -10.189525631372325 0.2
    endloop
  endfacet
  facet normal 1 0 0
    outer loop
      vertex -0.39999999999997726 -19.695288237343632 12.860122838335904
      vertex -0.39999999999997726 -19.806327886476925 12.899444040381296
      vertex -0.39999999999997726 -10.189525631372325 0.2
    endloop
  endfacet
  facet normal 1 0 0
    outer loop
      vertex -0.39999999999997726 -19.58234285148067 12.826666890849596
      vertex -0.39999999999997726 -10.189525631372325 0.2
      vertex -0.39999999999997726 -19.467801304339957 12.799167898348937
    endloop
  endfacet
  facet normal 1 0 0
    outer loop
      vertex -0.39999999999997726 -19.695288237343632 12.860122838335904
      vertex -0.39999999999997726 -10.189525631372325 0.2
      vertex -0.39999999999997726 -19.58234285148067 12.826666890849596
    endloop
  endfacet
  facet normal 1 0 0
    outer loop
      vertex -0.39999999999997726 -20.22543782878381 13.112991222122796
      vertex -0.39999999999997726 -10.189525631372325 0.2
      vertex -0.39999999999997726 -20.125 13.051442841485013
    endloop
  endfacet
  facet normal 1 0 0
    outer loop
      vertex -0.39999999999997726 -20.125 13.051442841485013
      vertex -0.39999999999997726 -10.189525631372325 0.2
      vertex -0.39999999999997726 -20.02147862441398 12.995235320576173
    endloop
  endfacet
  facet normal 1 0 0
    outer loop
      vertex -0.39999999999997726 -20.02147862441398 12.995235320576173
      vertex -0.39999999999997726 -10.189525631372325 0.2
      vertex -0.39999999999997726 -19.91515744692055 12.944522720304148
    endloop
  endfacet
  facet normal 1 0 0
    outer loop
      vertex -0.39999999999997726 -19.91515744692055 12.944522720304148
      vertex -0.39999999999997726 -10.189525631372325 0.2
      vertex -0.39999999999997726 -19.806327886476925 12.899444040381296
    endloop
  endfacet
  facet normal 1 0 0
    outer loop
      vertex -0.39999999999997726 -19.467801304339957 12.799167898348937
      vertex -0.39999999999997726 -10.189525631372325 0.2
      vertex -0.39999999999997726 -19.35197754634052 12.77770123366094
    endloop
  endfacet
  facet normal 1 0 0
    outer loop
      vertex -0.39999999999997726 -19.35197754634052 12.77770123366094
      vertex -0.39999999999997726 -10.189525631372325 0.2
      vertex -0.39999999999997726 -19.23518904235222 12.762325735421385
    endloop
  endfacet
  facet normal 1 0 0
    outer loop
      vertex -0.39999999999997726 -19.23518904235222 12.762325735421385
      vertex -0.39999999999997726 -10.189525631372325 0.2
      vertex -0.39999999999997726 -19.117755901546623 12.753083546802209
    endloop
  endfacet
  facet normal 1 0 0
    outer loop
      vertex -0.39999999999997726 -19.117755901546623 12.753083546802209
      vertex -0.39999999999997726 -10.189525631372325 0.2
      vertex -0.39999999999997726 -19 12.75
    endloop
  endfacet
  facet normal 1 0 0
    outer loop
      vertex -0.39999999999997726 -19 12.75
      vertex -0.39999999999997726 -10.189525631372325 0.2
      vertex -0.39999999999997726 -18.882244098453377 12.753083546802209
    endloop
  endfacet
  facet normal 1 0 0
    outer loop
      vertex -0.39999999999997726 -18.882244098453377 12.753083546802209
      vertex -0.39999999999997726 -10.189525631372325 0.2
      vertex -0.39999999999997726 -18.76481095764778 12.762325735421385
    endloop
  endfacet
  facet normal 1 0 0
    outer loop
      vertex -0.39999999999997726 -18.76481095764778 12.762325735421385
      vertex -0.39999999999997726 -10.189525631372325 0.2
      vertex -0.39999999999997726 -18.64802245365948 12.77770123366094
    endloop
  endfacet
  facet normal 1 0 0
    outer loop
      vertex -0.39999999999997726 -18.64802245365948 12.77770123366094
      vertex -0.39999999999997726 -10.189525631372325 0.2
      vertex -0.39999999999997726 -18.532198695660043 12.799167898348937
    endloop
  endfacet
  facet normal 1 0 0
    outer loop
      vertex -0.39999999999997726 -18.532198695660043 12.799167898348937
      vertex -0.39999999999997726 -10.189525631372325 0.2
      vertex -0.39999999999997726 -18.41765714851933 12.826666890849596
    endloop
  endfacet
  facet normal 1 0 0
    outer loop
      vertex -0.39999999999997726 -18.41765714851933 12.826666890849596
      vertex -0.39999999999997726 -10.189525631372325 0.2
      vertex -0.39999999999997726 -18.304711762656368 12.860122838335904
    endloop
  endfacet
  facet normal 1 0 0
    outer loop
      vertex -0.39999999999997726 -18.304711762656368 12.860122838335904
      vertex -0.39999999999997726 -10.189525631372325 0.2
      vertex -0.39999999999997726 -18.193672113523075 12.899444040381296
    endloop
  endfacet
  facet normal 1 0 0
    outer loop
      vertex -0.39999999999997726 -18.193672113523075 12.899444040381296
      vertex -0.39999999999997726 -10.189525631372325 0.2
      vertex -0.39999999999997726 -18.08484255307945 12.944522720304148
    endloop
  endfacet
  facet normal 1 0 0
    outer loop
      vertex -0.39999999999997726 -18.08484255307945 12.944522720304148
      vertex -0.39999999999997726 -10.189525631372325 0.2
      vertex -0.39999999999997726 -17.97852137558602 12.995235320576173
    endloop
  endfacet
  facet normal 1 0 0
    outer loop
      vertex -0.39999999999997726 -17.97852137558602 12.995235320576173
      vertex -0.39999999999997726 -10.189525631372325 0.2
      vertex -0.39999999999997726 -17.875 13.051442841485013
    endloop
  endfacet
  facet normal 1 0 0
    outer loop
      vertex -0.39999999999997726 -17.875 13.051442841485013
      vertex -0.39999999999997726 -10.189525631372325 0.2
      vertex -0.39999999999997726 -17.77456217121619 13.112991222122796
    endloop
  endfacet
  facet normal 1 0 0
    outer loop
      vertex -0.39999999999997726 -17.77456217121619 13.112991222122796
      vertex -0.39999999999997726 -10.189525631372325 0.2
      vertex -0.39999999999997726 -17.677483182341934 13.179711762656368
    endloop
  endfacet
  facet normal 1 0 0
    outer loop
      vertex -0.39999999999997726 -17.677483182341934 13.179711762656368
      vertex -0.39999999999997726 -10.189525631372325 0.2
      vertex -0.39999999999997726 -17.584029120137867 13.251421586721815
    endloop
  endfacet
  facet normal 1 0 0
    outer loop
      vertex -0.39999999999997726 -17.584029120137867 13.251421586721815
      vertex -0.39999999999997726 -10.189525631372325 0.2
      vertex -0.39999999999997726 -17.49445613569257 13.327924142675863
    endloop
  endfacet
  facet normal 1 0 0
    outer loop
      vertex -0.39999999999997726 -17.49445613569257 13.327924142675863
      vertex -0.39999999999997726 -10.189525631372325 0.2
      vertex -0.39999999999997726 -17.40900974233027 13.409009742330268
    endloop
  endfacet
  facet normal 1 0 0
    outer loop
      vertex -0.39999999999997726 -20.748578413278185 13.584029120137865
      vertex -0.39999999999997726 -20.820288237343632 13.677483182341936
      vertex -0.39999999999997726 -25 16.199999999999932
    endloop
  endfacet
  facet normal 1 0 0
    outer loop
      vertex -0.39999999999997726 -20.887008777877206 13.77456217121619
      vertex -0.39999999999997726 -20.948557158514987 13.875
      vertex -0.39999999999997726 -25 16.199999999999932
    endloop
  endfacet
  facet normal 1 0 0
    outer loop
      vertex -0.39999999999997726 -20.948557158514987 13.875
      vertex -0.39999999999997726 -21.00476467942383 13.97852137558602
      vertex -0.39999999999997726 -25 16.199999999999932
    endloop
  endfacet
  facet normal 1 0 0
    outer loop
      vertex -0.39999999999997726 -21.00476467942383 13.97852137558602
      vertex -0.39999999999997726 -21.05547727969585 14.084842553079449
      vertex -0.39999999999997726 -25 16.199999999999932
    endloop
  endfacet
  facet normal 1 0 0
    outer loop
      vertex -0.39999999999997726 -20.820288237343632 13.677483182341936
      vertex -0.39999999999997726 -20.887008777877206 13.77456217121619
      vertex -0.39999999999997726 -25 16.199999999999932
    endloop
  endfacet
  facet normal 1 0 0
    outer loop
      vertex -0.39999999999997726 -21.100555959618703 14.193672113523075
      vertex -0.39999999999997726 -25 16.199999999999932
      vertex -0.39999999999997726 -21.05547727969585 14.084842553079449
    endloop
  endfacet
  facet normal 1 0 0
    outer loop
      vertex -0.39999999999997726 -21.100555959618703 14.193672113523075
      vertex -0.39999999999997726 -21.139877161664096 14.304711762656368
      vertex -0.39999999999997726 -25 16.199999999999932
    endloop
  endfacet
  facet normal 1 0 0
    outer loop
      vertex -0.39999999999997726 -21.139877161664096 14.304711762656368
      vertex -0.39999999999997726 -21.173333109150406 14.417657148519329
      vertex -0.39999999999997726 -25 16.199999999999932
    endloop
  endfacet
  facet normal 0.026176948307880428 0.9996573249755569 0
    outer loop
      vertex -0.39999999999997726 -10.189525631372325 10.189525631372305
      vertex -0.39999999999997726 -10.189525631372325 0.2
      vertex -0.5338267536780271 -10.186021254496652 0.2
    endloop
  endfacet
  facet normal 1 0 0
    outer loop
      vertex -0.39999999999997726 -17.40900974233027 13.409009742330268
      vertex -0.39999999999997726 -10.189525631372325 0.2
      vertex -0.39999999999997726 -17.32792414267586 13.49445613569257
    endloop
  endfacet
  facet normal 1 0 0
    outer loop
      vertex -0.39999999999997726 -17.32792414267586 13.49445613569257
      vertex -0.39999999999997726 -10.189525631372325 0.2
      vertex -0.39999999999997726 -17.251421586721815 13.584029120137865
    endloop
  endfacet
  facet normal 1 0 0
    outer loop
      vertex -0.39999999999997726 -17.251421586721815 13.584029120137865
      vertex -0.39999999999997726 -10.189525631372325 0.2
      vertex -0.39999999999997726 -17.179711762656368 13.677483182341936
    endloop
  endfacet
  facet normal 1 0 0
    outer loop
      vertex -0.39999999999997726 -17.179711762656368 13.677483182341936
      vertex -0.39999999999997726 -10.189525631372325 0.2
      vertex -0.39999999999997726 -10.189525631372325 10.189525631372305
    endloop
  endfacet
  facet normal 0.1822355254921479 0.9832549075639545 0
    outer loop
      vertex -1.5956315434103547 -10.074421074070404 30
      vertex -1.5956315434103547 -10.074421074070404 0.2
      vertex -2.120699246341145 -9.977105527484817 0.2
    endloop
  endfacet
  facet normal 0.13052619222004996 0.9914448613738106 0
    outer loop
      vertex -1.0661903253300653 -10.144123332756386 30
      vertex -1.0661903253300653 -10.144123332756386 0.2
      vertex -1.5956315434103547 -10.074421074070404 0.2
    endloop
  endfacet
  facet normal 0.07845909572784422 0.9969173337331281 0
    outer loop
      vertex -0.5338267536780271 -10.186021254496652 30
      vertex -0.5338267536780271 -10.186021254496652 0.2
      vertex -1.0661903253300653 -10.144123332756386 0.2
    endloop
  endfacet
  facet normal 1 0 0
    outer loop
      vertex -0.39999999999997726 -17.179711762656368 13.677483182341936
      vertex -0.39999999999997726 -10.189525631372325 10.189525631372305
      vertex -0.39999999999997726 -17.112991222122794 13.77456217121619
    endloop
  endfacet
  facet normal 1 0 0
    outer loop
      vertex -0.39999999999997726 -17.112991222122794 13.77456217121619
      vertex -0.39999999999997726 -10.189525631372325 10.189525631372305
      vertex -0.39999999999997726 -17.051442841485013 13.875
    endloop
  endfacet
  facet normal 1 0 0
    outer loop
      vertex -0.39999999999997726 -17.051442841485013 13.875
      vertex -0.39999999999997726 -10.189525631372325 10.189525631372305
      vertex -0.39999999999997726 -16.99523532057617 13.97852137558602
    endloop
  endfacet
  facet normal 1 0 0
    outer loop
      vertex -0.39999999999997726 -16.99523532057617 13.97852137558602
      vertex -0.39999999999997726 -10.189525631372325 10.189525631372305
      vertex -0.39999999999997726 -16.94452272030415 14.084842553079449
    endloop
  endfacet
  facet normal 1 0 0
    outer loop
      vertex -0.39999999999997726 -16.94452272030415 14.084842553079449
      vertex -0.39999999999997726 -10.189525631372325 10.189525631372305
      vertex -0.39999999999997726 -16.899444040381297 14.193672113523075
    endloop
  endfacet
  facet normal 1 0 0
    outer loop
      vertex -0.39999999999997726 -16.899444040381297 14.193672113523075
      vertex -0.39999999999997726 -10.189525631372325 10.189525631372305
      vertex -0.39999999999997726 -16.860122838335904 14.304711762656368
    endloop
  endfacet
  facet normal 1 0 0
    outer loop
      vertex -0.39999999999997726 -16.860122838335904 14.304711762656368
      vertex -0.39999999999997726 -10.189525631372325 10.189525631372305
      vertex -0.39999999999997726 -16.826666890849594 14.417657148519329
    endloop
  endfacet
  facet normal 1 0 0
    outer loop
      vertex -0.39999999999997726 -16.826666890849594 14.417657148519329
      vertex -0.39999999999997726 -10.189525631372325 10.189525631372305
      vertex -0.39999999999997726 -16.799167898348937 14.53219869566004
    endloop
  endfacet
  facet normal 1 0 0
    outer loop
      vertex -0.39999999999997726 -16.799167898348937 14.53219869566004
      vertex -0.39999999999997726 -10.189525631372325 10.189525631372305
      vertex -0.39999999999997726 -16.77770123366094 14.64802245365948
    endloop
  endfacet
  facet normal 1 0 0
    outer loop
      vertex -0.39999999999997726 -16.77770123366094 14.64802245365948
      vertex -0.39999999999997726 -10.189525631372325 10.189525631372305
      vertex -0.39999999999997726 -16.762325735421385 14.76481095764778
    endloop
  endfacet
  facet normal 1 0 0
    outer loop
      vertex -0.39999999999997726 -16.762325735421385 14.76481095764778
      vertex -0.39999999999997726 -10.189525631372325 10.189525631372305
      vertex -0.39999999999997726 -16.75308354680221 14.882244098453377
    endloop
  endfacet
  facet normal 1 0 0
    outer loop
      vertex -0.39999999999997726 -16.75308354680221 14.882244098453377
      vertex -0.39999999999997726 -10.189525631372325 10.189525631372305
      vertex -0.39999999999997726 -16.75 15
    endloop
  endfacet
  facet normal 1 0 0
    outer loop
      vertex -0.39999999999997726 -10.189525631372325 10.189525631372305
      vertex -0.39999999999997726 -16.75308354680221 15.117755901546623
      vertex -0.39999999999997726 -16.75 15
    endloop
  endfacet
  facet normal 1 0 0
    outer loop
      vertex -0.39999999999997726 -10.189525631372325 10.189525631372305
      vertex -0.39999999999997726 -16.762325735421385 15.23518904235222
      vertex -0.39999999999997726 -16.75308354680221 15.117755901546623
    endloop
  endfacet
  facet normal 1 0 0
    outer loop
      vertex -0.39999999999997726 -10.189525631372325 10.189525631372305
      vertex -0.39999999999997726 -16.77770123366094 15.35197754634052
      vertex -0.39999999999997726 -16.762325735421385 15.23518904235222
    endloop
  endfacet
  facet normal 1 0 0
    outer loop
      vertex -0.39999999999997726 -10.189525631372325 10.189525631372305
      vertex -0.39999999999997726 -16.799167898348937 15.46780130433996
      vertex -0.39999999999997726 -16.77770123366094 15.35197754634052
    endloop
  endfacet
  facet normal 1 0 0
    outer loop
      vertex -0.39999999999997726 -10.189525631372325 10.189525631372305
      vertex -0.39999999999997726 -16.826666890849594 15.582342851480671
      vertex -0.39999999999997726 -16.799167898348937 15.46780130433996
    endloop
  endfacet
  facet normal 1 0 0
    outer loop
      vertex -0.39999999999997726 -10.189525631372325 10.189525631372305
      vertex -0.39999999999997726 -16.860122838335904 15.695288237343632
      vertex -0.39999999999997726 -16.826666890849594 15.582342851480671
    endloop
  endfacet
  facet normal 1 0 0
    outer loop
      vertex -0.39999999999997726 -10.189525631372325 10.189525631372305
      vertex -0.39999999999997726 -16.899444040381297 15.806327886476925
      vertex -0.39999999999997726 -16.860122838335904 15.695288237343632
    endloop
  endfacet
  facet normal 1 0 0
    outer loop
      vertex -0.39999999999997726 -10.189525631372325 10.189525631372305
      vertex -0.39999999999997726 -16.94452272030415 15.915157446920551
      vertex -0.39999999999997726 -16.899444040381297 15.806327886476925
    endloop
  endfacet
  facet normal 1 0 0
    outer loop
      vertex -0.39999999999997726 -10.189525631372325 10.189525631372305
      vertex -0.39999999999997726 -16.99523532057617 16.02147862441398
      vertex -0.39999999999997726 -16.94452272030415 15.915157446920551
    endloop
  endfacet
  facet normal 1 0 0
    outer loop
      vertex -0.39999999999997726 -10.189525631372325 10.189525631372305
      vertex -0.39999999999997726 -17.112991222122794 16.22543782878381
      vertex -0.39999999999997726 -17.051442841485013 16.125
    endloop
  endfacet
  facet normal 1 0 0
    outer loop
      vertex -0.39999999999997726 -10.189525631372325 10.189525631372305
      vertex -0.39999999999997726 -17.179711762656368 16.322516817658066
      vertex -0.39999999999997726 -17.112991222122794 16.22543782878381
    endloop
  endfacet
  facet normal 1 0 0
    outer loop
      vertex -0.39999999999997726 -10.189525631372325 10.189525631372305
      vertex -0.39999999999997726 -17.051442841485013 16.125
      vertex -0.39999999999997726 -16.99523532057617 16.02147862441398
    endloop
  endfacet
  facet normal 1 0 0
    outer loop
      vertex -0.39999999999997726 -10.189525631372325 10.189525631372305
      vertex -0.39999999999997726 -17.32792414267586 16.50554386430743
      vertex -0.39999999999997726 -17.251421586721815 16.415970879862133
    endloop
  endfacet
  facet normal 1 0 0
    outer loop
      vertex -0.39999999999997726 -10.189525631372325 10.189525631372305
      vertex -0.39999999999997726 -17.251421586721815 16.415970879862133
      vertex -0.39999999999997726 -17.179711762656368 16.322516817658066
    endloop
  endfacet
  facet normal 0.02617694830788043 0.9996573249755571 -5.096718795475635e-22
    outer loop
      vertex -0.39999999999997726 -10.189525631372325 10.189525631372305
      vertex -0.5338267536780271 -10.186021254496652 0.2
      vertex -0.5338267536780271 -10.186021254496652 30
    endloop
  endfacet
  facet normal -0.9426414928622097 -0.3338068542353567 0
    outer loop
      vertex -7.853169545531273 -22.92705098539591 30
      vertex -7.8007412776350975 -23.075103849172592 0.2
      vertex -7.8007412776350975 -23.075103849172592 30
    endloop
  endfacet
  facet normal -0.9723699157063979 -0.2334453833964867 0
    outer loop
      vertex -7.89777747541666 -22.776457138359547 30
      vertex -7.934442803263664 -22.623735070228577 30
      vertex -7.89777747541666 -22.776457138359547 0.2
    endloop
  endfacet
  facet normal -0.9832549101845729 -0.1822355113525557 0
    outer loop
      vertex -7.963065020740032 -22.469303391873837 30
      vertex -7.934442803263664 -22.623735070228577 0.2
      vertex -7.934442803263664 -22.623735070228577 30
    endloop
  endfacet
  facet normal -0.9588197346341912 -0.28401534549389984 0
    outer loop
      vertex -7.89777747541666 -22.776457138359547 30
      vertex -7.853169545531273 -22.92705098539591 0.2
      vertex -7.853169545531273 -22.92705098539591 30
    endloop
  endfacet
  facet normal -0.8788171085477188 -0.4771587678371079 0
    outer loop
      vertex -7.598076209425926 -23.5 30
      vertex -7.673019573092461 -23.361971497535706 30
      vertex -7.598076209425926 -23.5 0.2
    endloop
  endfacet
  facet normal -0.8526401856157652 -0.5224985300200504 0
    outer loop
      vertex -7.598076209425926 -23.5 30
      vertex -7.516011707484722 -23.63391710817814 0.2
      vertex -7.516011707484722 -23.63391710817814 30
    endloop
  endfacet
  facet normal -0.8241261728965001 -0.566406259805599 0
    outer loop
      vertex -7.516011707484722 -23.63391710817814 30
      vertex -7.427050985395908 -23.763355754315853 0.2
      vertex -7.427050985395908 -23.763355754315853 30
    endloop
  endfacet
  facet normal -0.9238795293544398 -0.38268343998639204 0
    outer loop
      vertex -7.8007412776350975 -23.075103849172592 30
      vertex -7.740636371076107 -23.220209926366806 0.2
      vertex -7.740636371076107 -23.220209926366806 30
    endloop
  endfacet
  facet normal -0.9025852916253636 -0.43051108155488527 0
    outer loop
      vertex -7.740636371076107 -23.220209926366806 30
      vertex -7.673019573092461 -23.361971497535706 0.2
      vertex -7.673019573092461 -23.361971497535706 30
    endloop
  endfacet
  facet normal -0.608761429526179 -0.7933533398941753 0
    outer loop
      vertex -6.88796117156744 -24.33143788576126 30
      vertex -6.763355754315853 -24.42705098539591 0.2
      vertex -6.763355754315853 -24.42705098539591 30
    endloop
  endfacet
  facet normal -0.566406259805599 -0.8241261728965001 0
    outer loop
      vertex -6.763355754315853 -24.42705098539591 30
      vertex -6.633917108178139 -24.516011707484722 0.2
      vertex -6.633917108178139 -24.516011707484722 30
    endloop
  endfacet
  facet normal -0.7604059586793502 -0.6494480564332595 0
    outer loop
      vertex -7.331437885761261 -23.88796117156744 30
      vertex -7.229434475302696 -24.007391817867756 0.2
      vertex -7.229434475302696 -24.007391817867756 30
    endloop
  endfacet
  facet normal -0.7933533398941753 -0.608761429526179 0
    outer loop
      vertex -7.427050985395908 -23.763355754315853 30
      vertex -7.331437885761261 -23.88796117156744 0.2
      vertex -7.331437885761261 -23.88796117156744 30
    endloop
  endfacet
  facet normal -0.7253743841239493 -0.6883545618769453 0
    outer loop
      vertex -7.229434475302696 -24.007391817867756 30
      vertex -7.121320344507694 -24.121320344507694 0.2
      vertex -7.121320344507694 -24.121320344507694 30
    endloop
  endfacet
  facet normal -0.6883545618769453 -0.7253743841239493 0
    outer loop
      vertex -7.007391817867756 -24.229434475302696 30
      vertex -7.121320344507694 -24.121320344507694 30
      vertex -7.007391817867756 -24.229434475302696 0.2
    endloop
  endfacet
  facet normal -0.6494480564332595 -0.7604059586793502 0
    outer loop
      vertex -7.007391817867756 -24.229434475302696 30
      vertex -6.88796117156744 -24.33143788576126 0.2
      vertex -6.88796117156744 -24.33143788576126 30
    endloop
  endfacet
  facet normal -0.5224985300200504 -0.8526401856157652 0
    outer loop
      vertex -6.633917108178139 -24.516011707484722 30
      vertex -6.5 -24.598076209425926 0.2
      vertex -6.5 -24.598076209425926 30
    endloop
  endfacet
  facet normal -0.4771587678371079 -0.8788171085477188 0
    outer loop
      vertex -6.5 -24.598076209425926 30
      vertex -6.361971497535706 -24.67301957309246 0.2
      vertex -6.361971497535706 -24.67301957309246 30
    endloop
  endfacet
  facet normal -0.43051108155488527 -0.9025852916253636 0
    outer loop
      vertex -6.361971497535706 -24.67301957309246 30
      vertex -6.220209926366806 -24.740636371076107 0.2
      vertex -6.220209926366806 -24.740636371076107 30
    endloop
  endfacet
  facet normal -0.38268343998639204 -0.9238795293544398 0
    outer loop
      vertex -6.220209926366806 -24.740636371076107 30
      vertex -6.075103849172592 -24.800741277635098 0.2
      vertex -6.075103849172592 -24.800741277635098 30
    endloop
  endfacet
  facet normal -0.28401534549389984 -0.9588197346341912 0
    outer loop
      vertex -5.927050985395908 -24.853169545531273 30
      vertex -5.776457138359547 -24.89777747541666 0.2
      vertex -5.776457138359547 -24.89777747541666 30
    endloop
  endfacet
  facet normal -0.3338068542353567 -0.9426414928622097 0
    outer loop
      vertex -6.075103849172592 -24.800741277635098 30
      vertex -5.927050985395908 -24.853169545531273 0.2
      vertex -5.927050985395908 -24.853169545531273 30
    endloop
  endfacet
  facet normal -0.2334453833964867 -0.9723699157063979 0
    outer loop
      vertex -5.776457138359547 -24.89777747541666 30
      vertex -5.623735070228577 -24.934442803263664 0.2
      vertex -5.623735070228577 -24.934442803263664 30
    endloop
  endfacet
  facet normal -0.1822355113525557 -0.9832549101845729 0
    outer loop
      vertex -5.623735070228577 -24.934442803263664 30
      vertex -5.4693033918738365 -24.963065020740032 0.2
      vertex -5.4693033918738365 -24.963065020740032 30
    endloop
  endfacet
  facet normal -0.13052621687442656 -0.991444858128 0
    outer loop
      vertex -5.4693033918738365 -24.963065020740032 30
      vertex -5.313585393130779 -24.98356568813324 0.2
      vertex -5.313585393130779 -24.98356568813324 30
    endloop
  endfacet
  facet normal -0.07845908885695775 -0.9969173342738784 0
    outer loop
      vertex -5.313585393130779 -24.98356568813324 30
      vertex -5.1570078656077385 -24.995888605713844 0.2
      vertex -5.1570078656077385 -24.995888605713844 30
    endloop
  endfacet
  facet normal -0.026176939601381184 -0.9996573252035448 0
    outer loop
      vertex -5.1570078656077385 -24.995888605713844 30
      vertex -5 -25 0.2
      vertex -5 -25 30
    endloop
  endfacet
  facet normal -1 0 0
    outer loop
      vertex -8 -21.24691645319779 14.882244098453377
      vertex -8 -22 0.2
      vertex -8 -22 30
    endloop
  endfacet
  facet normal -1 0 0
    outer loop
      vertex -8 -16.75308354680221 15.117755901546623
      vertex -8 -16 30
      vertex -8 -16 0.2
    endloop
  endfacet
  facet normal 0 0.9996573249755571 -0.026176948307875245
    outer loop
      vertex -8 -21.25 15
      vertex -8 -21.24691645319779 15.117755901546623
      vertex -0.39999999999997726 -21.25 15
    endloop
  endfacet
  facet normal 0 0.9969173337331282 -0.0784590957278416
    outer loop
      vertex -8 -21.24691645319779 15.117755901546623
      vertex -8 -21.237674264578615 15.23518904235222
      vertex -0.39999999999997726 -21.24691645319779 15.117755901546623
    endloop
  endfacet
  facet normal 0 0.9914448613738086 -0.13052619222006553
    outer loop
      vertex -8 -21.237674264578615 15.23518904235222
      vertex -8 -21.22229876633906 15.35197754634052
      vertex -0.39999999999997726 -21.237674264578615 15.23518904235222
    endloop
  endfacet
  facet normal 0 0.9832549075639574 -0.1822355254921324
    outer loop
      vertex -8 -21.22229876633906 15.35197754634052
      vertex -8 -21.200832101651063 15.46780130433996
      vertex -0.39999999999997726 -21.22229876633906 15.35197754634052
    endloop
  endfacet
  facet normal 0 0.9723699203976798 -0.23344536385589273
    outer loop
      vertex -8 -21.200832101651063 15.46780130433996
      vertex -8 -21.173333109150406 15.582342851480671
      vertex -0.39999999999997726 -21.200832101651063 15.46780130433996
    endloop
  endfacet
  facet normal 0 0.9588197348681897 -0.2840153447039341
    outer loop
      vertex -8 -21.173333109150406 15.582342851480671
      vertex -8 -21.139877161664096 15.695288237343632
      vertex -0.39999999999997726 -21.173333109150406 15.582342851480671
    endloop
  endfacet
  facet normal 0 0.9426414910921735 -0.33380685923378467
    outer loop
      vertex -8 -21.139877161664096 15.695288237343632
      vertex -8 -21.100555959618703 15.806327886476925
      vertex -0.39999999999997726 -21.139877161664096 15.695288237343632
    endloop
  endfacet
  facet normal 0 0.9238795325112864 -0.3826834323650905
    outer loop
      vertex -8 -21.100555959618703 15.806327886476925
      vertex -8 -21.05547727969585 15.915157446920551
      vertex -0.39999999999997726 -21.100555959618703 15.806327886476925
    endloop
  endfacet
  facet normal 0 0.9025852843498696 -0.43051109680827626
    outer loop
      vertex -8 -21.05547727969585 15.915157446920551
      vertex -8 -21.00476467942383 16.02147862441398
      vertex -0.39999999999997726 -21.05547727969585 15.915157446920551
    endloop
  endfacet
  facet normal 0 0.8788171126619613 -0.4771587602596161
    outer loop
      vertex -8 -21.00476467942383 16.02147862441398
      vertex -8 -20.948557158514987 16.125
      vertex -0.39999999999997726 -21.00476467942383 16.02147862441398
    endloop
  endfacet
  facet normal 0 0.8526401643540991 -0.5224985647159378
    outer loop
      vertex -8 -20.948557158514987 16.125
      vertex -8 -20.887008777877206 16.22543782878381
      vertex -0.39999999999997726 -20.948557158514987 16.125
    endloop
  endfacet
  facet normal 0 0.824126188622015 -0.5664062369248337
    outer loop
      vertex -8 -20.887008777877206 16.22543782878381
      vertex -8 -20.820288237343632 16.322516817658066
      vertex -0.39999999999997726 -20.887008777877206 16.22543782878381
    endloop
  endfacet
  facet normal 0 0.793353340291227 -0.6087614290087312
    outer loop
      vertex -8 -20.820288237343632 16.322516817658066
      vertex -8 -20.748578413278185 16.415970879862133
      vertex -0.39999999999997726 -20.820288237343632 16.322516817658066
    endloop
  endfacet
  facet normal 0 0.7604059656000354 -0.6494480483301786
    outer loop
      vertex -8 -20.748578413278185 16.415970879862133
      vertex -8 -20.67207585732414 16.50554386430743
      vertex -0.39999999999997726 -20.748578413278185 16.415970879862133
    endloop
  endfacet
  facet normal 0 0.7253743710122734 -0.6883545756937691
    outer loop
      vertex -8 -20.67207585732414 16.50554386430743
      vertex -8 -20.59099025766973 16.59099025766973
      vertex -0.39999999999997726 -20.67207585732414 16.50554386430743
    endloop
  endfacet
  facet normal 0 0.6883545756937691 -0.7253743710122734
    outer loop
      vertex -8 -20.59099025766973 16.59099025766973
      vertex -8 -20.50554386430743 16.67207585732414
      vertex -0.39999999999997726 -20.59099025766973 16.59099025766973
    endloop
  endfacet
  facet normal 0 0.6494480483301786 -0.7604059656000354
    outer loop
      vertex -8 -20.50554386430743 16.67207585732414
      vertex -8 -20.415970879862133 16.748578413278185
      vertex -0.39999999999997726 -20.50554386430743 16.67207585732414
    endloop
  endfacet
  facet normal 0 0.6087614290087312 -0.793353340291227
    outer loop
      vertex -8 -20.415970879862133 16.748578413278185
      vertex -8 -20.322516817658066 16.820288237343632
      vertex -0.39999999999997726 -20.415970879862133 16.748578413278185
    endloop
  endfacet
  facet normal 0 0.5664062369248337 -0.824126188622015
    outer loop
      vertex -8 -20.322516817658066 16.820288237343632
      vertex -8 -20.22543782878381 16.887008777877206
      vertex -0.39999999999997726 -20.322516817658066 16.820288237343632
    endloop
  endfacet
  facet normal 0 0.5224985647159378 -0.8526401643540991
    outer loop
      vertex -8 -20.22543782878381 16.887008777877206
      vertex -8 -20.125 16.948557158514987
      vertex -0.39999999999997726 -20.22543782878381 16.887008777877206
    endloop
  endfacet
  facet normal 0 0.4771587602596161 -0.8788171126619613
    outer loop
      vertex -8 -20.125 16.948557158514987
      vertex -8 -20.02147862441398 17.00476467942383
      vertex -0.39999999999997726 -20.125 16.948557158514987
    endloop
  endfacet
  facet normal 0 0.4305110968082704 -0.9025852843498723
    outer loop
      vertex -8 -20.02147862441398 17.00476467942383
      vertex -8 -19.91515744692055 17.05547727969585
      vertex -0.39999999999997726 -20.02147862441398 17.00476467942383
    endloop
  endfacet
  facet normal 0 0.38268343236509583 -0.9238795325112842
    outer loop
      vertex -8 -19.91515744692055 17.05547727969585
      vertex -8 -19.806327886476925 17.100555959618703
      vertex -0.39999999999997726 -19.91515744692055 17.05547727969585
    endloop
  endfacet
  facet normal 0 0.33380685923378467 -0.9426414910921735
    outer loop
      vertex -8 -19.806327886476925 17.100555959618703
      vertex -8 -19.695288237343632 17.139877161664096
      vertex -0.39999999999997726 -19.806327886476925 17.100555959618703
    endloop
  endfacet
  facet normal 0 0.2840153447039341 -0.9588197348681897
    outer loop
      vertex -8 -19.695288237343632 17.139877161664096
      vertex -8 -19.58234285148067 17.173333109150406
      vertex -0.39999999999997726 -19.695288237343632 17.139877161664096
    endloop
  endfacet
  facet normal 0 0.2334453638558893 -0.9723699203976806
    outer loop
      vertex -8 -19.58234285148067 17.173333109150406
      vertex -8 -19.467801304339957 17.200832101651063
      vertex -0.39999999999997726 -19.58234285148067 17.173333109150406
    endloop
  endfacet
  facet normal 0 0.1822355254921378 -0.9832549075639564
    outer loop
      vertex -8 -19.467801304339957 17.200832101651063
      vertex -8 -19.35197754634052 17.22229876633906
      vertex -0.39999999999997726 -19.467801304339957 17.200832101651063
    endloop
  endfacet
  facet normal 0 0.13052619222006553 -0.9914448613738086
    outer loop
      vertex -8 -19.35197754634052 17.22229876633906
      vertex -8 -19.23518904235222 17.237674264578615
      vertex -0.39999999999997726 -19.35197754634052 17.22229876633906
    endloop
  endfacet
  facet normal 0 0.0784590957278404 -0.9969173337331283
    outer loop
      vertex -8 -19.23518904235222 17.237674264578615
      vertex -8 -19.117755901546623 17.24691645319779
      vertex -0.39999999999997726 -19.23518904235222 17.237674264578615
    endloop
  endfacet
  facet normal 0 0.026176948307875245 -0.9996573249755571
    outer loop
      vertex -8 -19.117755901546623 17.24691645319779
      vertex -8 -19 17.25
      vertex -0.39999999999997726 -19.117755901546623 17.24691645319779
    endloop
  endfacet
  facet normal 0 -0.026176948307875245 -0.9996573249755571
    outer loop
      vertex -8 -19 17.25
      vertex -8 -18.882244098453377 17.24691645319779
      vertex -0.39999999999997726 -19 17.25
    endloop
  endfacet
  facet normal 0 -0.0784590957278404 -0.9969173337331283
    outer loop
      vertex -8 -18.882244098453377 17.24691645319779
      vertex -8 -18.76481095764778 17.237674264578615
      vertex -0.39999999999997726 -18.882244098453377 17.24691645319779
    endloop
  endfacet
  facet normal -4.507216925233556e-19 -0.9426414910921735 -0.33380685923378467
    outer loop
      vertex -8 -16.860122838335904 15.695288237343632
      vertex -0.39999999999997726 -16.899444040381297 15.806327886476925
      vertex -8 -16.899444040381297 15.806327886476925
    endloop
  endfacet
  facet normal 9.040203900880331e-20 -0.9238795325112864 -0.3826834323650905
    outer loop
      vertex -8 -16.899444040381297 15.806327886476925
      vertex -0.39999999999997726 -16.94452272030415 15.915157446920551
      vertex -8 -16.94452272030415 15.915157446920551
    endloop
  endfacet
  facet normal -3.271181901077284e-19 -0.9025852843498696 -0.43051109680827626
    outer loop
      vertex -8 -16.94452272030415 15.915157446920551
      vertex -0.39999999999997726 -16.99523532057617 16.02147862441398
      vertex -8 -16.99523532057617 16.02147862441398
    endloop
  endfacet
  facet normal -3.054305813628555e-19 -0.8788171126619613 -0.4771587602596161
    outer loop
      vertex -8 -16.99523532057617 16.02147862441398
      vertex -0.39999999999997726 -17.051442841485013 16.125
      vertex -8 -17.051442841485013 16.125
    endloop
  endfacet
  facet normal 0 -0.793353340291227 -0.6087614290087312
    outer loop
      vertex -8 -17.251421586721815 16.415970879862133
      vertex -8 -17.179711762656368 16.322516817658066
      vertex -0.39999999999997726 -17.251421586721815 16.415970879862133
    endloop
  endfacet
  facet normal 3.2125075024548606e-19 -0.824126188622015 -0.5664062369248337
    outer loop
      vertex -8 -17.112991222122794 16.22543782878381
      vertex -0.39999999999997726 -17.179711762656368 16.322516817658066
      vertex -8 -17.179711762656368 16.322516817658066
    endloop
  endfacet
  facet normal -2.2838892884585954e-19 -0.8526401643540991 -0.5224985647159378
    outer loop
      vertex -8 -17.051442841485013 16.125
      vertex -0.39999999999997726 -17.112991222122794 16.22543782878381
      vertex -8 -17.112991222122794 16.22543782878381
    endloop
  endfacet
  facet normal 0 -0.7253743710122734 -0.6883545756937691
    outer loop
      vertex -8 -17.40900974233027 16.59099025766973
      vertex -8 -17.32792414267586 16.50554386430743
      vertex -0.39999999999997726 -17.40900974233027 16.59099025766973
    endloop
  endfacet
  facet normal 3.2125075024548606e-19 -0.5664062369248337 -0.824126188622015
    outer loop
      vertex -8 -17.677483182341934 16.820288237343632
      vertex -0.39999999999997726 -17.77456217121619 16.887008777877206
      vertex -8 -17.77456217121619 16.887008777877206
    endloop
  endfacet
  facet normal -1.6222152618456225e-19 -0.6087614290087312 -0.793353340291227
    outer loop
      vertex -8 -17.584029120137867 16.748578413278185
      vertex -0.39999999999997726 -17.677483182341934 16.820288237343632
      vertex -8 -17.677483182341934 16.820288237343632
    endloop
  endfacet
  facet normal -2.6046325046061235e-19 -0.6883545756937691 -0.7253743710122734
    outer loop
      vertex -8 -17.40900974233027 16.59099025766973
      vertex -0.39999999999997726 -17.49445613569257 16.67207585732414
      vertex -8 -17.49445613569257 16.67207585732414
    endloop
  endfacet
  facet normal 0 -0.6494480483301786 -0.7604059656000354
    outer loop
      vertex -8 -17.584029120137867 16.748578413278185
      vertex -8 -17.49445613569257 16.67207585732414
      vertex -0.39999999999997726 -17.584029120137867 16.748578413278185
    endloop
  endfacet
  facet normal 0 -0.7604059656000354 -0.6494480483301786
    outer loop
      vertex -8 -17.32792414267586 16.50554386430743
      vertex -8 -17.251421586721815 16.415970879862133
      vertex -0.39999999999997726 -17.32792414267586 16.50554386430743
    endloop
  endfacet
  facet normal 2.88795490255989e-20 -0.9996573249755571 -0.026176948307875245
    outer loop
      vertex -8 -16.75 15
      vertex -0.39999999999997726 -16.75308354680221 15.117755901546623
      vertex -8 -16.75308354680221 15.117755901546623
    endloop
  endfacet
  facet normal 1.762382562724881e-20 -0.9969173337331282 -0.0784590957278416
    outer loop
      vertex -8 -16.75308354680221 15.117755901546623
      vertex -0.39999999999997726 -16.762325735421385 15.23518904235222
      vertex -8 -16.762325735421385 15.23518904235222
    endloop
  endfacet
  facet normal 4.242701346115026e-20 -0.9914448613738086 -0.13052619222006553
    outer loop
      vertex -8 -16.762325735421385 15.23518904235222
      vertex -0.39999999999997726 -16.77770123366094 15.35197754634052
      vertex -8 -16.77770123366094 15.35197754634052
    endloop
  endfacet
  facet normal 0 -0.9832549075639574 -0.1822355254921324
    outer loop
      vertex -8 -16.799167898348937 15.46780130433996
      vertex -8 -16.77770123366094 15.35197754634052
      vertex -0.39999999999997726 -16.799167898348937 15.46780130433996
    endloop
  endfacet
  facet normal -2.0578209999140226e-19 -0.9723699203976798 -0.23344536385589273
    outer loop
      vertex -8 -16.799167898348937 15.46780130433996
      vertex -0.39999999999997726 -16.826666890849594 15.582342851480671
      vertex -8 -16.826666890849594 15.582342851480671
    endloop
  endfacet
  facet normal 6.219881366035063e-20 -0.9588197348681897 -0.2840153447039341
    outer loop
      vertex -8 -16.826666890849594 15.582342851480671
      vertex -0.39999999999997726 -16.860122838335904 15.695288237343632
      vertex -8 -16.860122838335904 15.695288237343632
    endloop
  endfacet
  facet normal 0 -0.1822355254921378 -0.9832549075639564
    outer loop
      vertex -8 -18.64802245365948 17.22229876633906
      vertex -8 -18.532198695660043 17.200832101651063
      vertex -0.39999999999997726 -18.64802245365948 17.22229876633906
    endloop
  endfacet
  facet normal 0 -0.13052619222006553 -0.9914448613738086
    outer loop
      vertex -8 -18.76481095764778 17.237674264578615
      vertex -8 -18.64802245365948 17.22229876633906
      vertex -0.39999999999997726 -18.76481095764778 17.237674264578615
    endloop
  endfacet
  facet normal 0 -0.2334453638558893 -0.9723699203976806
    outer loop
      vertex -8 -18.532198695660043 17.200832101651063
      vertex -8 -18.41765714851933 17.173333109150406
      vertex -0.39999999999997726 -18.532198695660043 17.200832101651063
    endloop
  endfacet
  facet normal 0 -0.2840153447039341 -0.9588197348681897
    outer loop
      vertex -8 -18.41765714851933 17.173333109150406
      vertex -8 -18.304711762656368 17.139877161664096
      vertex -0.39999999999997726 -18.41765714851933 17.173333109150406
    endloop
  endfacet
  facet normal 0 -0.4305110968082704 -0.9025852843498723
    outer loop
      vertex -8 -18.08484255307945 17.05547727969585
      vertex -8 -17.97852137558602 17.00476467942383
      vertex -0.39999999999997726 -18.08484255307945 17.05547727969585
    endloop
  endfacet
  facet normal 0 -0.38268343236509583 -0.9238795325112842
    outer loop
      vertex -8 -18.193672113523075 17.100555959618703
      vertex -8 -18.08484255307945 17.05547727969585
      vertex -0.39999999999997726 -18.193672113523075 17.100555959618703
    endloop
  endfacet
  facet normal 0 -0.4771587602596161 -0.8788171126619613
    outer loop
      vertex -8 -17.97852137558602 17.00476467942383
      vertex -8 -17.875 16.948557158514987
      vertex -0.39999999999997726 -17.97852137558602 17.00476467942383
    endloop
  endfacet
  facet normal 0 -0.5224985647159378 -0.8526401643540991
    outer loop
      vertex -8 -17.875 16.948557158514987
      vertex -8 -17.77456217121619 16.887008777877206
      vertex -0.39999999999997726 -17.875 16.948557158514987
    endloop
  endfacet
  facet normal -4.507216925233556e-19 -0.33380685923378467 -0.9426414910921735
    outer loop
      vertex -8 -18.193672113523075 17.100555959618703
      vertex -0.39999999999997726 -18.304711762656368 17.139877161664096
      vertex -8 -18.304711762656368 17.139877161664096
    endloop
  endfacet
  facet normal -0.991444858128 -0.13052621687442656 0
    outer loop
      vertex -7.963065020740032 -22.469303391873837 30
      vertex -7.98356568813324 -22.31358539313078 30
      vertex -7.963065020740032 -22.469303391873837 0.2
    endloop
  endfacet
  facet normal -0.9969173342738784 -0.07845908885695775 0
    outer loop
      vertex -7.98356568813324 -22.31358539313078 30
      vertex -7.995888605713844 -22.15700786560774 30
      vertex -7.98356568813324 -22.31358539313078 0.2
    endloop
  endfacet
  facet normal -0.9996573252035448 -0.026176939601381184 0
    outer loop
      vertex -7.995888605713844 -22.15700786560774 30
      vertex -8 -22 30
      vertex -7.995888605713844 -22.15700786560774 0.2
    endloop
  endfacet
  facet normal -1 0 0
    outer loop
      vertex -8 -21.24691645319779 14.882244098453377
      vertex -8 -22 30
      vertex -8 -21.25 15
    endloop
  endfacet
  facet normal -1 0 0
    outer loop
      vertex -8 -21.25 15
      vertex -8 -22 30
      vertex -8 -21.24691645319779 15.117755901546623
    endloop
  endfacet
  facet normal -1 0 0
    outer loop
      vertex -8 -21.24691645319779 15.117755901546623
      vertex -8 -22 30
      vertex -8 -21.237674264578615 15.23518904235222
    endloop
  endfacet
  facet normal -1 0 0
    outer loop
      vertex -8 -21.237674264578615 15.23518904235222
      vertex -8 -22 30
      vertex -8 -21.22229876633906 15.35197754634052
    endloop
  endfacet
  facet normal -1 0 0
    outer loop
      vertex -8 -21.22229876633906 15.35197754634052
      vertex -8 -22 30
      vertex -8 -21.200832101651063 15.46780130433996
    endloop
  endfacet
  facet normal -1 0 0
    outer loop
      vertex -8 -21.200832101651063 15.46780130433996
      vertex -8 -22 30
      vertex -8 -21.173333109150406 15.582342851480671
    endloop
  endfacet
  facet normal -1 0 0
    outer loop
      vertex -8 -21.173333109150406 15.582342851480671
      vertex -8 -22 30
      vertex -8 -21.139877161664096 15.695288237343632
    endloop
  endfacet
  facet normal -1 0 0
    outer loop
      vertex -8 -21.139877161664096 15.695288237343632
      vertex -8 -22 30
      vertex -8 -21.100555959618703 15.806327886476925
    endloop
  endfacet
  facet normal -1 0 0
    outer loop
      vertex -8 -21.100555959618703 15.806327886476925
      vertex -8 -22 30
      vertex -8 -21.05547727969585 15.915157446920551
    endloop
  endfacet
  facet normal -1 0 0
    outer loop
      vertex -8 -21.05547727969585 15.915157446920551
      vertex -8 -22 30
      vertex -8 -21.00476467942383 16.02147862441398
    endloop
  endfacet
  facet normal -1 0 0
    outer loop
      vertex -8 -21.00476467942383 16.02147862441398
      vertex -8 -22 30
      vertex -8 -20.948557158514987 16.125
    endloop
  endfacet
  facet normal -1 0 0
    outer loop
      vertex -8 -20.948557158514987 16.125
      vertex -8 -22 30
      vertex -8 -20.887008777877206 16.22543782878381
    endloop
  endfacet
  facet normal -1 0 0
    outer loop
      vertex -8 -20.887008777877206 16.22543782878381
      vertex -8 -22 30
      vertex -8 -20.820288237343632 16.322516817658066
    endloop
  endfacet
  facet normal -1 0 0
    outer loop
      vertex -8 -20.820288237343632 16.322516817658066
      vertex -8 -22 30
      vertex -8 -20.748578413278185 16.415970879862133
    endloop
  endfacet
  facet normal -1 0 0
    outer loop
      vertex -8 -20.748578413278185 16.415970879862133
      vertex -8 -22 30
      vertex -8 -20.67207585732414 16.50554386430743
    endloop
  endfacet
  facet normal -1 0 0
    outer loop
      vertex -8 -20.67207585732414 16.50554386430743
      vertex -8 -22 30
      vertex -8 -20.59099025766973 16.59099025766973
    endloop
  endfacet
  facet normal -1 0 0
    outer loop
      vertex -8 -20.59099025766973 16.59099025766973
      vertex -8 -22 30
      vertex -8 -20.50554386430743 16.67207585732414
    endloop
  endfacet
  facet normal -1 0 0
    outer loop
      vertex -8 -20.50554386430743 16.67207585732414
      vertex -8 -22 30
      vertex -8 -20.415970879862133 16.748578413278185
    endloop
  endfacet
  facet normal -1 0 0
    outer loop
      vertex -8 -20.415970879862133 16.748578413278185
      vertex -8 -22 30
      vertex -8 -20.322516817658066 16.820288237343632
    endloop
  endfacet
  facet normal -1 0 0
    outer loop
      vertex -8 -20.322516817658066 16.820288237343632
      vertex -8 -22 30
      vertex -8 -20.22543782878381 16.887008777877206
    endloop
  endfacet
  facet normal -1 0 0
    outer loop
      vertex -8 -20.22543782878381 16.887008777877206
      vertex -8 -22 30
      vertex -8 -20.125 16.948557158514987
    endloop
  endfacet
  facet normal -1 0 0
    outer loop
      vertex -8 -20.125 16.948557158514987
      vertex -8 -22 30
      vertex -8 -20.02147862441398 17.00476467942383
    endloop
  endfacet
  facet normal -1 0 0
    outer loop
      vertex -8 -20.02147862441398 17.00476467942383
      vertex -8 -22 30
      vertex -8 -19.91515744692055 17.05547727969585
    endloop
  endfacet
  facet normal -1 0 0
    outer loop
      vertex -8 -19.91515744692055 17.05547727969585
      vertex -8 -22 30
      vertex -8 -19.806327886476925 17.100555959618703
    endloop
  endfacet
  facet normal -1 0 0
    outer loop
      vertex -8 -19.806327886476925 17.100555959618703
      vertex -8 -22 30
      vertex -8 -19.695288237343632 17.139877161664096
    endloop
  endfacet
  facet normal -1 0 0
    outer loop
      vertex -8 -19.695288237343632 17.139877161664096
      vertex -8 -22 30
      vertex -8 -19.58234285148067 17.173333109150406
    endloop
  endfacet
  facet normal -1 0 0
    outer loop
      vertex -8 -19.58234285148067 17.173333109150406
      vertex -8 -22 30
      vertex -8 -19.467801304339957 17.200832101651063
    endloop
  endfacet
  facet normal -1 0 0
    outer loop
      vertex -8 -19.467801304339957 17.200832101651063
      vertex -8 -22 30
      vertex -8 -19.35197754634052 17.22229876633906
    endloop
  endfacet
  facet normal -1 0 0
    outer loop
      vertex -8 -19.35197754634052 17.22229876633906
      vertex -8 -22 30
      vertex -8 -19.23518904235222 17.237674264578615
    endloop
  endfacet
  facet normal -1 0 0
    outer loop
      vertex -8 -19.23518904235222 17.237674264578615
      vertex -8 -22 30
      vertex -8 -19.117755901546623 17.24691645319779
    endloop
  endfacet
  facet normal -1 0 0
    outer loop
      vertex -8 -19.117755901546623 17.24691645319779
      vertex -8 -22 30
      vertex -8 -19 17.25
    endloop
  endfacet
  facet normal -1 0 0
    outer loop
      vertex -8 -19 17.25
      vertex -8 -22 30
      vertex -8 -18.882244098453377 17.24691645319779
    endloop
  endfacet
  facet normal -1 0 0
    outer loop
      vertex -8 -18.882244098453377 17.24691645319779
      vertex -8 -22 30
      vertex -8 -18.76481095764778 17.237674264578615
    endloop
  endfacet
  facet normal -1 0 0
    outer loop
      vertex -8 -18.76481095764778 17.237674264578615
      vertex -8 -22 30
      vertex -8 -18.64802245365948 17.22229876633906
    endloop
  endfacet
  facet normal -1 0 0
    outer loop
      vertex -8 -16.75308354680221 15.117755901546623
      vertex -8 -16.762325735421385 15.23518904235222
      vertex -8 -16 30
    endloop
  endfacet
  facet normal -0.9996573252035448 0.026176939601381184 0
    outer loop
      vertex -8 -16 30
      vertex -7.995888605713844 -15.842992134392262 30
      vertex -8 -16 0.2
    endloop
  endfacet
  facet normal -1 0 0
    outer loop
      vertex -8 -16.799167898348937 15.46780130433996
      vertex -8 -16 30
      vertex -8 -16.77770123366094 15.35197754634052
    endloop
  endfacet
  facet normal -1 0 0
    outer loop
      vertex -8 -16.762325735421385 15.23518904235222
      vertex -8 -16.77770123366094 15.35197754634052
      vertex -8 -16 30
    endloop
  endfacet
  facet normal -1 0 0
    outer loop
      vertex -8 -16.799167898348937 15.46780130433996
      vertex -8 -16.826666890849594 15.582342851480671
      vertex -8 -16 30
    endloop
  endfacet
  facet normal -1 0 0
    outer loop
      vertex -8 -16.826666890849594 15.582342851480671
      vertex -8 -16.860122838335904 15.695288237343632
      vertex -8 -16 30
    endloop
  endfacet
  facet normal -1 0 0
    outer loop
      vertex -8 -16.860122838335904 15.695288237343632
      vertex -8 -16.899444040381297 15.806327886476925
      vertex -8 -16 30
    endloop
  endfacet
  facet normal -1 0 0
    outer loop
      vertex -8 -16.899444040381297 15.806327886476925
      vertex -8 -16.94452272030415 15.915157446920551
      vertex -8 -16 30
    endloop
  endfacet
  facet normal -0.9969173342738784 0.07845908885695775 0
    outer loop
      vertex -7.995888605713844 -15.842992134392262 30
      vertex -7.98356568813324 -15.68641460686922 30
      vertex -7.995888605713844 -15.842992134392262 0.2
    endloop
  endfacet
  facet normal -0.991444858128 0.13052621687442656 0
    outer loop
      vertex -7.98356568813324 -15.68641460686922 30
      vertex -7.963065020740032 -15.530696608126163 30
      vertex -7.98356568813324 -15.68641460686922 0.2
    endloop
  endfacet
  facet normal -0.9832549101845729 0.1822355113525557 0
    outer loop
      vertex -7.963065020740032 -15.530696608126163 30
      vertex -7.934442803263664 -15.376264929771423 30
      vertex -7.963065020740032 -15.530696608126163 0.2
    endloop
  endfacet
  facet normal -0.9723699157063979 0.2334453833964867 0
    outer loop
      vertex -7.934442803263664 -15.376264929771423 30
      vertex -7.89777747541666 -15.223542861640453 30
      vertex -7.934442803263664 -15.376264929771423 0.2
    endloop
  endfacet
  facet normal -0.9588197346341912 0.28401534549389984 0
    outer loop
      vertex -7.89777747541666 -15.223542861640453 30
      vertex -7.853169545531273 -15.072949014604092 30
      vertex -7.89777747541666 -15.223542861640453 0.2
    endloop
  endfacet
  facet normal -0.9426414928622097 0.3338068542353567 0
    outer loop
      vertex -7.853169545531273 -15.072949014604092 30
      vertex -7.8007412776350975 -14.924896150827408 30
      vertex -7.853169545531273 -15.072949014604092 0.2
    endloop
  endfacet
  facet normal -1 0 0
    outer loop
      vertex -8 -17.40900974233027 16.59099025766973
      vertex -8 -16 30
      vertex -8 -17.32792414267586 16.50554386430743
    endloop
  endfacet
  facet normal -1 0 0
    outer loop
      vertex -8 -17.40900974233027 16.59099025766973
      vertex -8 -17.49445613569257 16.67207585732414
      vertex -8 -16 30
    endloop
  endfacet
  facet normal -1 0 0
    outer loop
      vertex -8 -18.64802245365948 17.22229876633906
      vertex -8 -16 30
      vertex -8 -18.532198695660043 17.200832101651063
    endloop
  endfacet
  facet normal -1 0 0
    outer loop
      vertex -8 -18.532198695660043 17.200832101651063
      vertex -8 -16 30
      vertex -8 -18.41765714851933 17.173333109150406
    endloop
  endfacet
  facet normal -1 0 0
    outer loop
      vertex -8 -18.41765714851933 17.173333109150406
      vertex -8 -16 30
      vertex -8 -18.304711762656368 17.139877161664096
    endloop
  endfacet
  facet normal -1 0 0
    outer loop
      vertex -8 -18.193672113523075 17.100555959618703
      vertex -8 -18.304711762656368 17.139877161664096
      vertex -8 -16 30
    endloop
  endfacet
  facet normal -1 0 0
    outer loop
      vertex -8 -18.193672113523075 17.100555959618703
      vertex -8 -16 30
      vertex -8 -18.08484255307945 17.05547727969585
    endloop
  endfacet
  facet normal -1 0 0
    outer loop
      vertex -8 -18.08484255307945 17.05547727969585
      vertex -8 -16 30
      vertex -8 -17.97852137558602 17.00476467942383
    endloop
  endfacet
  facet normal -1 0 0
    outer loop
      vertex -8 -17.97852137558602 17.00476467942383
      vertex -8 -16 30
      vertex -8 -17.875 16.948557158514987
    endloop
  endfacet
  facet normal -1 0 0
    outer loop
      vertex -8 -17.677483182341934 16.820288237343632
      vertex -8 -17.77456217121619 16.887008777877206
      vertex -8 -16 30
    endloop
  endfacet
  facet normal -1 0 0
    outer loop
      vertex -8 -17.875 16.948557158514987
      vertex -8 -16 30
      vertex -8 -17.77456217121619 16.887008777877206
    endloop
  endfacet
  facet normal -1 0 0
    outer loop
      vertex -8 -17.584029120137867 16.748578413278185
      vertex -8 -16 30
      vertex -8 -17.49445613569257 16.67207585732414
    endloop
  endfacet
  facet normal -1 0 0
    outer loop
      vertex -8 -17.584029120137867 16.748578413278185
      vertex -8 -17.677483182341934 16.820288237343632
      vertex -8 -16 30
    endloop
  endfacet
  facet normal -1 0 0
    outer loop
      vertex -8 -16.94452272030415 15.915157446920551
      vertex -8 -16.99523532057617 16.02147862441398
      vertex -8 -16 30
    endloop
  endfacet
  facet normal -1 0 0
    outer loop
      vertex -8 -16.99523532057617 16.02147862441398
      vertex -8 -17.051442841485013 16.125
      vertex -8 -16 30
    endloop
  endfacet
  facet normal -1 0 0
    outer loop
      vertex -8 -17.112991222122794 16.22543782878381
      vertex -8 -17.179711762656368 16.322516817658066
      vertex -8 -16 30
    endloop
  endfacet
  facet normal -1 0 0
    outer loop
      vertex -8 -17.051442841485013 16.125
      vertex -8 -17.112991222122794 16.22543782878381
      vertex -8 -16 30
    endloop
  endfacet
  facet normal -1 0 0
    outer loop
      vertex -8 -17.251421586721815 16.415970879862133
      vertex -8 -16 30
      vertex -8 -17.179711762656368 16.322516817658066
    endloop
  endfacet
  facet normal -1 0 0
    outer loop
      vertex -8 -17.32792414267586 16.50554386430743
      vertex -8 -16 30
      vertex -8 -17.251421586721815 16.415970879862133
    endloop
  endfacet
  facet normal 0 -1 0
    outer loop
      vertex -5 -25 30
      vertex -5 -25 0.2
      vertex -0.39999999999997726 -25 16.199999999999932
    endloop
  endfacet
  facet normal 0 0.9996573249755571 -0.026176948307875245
    outer loop
      vertex -8 -21.24691645319779 15.117755901546623
      vertex -0.39999999999997726 -21.24691645319779 15.117755901546623
      vertex -0.39999999999997726 -21.25 15
    endloop
  endfacet
  facet normal 0 0.9969173337331282 -0.0784590957278416
    outer loop
      vertex -8 -21.237674264578615 15.23518904235222
      vertex -0.39999999999997726 -21.237674264578615 15.23518904235222
      vertex -0.39999999999997726 -21.24691645319779 15.117755901546623
    endloop
  endfacet
  facet normal 0 0.9914448613738086 -0.13052619222006553
    outer loop
      vertex -8 -21.22229876633906 15.35197754634052
      vertex -0.39999999999997726 -21.22229876633906 15.35197754634052
      vertex -0.39999999999997726 -21.237674264578615 15.23518904235222
    endloop
  endfacet
  facet normal 0 0.9832549075639574 -0.1822355254921324
    outer loop
      vertex -8 -21.200832101651063 15.46780130433996
      vertex -0.39999999999997726 -21.200832101651063 15.46780130433996
      vertex -0.39999999999997726 -21.22229876633906 15.35197754634052
    endloop
  endfacet
  facet normal 0 0.9723699203976798 -0.23344536385589273
    outer loop
      vertex -8 -21.173333109150406 15.582342851480671
      vertex -0.39999999999997726 -21.173333109150406 15.582342851480671
      vertex -0.39999999999997726 -21.200832101651063 15.46780130433996
    endloop
  endfacet
  facet normal 0 0.9588197348681897 -0.2840153447039341
    outer loop
      vertex -8 -21.139877161664096 15.695288237343632
      vertex -0.39999999999997726 -21.139877161664096 15.695288237343632
      vertex -0.39999999999997726 -21.173333109150406 15.582342851480671
    endloop
  endfacet
  facet normal 0 0.9426414910921735 -0.33380685923378467
    outer loop
      vertex -8 -21.100555959618703 15.806327886476925
      vertex -0.39999999999997726 -21.100555959618703 15.806327886476925
      vertex -0.39999999999997726 -21.139877161664096 15.695288237343632
    endloop
  endfacet
  facet normal 0 0.9238795325112864 -0.3826834323650905
    outer loop
      vertex -8 -21.05547727969585 15.915157446920551
      vertex -0.39999999999997726 -21.05547727969585 15.915157446920551
      vertex -0.39999999999997726 -21.100555959618703 15.806327886476925
    endloop
  endfacet
  facet normal 0 0.9025852843498696 -0.43051109680827626
    outer loop
      vertex -8 -21.00476467942383 16.02147862441398
      vertex -0.39999999999997726 -21.00476467942383 16.02147862441398
      vertex -0.39999999999997726 -21.05547727969585 15.915157446920551
    endloop
  endfacet
  facet normal 0 0.8788171126619613 -0.4771587602596161
    outer loop
      vertex -8 -20.948557158514987 16.125
      vertex -0.39999999999997726 -20.948557158514987 16.125
      vertex -0.39999999999997726 -21.00476467942383 16.02147862441398
    endloop
  endfacet
  facet normal 0 0.8526401643540991 -0.5224985647159378
    outer loop
      vertex -8 -20.887008777877206 16.22543782878381
      vertex -0.39999999999997726 -20.887008777877206 16.22543782878381
      vertex -0.39999999999997726 -20.948557158514987 16.125
    endloop
  endfacet
  facet normal 0 0.824126188622015 -0.5664062369248337
    outer loop
      vertex -8 -20.820288237343632 16.322516817658066
      vertex -0.39999999999997726 -20.820288237343632 16.322516817658066
      vertex -0.39999999999997726 -20.887008777877206 16.22543782878381
    endloop
  endfacet
  facet normal 0 0.793353340291227 -0.6087614290087312
    outer loop
      vertex -8 -20.748578413278185 16.415970879862133
      vertex -0.39999999999997726 -20.748578413278185 16.415970879862133
      vertex -0.39999999999997726 -20.820288237343632 16.322516817658066
    endloop
  endfacet
  facet normal 0 0.7604059656000354 -0.6494480483301786
    outer loop
      vertex -8 -20.67207585732414 16.50554386430743
      vertex -0.39999999999997726 -20.67207585732414 16.50554386430743
      vertex -0.39999999999997726 -20.748578413278185 16.415970879862133
    endloop
  endfacet
  facet normal 0 0.7253743710122734 -0.6883545756937691
    outer loop
      vertex -8 -20.59099025766973 16.59099025766973
      vertex -0.39999999999997726 -20.59099025766973 16.59099025766973
      vertex -0.39999999999997726 -20.67207585732414 16.50554386430743
    endloop
  endfacet
  facet normal 0 0.6883545756937691 -0.7253743710122734
    outer loop
      vertex -8 -20.50554386430743 16.67207585732414
      vertex -0.39999999999997726 -20.50554386430743 16.67207585732414
      vertex -0.39999999999997726 -20.59099025766973 16.59099025766973
    endloop
  endfacet
  facet normal 0 0.6494480483301786 -0.7604059656000354
    outer loop
      vertex -8 -20.415970879862133 16.748578413278185
      vertex -0.39999999999997726 -20.415970879862133 16.748578413278185
      vertex -0.39999999999997726 -20.50554386430743 16.67207585732414
    endloop
  endfacet
  facet normal 0 0.6087614290087312 -0.793353340291227
    outer loop
      vertex -8 -20.322516817658066 16.820288237343632
      vertex -0.39999999999997726 -20.322516817658066 16.820288237343632
      vertex -0.39999999999997726 -20.415970879862133 16.748578413278185
    endloop
  endfacet
  facet normal 0 0.5664062369248337 -0.824126188622015
    outer loop
      vertex -8 -20.22543782878381 16.887008777877206
      vertex -0.39999999999997726 -20.22543782878381 16.887008777877206
      vertex -0.39999999999997726 -20.322516817658066 16.820288237343632
    endloop
  endfacet
  facet normal 0 0.5224985647159378 -0.8526401643540991
    outer loop
      vertex -8 -20.125 16.948557158514987
      vertex -0.39999999999997726 -20.125 16.948557158514987
      vertex -0.39999999999997726 -20.22543782878381 16.887008777877206
    endloop
  endfacet
  facet normal 0 0.4771587602596161 -0.8788171126619613
    outer loop
      vertex -8 -20.02147862441398 17.00476467942383
      vertex -0.39999999999997726 -20.02147862441398 17.00476467942383
      vertex -0.39999999999997726 -20.125 16.948557158514987
    endloop
  endfacet
  facet normal 0 0.4305110968082704 -0.9025852843498723
    outer loop
      vertex -8 -19.91515744692055 17.05547727969585
      vertex -0.39999999999997726 -19.91515744692055 17.05547727969585
      vertex -0.39999999999997726 -20.02147862441398 17.00476467942383
    endloop
  endfacet
  facet normal 0 0.38268343236509583 -0.9238795325112842
    outer loop
      vertex -8 -19.806327886476925 17.100555959618703
      vertex -0.39999999999997726 -19.806327886476925 17.100555959618703
      vertex -0.39999999999997726 -19.91515744692055 17.05547727969585
    endloop
  endfacet
  facet normal 0 0.33380685923378467 -0.9426414910921735
    outer loop
      vertex -8 -19.695288237343632 17.139877161664096
      vertex -0.39999999999997726 -19.695288237343632 17.139877161664096
      vertex -0.39999999999997726 -19.806327886476925 17.100555959618703
    endloop
  endfacet
  facet normal 0 0.2840153447039341 -0.9588197348681897
    outer loop
      vertex -8 -19.58234285148067 17.173333109150406
      vertex -0.39999999999997726 -19.58234285148067 17.173333109150406
      vertex -0.39999999999997726 -19.695288237343632 17.139877161664096
    endloop
  endfacet
  facet normal 0 0.2334453638558893 -0.9723699203976806
    outer loop
      vertex -8 -19.467801304339957 17.200832101651063
      vertex -0.39999999999997726 -19.467801304339957 17.200832101651063
      vertex -0.39999999999997726 -19.58234285148067 17.173333109150406
    endloop
  endfacet
  facet normal 0 0.1822355254921378 -0.9832549075639564
    outer loop
      vertex -8 -19.35197754634052 17.22229876633906
      vertex -0.39999999999997726 -19.35197754634052 17.22229876633906
      vertex -0.39999999999997726 -19.467801304339957 17.200832101651063
    endloop
  endfacet
  facet normal 0 0.13052619222006553 -0.9914448613738086
    outer loop
      vertex -8 -19.23518904235222 17.237674264578615
      vertex -0.39999999999997726 -19.23518904235222 17.237674264578615
      vertex -0.39999999999997726 -19.35197754634052 17.22229876633906
    endloop
  endfacet
  facet normal 0 0.0784590957278404 -0.9969173337331283
    outer loop
      vertex -8 -19.117755901546623 17.24691645319779
      vertex -0.39999999999997726 -19.117755901546623 17.24691645319779
      vertex -0.39999999999997726 -19.23518904235222 17.237674264578615
    endloop
  endfacet
  facet normal 0 0.026176948307875245 -0.9996573249755571
    outer loop
      vertex -8 -19 17.25
      vertex -0.39999999999997726 -19 17.25
      vertex -0.39999999999997726 -19.117755901546623 17.24691645319779
    endloop
  endfacet
  facet normal 0 -0.026176948307875245 -0.9996573249755571
    outer loop
      vertex -8 -18.882244098453377 17.24691645319779
      vertex -0.39999999999997726 -18.882244098453377 17.24691645319779
      vertex -0.39999999999997726 -19 17.25
    endloop
  endfacet
  facet normal 0 -0.0784590957278404 -0.9969173337331283
    outer loop
      vertex -8 -18.76481095764778 17.237674264578615
      vertex -0.39999999999997726 -18.76481095764778 17.237674264578615
      vertex -0.39999999999997726 -18.882244098453377 17.24691645319779
    endloop
  endfacet
  facet normal 0 -0.9238795325112864 -0.3826834323650905
    outer loop
      vertex -8 -16.899444040381297 15.806327886476925
      vertex -0.39999999999997726 -16.899444040381297 15.806327886476925
      vertex -0.39999999999997726 -16.94452272030415 15.915157446920551
    endloop
  endfacet
  facet normal 0 -0.9025852843498696 -0.43051109680827626
    outer loop
      vertex -8 -16.94452272030415 15.915157446920551
      vertex -0.39999999999997726 -16.94452272030415 15.915157446920551
      vertex -0.39999999999997726 -16.99523532057617 16.02147862441398
    endloop
  endfacet
  facet normal 0 -0.8788171126619613 -0.4771587602596161
    outer loop
      vertex -8 -16.99523532057617 16.02147862441398
      vertex -0.39999999999997726 -16.99523532057617 16.02147862441398
      vertex -0.39999999999997726 -17.051442841485013 16.125
    endloop
  endfacet
  facet normal 0 -0.8526401643540991 -0.5224985647159378
    outer loop
      vertex -8 -17.051442841485013 16.125
      vertex -0.39999999999997726 -17.051442841485013 16.125
      vertex -0.39999999999997726 -17.112991222122794 16.22543782878381
    endloop
  endfacet
  facet normal 0 -0.824126188622015 -0.5664062369248337
    outer loop
      vertex -8 -17.112991222122794 16.22543782878381
      vertex -0.39999999999997726 -17.112991222122794 16.22543782878381
      vertex -0.39999999999997726 -17.179711762656368 16.322516817658066
    endloop
  endfacet
  facet normal 0 -0.793353340291227 -0.6087614290087312
    outer loop
      vertex -8 -17.179711762656368 16.322516817658066
      vertex -0.39999999999997726 -17.179711762656368 16.322516817658066
      vertex -0.39999999999997726 -17.251421586721815 16.415970879862133
    endloop
  endfacet
  facet normal 0 -0.7253743710122734 -0.6883545756937691
    outer loop
      vertex -8 -17.32792414267586 16.50554386430743
      vertex -0.39999999999997726 -17.32792414267586 16.50554386430743
      vertex -0.39999999999997726 -17.40900974233027 16.59099025766973
    endloop
  endfacet
  facet normal 0 -0.6883545756937691 -0.7253743710122734
    outer loop
      vertex -8 -17.40900974233027 16.59099025766973
      vertex -0.39999999999997726 -17.40900974233027 16.59099025766973
      vertex -0.39999999999997726 -17.49445613569257 16.67207585732414
    endloop
  endfacet
  facet normal 0 -0.5664062369248337 -0.824126188622015
    outer loop
      vertex -8 -17.677483182341934 16.820288237343632
      vertex -0.39999999999997726 -17.677483182341934 16.820288237343632
      vertex -0.39999999999997726 -17.77456217121619 16.887008777877206
    endloop
  endfacet
  facet normal 0 -0.6087614290087312 -0.793353340291227
    outer loop
      vertex -8 -17.584029120137867 16.748578413278185
      vertex -0.39999999999997726 -17.584029120137867 16.748578413278185
      vertex -0.39999999999997726 -17.677483182341934 16.820288237343632
    endloop
  endfacet
  facet normal 0 -0.6494480483301786 -0.7604059656000354
    outer loop
      vertex -8 -17.49445613569257 16.67207585732414
      vertex -0.39999999999997726 -17.49445613569257 16.67207585732414
      vertex -0.39999999999997726 -17.584029120137867 16.748578413278185
    endloop
  endfacet
  facet normal 0 -0.7604059656000354 -0.6494480483301786
    outer loop
      vertex -8 -17.251421586721815 16.415970879862133
      vertex -0.39999999999997726 -17.251421586721815 16.415970879862133
      vertex -0.39999999999997726 -17.32792414267586 16.50554386430743
    endloop
  endfacet
  facet normal 0 -0.9996573249755571 -0.026176948307875245
    outer loop
      vertex -8 -16.75 15
      vertex -0.39999999999997726 -16.75 15
      vertex -0.39999999999997726 -16.75308354680221 15.117755901546623
    endloop
  endfacet
  facet normal 0 -0.9969173337331282 -0.0784590957278416
    outer loop
      vertex -8 -16.75308354680221 15.117755901546623
      vertex -0.39999999999997726 -16.75308354680221 15.117755901546623
      vertex -0.39999999999997726 -16.762325735421385 15.23518904235222
    endloop
  endfacet
  facet normal 0 -0.9914448613738086 -0.13052619222006553
    outer loop
      vertex -8 -16.762325735421385 15.23518904235222
      vertex -0.39999999999997726 -16.762325735421385 15.23518904235222
      vertex -0.39999999999997726 -16.77770123366094 15.35197754634052
    endloop
  endfacet
  facet normal 0 -0.9832549075639574 -0.1822355254921324
    outer loop
      vertex -8 -16.77770123366094 15.35197754634052
      vertex -0.39999999999997726 -16.77770123366094 15.35197754634052
      vertex -0.39999999999997726 -16.799167898348937 15.46780130433996
    endloop
  endfacet
  facet normal 0 -0.9723699203976798 -0.23344536385589273
    outer loop
      vertex -8 -16.799167898348937 15.46780130433996
      vertex -0.39999999999997726 -16.799167898348937 15.46780130433996
      vertex -0.39999999999997726 -16.826666890849594 15.582342851480671
    endloop
  endfacet
  facet normal 0 -0.9588197348681897 -0.2840153447039341
    outer loop
      vertex -8 -16.826666890849594 15.582342851480671
      vertex -0.39999999999997726 -16.826666890849594 15.582342851480671
      vertex -0.39999999999997726 -16.860122838335904 15.695288237343632
    endloop
  endfacet
  facet normal 0 -0.9426414910921735 -0.33380685923378467
    outer loop
      vertex -8 -16.860122838335904 15.695288237343632
      vertex -0.39999999999997726 -16.860122838335904 15.695288237343632
      vertex -0.39999999999997726 -16.899444040381297 15.806327886476925
    endloop
  endfacet
  facet normal 0 -0.1822355254921378 -0.9832549075639564
    outer loop
      vertex -8 -18.532198695660043 17.200832101651063
      vertex -0.39999999999997726 -18.532198695660043 17.200832101651063
      vertex -0.39999999999997726 -18.64802245365948 17.22229876633906
    endloop
  endfacet
  facet normal 0 -0.13052619222006553 -0.9914448613738086
    outer loop
      vertex -8 -18.64802245365948 17.22229876633906
      vertex -0.39999999999997726 -18.64802245365948 17.22229876633906
      vertex -0.39999999999997726 -18.76481095764778 17.237674264578615
    endloop
  endfacet
  facet normal 0 -0.2334453638558893 -0.9723699203976806
    outer loop
      vertex -8 -18.41765714851933 17.173333109150406
      vertex -0.39999999999997726 -18.41765714851933 17.173333109150406
      vertex -0.39999999999997726 -18.532198695660043 17.200832101651063
    endloop
  endfacet
  facet normal 0 -0.2840153447039341 -0.9588197348681897
    outer loop
      vertex -8 -18.304711762656368 17.139877161664096
      vertex -0.39999999999997726 -18.304711762656368 17.139877161664096
      vertex -0.39999999999997726 -18.41765714851933 17.173333109150406
    endloop
  endfacet
  facet normal 0 -0.38268343236509583 -0.9238795325112842
    outer loop
      vertex -8 -18.08484255307945 17.05547727969585
      vertex -0.39999999999997726 -18.08484255307945 17.05547727969585
      vertex -0.39999999999997726 -18.193672113523075 17.100555959618703
    endloop
  endfacet
  facet normal 0 -0.4771587602596161 -0.8788171126619613
    outer loop
      vertex -8 -17.875 16.948557158514987
      vertex -0.39999999999997726 -17.875 16.948557158514987
      vertex -0.39999999999997726 -17.97852137558602 17.00476467942383
    endloop
  endfacet
  facet normal 0 -0.4305110968082704 -0.9025852843498723
    outer loop
      vertex -8 -17.97852137558602 17.00476467942383
      vertex -0.39999999999997726 -17.97852137558602 17.00476467942383
      vertex -0.39999999999997726 -18.08484255307945 17.05547727969585
    endloop
  endfacet
  facet normal 0 -0.33380685923378467 -0.9426414910921735
    outer loop
      vertex -8 -18.193672113523075 17.100555959618703
      vertex -0.39999999999997726 -18.193672113523075 17.100555959618703
      vertex -0.39999999999997726 -18.304711762656368 17.139877161664096
    endloop
  endfacet
  facet normal 0 -0.5224985647159378 -0.8526401643540991
    outer loop
      vertex -8 -17.77456217121619 16.887008777877206
      vertex -0.39999999999997726 -17.77456217121619 16.887008777877206
      vertex -0.39999999999997726 -17.875 16.948557158514987
    endloop
  endfacet
  facet normal -1 0 0
    outer loop
      vertex -8 -18.64802245365948 17.22229876633906
      vertex -8 -22 30
      vertex -8 -16 30
    endloop
  endfacet
  facet normal 0 0 1
    outer loop
      vertex -7.934442803263664 -15.376264929771423 30
      vertex -4.945568737884829 -15.167380401795253 30
      vertex -7.89777747541666 -15.223542861640453 30
    endloop
  endfacet
  facet normal 0 0 1
    outer loop
      vertex -7.89777747541666 -15.223542861640453 30
      vertex -4.945568737884829 -15.167380401795253 30
      vertex -7.853169545531273 -15.072949014604092 30
    endloop
  endfacet
  facet normal 0 0 1
    outer loop
      vertex -7.963065020740032 -15.530696608126163 30
      vertex -4.14201347966192 -15.420109151906825 30
      vertex -7.934442803263664 -15.376264929771423 30
    endloop
  endfacet
  facet normal 0 0 1
    outer loop
      vertex -7.8007412776350975 -23.075103849172592 30
      vertex -7.740636371076107 -23.220209926366806 30
      vertex -0.39999999999997726 -15.850893784635092 30
    endloop
  endfacet
  facet normal 0 0 1
    outer loop
      vertex -7.598076209425926 -23.5 30
      vertex -0.39999999999997726 -15.850893784635092 30
      vertex -7.673019573092461 -23.361971497535706 30
    endloop
  endfacet
  facet normal 0 0 1
    outer loop
      vertex -7.740636371076107 -23.220209926366806 30
      vertex -7.673019573092461 -23.361971497535706 30
      vertex -0.39999999999997726 -15.850893784635092 30
    endloop
  endfacet
  facet normal 0 0 1
    outer loop
      vertex -7.427050985395908 -23.763355754315853 30
      vertex -7.331437885761261 -23.88796117156744 30
      vertex -0.39999999999997726 -15.850893784635092 30
    endloop
  endfacet
  facet normal 0 0 1
    outer loop
      vertex -7.598076209425926 -23.5 30
      vertex -7.516011707484722 -23.63391710817814 30
      vertex -0.39999999999997726 -15.850893784635092 30
    endloop
  endfacet
  facet normal 0 0 1
    outer loop
      vertex -7.516011707484722 -23.63391710817814 30
      vertex -7.427050985395908 -23.763355754315853 30
      vertex -0.39999999999997726 -15.850893784635092 30
    endloop
  endfacet
  facet normal 0 0 1
    outer loop
      vertex -7.89777747541666 -22.776457138359547 30
      vertex -0.39999999999997726 -15.850893784635092 30
      vertex -7.934442803263664 -22.623735070228577 30
    endloop
  endfacet
  facet normal 0 0 1
    outer loop
      vertex -7.963065020740032 -22.469303391873837 30
      vertex -7.934442803263664 -22.623735070228577 30
      vertex -0.39999999999997726 -15.850893784635092 30
    endloop
  endfacet
  facet normal 0 0 1
    outer loop
      vertex -7.963065020740032 -22.469303391873837 30
      vertex -0.39999999999997726 -15.850893784635092 30
      vertex -7.98356568813324 -22.31358539313078 30
    endloop
  endfacet
  facet normal 0 0 1
    outer loop
      vertex -7.98356568813324 -22.31358539313078 30
      vertex -0.39999999999997726 -15.850893784635092 30
      vertex -7.995888605713844 -22.15700786560774 30
    endloop
  endfacet
  facet normal 0 0 1
    outer loop
      vertex -7.995888605713844 -22.15700786560774 30
      vertex -0.39999999999997726 -15.850893784635092 30
      vertex -8 -22 30
    endloop
  endfacet
  facet normal 0 0 1
    outer loop
      vertex -7.89777747541666 -22.776457138359547 30
      vertex -7.853169545531273 -22.92705098539591 30
      vertex -0.39999999999997726 -15.850893784635092 30
    endloop
  endfacet
  facet normal 0 0 1
    outer loop
      vertex -7.853169545531273 -22.92705098539591 30
      vertex -7.8007412776350975 -23.075103849172592 30
      vertex -0.39999999999997726 -15.850893784635092 30
    endloop
  endfacet
  facet normal 0 0 1
    outer loop
      vertex -8 -22 30
      vertex -1.6734104965467922 -15.87587712933852 30
      vertex -8 -16 30
    endloop
  endfacet
  facet normal 0 0 1
    outer loop
      vertex -7.995888605713844 -15.842992134392262 30
      vertex -3.3280182872119695 -15.59570498550612 30
      vertex -7.98356568813324 -15.68641460686922 30
    endloop
  endfacet
  facet normal 0 0 1
    outer loop
      vertex -7.98356568813324 -15.68641460686922 30
      vertex -3.3280182872119695 -15.59570498550612 30
      vertex -7.963065020740032 -15.530696608126163 30
    endloop
  endfacet
  facet normal 0 0 1
    outer loop
      vertex -8 -16 30
      vertex -2.504718367739512 -15.735537226042736 30
      vertex -7.995888605713844 -15.842992134392262 30
    endloop
  endfacet
  facet normal 0 0 1
    outer loop
      vertex -7.934442803263664 -15.376264929771423 30
      vertex -4.944271909999158 -15.167355731099333 30
      vertex -4.945568737884829 -15.167380401795253 30
    endloop
  endfacet
  facet normal 0 0 1
    outer loop
      vertex -7.853169545531273 -15.072949014604092 30
      vertex -4.945568737884829 -15.167380401795253 30
      vertex -4.950170922853752 -14.991630048432182 30
    endloop
  endfacet
  facet normal 0 0 1
    outer loop
      vertex -7.934442803263664 -15.376264929771423 30
      vertex -4.146007270134202 -15.267592447015245 30
      vertex -4.944271909999158 -15.167355731099333 30
    endloop
  endfacet
  facet normal 0 0 1
    outer loop
      vertex -7.934442803263664 -15.376264929771423 30
      vertex -4.14201347966192 -15.420109151906825 30
      vertex -4.146007270134202 -15.267592447015245 30
    endloop
  endfacet
  facet normal 0 0 1
    outer loop
      vertex -7.963065020740032 -15.530696608126163 30
      vertex -3.3320689902089384 -15.441014878982031 30
      vertex -4.14201347966192 -15.420109151906825 30
    endloop
  endfacet
  facet normal 0 -1 0
    outer loop
      vertex -5 -25 30
      vertex -0.39999999999997726 -25 16.199999999999932
      vertex -0.39999999999997726 -25 30
    endloop
  endfacet
  facet normal 0 0 1
    outer loop
      vertex -7.331437885761261 -23.88796117156744 30
      vertex -7.229434475302696 -24.007391817867756 30
      vertex -0.39999999999997726 -15.850893784635092 30
    endloop
  endfacet
  facet normal 0 0 1
    outer loop
      vertex -7.229434475302696 -24.007391817867756 30
      vertex -7.121320344507694 -24.121320344507694 30
      vertex -0.39999999999997726 -15.850893784635092 30
    endloop
  endfacet
  facet normal 0 0 1
    outer loop
      vertex -7.007391817867756 -24.229434475302696 30
      vertex -0.39999999999997726 -15.850893784635092 30
      vertex -7.121320344507694 -24.121320344507694 30
    endloop
  endfacet
  facet normal 0 0 1
    outer loop
      vertex -7.007391817867756 -24.229434475302696 30
      vertex -6.88796117156744 -24.33143788576126 30
      vertex -0.39999999999997726 -15.850893784635092 30
    endloop
  endfacet
  facet normal 0 0 1
    outer loop
      vertex -6.88796117156744 -24.33143788576126 30
      vertex -6.763355754315853 -24.42705098539591 30
      vertex -0.39999999999997726 -15.850893784635092 30
    endloop
  endfacet
  facet normal 0 0 1
    outer loop
      vertex -6.763355754315853 -24.42705098539591 30
      vertex -6.633917108178139 -24.516011707484722 30
      vertex -0.39999999999997726 -15.850893784635092 30
    endloop
  endfacet
  facet normal 0 0 1
    outer loop
      vertex -6.633917108178139 -24.516011707484722 30
      vertex -6.5 -24.598076209425926 30
      vertex -0.39999999999997726 -15.850893784635092 30
    endloop
  endfacet
  facet normal 0 0 1
    outer loop
      vertex -6.5 -24.598076209425926 30
      vertex -6.361971497535706 -24.67301957309246 30
      vertex -0.39999999999997726 -15.850893784635092 30
    endloop
  endfacet
  facet normal 0 0 1
    outer loop
      vertex -6.361971497535706 -24.67301957309246 30
      vertex -6.220209926366806 -24.740636371076107 30
      vertex -0.39999999999997726 -15.850893784635092 30
    endloop
  endfacet
  facet normal 0 0 1
    outer loop
      vertex -6.220209926366806 -24.740636371076107 30
      vertex -6.075103849172592 -24.800741277635098 30
      vertex -0.39999999999997726 -15.850893784635092 30
    endloop
  endfacet
  facet normal 0 0 1
    outer loop
      vertex -6.075103849172592 -24.800741277635098 30
      vertex -5.927050985395908 -24.853169545531273 30
      vertex -0.39999999999997726 -15.850893784635092 30
    endloop
  endfacet
  facet normal 0 0 1
    outer loop
      vertex -5.927050985395908 -24.853169545531273 30
      vertex -5.776457138359547 -24.89777747541666 30
      vertex -0.39999999999997726 -15.850893784635092 30
    endloop
  endfacet
  facet normal 0 0 1
    outer loop
      vertex -5.776457138359547 -24.89777747541666 30
      vertex -5.623735070228577 -24.934442803263664 30
      vertex -0.39999999999997726 -15.850893784635092 30
    endloop
  endfacet
  facet normal 0 0 1
    outer loop
      vertex -5.623735070228577 -24.934442803263664 30
      vertex -5.4693033918738365 -24.963065020740032 30
      vertex -0.39999999999997726 -15.850893784635092 30
    endloop
  endfacet
  facet normal 0 0 1
    outer loop
      vertex -5.4693033918738365 -24.963065020740032 30
      vertex -5.313585393130779 -24.98356568813324 30
      vertex -0.39999999999997726 -15.850893784635092 30
    endloop
  endfacet
  facet normal 0 0 1
    outer loop
      vertex -5.313585393130779 -24.98356568813324 30
      vertex -5.1570078656077385 -24.995888605713844 30
      vertex -0.39999999999997726 -15.850893784635092 30
    endloop
  endfacet
  facet normal 0 0 1
    outer loop
      vertex -5.1570078656077385 -24.995888605713844 30
      vertex -5 -25 30
      vertex -0.39999999999997726 -15.850893784635092 30
    endloop
  endfacet
  facet normal 0 0 1
    outer loop
      vertex -7.995888605713844 -15.842992134392262 30
      vertex -3.3265870530841495 -15.595677099052685 30
      vertex -3.3280182872119695 -15.59570498550612 30
    endloop
  endfacet
  facet normal 0 0 1
    outer loop
      vertex -7.963065020740032 -15.530696608126163 30
      vertex -3.3280182872119695 -15.59570498550612 30
      vertex -3.3320689902089384 -15.441014878982031 30
    endloop
  endfacet
  facet normal 0 0 1
    outer loop
      vertex -4.945568737884829 -15.167380401795253 30
      vertex -4.944271909999158 -15.167355731099333 30
      vertex -4.950170922853752 -14.991630048432182 30
    endloop
  endfacet
  facet normal 0 0 1
    outer loop
      vertex -7.995888605713844 -15.842992134392262 30
      vertex -2.506116291725597 -15.682152662799808 30
      vertex -3.3265870530841495 -15.595677099052685 30
    endloop
  endfacet
  facet normal 0 0 1
    outer loop
      vertex -8 -16 30
      vertex -2.502951440643694 -15.73550264962625 30
      vertex -2.504718367739512 -15.735537226042736 30
    endloop
  endfacet
  facet normal 0 0 1
    outer loop
      vertex -7.995888605713844 -15.842992134392262 30
      vertex -2.504718367739512 -15.735537226042736 30
      vertex -2.506116291725597 -15.682152662799808 30
    endloop
  endfacet
  facet normal 0 0 1
    outer loop
      vertex -8 -16 30
      vertex -1.6750294939068586 -15.81405011455163 30
      vertex -2.502951440643694 -15.73550264962625 30
    endloop
  endfacet
  facet normal 0 0 1
    outer loop
      vertex -4.14201347966192 -15.420109151906825 30
      vertex -4.141104721640332 -15.420082850969283 30
      vertex -4.146007270134202 -15.267592447015245 30
    endloop
  endfacet
  facet normal 0 0 1
    outer loop
      vertex -4.14201347966192 -15.420109151906825 30
      vertex -3.3320689902089384 -15.441014878982031 30
      vertex -4.141104721640332 -15.420082850969283 30
    endloop
  endfacet
  facet normal 0 0 1
    outer loop
      vertex -8 -16 30
      vertex -1.6734104965467922 -15.87587712933852 30
      vertex -1.6750294939068586 -15.81405011455163 30
    endloop
  endfacet
  facet normal 0 0 1
    outer loop
      vertex -5 -25 30
      vertex -0.39999999999997726 -25 30
      vertex -0.39999999999997726 -15.850893784635092 30
    endloop
  endfacet
  facet normal 0 0 1
    outer loop
      vertex -8 -22 30
      vertex -0.39999999999997726 -15.850893784635092 30
      vertex -1.6734104965467922 -15.87587712933852 30
    endloop
  endfacet
  facet normal 0 0 1
    outer loop
      vertex -3.3280182872119695 -15.59570498550612 30
      vertex -3.3265870530841495 -15.595677099052685 30
      vertex -3.3320689902089384 -15.441014878982031 30
    endloop
  endfacet
  facet normal 0 0 1
    outer loop
      vertex -2.504718367739512 -15.735537226042736 30
      vertex -2.502951440643694 -15.73550264962625 30
      vertex -2.506116291725597 -15.682152662799808 30
    endloop
  endfacet
  facet normal -0.9238795293544398 0.38268343998639204 0
    outer loop
      vertex -7.8007412776350975 -14.924896150827408 30
      vertex -7.740636371076107 -14.779790073633194 30
      vertex -7.8007412776350975 -14.924896150827408 0.2
    endloop
  endfacet
  facet normal -0.9025852916253636 0.43051108155488527 0
    outer loop
      vertex -7.740636371076107 -14.779790073633194 30
      vertex -7.673019573092461 -14.638028502464294 30
      vertex -7.740636371076107 -14.779790073633194 0.2
    endloop
  endfacet
  facet normal -0.8788171085477188 0.4771587678371079 0
    outer loop
      vertex -7.673019573092461 -14.638028502464294 30
      vertex -7.598076209425926 -14.5 30
      vertex -7.673019573092461 -14.638028502464294 0.2
    endloop
  endfacet
  facet normal -0.8526401856157652 0.5224985300200504 0
    outer loop
      vertex -7.598076209425926 -14.5 30
      vertex -7.516011707484722 -14.366082891821861 30
      vertex -7.598076209425926 -14.5 0.2
    endloop
  endfacet
  facet normal -0.8241261728965001 0.566406259805599 0
    outer loop
      vertex -7.516011707484722 -14.366082891821861 30
      vertex -7.427050985395908 -14.236644245684147 30
      vertex -7.516011707484722 -14.366082891821861 0.2
    endloop
  endfacet
  facet normal -0.7933533398941721 0.6087614295261831 0
    outer loop
      vertex -7.427050985395908 -14.236644245684147 30
      vertex -7.3895942845617615 -14.187829722840089 30
      vertex -7.427050985395908 -14.236644245684147 0.2
    endloop
  endfacet
  facet normal -0.4771587602596106 -0.8788171126619642 0
    outer loop
      vertex -8 -13.856406460551018 30
      vertex -8 -13.856406460551018 0.2
      vertex -7.3895942845617615 -14.187829722840089 30
    endloop
  endfacet
  facet normal 0.6494480483301828 0.7604059656000317 0
    outer loop
      vertex -6.825132184860354 -7.580077219869421 30
      vertex -6.419067988708341 -7.926888806861102 30
      vertex -6.825132184860354 -7.580077219869421 0.2
    endloop
  endfacet
  facet normal 0.608761429008722 0.7933533402912343 0
    outer loop
      vertex -6.419067988708341 -7.926888806861102 30
      vertex -5.995409573383226 -8.251973342624463 30
      vertex -6.419067988708341 -7.926888806861102 0.2
    endloop
  endfacet
  facet normal 0.5664062369248337 0.8241261886220151 0
    outer loop
      vertex -5.995409573383226 -8.251973342624463 30
      vertex -5.555318157153276 -8.554439793043326 30
      vertex -5.995409573383226 -8.251973342624463 0.2
    endloop
  endfacet
  facet normal 0.5224985647159457 0.8526401643540942 0
    outer loop
      vertex -5.555318157153276 -8.554439793043326 30
      vertex -5.1 -8.833459118601272 30
      vertex -5.555318157153276 -8.554439793043326 0.2
    endloop
  endfacet
  facet normal 0.7933533402912343 0.608761429008722 0
    outer loop
      vertex -8.251973342624463 -5.995409573383226 30
      vertex -7.926888806861102 -6.419067988708341 30
      vertex -8.251973342624463 -5.995409573383226 0.2
    endloop
  endfacet
  facet normal 0.7604059656000317 0.6494480483301828 0
    outer loop
      vertex -7.926888806861102 -6.419067988708341 30
      vertex -7.580077219869421 -6.825132184860354 30
      vertex -7.926888806861102 -6.419067988708341 0.2
    endloop
  endfacet
  facet normal 0.7253743710122883 0.6883545756937532 0
    outer loop
      vertex -7.580077219869421 -6.825132184860354 30
      vertex -7.212489168102785 -7.212489168102785 30
      vertex -7.580077219869421 -6.825132184860354 0.2
    endloop
  endfacet
  facet normal 0.6883545756937532 0.7253743710122883 0
    outer loop
      vertex -7.212489168102785 -7.212489168102785 30
      vertex -6.825132184860354 -7.580077219869421 30
      vertex -7.212489168102785 -7.212489168102785 0.2
    endloop
  endfacet
  facet normal 0.47715876025961074 0.878817112661964 0
    outer loop
      vertex -5.1 -8.833459118601272 30
      vertex -4.630703097343377 -9.088266546721352 30
      vertex -5.1 -8.833459118601272 0.2
    endloop
  endfacet
  facet normal 0.43051109680829286 0.9025852843498617 0
    outer loop
      vertex -4.630703097343377 -9.088266546721352 30
      vertex -4.148713759373162 -9.318163667954527 30
      vertex -4.630703097343377 -9.088266546721352 0.2
    endloop
  endfacet
  facet normal 0.3826834323650904 0.9238795325112865 6.037970846265507e-20
    outer loop
      vertex -3.6553530853620626 -9.522520350271456 30
      vertex -4.148713759373162 -9.318163667954527 0.2
      vertex -4.148713759373162 -9.318163667954527 30
    endloop
  endfacet
  facet normal 0.3338068592337703 0.9426414910921787 0
    outer loop
      vertex -3.6553530853620626 -9.522520350271456 30
      vertex -3.1519733426244634 -9.700776466210565 30
      vertex -3.6553530853620626 -9.522520350271456 0.2
    endloop
  endfacet
  facet normal 0.28401534470392376 0.9588197348681927 0
    outer loop
      vertex -3.1519733426244634 -9.700776466210565 30
      vertex -2.6399542600457115 -9.852443428148495 30
      vertex -3.1519733426244634 -9.700776466210565 0.2
    endloop
  endfacet
  facet normal 0.23344536385590578 0.9723699203976764 0
    outer loop
      vertex -2.6399542600457115 -9.852443428148495 30
      vertex -2.120699246341145 -9.977105527484817 30
      vertex -2.6399542600457115 -9.852443428148495 0.2
    endloop
  endfacet
  facet normal 0.1822355254921479 0.9832549075639545 0
    outer loop
      vertex -2.120699246341145 -9.977105527484817 30
      vertex -1.5956315434103547 -10.074421074070404 30
      vertex -2.120699246341145 -9.977105527484817 0.2
    endloop
  endfacet
  facet normal 0 0 1
    outer loop
      vertex -8 -13.856406460551018 30
      vertex -7.3895942845617615 -14.187829722840089 30
      vertex -7.580077219869421 -6.825132184860354 30
    endloop
  endfacet
  facet normal 0 0 1
    outer loop
      vertex -7.3895942845617615 -14.187829722840089 30
      vertex -7.3052105618616725 -14.23364634603681 30
      vertex -7.580077219869421 -6.825132184860354 30
    endloop
  endfacet
  facet normal 0 0 1
    outer loop
      vertex -7.673019573092461 -14.638028502464294 30
      vertex -6.508039399028115 -14.607061448401916 30
      vertex -7.598076209425926 -14.5 30
    endloop
  endfacet
  facet normal 0 0 1
    outer loop
      vertex -7.427050985395908 -14.236644245684147 30
      vertex -7.3052105618616725 -14.23364634603681 30
      vertex -7.3895942845617615 -14.187829722840089 30
    endloop
  endfacet
  facet normal 0 0 1
    outer loop
      vertex -7.427050985395908 -14.236644245684147 30
      vertex -7.264428481883816 -14.233936519080217 30
      vertex -7.3052105618616725 -14.23364634603681 30
    endloop
  endfacet
  facet normal 0 0 1
    outer loop
      vertex -7.598076209425926 -14.5 30
      vertex -6.508039399028115 -14.607061448401916 30
      vertex -7.516011707484722 -14.366082891821861 30
    endloop
  endfacet
  facet normal 0 0 1
    outer loop
      vertex -7.3052105618616725 -14.23364634603681 30
      vertex -7.264428481883816 -14.233936519080217 30
      vertex -7.264462334742907 -14.232643730548737 30
    endloop
  endfacet
  facet normal 0 0 1
    outer loop
      vertex -7.264428481883816 -14.233936519080217 30
      vertex -7.263847995832749 -14.23392685376644 30
      vertex -7.264462334742907 -14.232643730548737 30
    endloop
  endfacet
  facet normal 0 0 1
    outer loop
      vertex -7.853169545531273 -15.072949014604092 30
      vertex -5.735214384844924 -14.886603401696698 30
      vertex -7.8007412776350975 -14.924896150827408 30
    endloop
  endfacet
  facet normal 0 0 1
    outer loop
      vertex -7.8007412776350975 -14.924896150827408 30
      vertex -5.735214384844924 -14.886603401696698 30
      vertex -7.740636371076107 -14.779790073633194 30
    endloop
  endfacet
  facet normal 0 0 1
    outer loop
      vertex -7.740636371076107 -14.779790073633194 30
      vertex -5.735214384844924 -14.886603401696698 30
      vertex -7.673019573092461 -14.638028502464294 30
    endloop
  endfacet
  facet normal 0 0 1
    outer loop
      vertex -7.516011707484722 -14.366082891821861 30
      vertex -6.515013547290848 -14.340729471339092 30
      vertex -7.427050985395908 -14.236644245684147 30
    endloop
  endfacet
  facet normal 0 0 1
    outer loop
      vertex -7.427050985395908 -14.236644245684147 30
      vertex -6.515013547290848 -14.340729471339092 30
      vertex -7.264428481883816 -14.233936519080217 30
    endloop
  endfacet
  facet normal 0 0 1
    outer loop
      vertex -7.264428481883816 -14.233936519080217 30
      vertex -6.515013547290848 -14.340729471339092 30
      vertex -7.263847995832749 -14.23392685376644 30
    endloop
  endfacet
  facet normal 0 0 1
    outer loop
      vertex -7.516011707484722 -14.366082891821861 30
      vertex -6.508039399028115 -14.607061448401916 30
      vertex -6.515013547290848 -14.340729471339092 30
    endloop
  endfacet
  facet normal 0 0 1
    outer loop
      vertex -7.673019573092461 -14.638028502464294 30
      vertex -5.7426285821330305 -14.603466630339742 30
      vertex -6.508039399028115 -14.607061448401916 30
    endloop
  endfacet
  facet normal 0 0 1
    outer loop
      vertex -7.3052105618616725 -14.23364634603681 30
      vertex -7.264462334742907 -14.232643730548737 30
      vertex -7.580077219869421 -6.825132184860354 30
    endloop
  endfacet
  facet normal 0 0 1
    outer loop
      vertex -7.263847995832749 -14.23392685376644 30
      vertex -7.580077219869421 -6.825132184860354 30
      vertex -7.264462334742907 -14.232643730548737 30
    endloop
  endfacet
  facet normal 0 0 1
    outer loop
      vertex -7.263847995832749 -14.23392685376644 30
      vertex -6.515013547290848 -14.340729471339092 30
      vertex -6.825132184860354 -7.580077219869421 30
    endloop
  endfacet
  facet normal 0 0 1
    outer loop
      vertex -8.251973342624463 -5.995409573383226 30
      vertex -8 -13.856406460551018 30
      vertex -7.926888806861102 -6.419067988708341 30
    endloop
  endfacet
  facet normal 0 0 1
    outer loop
      vertex -8 -13.856406460551018 30
      vertex -7.580077219869421 -6.825132184860354 30
      vertex -7.926888806861102 -6.419067988708341 30
    endloop
  endfacet
  facet normal 0 0 1
    outer loop
      vertex -7.263847995832749 -14.23392685376644 30
      vertex -7.212489168102785 -7.212489168102785 30
      vertex -7.580077219869421 -6.825132184860354 30
    endloop
  endfacet
  facet normal 0 0 1
    outer loop
      vertex -7.263847995832749 -14.23392685376644 30
      vertex -6.825132184860354 -7.580077219869421 30
      vertex -7.212489168102785 -7.212489168102785 30
    endloop
  endfacet
  facet normal 0 0 1
    outer loop
      vertex -7.853169545531273 -15.072949014604092 30
      vertex -5.733887192724804 -14.88657879691664 30
      vertex -5.735214384844924 -14.886603401696698 30
    endloop
  endfacet
  facet normal 0 0 1
    outer loop
      vertex -6.508039399028115 -14.607061448401916 30
      vertex -6.507786289212803 -14.607054720334341 30
      vertex -6.515013547290848 -14.340729471339092 30
    endloop
  endfacet
  facet normal 0 0 1
    outer loop
      vertex -7.673019573092461 -14.638028502464294 30
      vertex -5.735214384844924 -14.886603401696698 30
      vertex -5.7426285821330305 -14.603466630339742 30
    endloop
  endfacet
  facet normal 0 0 1
    outer loop
      vertex -6.508039399028115 -14.607061448401916 30
      vertex -5.7426285821330305 -14.603466630339742 30
      vertex -6.507786289212803 -14.607054720334341 30
    endloop
  endfacet
  facet normal 0 0 1
    outer loop
      vertex -7.853169545531273 -15.072949014604092 30
      vertex -4.950170922853752 -14.991630048432182 30
      vertex -5.733887192724804 -14.88657879691664 30
    endloop
  endfacet
  facet normal 0 0 1
    outer loop
      vertex -6.507786289212803 -14.607054720334341 30
      vertex -6.419067988708341 -7.926888806861102 30
      vertex -6.515013547290848 -14.340729471339092 30
    endloop
  endfacet
  facet normal 0 0 1
    outer loop
      vertex -6.507786289212803 -14.607054720334341 30
      vertex -5.7426285821330305 -14.603466630339742 30
      vertex -5.995409573383226 -8.251973342624463 30
    endloop
  endfacet
  facet normal 0 0 1
    outer loop
      vertex -5.735214384844924 -14.886603401696698 30
      vertex -5.733887192724804 -14.88657879691664 30
      vertex -5.7426285821330305 -14.603466630339742 30
    endloop
  endfacet
  facet normal 0 0 1
    outer loop
      vertex -5.733887192724804 -14.88657879691664 30
      vertex -5.555318157153276 -8.554439793043326 30
      vertex -5.7426285821330305 -14.603466630339742 30
    endloop
  endfacet
  facet normal 0 0 1
    outer loop
      vertex -5.733887192724804 -14.88657879691664 30
      vertex -4.950170922853752 -14.991630048432182 30
      vertex -5.555318157153276 -8.554439793043326 30
    endloop
  endfacet
  facet normal 0 0 1
    outer loop
      vertex -6.515013547290848 -14.340729471339092 30
      vertex -6.419067988708341 -7.926888806861102 30
      vertex -6.825132184860354 -7.580077219869421 30
    endloop
  endfacet
  facet normal 0 0 1
    outer loop
      vertex -6.507786289212803 -14.607054720334341 30
      vertex -5.995409573383226 -8.251973342624463 30
      vertex -6.419067988708341 -7.926888806861102 30
    endloop
  endfacet
  facet normal 0 0 1
    outer loop
      vertex -5.7426285821330305 -14.603466630339742 30
      vertex -5.555318157153276 -8.554439793043326 30
      vertex -5.995409573383226 -8.251973342624463 30
    endloop
  endfacet
  facet normal 0 0 1
    outer loop
      vertex -4.950170922853752 -14.991630048432182 30
      vertex -5.1 -8.833459118601272 30
      vertex -5.555318157153276 -8.554439793043326 30
    endloop
  endfacet
  facet normal 0 0 1
    outer loop
      vertex -4.944271909999158 -15.167355731099333 30
      vertex -4.146007270134202 -15.267592447015245 30
      vertex -4.630703097343377 -9.088266546721352 30
    endloop
  endfacet
  facet normal 0 0 1
    outer loop
      vertex -4.944271909999158 -15.167355731099333 30
      vertex -5.1 -8.833459118601272 30
      vertex -4.950170922853752 -14.991630048432182 30
    endloop
  endfacet
  facet normal 0 0 1
    outer loop
      vertex -4.141104721640332 -15.420082850969283 30
      vertex -4.148713759373162 -9.318163667954527 30
      vertex -4.146007270134202 -15.267592447015245 30
    endloop
  endfacet
  facet normal 0 0 1
    outer loop
      vertex -4.141104721640332 -15.420082850969283 30
      vertex -3.3320689902089384 -15.441014878982031 30
      vertex -3.6553530853620626 -9.522520350271456 30
    endloop
  endfacet
  facet normal 0 0 1
    outer loop
      vertex -4.141104721640332 -15.420082850969283 30
      vertex -3.6553530853620626 -9.522520350271456 30
      vertex -4.148713759373162 -9.318163667954527 30
    endloop
  endfacet
  facet normal 0 0 1
    outer loop
      vertex -4.944271909999158 -15.167355731099333 30
      vertex -4.630703097343377 -9.088266546721352 30
      vertex -5.1 -8.833459118601272 30
    endloop
  endfacet
  facet normal 0 0 1
    outer loop
      vertex -4.630703097343377 -9.088266546721352 30
      vertex -4.146007270134202 -15.267592447015245 30
      vertex -4.148713759373162 -9.318163667954527 30
    endloop
  endfacet
  facet normal 0 0 1
    outer loop
      vertex -3.3265870530841495 -15.595677099052685 30
      vertex -3.1519733426244634 -9.700776466210565 30
      vertex -3.3320689902089384 -15.441014878982031 30
    endloop
  endfacet
  facet normal 0 0 1
    outer loop
      vertex -3.3265870530841495 -15.595677099052685 30
      vertex -2.506116291725597 -15.682152662799808 30
      vertex -3.1519733426244634 -9.700776466210565 30
    endloop
  endfacet
  facet normal 0 0 1
    outer loop
      vertex -3.3320689902089384 -15.441014878982031 30
      vertex -3.1519733426244634 -9.700776466210565 30
      vertex -3.6553530853620626 -9.522520350271456 30
    endloop
  endfacet
  facet normal 0 0 1
    outer loop
      vertex -2.506116291725597 -15.682152662799808 30
      vertex -2.6399542600457115 -9.852443428148495 30
      vertex -3.1519733426244634 -9.700776466210565 30
    endloop
  endfacet
  facet normal 0 0 1
    outer loop
      vertex -2.502951440643694 -15.73550264962625 30
      vertex -2.6399542600457115 -9.852443428148495 30
      vertex -2.506116291725597 -15.682152662799808 30
    endloop
  endfacet
  facet normal 0 0 1
    outer loop
      vertex -2.502951440643694 -15.73550264962625 30
      vertex -1.6750294939068586 -15.81405011455163 30
      vertex -1.5956315434103547 -10.074421074070404 30
    endloop
  endfacet
  facet normal 0 0 1
    outer loop
      vertex -2.502951440643694 -15.73550264962625 30
      vertex -2.120699246341145 -9.977105527484817 30
      vertex -2.6399542600457115 -9.852443428148495 30
    endloop
  endfacet
  facet normal 0 0 1
    outer loop
      vertex -2.502951440643694 -15.73550264962625 30
      vertex -1.5956315434103547 -10.074421074070404 30
      vertex -2.120699246341145 -9.977105527484817 30
    endloop
  endfacet
  facet normal 1 0 0
    outer loop
      vertex -0.39999999999997726 -25 16.199999999999932
      vertex -0.39999999999997726 -21.139877161664096 15.695288237343632
      vertex -0.39999999999997726 -25 30
    endloop
  endfacet
  facet normal 1 0 0
    outer loop
      vertex -0.39999999999997726 -21.173333109150406 14.417657148519329
      vertex -0.39999999999997726 -21.200832101651063 14.53219869566004
      vertex -0.39999999999997726 -25 16.199999999999932
    endloop
  endfacet
  facet normal 1 0 0
    outer loop
      vertex -0.39999999999997726 -21.200832101651063 14.53219869566004
      vertex -0.39999999999997726 -21.22229876633906 14.64802245365948
      vertex -0.39999999999997726 -25 16.199999999999932
    endloop
  endfacet
  facet normal 1 0 0
    outer loop
      vertex -0.39999999999997726 -21.22229876633906 14.64802245365948
      vertex -0.39999999999997726 -21.237674264578615 14.76481095764778
      vertex -0.39999999999997726 -25 16.199999999999932
    endloop
  endfacet
  facet normal 1 0 0
    outer loop
      vertex -0.39999999999997726 -21.237674264578615 14.76481095764778
      vertex -0.39999999999997726 -21.24691645319779 14.882244098453377
      vertex -0.39999999999997726 -25 16.199999999999932
    endloop
  endfacet
  facet normal 1 0 0
    outer loop
      vertex -0.39999999999997726 -21.24691645319779 14.882244098453377
      vertex -0.39999999999997726 -21.25 15
      vertex -0.39999999999997726 -25 16.199999999999932
    endloop
  endfacet
  facet normal 1 0 0
    outer loop
      vertex -0.39999999999997726 -25 16.199999999999932
      vertex -0.39999999999997726 -21.25 15
      vertex -0.39999999999997726 -21.24691645319779 15.117755901546623
    endloop
  endfacet
  facet normal 1 0 0
    outer loop
      vertex -0.39999999999997726 -25 16.199999999999932
      vertex -0.39999999999997726 -21.24691645319779 15.117755901546623
      vertex -0.39999999999997726 -21.237674264578615 15.23518904235222
    endloop
  endfacet
  facet normal 1 0 0
    outer loop
      vertex -0.39999999999997726 -25 16.199999999999932
      vertex -0.39999999999997726 -21.237674264578615 15.23518904235222
      vertex -0.39999999999997726 -21.22229876633906 15.35197754634052
    endloop
  endfacet
  facet normal 1 0 0
    outer loop
      vertex -0.39999999999997726 -25 16.199999999999932
      vertex -0.39999999999997726 -21.22229876633906 15.35197754634052
      vertex -0.39999999999997726 -21.200832101651063 15.46780130433996
    endloop
  endfacet
  facet normal 1 0 0
    outer loop
      vertex -0.39999999999997726 -25 16.199999999999932
      vertex -0.39999999999997726 -21.200832101651063 15.46780130433996
      vertex -0.39999999999997726 -21.173333109150406 15.582342851480671
    endloop
  endfacet
  facet normal 1 0 0
    outer loop
      vertex -0.39999999999997726 -25 16.199999999999932
      vertex -0.39999999999997726 -21.173333109150406 15.582342851480671
      vertex -0.39999999999997726 -21.139877161664096 15.695288237343632
    endloop
  endfacet
  facet normal 1 0 0
    outer loop
      vertex -0.39999999999997726 -21.139877161664096 15.695288237343632
      vertex -0.39999999999997726 -21.100555959618703 15.806327886476925
      vertex -0.39999999999997726 -25 30
    endloop
  endfacet
  facet normal 1 0 0
    outer loop
      vertex -0.39999999999997726 -21.100555959618703 15.806327886476925
      vertex -0.39999999999997726 -21.05547727969585 15.915157446920551
      vertex -0.39999999999997726 -25 30
    endloop
  endfacet
  facet normal 1 0 0
    outer loop
      vertex -0.39999999999997726 -21.05547727969585 15.915157446920551
      vertex -0.39999999999997726 -21.00476467942383 16.02147862441398
      vertex -0.39999999999997726 -25 30
    endloop
  endfacet
  facet normal 1 0 0
    outer loop
      vertex -0.39999999999997726 -21.00476467942383 16.02147862441398
      vertex -0.39999999999997726 -20.948557158514987 16.125
      vertex -0.39999999999997726 -25 30
    endloop
  endfacet
  facet normal 1 0 0
    outer loop
      vertex -0.39999999999997726 -20.948557158514987 16.125
      vertex -0.39999999999997726 -20.887008777877206 16.22543782878381
      vertex -0.39999999999997726 -25 30
    endloop
  endfacet
  facet normal 1 0 0
    outer loop
      vertex -0.39999999999997726 -20.887008777877206 16.22543782878381
      vertex -0.39999999999997726 -20.820288237343632 16.322516817658066
      vertex -0.39999999999997726 -25 30
    endloop
  endfacet
  facet normal 1 0 0
    outer loop
      vertex -0.39999999999997726 -20.820288237343632 16.322516817658066
      vertex -0.39999999999997726 -20.748578413278185 16.415970879862133
      vertex -0.39999999999997726 -25 30
    endloop
  endfacet
  facet normal 1 0 0
    outer loop
      vertex -0.39999999999997726 -20.748578413278185 16.415970879862133
      vertex -0.39999999999997726 -20.67207585732414 16.50554386430743
      vertex -0.39999999999997726 -25 30
    endloop
  endfacet
  facet normal 1 0 0
    outer loop
      vertex -0.39999999999997726 -20.67207585732414 16.50554386430743
      vertex -0.39999999999997726 -20.59099025766973 16.59099025766973
      vertex -0.39999999999997726 -25 30
    endloop
  endfacet
  facet normal 1 0 0
    outer loop
      vertex -0.39999999999997726 -20.59099025766973 16.59099025766973
      vertex -0.39999999999997726 -20.50554386430743 16.67207585732414
      vertex -0.39999999999997726 -25 30
    endloop
  endfacet
  facet normal 1 0 0
    outer loop
      vertex -0.39999999999997726 -20.50554386430743 16.67207585732414
      vertex -0.39999999999997726 -20.415970879862133 16.748578413278185
      vertex -0.39999999999997726 -25 30
    endloop
  endfacet
  facet normal 1 0 0
    outer loop
      vertex -0.39999999999997726 -20.415970879862133 16.748578413278185
      vertex -0.39999999999997726 -20.322516817658066 16.820288237343632
      vertex -0.39999999999997726 -25 30
    endloop
  endfacet
  facet normal 1 0 0
    outer loop
      vertex -0.39999999999997726 -20.322516817658066 16.820288237343632
      vertex -0.39999999999997726 -20.22543782878381 16.887008777877206
      vertex -0.39999999999997726 -25 30
    endloop
  endfacet
  facet normal 1 0 0
    outer loop
      vertex -0.39999999999997726 -20.22543782878381 16.887008777877206
      vertex -0.39999999999997726 -20.125 16.948557158514987
      vertex -0.39999999999997726 -25 30
    endloop
  endfacet
  facet normal 1 0 0
    outer loop
      vertex -0.39999999999997726 -20.125 16.948557158514987
      vertex -0.39999999999997726 -20.02147862441398 17.00476467942383
      vertex -0.39999999999997726 -25 30
    endloop
  endfacet
  facet normal 1 0 0
    outer loop
      vertex -0.39999999999997726 -20.02147862441398 17.00476467942383
      vertex -0.39999999999997726 -19.91515744692055 17.05547727969585
      vertex -0.39999999999997726 -25 30
    endloop
  endfacet
  facet normal 1 0 0
    outer loop
      vertex -0.39999999999997726 -19.91515744692055 17.05547727969585
      vertex -0.39999999999997726 -19.806327886476925 17.100555959618703
      vertex -0.39999999999997726 -25 30
    endloop
  endfacet
  facet normal 1 0 0
    outer loop
      vertex -0.39999999999997726 -19.806327886476925 17.100555959618703
      vertex -0.39999999999997726 -19.695288237343632 17.139877161664096
      vertex -0.39999999999997726 -25 30
    endloop
  endfacet
  facet normal 1 0 0
    outer loop
      vertex -0.39999999999997726 -19.695288237343632 17.139877161664096
      vertex -0.39999999999997726 -19.58234285148067 17.173333109150406
      vertex -0.39999999999997726 -25 30
    endloop
  endfacet
  facet normal 1 0 0
    outer loop
      vertex -0.39999999999997726 -19.58234285148067 17.173333109150406
      vertex -0.39999999999997726 -19.467801304339957 17.200832101651063
      vertex -0.39999999999997726 -25 30
    endloop
  endfacet
  facet normal 1 0 0
    outer loop
      vertex -0.39999999999997726 -19.467801304339957 17.200832101651063
      vertex -0.39999999999997726 -19.35197754634052 17.22229876633906
      vertex -0.39999999999997726 -25 30
    endloop
  endfacet
  facet normal 1 0 0
    outer loop
      vertex -0.39999999999997726 -19.35197754634052 17.22229876633906
      vertex -0.39999999999997726 -19.23518904235222 17.237674264578615
      vertex -0.39999999999997726 -25 30
    endloop
  endfacet
  facet normal 1 0 0
    outer loop
      vertex -0.39999999999997726 -19.23518904235222 17.237674264578615
      vertex -0.39999999999997726 -19.117755901546623 17.24691645319779
      vertex -0.39999999999997726 -25 30
    endloop
  endfacet
  facet normal 1 0 0
    outer loop
      vertex -0.39999999999997726 -19.117755901546623 17.24691645319779
      vertex -0.39999999999997726 -19 17.25
      vertex -0.39999999999997726 -25 30
    endloop
  endfacet
  facet normal 1 0 0
    outer loop
      vertex -0.39999999999997726 -19 17.25
      vertex -0.39999999999997726 -18.882244098453377 17.24691645319779
      vertex -0.39999999999997726 -25 30
    endloop
  endfacet
  facet normal 1 0 0
    outer loop
      vertex -0.39999999999997726 -18.882244098453377 17.24691645319779
      vertex -0.39999999999997726 -18.76481095764778 17.237674264578615
      vertex -0.39999999999997726 -25 30
    endloop
  endfacet
  facet normal 1 0 0
    outer loop
      vertex -0.39999999999997726 -18.76481095764778 17.237674264578615
      vertex -0.39999999999997726 -18.64802245365948 17.22229876633906
      vertex -0.39999999999997726 -25 30
    endloop
  endfacet
  facet normal 1 0 0
    outer loop
      vertex -0.39999999999997726 -18.64802245365948 17.22229876633906
      vertex -0.39999999999997726 -18.532198695660043 17.200832101651063
      vertex -0.39999999999997726 -25 30
    endloop
  endfacet
  facet normal 1 0 0
    outer loop
      vertex -0.39999999999997726 -18.532198695660043 17.200832101651063
      vertex -0.39999999999997726 -18.41765714851933 17.173333109150406
      vertex -0.39999999999997726 -25 30
    endloop
  endfacet
  facet normal 1 0 0
    outer loop
      vertex -0.39999999999997726 -17.40900974233027 16.59099025766973
      vertex -0.39999999999997726 -25 30
      vertex -0.39999999999997726 -17.49445613569257 16.67207585732414
    endloop
  endfacet
  facet normal 1 0 0
    outer loop
      vertex -0.39999999999997726 -17.40900974233027 16.59099025766973
      vertex -0.39999999999997726 -17.32792414267586 16.50554386430743
      vertex -0.39999999999997726 -25 30
    endloop
  endfacet
  facet normal 1 0 0
    outer loop
      vertex -0.39999999999997726 -17.97852137558602 17.00476467942383
      vertex -0.39999999999997726 -17.875 16.948557158514987
      vertex -0.39999999999997726 -25 30
    endloop
  endfacet
  facet normal 1 0 0
    outer loop
      vertex -0.39999999999997726 -17.875 16.948557158514987
      vertex -0.39999999999997726 -17.77456217121619 16.887008777877206
      vertex -0.39999999999997726 -25 30
    endloop
  endfacet
  facet normal 1 0 0
    outer loop
      vertex -0.39999999999997726 -18.41765714851933 17.173333109150406
      vertex -0.39999999999997726 -18.304711762656368 17.139877161664096
      vertex -0.39999999999997726 -25 30
    endloop
  endfacet
  facet normal 1 0 0
    outer loop
      vertex -0.39999999999997726 -18.193672113523075 17.100555959618703
      vertex -0.39999999999997726 -18.08484255307945 17.05547727969585
      vertex -0.39999999999997726 -25 30
    endloop
  endfacet
  facet normal 1 0 0
    outer loop
      vertex -0.39999999999997726 -18.193672113523075 17.100555959618703
      vertex -0.39999999999997726 -25 30
      vertex -0.39999999999997726 -18.304711762656368 17.139877161664096
    endloop
  endfacet
  facet normal 1 0 0
    outer loop
      vertex -0.39999999999997726 -18.08484255307945 17.05547727969585
      vertex -0.39999999999997726 -17.97852137558602 17.00476467942383
      vertex -0.39999999999997726 -25 30
    endloop
  endfacet
  facet normal 1 0 0
    outer loop
      vertex -0.39999999999997726 -17.584029120137867 16.748578413278185
      vertex -0.39999999999997726 -25 30
      vertex -0.39999999999997726 -17.677483182341934 16.820288237343632
    endloop
  endfacet
  facet normal 1 0 0
    outer loop
      vertex -0.39999999999997726 -17.584029120137867 16.748578413278185
      vertex -0.39999999999997726 -17.49445613569257 16.67207585732414
      vertex -0.39999999999997726 -25 30
    endloop
  endfacet
  facet normal 1 0 0
    outer loop
      vertex -0.39999999999997726 -17.677483182341934 16.820288237343632
      vertex -0.39999999999997726 -25 30
      vertex -0.39999999999997726 -17.77456217121619 16.887008777877206
    endloop
  endfacet
  facet normal 1 0 0
    outer loop
      vertex -0.39999999999997726 -10.189525631372325 10.189525631372305
      vertex -0.39999999999997726 -25 30
      vertex -0.39999999999997726 -17.32792414267586 16.50554386430743
    endloop
  endfacet
  facet normal 1 0 0
    outer loop
      vertex -0.39999999999997726 -10.189525631372325 10.189525631372305
      vertex -0.39999999999997726 -15.850893784635092 30
      vertex -0.39999999999997726 -25 30
    endloop
  endfacet
  facet normal 0.13052619222004996 0.9914448613738106 0
    outer loop
      vertex -1.5956315434103547 -10.074421074070404 30
      vertex -1.0661903253300653 -10.144123332756386 30
      vertex -1.5956315434103547 -10.074421074070404 0.2
    endloop
  endfacet
  facet normal 0.07845909572784422 0.9969173337331281 0
    outer loop
      vertex -1.0661903253300653 -10.144123332756386 30
      vertex -0.5338267536780271 -10.186021254496652 30
      vertex -1.0661903253300653 -10.144123332756386 0.2
    endloop
  endfacet
  facet normal 1 0 0
    outer loop
      vertex -0.39999999999997726 -10.189525631372325 10.189525631372305
      vertex -0.39999999999997726 -10.189525631372325 30
      vertex -0.39999999999997726 -15.850893784635092 30
    endloop
  endfacet
  facet normal 0.02617694830788043 0.999657324975557 0
    outer loop
      vertex -0.39999999999997726 -10.189525631372325 10.189525631372305
      vertex -0.5338267536780271 -10.186021254496652 30
      vertex -0.39999999999997726 -10.189525631372325 30
    endloop
  endfacet
  facet normal 0 0 1
    outer loop
      vertex -1.6734104965467922 -15.87587712933852 30
      vertex -1.0661903253300653 -10.144123332756386 30
      vertex -1.6750294939068586 -15.81405011455163 30
    endloop
  endfacet
  facet normal 0 0 1
    outer loop
      vertex -1.6750294939068586 -15.81405011455163 30
      vertex -1.0661903253300653 -10.144123332756386 30
      vertex -1.5956315434103547 -10.074421074070404 30
    endloop
  endfacet
  facet normal 0 0 1
    outer loop
      vertex -1.6734104965467922 -15.87587712933852 30
      vertex -0.5338267536780271 -10.186021254496652 30
      vertex -1.0661903253300653 -10.144123332756386 30
    endloop
  endfacet
  facet normal 0 0 1
    outer loop
      vertex -1.6734104965467922 -15.87587712933852 30
      vertex -0.39999999999997726 -15.850893784635092 30
      vertex -0.39999999999997726 -10.189525631372325 30
    endloop
  endfacet
  facet normal 0 0 1
    outer loop
      vertex -1.6734104965467922 -15.87587712933852 30
      vertex -0.39999999999997726 -10.189525631372325 30
      vertex -0.5338267536780271 -10.186021254496652 30
    endloop
  endfacet
  facet normal 0.7933533402912343 -0.608761429008722 0
    outer loop
      vertex -8.251973342624463 5.995409573383226 30
      vertex -8.251973342624463 5.995409573383226 0.2
      vertex -7.926888806861102 6.419067988708341 0.2
    endloop
  endfacet
  facet normal 0.7604059656000317 -0.6494480483301828 0
    outer loop
      vertex -7.926888806861102 6.419067988708341 30
      vertex -7.926888806861102 6.419067988708341 0.2
      vertex -7.580077219869421 6.825132184860354 0.2
    endloop
  endfacet
  facet normal 0.7253743710122883 -0.6883545756937532 0
    outer loop
      vertex -7.580077219869421 6.825132184860354 30
      vertex -7.580077219869421 6.825132184860354 0.2
      vertex -7.212489168102785 7.212489168102785 0.2
    endloop
  endfacet
  facet normal 0.6883545756937532 -0.7253743710122883 0
    outer loop
      vertex -7.212489168102785 7.212489168102785 30
      vertex -7.212489168102785 7.212489168102785 0.2
      vertex -6.825132184860354 7.580077219869421 0.2
    endloop
  endfacet
  facet normal 0.6494480483301828 -0.7604059656000317 0
    outer loop
      vertex -6.825132184860354 7.580077219869421 30
      vertex -6.825132184860354 7.580077219869421 0.2
      vertex -6.419067988708341 7.926888806861102 0.2
    endloop
  endfacet
  facet normal -0.9025852916253636 -0.43051108155488527 0
    outer loop
      vertex -7.740636371076107 14.779790073633194 30
      vertex -7.740636371076107 14.779790073633194 0.2
      vertex -7.673019573092461 14.638028502464294 0.2
    endloop
  endfacet
  facet normal -0.9238795293544398 -0.38268343998639204 0
    outer loop
      vertex -7.8007412776350975 14.924896150827408 30
      vertex -7.8007412776350975 14.924896150827408 0.2
      vertex -7.740636371076107 14.779790073633194 0.2
    endloop
  endfacet
  facet normal -0.8788171085477188 -0.4771587678371079 0
    outer loop
      vertex -7.673019573092461 14.638028502464294 30
      vertex -7.673019573092461 14.638028502464294 0.2
      vertex -7.598076209425926 14.5 0.2
    endloop
  endfacet
  facet normal -0.4771587602596106 0.8788171126619642 0
    outer loop
      vertex -7.3895942845617615 14.187829722840089 30
      vertex -7.3895942845617615 14.187829722840089 0.2
      vertex -8 13.856406460551018 0.2
    endloop
  endfacet
  facet normal -0.8526401856157652 -0.5224985300200504 0
    outer loop
      vertex -7.598076209425926 14.5 30
      vertex -7.598076209425926 14.5 0.2
      vertex -7.516011707484722 14.366082891821861 0.2
    endloop
  endfacet
  facet normal -0.7933533398941721 -0.6087614295261831 0
    outer loop
      vertex -7.427050985395908 14.236644245684147 30
      vertex -7.427050985395908 14.236644245684147 0.2
      vertex -7.3895942845617615 14.187829722840089 0.2
    endloop
  endfacet
  facet normal -0.8241261728965001 -0.566406259805599 0
    outer loop
      vertex -7.516011707484722 14.366082891821861 30
      vertex -7.516011707484722 14.366082891821861 0.2
      vertex -7.427050985395908 14.236644245684147 0.2
    endloop
  endfacet
  facet normal 0.608761429008722 -0.7933533402912343 0
    outer loop
      vertex -6.419067988708341 7.926888806861102 30
      vertex -6.419067988708341 7.926888806861102 0.2
      vertex -5.995409573383226 8.251973342624463 0.2
    endloop
  endfacet
  facet normal 0.5664062369248337 -0.8241261886220151 0
    outer loop
      vertex -5.995409573383226 8.251973342624463 30
      vertex -5.995409573383226 8.251973342624463 0.2
      vertex -5.555318157153276 8.554439793043326 0.2
    endloop
  endfacet
  facet normal 0.5224985647159457 -0.8526401643540942 0
    outer loop
      vertex -5.555318157153276 8.554439793043326 30
      vertex -5.555318157153276 8.554439793043326 0.2
      vertex -5.1 8.833459118601272 0.2
    endloop
  endfacet
  facet normal 0.47715876025961074 -0.878817112661964 0
    outer loop
      vertex -5.1 8.833459118601272 30
      vertex -5.1 8.833459118601272 0.2
      vertex -4.630703097343377 9.088266546721352 0.2
    endloop
  endfacet
  facet normal 0.43051109680829286 -0.9025852843498617 0
    outer loop
      vertex -4.630703097343377 9.088266546721352 30
      vertex -4.630703097343377 9.088266546721352 0.2
      vertex -4.148713759373162 9.318163667954527 0.2
    endloop
  endfacet
  facet normal 0.3826834323650904 -0.9238795325112865 0
    outer loop
      vertex -4.148713759373162 9.318163667954527 30
      vertex -4.148713759373162 9.318163667954527 0.2
      vertex -3.6553530853620626 9.522520350271456 0.2
    endloop
  endfacet
  facet normal 0.3338068592337703 -0.9426414910921787 0
    outer loop
      vertex -3.6553530853620626 9.522520350271456 30
      vertex -3.6553530853620626 9.522520350271456 0.2
      vertex -3.1519733426244634 9.700776466210565 0.2
    endloop
  endfacet
  facet normal 0.28401534470392376 -0.9588197348681927 0
    outer loop
      vertex -3.1519733426244634 9.700776466210565 30
      vertex -3.1519733426244634 9.700776466210565 0.2
      vertex -2.6399542600457115 9.852443428148495 0.2
    endloop
  endfacet
  facet normal 0.23344536385590578 -0.9723699203976764 0
    outer loop
      vertex -2.6399542600457115 9.852443428148495 30
      vertex -2.6399542600457115 9.852443428148495 0.2
      vertex -2.120699246341145 9.977105527484817 0.2
    endloop
  endfacet
  facet normal 0.1822355254921479 -0.9832549075639545 0
    outer loop
      vertex -2.120699246341145 9.977105527484817 30
      vertex -2.120699246341145 9.977105527484817 0.2
      vertex -1.5956315434103547 10.074421074070404 0.2
    endloop
  endfacet
  facet normal -1 0 0
    outer loop
      vertex -8 21.100555959618703 14.193672113523075
      vertex -8 22 0.2
      vertex -8 16 0.2
    endloop
  endfacet
  facet normal -1 0 0
    outer loop
      vertex -8 17.251421586721815 13.584029120137865
      vertex -8 17.32792414267586 13.49445613569257
      vertex -8 16 0.2
    endloop
  endfacet
  facet normal -1 0 0
    outer loop
      vertex -8 17.179711762656368 13.677483182341936
      vertex -8 17.251421586721815 13.584029120137865
      vertex -8 16 0.2
    endloop
  endfacet
  facet normal -1 0 0
    outer loop
      vertex -8 17.179711762656368 13.677483182341936
      vertex -8 16 0.2
      vertex -8 17.112991222122794 13.77456217121619
    endloop
  endfacet
  facet normal -1 0 0
    outer loop
      vertex -8 17.112991222122794 13.77456217121619
      vertex -8 16 0.2
      vertex -8 17.051442841485013 13.875
    endloop
  endfacet
  facet normal -1 0 0
    outer loop
      vertex -8 17.051442841485013 13.875
      vertex -8 16 0.2
      vertex -8 16.99523532057617 13.97852137558602
    endloop
  endfacet
  facet normal -1 0 0
    outer loop
      vertex -8 17.677483182341934 13.179711762656368
      vertex -8 16 0.2
      vertex -8 17.584029120137867 13.251421586721815
    endloop
  endfacet
  facet normal -1 0 0
    outer loop
      vertex -8 17.77456217121619 13.112991222122796
      vertex -8 17.875 13.051442841485013
      vertex -8 16 0.2
    endloop
  endfacet
  facet normal -1 0 0
    outer loop
      vertex -8 17.875 13.051442841485013
      vertex -8 17.97852137558602 12.995235320576173
      vertex -8 16 0.2
    endloop
  endfacet
  facet normal -1 0 0
    outer loop
      vertex -8 17.77456217121619 13.112991222122796
      vertex -8 16 0.2
      vertex -8 17.677483182341934 13.179711762656368
    endloop
  endfacet
  facet normal -1 0 0
    outer loop
      vertex -8 18.304711762656368 12.860122838335904
      vertex -8 16 0.2
      vertex -8 18.193672113523075 12.899444040381296
    endloop
  endfacet
  facet normal -1 0 0
    outer loop
      vertex -8 18.304711762656368 12.860122838335904
      vertex -8 18.41765714851933 12.826666890849596
      vertex -8 16 0.2
    endloop
  endfacet
  facet normal -1 0 0
    outer loop
      vertex -8 18.41765714851933 12.826666890849596
      vertex -8 18.532198695660043 12.799167898348937
      vertex -8 16 0.2
    endloop
  endfacet
  facet normal -1 0 0
    outer loop
      vertex -8 18.532198695660043 12.799167898348937
      vertex -8 18.64802245365948 12.77770123366094
      vertex -8 16 0.2
    endloop
  endfacet
  facet normal -1 0 0
    outer loop
      vertex -8 18.64802245365948 12.77770123366094
      vertex -8 18.76481095764778 12.762325735421385
      vertex -8 16 0.2
    endloop
  endfacet
  facet normal -1 0 0
    outer loop
      vertex -8 17.97852137558602 12.995235320576173
      vertex -8 18.08484255307945 12.944522720304148
      vertex -8 16 0.2
    endloop
  endfacet
  facet normal -1 0 0
    outer loop
      vertex -8 18.08484255307945 12.944522720304148
      vertex -8 18.193672113523075 12.899444040381296
      vertex -8 16 0.2
    endloop
  endfacet
  facet normal -1 0 0
    outer loop
      vertex -8 17.49445613569257 13.327924142675863
      vertex -8 16 0.2
      vertex -8 17.40900974233027 13.409009742330268
    endloop
  endfacet
  facet normal -1 0 0
    outer loop
      vertex -8 17.49445613569257 13.327924142675863
      vertex -8 17.584029120137867 13.251421586721815
      vertex -8 16 0.2
    endloop
  endfacet
  facet normal -1 0 0
    outer loop
      vertex -8 17.32792414267586 13.49445613569257
      vertex -8 17.40900974233027 13.409009742330268
      vertex -8 16 0.2
    endloop
  endfacet
  facet normal -1 0 0
    outer loop
      vertex -8 18.76481095764778 12.762325735421385
      vertex -8 18.882244098453377 12.753083546802209
      vertex -8 16 0.2
    endloop
  endfacet
  facet normal -1 0 0
    outer loop
      vertex -8 18.882244098453377 12.753083546802209
      vertex -8 19 12.75
      vertex -8 16 0.2
    endloop
  endfacet
  facet normal -1 0 0
    outer loop
      vertex -8 19 12.75
      vertex -8 19.117755901546623 12.753083546802209
      vertex -8 16 0.2
    endloop
  endfacet
  facet normal -1 0 0
    outer loop
      vertex -8 19.117755901546623 12.753083546802209
      vertex -8 19.23518904235222 12.762325735421385
      vertex -8 16 0.2
    endloop
  endfacet
  facet normal -1 0 0
    outer loop
      vertex -8 19.23518904235222 12.762325735421385
      vertex -8 19.35197754634052 12.77770123366094
      vertex -8 16 0.2
    endloop
  endfacet
  facet normal -1 0 0
    outer loop
      vertex -8 19.35197754634052 12.77770123366094
      vertex -8 19.467801304339957 12.799167898348937
      vertex -8 16 0.2
    endloop
  endfacet
  facet normal -1 0 0
    outer loop
      vertex -8 19.467801304339957 12.799167898348937
      vertex -8 19.58234285148067 12.826666890849596
      vertex -8 16 0.2
    endloop
  endfacet
  facet normal -1 0 0
    outer loop
      vertex -8 19.58234285148067 12.826666890849596
      vertex -8 19.695288237343632 12.860122838335904
      vertex -8 16 0.2
    endloop
  endfacet
  facet normal -1 0 0
    outer loop
      vertex -8 19.695288237343632 12.860122838335904
      vertex -8 19.806327886476925 12.899444040381296
      vertex -8 16 0.2
    endloop
  endfacet
  facet normal -1 0 0
    outer loop
      vertex -8 19.806327886476925 12.899444040381296
      vertex -8 19.91515744692055 12.944522720304148
      vertex -8 16 0.2
    endloop
  endfacet
  facet normal -1 0 0
    outer loop
      vertex -8 19.91515744692055 12.944522720304148
      vertex -8 20.02147862441398 12.995235320576173
      vertex -8 16 0.2
    endloop
  endfacet
  facet normal -1 0 0
    outer loop
      vertex -8 20.02147862441398 12.995235320576173
      vertex -8 20.125 13.051442841485013
      vertex -8 16 0.2
    endloop
  endfacet
  facet normal -0.9723699157063979 -0.2334453833964867 0
    outer loop
      vertex -7.934442803263664 15.376264929771423 30
      vertex -7.934442803263664 15.376264929771423 0.2
      vertex -7.89777747541666 15.223542861640453 0.2
    endloop
  endfacet
  facet normal -0.9588197346341912 -0.28401534549389984 0
    outer loop
      vertex -7.89777747541666 15.223542861640453 30
      vertex -7.89777747541666 15.223542861640453 0.2
      vertex -7.853169545531273 15.072949014604092 0.2
    endloop
  endfacet
  facet normal -0.9426414928622097 -0.3338068542353567 0
    outer loop
      vertex -7.853169545531273 15.072949014604092 30
      vertex -7.853169545531273 15.072949014604092 0.2
      vertex -7.8007412776350975 14.924896150827408 0.2
    endloop
  endfacet
  facet normal -0.9832549101845729 -0.1822355113525557 0
    outer loop
      vertex -7.963065020740032 15.530696608126163 30
      vertex -7.963065020740032 15.530696608126163 0.2
      vertex -7.934442803263664 15.376264929771423 0.2
    endloop
  endfacet
  facet normal -0.991444858128 -0.13052621687442656 0
    outer loop
      vertex -7.98356568813324 15.68641460686922 30
      vertex -7.98356568813324 15.68641460686922 0.2
      vertex -7.963065020740032 15.530696608126163 0.2
    endloop
  endfacet
  facet normal -0.9969173342738784 -0.07845908885695775 0
    outer loop
      vertex -7.995888605713844 15.842992134392262 30
      vertex -7.995888605713844 15.842992134392262 0.2
      vertex -7.98356568813324 15.68641460686922 0.2
    endloop
  endfacet
  facet normal -1 0 0
    outer loop
      vertex -8 16.94452272030415 14.084842553079449
      vertex -8 16 0.2
      vertex -8 16.899444040381297 14.193672113523075
    endloop
  endfacet
  facet normal -1 0 0
    outer loop
      vertex -8 16.899444040381297 14.193672113523075
      vertex -8 16 0.2
      vertex -8 16.860122838335904 14.304711762656368
    endloop
  endfacet
  facet normal -1 0 0
    outer loop
      vertex -8 16.99523532057617 13.97852137558602
      vertex -8 16 0.2
      vertex -8 16.94452272030415 14.084842553079449
    endloop
  endfacet
  facet normal -1 0 0
    outer loop
      vertex -8 16.860122838335904 14.304711762656368
      vertex -8 16 0.2
      vertex -8 16.826666890849594 14.417657148519329
    endloop
  endfacet
  facet normal -1 0 0
    outer loop
      vertex -8 16.826666890849594 14.417657148519329
      vertex -8 16 0.2
      vertex -8 16.799167898348937 14.53219869566004
    endloop
  endfacet
  facet normal -1 0 0
    outer loop
      vertex -8 16.77770123366094 14.64802245365948
      vertex -8 16.799167898348937 14.53219869566004
      vertex -8 16 0.2
    endloop
  endfacet
  facet normal -1 0 0
    outer loop
      vertex -8 16.77770123366094 14.64802245365948
      vertex -8 16 0.2
      vertex -8 16.762325735421385 14.76481095764778
    endloop
  endfacet
  facet normal -1 0 0
    outer loop
      vertex -8 16.762325735421385 14.76481095764778
      vertex -8 16 0.2
      vertex -8 16.75308354680221 14.882244098453377
    endloop
  endfacet
  facet normal -0.9996573252035448 -0.026176939601381184 0
    outer loop
      vertex -8 16 30
      vertex -8 16 0.2
      vertex -7.995888605713844 15.842992134392262 0.2
    endloop
  endfacet
  facet normal -1 0 0
    outer loop
      vertex -8 20.125 13.051442841485013
      vertex -8 20.22543782878381 13.112991222122796
      vertex -8 16 0.2
    endloop
  endfacet
  facet normal -1 0 0
    outer loop
      vertex -8 20.22543782878381 13.112991222122796
      vertex -8 20.322516817658066 13.179711762656368
      vertex -8 16 0.2
    endloop
  endfacet
  facet normal -1 0 0
    outer loop
      vertex -8 20.322516817658066 13.179711762656368
      vertex -8 20.415970879862133 13.251421586721815
      vertex -8 16 0.2
    endloop
  endfacet
  facet normal -1 0 0
    outer loop
      vertex -8 20.415970879862133 13.251421586721815
      vertex -8 20.50554386430743 13.327924142675863
      vertex -8 16 0.2
    endloop
  endfacet
  facet normal -1 0 0
    outer loop
      vertex -8 20.50554386430743 13.327924142675863
      vertex -8 20.59099025766973 13.409009742330268
      vertex -8 16 0.2
    endloop
  endfacet
  facet normal -1 0 0
    outer loop
      vertex -8 20.59099025766973 13.409009742330268
      vertex -8 20.67207585732414 13.49445613569257
      vertex -8 16 0.2
    endloop
  endfacet
  facet normal -1 0 0
    outer loop
      vertex -8 20.67207585732414 13.49445613569257
      vertex -8 20.748578413278185 13.584029120137865
      vertex -8 16 0.2
    endloop
  endfacet
  facet normal -1 0 0
    outer loop
      vertex -8 20.748578413278185 13.584029120137865
      vertex -8 20.820288237343632 13.677483182341936
      vertex -8 16 0.2
    endloop
  endfacet
  facet normal -1 0 0
    outer loop
      vertex -8 20.820288237343632 13.677483182341936
      vertex -8 20.887008777877206 13.77456217121619
      vertex -8 16 0.2
    endloop
  endfacet
  facet normal -1 0 0
    outer loop
      vertex -8 20.887008777877206 13.77456217121619
      vertex -8 20.948557158514987 13.875
      vertex -8 16 0.2
    endloop
  endfacet
  facet normal -1 0 0
    outer loop
      vertex -8 20.948557158514987 13.875
      vertex -8 21.00476467942383 13.97852137558602
      vertex -8 16 0.2
    endloop
  endfacet
  facet normal -1 0 0
    outer loop
      vertex -8 21.00476467942383 13.97852137558602
      vertex -8 21.05547727969585 14.084842553079449
      vertex -8 16 0.2
    endloop
  endfacet
  facet normal -1 0 0
    outer loop
      vertex -8 21.05547727969585 14.084842553079449
      vertex -8 21.100555959618703 14.193672113523075
      vertex -8 16 0.2
    endloop
  endfacet
  facet normal -1 0 0
    outer loop
      vertex -8 21.100555959618703 14.193672113523075
      vertex -8 21.139877161664096 14.304711762656368
      vertex -8 22 0.2
    endloop
  endfacet
  facet normal -1 0 0
    outer loop
      vertex -8 21.139877161664096 14.304711762656368
      vertex -8 21.173333109150406 14.417657148519329
      vertex -8 22 0.2
    endloop
  endfacet
  facet normal -1 0 0
    outer loop
      vertex -8 21.173333109150406 14.417657148519329
      vertex -8 21.200832101651063 14.53219869566004
      vertex -8 22 0.2
    endloop
  endfacet
  facet normal -1 0 0
    outer loop
      vertex -8 21.200832101651063 14.53219869566004
      vertex -8 21.22229876633906 14.64802245365948
      vertex -8 22 0.2
    endloop
  endfacet
  facet normal -1 0 0
    outer loop
      vertex -8 21.22229876633906 14.64802245365948
      vertex -8 21.237674264578615 14.76481095764778
      vertex -8 22 0.2
    endloop
  endfacet
  facet normal -1 0 0
    outer loop
      vertex -8 21.237674264578615 14.76481095764778
      vertex -8 21.24691645319779 14.882244098453377
      vertex -8 22 0.2
    endloop
  endfacet
  facet normal -1 0 0
    outer loop
      vertex -8 21.24691645319779 14.882244098453377
      vertex -8 21.25 15
      vertex -8 22 0.2
    endloop
  endfacet
  facet normal -1 0 0
    outer loop
      vertex -8 21.25 15
      vertex -8 21.24691645319779 15.117755901546623
      vertex -8 22 0.2
    endloop
  endfacet
  facet normal -0.9996573252035448 0.026176939601381184 0
    outer loop
      vertex -7.995888605713844 22.15700786560774 30
      vertex -7.995888605713844 22.15700786560774 0.2
      vertex -8 22 0.2
    endloop
  endfacet
  facet normal -0.9969173342738784 0.07845908885695775 0
    outer loop
      vertex -7.98356568813324 22.31358539313078 30
      vertex -7.98356568813324 22.31358539313078 0.2
      vertex -7.995888605713844 22.15700786560774 0.2
    endloop
  endfacet
  facet normal -0.991444858128 0.13052621687442656 0
    outer loop
      vertex -7.963065020740032 22.469303391873837 30
      vertex -7.963065020740032 22.469303391873837 0.2
      vertex -7.98356568813324 22.31358539313078 0.2
    endloop
  endfacet
  facet normal 0 0.3338068592337713 0.9426414910921782
    outer loop
      vertex -8 18.304711762656368 12.860122838335904
      vertex -8 18.193672113523075 12.899444040381296
      vertex -0.39999999999997726 18.304711762656368 12.860122838335904
    endloop
  endfacet
  facet normal 6.548814608527974e-20 0.5224985647159488 0.8526401643540924
    outer loop
      vertex -8 17.77456217121619 13.112991222122796
      vertex -0.39999999999997726 17.875 13.051442841485013
      vertex -8 17.875 13.051442841485013
    endloop
  endfacet
  facet normal -2.940202778903447e-19 0.47715876025960446 0.8788171126619676
    outer loop
      vertex -8 17.875 13.051442841485013
      vertex -0.39999999999997726 17.97852137558602 12.995235320576173
      vertex -8 17.97852137558602 12.995235320576173
    endloop
  endfacet
  facet normal 4.01534113125259e-19 0.38268343236509583 0.9238795325112842
    outer loop
      vertex -8 18.08484255307945 12.944522720304148
      vertex -0.39999999999997726 18.193672113523075 12.899444040381296
      vertex -8 18.193672113523075 12.899444040381296
    endloop
  endfacet
  facet normal 3.017134472441605e-19 0.430511096808295 0.9025852843498607
    outer loop
      vertex -8 17.97852137558602 12.995235320576173
      vertex -0.39999999999997726 18.08484255307945 12.944522720304148
      vertex -8 18.08484255307945 12.944522720304148
    endloop
  endfacet
  facet normal -1.197988304621007e-19 0.28401534470392015 0.9588197348681937
    outer loop
      vertex -8 18.304711762656368 12.860122838335904
      vertex -0.39999999999997726 18.41765714851933 12.826666890849596
      vertex -8 18.41765714851933 12.826666890849596
    endloop
  endfacet
  facet normal -1.0795296745488409e-19 0.23344536385590353 0.972369920397677
    outer loop
      vertex -8 18.41765714851933 12.826666890849596
      vertex -0.39999999999997726 18.532198695660043 12.799167898348937
      vertex -8 18.532198695660043 12.799167898348937
    endloop
  endfacet
  facet normal -2.262507770065965e-20 0.1305261922200507 0.9914448613738106
    outer loop
      vertex -8 18.64802245365948 12.77770123366094
      vertex -0.39999999999997726 18.76481095764778 12.762325735421385
      vertex -8 18.76481095764778 12.762325735421385
    endloop
  endfacet
  facet normal 1.7341810786917683e-19 0.18223552549215238 0.9832549075639537
    outer loop
      vertex -8 18.532198695660043 12.799167898348937
      vertex -0.39999999999997726 18.64802245365948 12.77770123366094
      vertex -8 18.64802245365948 12.77770123366094
    endloop
  endfacet
  facet normal 0 0.9588197348681897 0.2840153447039341
    outer loop
      vertex -8 16.860122838335904 14.304711762656368
      vertex -8 16.826666890849594 14.417657148519329
      vertex -0.39999999999997726 16.860122838335904 14.304711762656368
    endloop
  endfacet
  facet normal 0 0.9723699203976798 0.23344536385589273
    outer loop
      vertex -8 16.826666890849594 14.417657148519329
      vertex -8 16.799167898348937 14.53219869566004
      vertex -0.39999999999997726 16.826666890849594 14.417657148519329
    endloop
  endfacet
  facet normal -4.011785267279098e-20 0.9832549075639574 0.1822355254921324
    outer loop
      vertex -8 16.77770123366094 14.64802245365948
      vertex -0.39999999999997726 16.799167898348937 14.53219869566004
      vertex -8 16.799167898348937 14.53219869566004
    endloop
  endfacet
  facet normal 0 0.9914448613738086 0.13052619222006553
    outer loop
      vertex -8 16.77770123366094 14.64802245365948
      vertex -8 16.762325735421385 14.76481095764778
      vertex -0.39999999999997726 16.77770123366094 14.64802245365948
    endloop
  endfacet
  facet normal 0 0.9969173337331282 0.0784590957278416
    outer loop
      vertex -8 16.762325735421385 14.76481095764778
      vertex -8 16.75308354680221 14.882244098453377
      vertex -0.39999999999997726 16.762325735421385 14.76481095764778
    endloop
  endfacet
  facet normal 0 0.9996573249755571 0.026176948307875245
    outer loop
      vertex -8 16.75308354680221 14.882244098453377
      vertex -8 16.75 15
      vertex -0.39999999999997726 16.75308354680221 14.882244098453377
    endloop
  endfacet
  facet normal -4.571885942065014e-19 0.760405965600029 0.6494480483301859
    outer loop
      vertex -8 17.251421586721815 13.584029120137865
      vertex -0.39999999999997726 17.32792414267586 13.49445613569257
      vertex -8 17.32792414267586 13.49445613569257
    endloop
  endfacet
  facet normal 3.9277423330408086e-19 0.6494480483301871 0.7604059656000278
    outer loop
      vertex -8 17.49445613569257 13.327924142675863
      vertex -0.39999999999997726 17.584029120137867 13.251421586721815
      vertex -8 17.584029120137867 13.251421586721815
    endloop
  endfacet
  facet normal 0 0.6883545756937532 0.7253743710122884
    outer loop
      vertex -8 17.49445613569257 13.327924142675863
      vertex -8 17.40900974233027 13.409009742330268
      vertex -0.39999999999997726 17.49445613569257 13.327924142675863
    endloop
  endfacet
  facet normal 0 0.6087614290087312 0.793353340291227
    outer loop
      vertex -8 17.677483182341934 13.179711762656368
      vertex -8 17.584029120137867 13.251421586721815
      vertex -0.39999999999997726 17.677483182341934 13.179711762656368
    endloop
  endfacet
  facet normal 0 0.5664062369248234 0.8241261886220221
    outer loop
      vertex -8 17.77456217121619 13.112991222122796
      vertex -8 17.677483182341934 13.179711762656368
      vertex -0.39999999999997726 17.77456217121619 13.112991222122796
    endloop
  endfacet
  facet normal -3.217990972015049e-19 0.7253743710122805 0.6883545756937615
    outer loop
      vertex -8 17.32792414267586 13.49445613569257
      vertex -0.39999999999997726 17.40900974233027 13.409009742330268
      vertex -8 17.40900974233027 13.409009742330268
    endloop
  endfacet
  facet normal 0 0.8526401643540991 0.5224985647159378
    outer loop
      vertex -8 17.112991222122794 13.77456217121619
      vertex -8 17.051442841485013 13.875
      vertex -0.39999999999997726 17.112991222122794 13.77456217121619
    endloop
  endfacet
  facet normal 0 0.8241261886220103 0.5664062369248408
    outer loop
      vertex -8 17.179711762656368 13.677483182341936
      vertex -8 17.112991222122794 13.77456217121619
      vertex -0.39999999999997726 17.179711762656368 13.677483182341936
    endloop
  endfacet
  facet normal 1.0572337141743905e-19 0.7933533402912383 0.6087614290087167
    outer loop
      vertex -8 17.179711762656368 13.677483182341936
      vertex -0.39999999999997726 17.251421586721815 13.584029120137865
      vertex -8 17.251421586721815 13.584029120137865
    endloop
  endfacet
  facet normal 0 0.8788171126619613 0.4771587602596161
    outer loop
      vertex -8 17.051442841485013 13.875
      vertex -8 16.99523532057617 13.97852137558602
      vertex -0.39999999999997726 17.051442841485013 13.875
    endloop
  endfacet
  facet normal 0 0.9025852843498696 0.43051109680827626
    outer loop
      vertex -8 16.99523532057617 13.97852137558602
      vertex -8 16.94452272030415 14.084842553079449
      vertex -0.39999999999997726 16.99523532057617 13.97852137558602
    endloop
  endfacet
  facet normal 0 0.9238795325112864 0.3826834323650905
    outer loop
      vertex -8 16.94452272030415 14.084842553079449
      vertex -8 16.899444040381297 14.193672113523075
      vertex -0.39999999999997726 16.94452272030415 14.084842553079449
    endloop
  endfacet
  facet normal 0 0.9426414910921735 0.33380685923378467
    outer loop
      vertex -8 16.899444040381297 14.193672113523075
      vertex -8 16.860122838335904 14.304711762656368
      vertex -0.39999999999997726 16.899444040381297 14.193672113523075
    endloop
  endfacet
  facet normal 8.73785793058762e-20 0.0784590957278404 0.9969173337331283
    outer loop
      vertex -8 18.76481095764778 12.762325735421385
      vertex -0.39999999999997726 18.882244098453377 12.753083546802209
      vertex -8 18.882244098453377 12.753083546802209
    endloop
  endfacet
  facet normal 2.88795490255989e-20 0.026176948307875245 0.9996573249755571
    outer loop
      vertex -8 18.882244098453377 12.753083546802209
      vertex -0.39999999999997726 19 12.75
      vertex -8 19 12.75
    endloop
  endfacet
  facet normal -2.88795490255989e-20 -0.026176948307875245 0.9996573249755571
    outer loop
      vertex -8 19 12.75
      vertex -0.39999999999997726 19.117755901546623 12.753083546802209
      vertex -8 19.117755901546623 12.753083546802209
    endloop
  endfacet
  facet normal -8.73785793058762e-20 -0.0784590957278404 0.9969173337331283
    outer loop
      vertex -8 19.117755901546623 12.753083546802209
      vertex -0.39999999999997726 19.23518904235222 12.762325735421385
      vertex -8 19.23518904235222 12.762325735421385
    endloop
  endfacet
  facet normal 2.262507770065965e-20 -0.1305261922200507 0.9914448613738106
    outer loop
      vertex -8 19.23518904235222 12.762325735421385
      vertex -0.39999999999997726 19.35197754634052 12.77770123366094
      vertex -8 19.35197754634052 12.77770123366094
    endloop
  endfacet
  facet normal -1.7341810786917683e-19 -0.18223552549215238 0.9832549075639537
    outer loop
      vertex -8 19.35197754634052 12.77770123366094
      vertex -0.39999999999997726 19.467801304339957 12.799167898348937
      vertex -8 19.467801304339957 12.799167898348937
    endloop
  endfacet
  facet normal 1.0795296745488409e-19 -0.23344536385590353 0.972369920397677
    outer loop
      vertex -8 19.467801304339957 12.799167898348937
      vertex -0.39999999999997726 19.58234285148067 12.826666890849596
      vertex -8 19.58234285148067 12.826666890849596
    endloop
  endfacet
  facet normal 1.197988304621007e-19 -0.28401534470392015 0.9588197348681937
    outer loop
      vertex -8 19.58234285148067 12.826666890849596
      vertex -0.39999999999997726 19.695288237343632 12.860122838335904
      vertex -8 19.695288237343632 12.860122838335904
    endloop
  endfacet
  facet normal 5.426817440245354e-20 -0.3338068592337713 0.9426414910921782
    outer loop
      vertex -8 19.695288237343632 12.860122838335904
      vertex -0.39999999999997726 19.806327886476925 12.899444040381296
      vertex -8 19.806327886476925 12.899444040381296
    endloop
  endfacet
  facet normal -4.01534113125259e-19 -0.38268343236509583 0.9238795325112842
    outer loop
      vertex -8 19.806327886476925 12.899444040381296
      vertex -0.39999999999997726 19.91515744692055 12.944522720304148
      vertex -8 19.91515744692055 12.944522720304148
    endloop
  endfacet
  facet normal -3.017134472441605e-19 -0.430511096808295 0.9025852843498607
    outer loop
      vertex -8 19.91515744692055 12.944522720304148
      vertex -0.39999999999997726 20.02147862441398 12.995235320576173
      vertex -8 20.02147862441398 12.995235320576173
    endloop
  endfacet
  facet normal 2.940202778903447e-19 -0.47715876025960446 0.8788171126619676
    outer loop
      vertex -8 20.02147862441398 12.995235320576173
      vertex -0.39999999999997726 20.125 13.051442841485013
      vertex -8 20.125 13.051442841485013
    endloop
  endfacet
  facet normal -6.548814608527974e-20 -0.5224985647159488 0.8526401643540924
    outer loop
      vertex -8 20.125 13.051442841485013
      vertex -0.39999999999997726 20.22543782878381 13.112991222122796
      vertex -8 20.22543782878381 13.112991222122796
    endloop
  endfacet
  facet normal -1.4469702481700119e-19 -0.5664062369248234 0.8241261886220221
    outer loop
      vertex -8 20.22543782878381 13.112991222122796
      vertex -0.39999999999997726 20.322516817658066 13.179711762656368
      vertex -8 20.322516817658066 13.179711762656368
    endloop
  endfacet
  facet normal 1.6222152618456225e-19 -0.6087614290087312 0.793353340291227
    outer loop
      vertex -8 20.322516817658066 13.179711762656368
      vertex -0.39999999999997726 20.415970879862133 13.251421586721815
      vertex -8 20.415970879862133 13.251421586721815
    endloop
  endfacet
  facet normal -3.9277423330408086e-19 -0.6494480483301871 0.7604059656000278
    outer loop
      vertex -8 20.415970879862133 13.251421586721815
      vertex -0.39999999999997726 20.50554386430743 13.327924142675863
      vertex -8 20.50554386430743 13.327924142675863
    endloop
  endfacet
  facet normal 2.716755098620591e-19 -0.6883545756937532 0.7253743710122884
    outer loop
      vertex -8 20.50554386430743 13.327924142675863
      vertex -0.39999999999997726 20.59099025766973 13.409009742330268
      vertex -8 20.59099025766973 13.409009742330268
    endloop
  endfacet
  facet normal 3.217990972015049e-19 -0.7253743710122805 0.6883545756937615
    outer loop
      vertex -8 20.59099025766973 13.409009742330268
      vertex -0.39999999999997726 20.67207585732414 13.49445613569257
      vertex -8 20.67207585732414 13.49445613569257
    endloop
  endfacet
  facet normal 4.571885942065014e-19 -0.760405965600029 0.6494480483301859
    outer loop
      vertex -8 20.67207585732414 13.49445613569257
      vertex -0.39999999999997726 20.748578413278185 13.584029120137865
      vertex -8 20.748578413278185 13.584029120137865
    endloop
  endfacet
  facet normal -1.0572337141743905e-19 -0.7933533402912383 0.6087614290087167
    outer loop
      vertex -8 20.748578413278185 13.584029120137865
      vertex -0.39999999999997726 20.820288237343632 13.677483182341936
      vertex -8 20.820288237343632 13.677483182341936
    endloop
  endfacet
  facet normal 2.3981347663282665e-20 -0.8241261886220103 0.5664062369248408
    outer loop
      vertex -8 20.820288237343632 13.677483182341936
      vertex -0.39999999999997726 20.887008777877206 13.77456217121619
      vertex -8 20.887008777877206 13.77456217121619
    endloop
  endfacet
  facet normal 2.2838892884585954e-19 -0.8526401643540991 0.5224985647159378
    outer loop
      vertex -8 20.887008777877206 13.77456217121619
      vertex -0.39999999999997726 20.948557158514987 13.875
      vertex -8 20.948557158514987 13.875
    endloop
  endfacet
  facet normal 3.054305813628555e-19 -0.8788171126619613 0.4771587602596161
    outer loop
      vertex -8 20.948557158514987 13.875
      vertex -0.39999999999997726 21.00476467942383 13.97852137558602
      vertex -8 21.00476467942383 13.97852137558602
    endloop
  endfacet
  facet normal 3.271181901077284e-19 -0.9025852843498696 0.43051109680827626
    outer loop
      vertex -8 21.00476467942383 13.97852137558602
      vertex -0.39999999999997726 21.05547727969585 14.084842553079449
      vertex -8 21.05547727969585 14.084842553079449
    endloop
  endfacet
  facet normal -9.040203900880331e-20 -0.9238795325112864 0.3826834323650905
    outer loop
      vertex -8 21.05547727969585 14.084842553079449
      vertex -0.39999999999997726 21.100555959618703 14.193672113523075
      vertex -8 21.100555959618703 14.193672113523075
    endloop
  endfacet
  facet normal 4.507216925233556e-19 -0.9426414910921735 0.33380685923378467
    outer loop
      vertex -8 21.100555959618703 14.193672113523075
      vertex -0.39999999999997726 21.139877161664096 14.304711762656368
      vertex -8 21.139877161664096 14.304711762656368
    endloop
  endfacet
  facet normal -6.219881366035063e-20 -0.9588197348681897 0.2840153447039341
    outer loop
      vertex -8 21.139877161664096 14.304711762656368
      vertex -0.39999999999997726 21.173333109150406 14.417657148519329
      vertex -8 21.173333109150406 14.417657148519329
    endloop
  endfacet
  facet normal 2.0578209999140226e-19 -0.9723699203976798 0.23344536385589273
    outer loop
      vertex -8 21.173333109150406 14.417657148519329
      vertex -0.39999999999997726 21.200832101651063 14.53219869566004
      vertex -8 21.200832101651063 14.53219869566004
    endloop
  endfacet
  facet normal 4.011785267279098e-20 -0.9832549075639574 0.1822355254921324
    outer loop
      vertex -8 21.200832101651063 14.53219869566004
      vertex -0.39999999999997726 21.22229876633906 14.64802245365948
      vertex -8 21.22229876633906 14.64802245365948
    endloop
  endfacet
  facet normal -4.242701346115026e-20 -0.9914448613738086 0.13052619222006553
    outer loop
      vertex -8 21.22229876633906 14.64802245365948
      vertex -0.39999999999997726 21.237674264578615 14.76481095764778
      vertex -8 21.237674264578615 14.76481095764778
    endloop
  endfacet
  facet normal -1.762382562724881e-20 -0.9969173337331282 0.0784590957278416
    outer loop
      vertex -8 21.237674264578615 14.76481095764778
      vertex -0.39999999999997726 21.24691645319779 14.882244098453377
      vertex -8 21.24691645319779 14.882244098453377
    endloop
  endfacet
  facet normal -2.88795490255989e-20 -0.9996573249755571 0.026176948307875245
    outer loop
      vertex -8 21.24691645319779 14.882244098453377
      vertex -0.39999999999997726 21.25 15
      vertex -8 21.25 15
    endloop
  endfacet
  facet normal -0.9832549101845729 0.1822355113525557 0
    outer loop
      vertex -7.934442803263664 22.623735070228577 30
      vertex -7.934442803263664 22.623735070228577 0.2
      vertex -7.963065020740032 22.469303391873837 0.2
    endloop
  endfacet
  facet normal -0.9723699157063979 0.2334453833964867 0
    outer loop
      vertex -7.89777747541666 22.776457138359547 30
      vertex -7.89777747541666 22.776457138359547 0.2
      vertex -7.934442803263664 22.623735070228577 0.2
    endloop
  endfacet
  facet normal -0.9588197346341912 0.28401534549389984 0
    outer loop
      vertex -7.853169545531273 22.92705098539591 30
      vertex -7.853169545531273 22.92705098539591 0.2
      vertex -7.89777747541666 22.776457138359547 0.2
    endloop
  endfacet
  facet normal -0.9426414928622097 0.3338068542353567 0
    outer loop
      vertex -7.8007412776350975 23.075103849172592 30
      vertex -7.8007412776350975 23.075103849172592 0.2
      vertex -7.853169545531273 22.92705098539591 0.2
    endloop
  endfacet
  facet normal -0.9238795293544398 0.38268343998639204 0
    outer loop
      vertex -7.740636371076107 23.220209926366806 30
      vertex -7.740636371076107 23.220209926366806 0.2
      vertex -7.8007412776350975 23.075103849172592 0.2
    endloop
  endfacet
  facet normal -0.9025852916253636 0.43051108155488527 0
    outer loop
      vertex -7.673019573092461 23.361971497535706 30
      vertex -7.673019573092461 23.361971497535706 0.2
      vertex -7.740636371076107 23.220209926366806 0.2
    endloop
  endfacet
  facet normal -0.8788171085477188 0.4771587678371079 0
    outer loop
      vertex -7.598076209425926 23.5 30
      vertex -7.598076209425926 23.5 0.2
      vertex -7.673019573092461 23.361971497535706 0.2
    endloop
  endfacet
  facet normal -0.8526401856157652 0.5224985300200504 0
    outer loop
      vertex -7.516011707484722 23.63391710817814 30
      vertex -7.516011707484722 23.63391710817814 0.2
      vertex -7.598076209425926 23.5 0.2
    endloop
  endfacet
  facet normal -0.8241261728965001 0.566406259805599 0
    outer loop
      vertex -7.427050985395908 23.763355754315853 30
      vertex -7.427050985395908 23.763355754315853 0.2
      vertex -7.516011707484722 23.63391710817814 0.2
    endloop
  endfacet
  facet normal -0.7933533398941753 0.608761429526179 0
    outer loop
      vertex -7.331437885761261 23.88796117156744 30
      vertex -7.331437885761261 23.88796117156744 0.2
      vertex -7.427050985395908 23.763355754315853 0.2
    endloop
  endfacet
  facet normal -0.7604059586793502 0.6494480564332595 0
    outer loop
      vertex -7.229434475302696 24.007391817867756 30
      vertex -7.229434475302696 24.007391817867756 0.2
      vertex -7.331437885761261 23.88796117156744 0.2
    endloop
  endfacet
  facet normal -0.7253743841239493 0.6883545618769453 0
    outer loop
      vertex -7.121320344507694 24.121320344507694 30
      vertex -7.121320344507694 24.121320344507694 0.2
      vertex -7.229434475302696 24.007391817867756 0.2
    endloop
  endfacet
  facet normal -0.6883545618769453 0.7253743841239493 0
    outer loop
      vertex -7.007391817867756 24.229434475302696 30
      vertex -7.007391817867756 24.229434475302696 0.2
      vertex -7.121320344507694 24.121320344507694 0.2
    endloop
  endfacet
  facet normal -0.6494480564332595 0.7604059586793502 0
    outer loop
      vertex -6.88796117156744 24.33143788576126 30
      vertex -6.88796117156744 24.33143788576126 0.2
      vertex -7.007391817867756 24.229434475302696 0.2
    endloop
  endfacet
  facet normal -0.608761429526179 0.7933533398941753 0
    outer loop
      vertex -6.763355754315853 24.42705098539591 30
      vertex -6.763355754315853 24.42705098539591 0.2
      vertex -6.88796117156744 24.33143788576126 0.2
    endloop
  endfacet
  facet normal -0.566406259805599 0.8241261728965001 0
    outer loop
      vertex -6.633917108178139 24.516011707484722 30
      vertex -6.633917108178139 24.516011707484722 0.2
      vertex -6.763355754315853 24.42705098539591 0.2
    endloop
  endfacet
  facet normal -0.5224985300200504 0.8526401856157652 0
    outer loop
      vertex -6.5 24.598076209425926 30
      vertex -6.5 24.598076209425926 0.2
      vertex -6.633917108178139 24.516011707484722 0.2
    endloop
  endfacet
  facet normal -0.4771587678371079 0.8788171085477188 0
    outer loop
      vertex -6.361971497535706 24.67301957309246 30
      vertex -6.361971497535706 24.67301957309246 0.2
      vertex -6.5 24.598076209425926 0.2
    endloop
  endfacet
  facet normal -0.43051108155488527 0.9025852916253636 0
    outer loop
      vertex -6.220209926366806 24.740636371076107 30
      vertex -6.220209926366806 24.740636371076107 0.2
      vertex -6.361971497535706 24.67301957309246 0.2
    endloop
  endfacet
  facet normal -0.38268343998639204 0.9238795293544398 0
    outer loop
      vertex -6.075103849172592 24.800741277635098 30
      vertex -6.075103849172592 24.800741277635098 0.2
      vertex -6.220209926366806 24.740636371076107 0.2
    endloop
  endfacet
  facet normal -0.3338068542353567 0.9426414928622097 0
    outer loop
      vertex -5.927050985395908 24.853169545531273 30
      vertex -5.927050985395908 24.853169545531273 0.2
      vertex -6.075103849172592 24.800741277635098 0.2
    endloop
  endfacet
  facet normal -0.28401534549389984 0.9588197346341912 0
    outer loop
      vertex -5.776457138359547 24.89777747541666 30
      vertex -5.776457138359547 24.89777747541666 0.2
      vertex -5.927050985395908 24.853169545531273 0.2
    endloop
  endfacet
  facet normal -0.2334453833964867 0.9723699157063979 0
    outer loop
      vertex -5.623735070228577 24.934442803263664 30
      vertex -5.623735070228577 24.934442803263664 0.2
      vertex -5.776457138359547 24.89777747541666 0.2
    endloop
  endfacet
  facet normal -0.1822355113525557 0.9832549101845729 0
    outer loop
      vertex -5.4693033918738365 24.963065020740032 30
      vertex -5.4693033918738365 24.963065020740032 0.2
      vertex -5.623735070228577 24.934442803263664 0.2
    endloop
  endfacet
  facet normal -0.13052621687442656 0.991444858128 0
    outer loop
      vertex -5.313585393130779 24.98356568813324 30
      vertex -5.313585393130779 24.98356568813324 0.2
      vertex -5.4693033918738365 24.963065020740032 0.2
    endloop
  endfacet
  facet normal -0.07845908885695775 0.9969173342738784 0
    outer loop
      vertex -5.1570078656077385 24.995888605713844 30
      vertex -5.1570078656077385 24.995888605713844 0.2
      vertex -5.313585393130779 24.98356568813324 0.2
    endloop
  endfacet
  facet normal -0.026176939601381184 0.9996573252035448 0
    outer loop
      vertex -5 25 30
      vertex -5 25 0.2
      vertex -5.1570078656077385 24.995888605713844 0.2
    endloop
  endfacet
  facet normal 0 0.5224985647159488 0.8526401643540924
    outer loop
      vertex -8 17.77456217121619 13.112991222122796
      vertex -0.39999999999997726 17.77456217121619 13.112991222122796
      vertex -0.39999999999997726 17.875 13.051442841485013
    endloop
  endfacet
  facet normal 0 0.3338068592337713 0.9426414910921782
    outer loop
      vertex -8 18.193672113523075 12.899444040381296
      vertex -0.39999999999997726 18.193672113523075 12.899444040381296
      vertex -0.39999999999997726 18.304711762656368 12.860122838335904
    endloop
  endfacet
  facet normal 0 0.430511096808295 0.9025852843498607
    outer loop
      vertex -8 17.97852137558602 12.995235320576173
      vertex -0.39999999999997726 17.97852137558602 12.995235320576173
      vertex -0.39999999999997726 18.08484255307945 12.944522720304148
    endloop
  endfacet
  facet normal 0 0.47715876025960446 0.8788171126619676
    outer loop
      vertex -8 17.875 13.051442841485013
      vertex -0.39999999999997726 17.875 13.051442841485013
      vertex -0.39999999999997726 17.97852137558602 12.995235320576173
    endloop
  endfacet
  facet normal 0 0.38268343236509583 0.9238795325112842
    outer loop
      vertex -8 18.08484255307945 12.944522720304148
      vertex -0.39999999999997726 18.08484255307945 12.944522720304148
      vertex -0.39999999999997726 18.193672113523075 12.899444040381296
    endloop
  endfacet
  facet normal 0 0.28401534470392015 0.9588197348681937
    outer loop
      vertex -8 18.304711762656368 12.860122838335904
      vertex -0.39999999999997726 18.304711762656368 12.860122838335904
      vertex -0.39999999999997726 18.41765714851933 12.826666890849596
    endloop
  endfacet
  facet normal 0 0.23344536385590353 0.972369920397677
    outer loop
      vertex -8 18.41765714851933 12.826666890849596
      vertex -0.39999999999997726 18.41765714851933 12.826666890849596
      vertex -0.39999999999997726 18.532198695660043 12.799167898348937
    endloop
  endfacet
  facet normal 0 0.1305261922200507 0.9914448613738106
    outer loop
      vertex -8 18.64802245365948 12.77770123366094
      vertex -0.39999999999997726 18.64802245365948 12.77770123366094
      vertex -0.39999999999997726 18.76481095764778 12.762325735421385
    endloop
  endfacet
  facet normal 0 0.18223552549215238 0.9832549075639537
    outer loop
      vertex -8 18.532198695660043 12.799167898348937
      vertex -0.39999999999997726 18.532198695660043 12.799167898348937
      vertex -0.39999999999997726 18.64802245365948 12.77770123366094
    endloop
  endfacet
  facet normal 0 0.9426414910921735 0.33380685923378467
    outer loop
      vertex -8 16.860122838335904 14.304711762656368
      vertex -0.39999999999997726 16.860122838335904 14.304711762656368
      vertex -0.39999999999997726 16.899444040381297 14.193672113523075
    endloop
  endfacet
  facet normal 0 0.9588197348681897 0.2840153447039341
    outer loop
      vertex -8 16.826666890849594 14.417657148519329
      vertex -0.39999999999997726 16.826666890849594 14.417657148519329
      vertex -0.39999999999997726 16.860122838335904 14.304711762656368
    endloop
  endfacet
  facet normal 0 0.9723699203976798 0.23344536385589273
    outer loop
      vertex -8 16.799167898348937 14.53219869566004
      vertex -0.39999999999997726 16.799167898348937 14.53219869566004
      vertex -0.39999999999997726 16.826666890849594 14.417657148519329
    endloop
  endfacet
  facet normal 0 0.9832549075639574 0.1822355254921324
    outer loop
      vertex -8 16.77770123366094 14.64802245365948
      vertex -0.39999999999997726 16.77770123366094 14.64802245365948
      vertex -0.39999999999997726 16.799167898348937 14.53219869566004
    endloop
  endfacet
  facet normal 0 0.9914448613738086 0.13052619222006553
    outer loop
      vertex -8 16.762325735421385 14.76481095764778
      vertex -0.39999999999997726 16.762325735421385 14.76481095764778
      vertex -0.39999999999997726 16.77770123366094 14.64802245365948
    endloop
  endfacet
  facet normal 0 0.9969173337331282 0.0784590957278416
    outer loop
      vertex -8 16.75308354680221 14.882244098453377
      vertex -0.39999999999997726 16.75308354680221 14.882244098453377
      vertex -0.39999999999997726 16.762325735421385 14.76481095764778
    endloop
  endfacet
  facet normal 2.88795490255989e-20 0.9996573249755571 0.026176948307875245
    outer loop
      vertex -0.39999999999997726 16.75308354680221 14.882244098453377
      vertex -8 16.75 15
      vertex -0.39999999999997726 16.75 15
    endloop
  endfacet
  facet normal 0 0.760405965600029 0.6494480483301859
    outer loop
      vertex -8 17.251421586721815 13.584029120137865
      vertex -0.39999999999997726 17.251421586721815 13.584029120137865
      vertex -0.39999999999997726 17.32792414267586 13.49445613569257
    endloop
  endfacet
  facet normal 0 0.6494480483301871 0.7604059656000278
    outer loop
      vertex -8 17.49445613569257 13.327924142675863
      vertex -0.39999999999997726 17.49445613569257 13.327924142675863
      vertex -0.39999999999997726 17.584029120137867 13.251421586721815
    endloop
  endfacet
  facet normal 0 0.6087614290087312 0.793353340291227
    outer loop
      vertex -8 17.584029120137867 13.251421586721815
      vertex -0.39999999999997726 17.584029120137867 13.251421586721815
      vertex -0.39999999999997726 17.677483182341934 13.179711762656368
    endloop
  endfacet
  facet normal 0 0.5664062369248234 0.8241261886220221
    outer loop
      vertex -8 17.677483182341934 13.179711762656368
      vertex -0.39999999999997726 17.677483182341934 13.179711762656368
      vertex -0.39999999999997726 17.77456217121619 13.112991222122796
    endloop
  endfacet
  facet normal 0 0.6883545756937532 0.7253743710122884
    outer loop
      vertex -8 17.40900974233027 13.409009742330268
      vertex -0.39999999999997726 17.40900974233027 13.409009742330268
      vertex -0.39999999999997726 17.49445613569257 13.327924142675863
    endloop
  endfacet
  facet normal 0 0.7253743710122805 0.6883545756937615
    outer loop
      vertex -8 17.32792414267586 13.49445613569257
      vertex -0.39999999999997726 17.32792414267586 13.49445613569257
      vertex -0.39999999999997726 17.40900974233027 13.409009742330268
    endloop
  endfacet
  facet normal 0 0.7933533402912383 0.6087614290087167
    outer loop
      vertex -8 17.179711762656368 13.677483182341936
      vertex -0.39999999999997726 17.179711762656368 13.677483182341936
      vertex -0.39999999999997726 17.251421586721815 13.584029120137865
    endloop
  endfacet
  facet normal 0 0.8241261886220103 0.5664062369248408
    outer loop
      vertex -8 17.112991222122794 13.77456217121619
      vertex -0.39999999999997726 17.112991222122794 13.77456217121619
      vertex -0.39999999999997726 17.179711762656368 13.677483182341936
    endloop
  endfacet
  facet normal 0 0.8526401643540991 0.5224985647159378
    outer loop
      vertex -8 17.051442841485013 13.875
      vertex -0.39999999999997726 17.051442841485013 13.875
      vertex -0.39999999999997726 17.112991222122794 13.77456217121619
    endloop
  endfacet
  facet normal 0 0.8788171126619613 0.4771587602596161
    outer loop
      vertex -8 16.99523532057617 13.97852137558602
      vertex -0.39999999999997726 16.99523532057617 13.97852137558602
      vertex -0.39999999999997726 17.051442841485013 13.875
    endloop
  endfacet
  facet normal 0 0.9025852843498696 0.43051109680827626
    outer loop
      vertex -8 16.94452272030415 14.084842553079449
      vertex -0.39999999999997726 16.94452272030415 14.084842553079449
      vertex -0.39999999999997726 16.99523532057617 13.97852137558602
    endloop
  endfacet
  facet normal 0 0.9238795325112864 0.3826834323650905
    outer loop
      vertex -8 16.899444040381297 14.193672113523075
      vertex -0.39999999999997726 16.899444040381297 14.193672113523075
      vertex -0.39999999999997726 16.94452272030415 14.084842553079449
    endloop
  endfacet
  facet normal 0 0.0784590957278404 0.9969173337331283
    outer loop
      vertex -8 18.76481095764778 12.762325735421385
      vertex -0.39999999999997726 18.76481095764778 12.762325735421385
      vertex -0.39999999999997726 18.882244098453377 12.753083546802209
    endloop
  endfacet
  facet normal 0 0.026176948307875245 0.9996573249755571
    outer loop
      vertex -8 18.882244098453377 12.753083546802209
      vertex -0.39999999999997726 18.882244098453377 12.753083546802209
      vertex -0.39999999999997726 19 12.75
    endloop
  endfacet
  facet normal 0 -0.026176948307875245 0.9996573249755571
    outer loop
      vertex -8 19 12.75
      vertex -0.39999999999997726 19 12.75
      vertex -0.39999999999997726 19.117755901546623 12.753083546802209
    endloop
  endfacet
  facet normal 0 -0.0784590957278404 0.9969173337331283
    outer loop
      vertex -8 19.117755901546623 12.753083546802209
      vertex -0.39999999999997726 19.117755901546623 12.753083546802209
      vertex -0.39999999999997726 19.23518904235222 12.762325735421385
    endloop
  endfacet
  facet normal 0 -0.1305261922200507 0.9914448613738106
    outer loop
      vertex -8 19.23518904235222 12.762325735421385
      vertex -0.39999999999997726 19.23518904235222 12.762325735421385
      vertex -0.39999999999997726 19.35197754634052 12.77770123366094
    endloop
  endfacet
  facet normal 0 -0.18223552549215238 0.9832549075639537
    outer loop
      vertex -8 19.35197754634052 12.77770123366094
      vertex -0.39999999999997726 19.35197754634052 12.77770123366094
      vertex -0.39999999999997726 19.467801304339957 12.799167898348937
    endloop
  endfacet
  facet normal 0 -0.23344536385590353 0.972369920397677
    outer loop
      vertex -8 19.467801304339957 12.799167898348937
      vertex -0.39999999999997726 19.467801304339957 12.799167898348937
      vertex -0.39999999999997726 19.58234285148067 12.826666890849596
    endloop
  endfacet
  facet normal 0 -0.28401534470392015 0.9588197348681937
    outer loop
      vertex -8 19.58234285148067 12.826666890849596
      vertex -0.39999999999997726 19.58234285148067 12.826666890849596
      vertex -0.39999999999997726 19.695288237343632 12.860122838335904
    endloop
  endfacet
  facet normal 0 -0.3338068592337713 0.9426414910921782
    outer loop
      vertex -8 19.695288237343632 12.860122838335904
      vertex -0.39999999999997726 19.695288237343632 12.860122838335904
      vertex -0.39999999999997726 19.806327886476925 12.899444040381296
    endloop
  endfacet
  facet normal 0 -0.38268343236509583 0.9238795325112842
    outer loop
      vertex -8 19.806327886476925 12.899444040381296
      vertex -0.39999999999997726 19.806327886476925 12.899444040381296
      vertex -0.39999999999997726 19.91515744692055 12.944522720304148
    endloop
  endfacet
  facet normal 0 -0.430511096808295 0.9025852843498607
    outer loop
      vertex -8 19.91515744692055 12.944522720304148
      vertex -0.39999999999997726 19.91515744692055 12.944522720304148
      vertex -0.39999999999997726 20.02147862441398 12.995235320576173
    endloop
  endfacet
  facet normal 0 -0.47715876025960446 0.8788171126619676
    outer loop
      vertex -8 20.02147862441398 12.995235320576173
      vertex -0.39999999999997726 20.02147862441398 12.995235320576173
      vertex -0.39999999999997726 20.125 13.051442841485013
    endloop
  endfacet
  facet normal 0 -0.5224985647159488 0.8526401643540924
    outer loop
      vertex -8 20.125 13.051442841485013
      vertex -0.39999999999997726 20.125 13.051442841485013
      vertex -0.39999999999997726 20.22543782878381 13.112991222122796
    endloop
  endfacet
  facet normal 0 -0.5664062369248234 0.8241261886220221
    outer loop
      vertex -8 20.22543782878381 13.112991222122796
      vertex -0.39999999999997726 20.22543782878381 13.112991222122796
      vertex -0.39999999999997726 20.322516817658066 13.179711762656368
    endloop
  endfacet
  facet normal 0 -0.6087614290087312 0.793353340291227
    outer loop
      vertex -8 20.322516817658066 13.179711762656368
      vertex -0.39999999999997726 20.322516817658066 13.179711762656368
      vertex -0.39999999999997726 20.415970879862133 13.251421586721815
    endloop
  endfacet
  facet normal 0 -0.6494480483301871 0.7604059656000278
    outer loop
      vertex -8 20.415970879862133 13.251421586721815
      vertex -0.39999999999997726 20.415970879862133 13.251421586721815
      vertex -0.39999999999997726 20.50554386430743 13.327924142675863
    endloop
  endfacet
  facet normal 0 -0.6883545756937532 0.7253743710122884
    outer loop
      vertex -8 20.50554386430743 13.327924142675863
      vertex -0.39999999999997726 20.50554386430743 13.327924142675863
      vertex -0.39999999999997726 20.59099025766973 13.409009742330268
    endloop
  endfacet
  facet normal 0 -0.7253743710122805 0.6883545756937615
    outer loop
      vertex -8 20.59099025766973 13.409009742330268
      vertex -0.39999999999997726 20.59099025766973 13.409009742330268
      vertex -0.39999999999997726 20.67207585732414 13.49445613569257
    endloop
  endfacet
  facet normal 0 -0.760405965600029 0.6494480483301859
    outer loop
      vertex -8 20.67207585732414 13.49445613569257
      vertex -0.39999999999997726 20.67207585732414 13.49445613569257
      vertex -0.39999999999997726 20.748578413278185 13.584029120137865
    endloop
  endfacet
  facet normal 0 -0.7933533402912383 0.6087614290087167
    outer loop
      vertex -8 20.748578413278185 13.584029120137865
      vertex -0.39999999999997726 20.748578413278185 13.584029120137865
      vertex -0.39999999999997726 20.820288237343632 13.677483182341936
    endloop
  endfacet
  facet normal 0 -0.8241261886220103 0.5664062369248408
    outer loop
      vertex -8 20.820288237343632 13.677483182341936
      vertex -0.39999999999997726 20.820288237343632 13.677483182341936
      vertex -0.39999999999997726 20.887008777877206 13.77456217121619
    endloop
  endfacet
  facet normal 0 -0.8526401643540991 0.5224985647159378
    outer loop
      vertex -8 20.887008777877206 13.77456217121619
      vertex -0.39999999999997726 20.887008777877206 13.77456217121619
      vertex -0.39999999999997726 20.948557158514987 13.875
    endloop
  endfacet
  facet normal 0 -0.8788171126619613 0.4771587602596161
    outer loop
      vertex -8 20.948557158514987 13.875
      vertex -0.39999999999997726 20.948557158514987 13.875
      vertex -0.39999999999997726 21.00476467942383 13.97852137558602
    endloop
  endfacet
  facet normal 0 -0.9025852843498696 0.43051109680827626
    outer loop
      vertex -8 21.00476467942383 13.97852137558602
      vertex -0.39999999999997726 21.00476467942383 13.97852137558602
      vertex -0.39999999999997726 21.05547727969585 14.084842553079449
    endloop
  endfacet
  facet normal 0 -0.9238795325112864 0.3826834323650905
    outer loop
      vertex -8 21.05547727969585 14.084842553079449
      vertex -0.39999999999997726 21.05547727969585 14.084842553079449
      vertex -0.39999999999997726 21.100555959618703 14.193672113523075
    endloop
  endfacet
  facet normal 0 -0.9426414910921735 0.33380685923378467
    outer loop
      vertex -8 21.100555959618703 14.193672113523075
      vertex -0.39999999999997726 21.100555959618703 14.193672113523075
      vertex -0.39999999999997726 21.139877161664096 14.304711762656368
    endloop
  endfacet
  facet normal 0 -0.9588197348681897 0.2840153447039341
    outer loop
      vertex -8 21.139877161664096 14.304711762656368
      vertex -0.39999999999997726 21.139877161664096 14.304711762656368
      vertex -0.39999999999997726 21.173333109150406 14.417657148519329
    endloop
  endfacet
  facet normal 0 -0.9723699203976798 0.23344536385589273
    outer loop
      vertex -8 21.173333109150406 14.417657148519329
      vertex -0.39999999999997726 21.173333109150406 14.417657148519329
      vertex -0.39999999999997726 21.200832101651063 14.53219869566004
    endloop
  endfacet
  facet normal 0 -0.9832549075639574 0.1822355254921324
    outer loop
      vertex -8 21.200832101651063 14.53219869566004
      vertex -0.39999999999997726 21.200832101651063 14.53219869566004
      vertex -0.39999999999997726 21.22229876633906 14.64802245365948
    endloop
  endfacet
  facet normal 0 -0.9914448613738086 0.13052619222006553
    outer loop
      vertex -8 21.22229876633906 14.64802245365948
      vertex -0.39999999999997726 21.22229876633906 14.64802245365948
      vertex -0.39999999999997726 21.237674264578615 14.76481095764778
    endloop
  endfacet
  facet normal 0 -0.9969173337331282 0.0784590957278416
    outer loop
      vertex -8 21.237674264578615 14.76481095764778
      vertex -0.39999999999997726 21.237674264578615 14.76481095764778
      vertex -0.39999999999997726 21.24691645319779 14.882244098453377
    endloop
  endfacet
  facet normal 0 -0.9996573249755571 0.026176948307875245
    outer loop
      vertex -8 21.24691645319779 14.882244098453377
      vertex -0.39999999999997726 21.24691645319779 14.882244098453377
      vertex -0.39999999999997726 21.25 15
    endloop
  endfacet
  facet normal 0 1 0
    outer loop
      vertex -0.39999999999997726 25 30
      vertex -0.39999999999997726 25 0.2
      vertex -5 25 0.2
    endloop
  endfacet
  facet normal 0.13052619222004996 -0.9914448613738106 0
    outer loop
      vertex -1.5956315434103547 10.074421074070404 30
      vertex -1.5956315434103547 10.074421074070404 0.2
      vertex -1.0661903253300653 10.144123332756386 0.2
    endloop
  endfacet
  facet normal 0.07845909572784422 -0.9969173337331281 0
    outer loop
      vertex -1.0661903253300653 10.144123332756386 30
      vertex -1.0661903253300653 10.144123332756386 0.2
      vertex -0.5338267536780271 10.186021254496652 0.2
    endloop
  endfacet
  facet normal 0.026176948307880435 -0.9996573249755571 0
    outer loop
      vertex -0.5338267536780271 10.186021254496652 30
      vertex -0.5338267536780271 10.186021254496652 0.2
      vertex -0.39999999999997726 10.189525631372325 0.2
    endloop
  endfacet
  facet normal 1 0 0
    outer loop
      vertex -0.39999999999997726 17.051442841485013 13.875
      vertex -0.39999999999997726 16.99523532057617 13.97852137558602
      vertex -0.39999999999997726 10.189525631372325 0.2
    endloop
  endfacet
  facet normal 1 0 0
    outer loop
      vertex -0.39999999999997726 17.179711762656368 13.677483182341936
      vertex -0.39999999999997726 10.189525631372325 0.2
      vertex -0.39999999999997726 17.251421586721815 13.584029120137865
    endloop
  endfacet
  facet normal 1 0 0
    outer loop
      vertex -0.39999999999997726 17.179711762656368 13.677483182341936
      vertex -0.39999999999997726 17.112991222122794 13.77456217121619
      vertex -0.39999999999997726 10.189525631372325 0.2
    endloop
  endfacet
  facet normal 1 0 0
    outer loop
      vertex -0.39999999999997726 17.112991222122794 13.77456217121619
      vertex -0.39999999999997726 17.051442841485013 13.875
      vertex -0.39999999999997726 10.189525631372325 0.2
    endloop
  endfacet
  facet normal 1 0 0
    outer loop
      vertex -0.39999999999997726 16.99523532057617 13.97852137558602
      vertex -0.39999999999997726 16.94452272030415 14.084842553079449
      vertex -0.39999999999997726 10.189525631372325 0.2
    endloop
  endfacet
  facet normal 1 0 0
    outer loop
      vertex -0.39999999999997726 16.94452272030415 14.084842553079449
      vertex -0.39999999999997726 16.899444040381297 14.193672113523075
      vertex -0.39999999999997726 10.189525631372325 0.2
    endloop
  endfacet
  facet normal 1 0 0
    outer loop
      vertex -0.39999999999997726 16.899444040381297 14.193672113523075
      vertex -0.39999999999997726 10.189525631372325 30
      vertex -0.39999999999997726 10.189525631372325 0.2
    endloop
  endfacet
  facet normal 1 0 0
    outer loop
      vertex -0.39999999999997726 17.251421586721815 13.584029120137865
      vertex -0.39999999999997726 10.189525631372325 0.2
      vertex -0.39999999999997726 25 0.2
    endloop
  endfacet
  facet normal 1 0 0
    outer loop
      vertex -0.39999999999997726 17.77456217121619 13.112991222122796
      vertex -0.39999999999997726 17.677483182341934 13.179711762656368
      vertex -0.39999999999997726 25 0.2
    endloop
  endfacet
  facet normal 1 0 0
    outer loop
      vertex -0.39999999999997726 17.677483182341934 13.179711762656368
      vertex -0.39999999999997726 17.584029120137867 13.251421586721815
      vertex -0.39999999999997726 25 0.2
    endloop
  endfacet
  facet normal 1 0 0
    outer loop
      vertex -0.39999999999997726 18.304711762656368 12.860122838335904
      vertex -0.39999999999997726 18.193672113523075 12.899444040381296
      vertex -0.39999999999997726 25 0.2
    endloop
  endfacet
  facet normal 1 0 0
    outer loop
      vertex -0.39999999999997726 18.304711762656368 12.860122838335904
      vertex -0.39999999999997726 25 0.2
      vertex -0.39999999999997726 18.41765714851933 12.826666890849596
    endloop
  endfacet
  facet normal 1 0 0
    outer loop
      vertex -0.39999999999997726 17.77456217121619 13.112991222122796
      vertex -0.39999999999997726 25 0.2
      vertex -0.39999999999997726 17.875 13.051442841485013
    endloop
  endfacet
  facet normal 1 0 0
    outer loop
      vertex -0.39999999999997726 17.97852137558602 12.995235320576173
      vertex -0.39999999999997726 25 0.2
      vertex -0.39999999999997726 18.08484255307945 12.944522720304148
    endloop
  endfacet
  facet normal 1 0 0
    outer loop
      vertex -0.39999999999997726 17.875 13.051442841485013
      vertex -0.39999999999997726 25 0.2
      vertex -0.39999999999997726 17.97852137558602 12.995235320576173
    endloop
  endfacet
  facet normal 1 0 0
    outer loop
      vertex -0.39999999999997726 18.08484255307945 12.944522720304148
      vertex -0.39999999999997726 25 0.2
      vertex -0.39999999999997726 18.193672113523075 12.899444040381296
    endloop
  endfacet
  facet normal 1 0 0
    outer loop
      vertex -0.39999999999997726 17.32792414267586 13.49445613569257
      vertex -0.39999999999997726 25 0.2
      vertex -0.39999999999997726 17.40900974233027 13.409009742330268
    endloop
  endfacet
  facet normal 1 0 0
    outer loop
      vertex -0.39999999999997726 17.251421586721815 13.584029120137865
      vertex -0.39999999999997726 25 0.2
      vertex -0.39999999999997726 17.32792414267586 13.49445613569257
    endloop
  endfacet
  facet normal 1 0 0
    outer loop
      vertex -0.39999999999997726 17.49445613569257 13.327924142675863
      vertex -0.39999999999997726 25 0.2
      vertex -0.39999999999997726 17.584029120137867 13.251421586721815
    endloop
  endfacet
  facet normal 1 0 0
    outer loop
      vertex -0.39999999999997726 17.49445613569257 13.327924142675863
      vertex -0.39999999999997726 17.40900974233027 13.409009742330268
      vertex -0.39999999999997726 25 0.2
    endloop
  endfacet
  facet normal 1 0 0
    outer loop
      vertex -0.39999999999997726 18.41765714851933 12.826666890849596
      vertex -0.39999999999997726 25 0.2
      vertex -0.39999999999997726 18.532198695660043 12.799167898348937
    endloop
  endfacet
  facet normal 1 0 0
    outer loop
      vertex -0.39999999999997726 18.532198695660043 12.799167898348937
      vertex -0.39999999999997726 25 0.2
      vertex -0.39999999999997726 18.64802245365948 12.77770123366094
    endloop
  endfacet
  facet normal 1 0 0
    outer loop
      vertex -0.39999999999997726 18.64802245365948 12.77770123366094
      vertex -0.39999999999997726 25 0.2
      vertex -0.39999999999997726 18.76481095764778 12.762325735421385
    endloop
  endfacet
  facet normal 1 0 0
    outer loop
      vertex -0.39999999999997726 18.76481095764778 12.762325735421385
      vertex -0.39999999999997726 25 0.2
      vertex -0.39999999999997726 18.882244098453377 12.753083546802209
    endloop
  endfacet
  facet normal 1 0 0
    outer loop
      vertex -0.39999999999997726 18.882244098453377 12.753083546802209
      vertex -0.39999999999997726 25 0.2
      vertex -0.39999999999997726 19 12.75
    endloop
  endfacet
  facet normal 1 0 0
    outer loop
      vertex -0.39999999999997726 19 12.75
      vertex -0.39999999999997726 25 0.2
      vertex -0.39999999999997726 19.117755901546623 12.753083546802209
    endloop
  endfacet
  facet normal 1 0 0
    outer loop
      vertex -0.39999999999997726 19.117755901546623 12.753083546802209
      vertex -0.39999999999997726 25 0.2
      vertex -0.39999999999997726 19.23518904235222 12.762325735421385
    endloop
  endfacet
  facet normal 1 0 0
    outer loop
      vertex -0.39999999999997726 19.23518904235222 12.762325735421385
      vertex -0.39999999999997726 25 0.2
      vertex -0.39999999999997726 19.35197754634052 12.77770123366094
    endloop
  endfacet
  facet normal 1 0 0
    outer loop
      vertex -0.39999999999997726 19.35197754634052 12.77770123366094
      vertex -0.39999999999997726 25 0.2
      vertex -0.39999999999997726 19.467801304339957 12.799167898348937
    endloop
  endfacet
  facet normal 1 0 0
    outer loop
      vertex -0.39999999999997726 19.467801304339957 12.799167898348937
      vertex -0.39999999999997726 25 0.2
      vertex -0.39999999999997726 19.58234285148067 12.826666890849596
    endloop
  endfacet
  facet normal 1 0 0
    outer loop
      vertex -0.39999999999997726 19.58234285148067 12.826666890849596
      vertex -0.39999999999997726 25 0.2
      vertex -0.39999999999997726 19.695288237343632 12.860122838335904
    endloop
  endfacet
  facet normal 1 0 0
    outer loop
      vertex -0.39999999999997726 19.695288237343632 12.860122838335904
      vertex -0.39999999999997726 25 0.2
      vertex -0.39999999999997726 19.806327886476925 12.899444040381296
    endloop
  endfacet
  facet normal 1 0 0
    outer loop
      vertex -0.39999999999997726 19.806327886476925 12.899444040381296
      vertex -0.39999999999997726 25 0.2
      vertex -0.39999999999997726 19.91515744692055 12.944522720304148
    endloop
  endfacet
  facet normal 1 0 0
    outer loop
      vertex -0.39999999999997726 19.91515744692055 12.944522720304148
      vertex -0.39999999999997726 25 0.2
      vertex -0.39999999999997726 20.02147862441398 12.995235320576173
    endloop
  endfacet
  facet normal 1 0 0
    outer loop
      vertex -0.39999999999997726 20.02147862441398 12.995235320576173
      vertex -0.39999999999997726 25 0.2
      vertex -0.39999999999997726 20.125 13.051442841485013
    endloop
  endfacet
  facet normal 1 0 0
    outer loop
      vertex -0.39999999999997726 20.125 13.051442841485013
      vertex -0.39999999999997726 25 0.2
      vertex -0.39999999999997726 20.22543782878381 13.112991222122796
    endloop
  endfacet
  facet normal 1 0 0
    outer loop
      vertex -0.39999999999997726 20.22543782878381 13.112991222122796
      vertex -0.39999999999997726 25 0.2
      vertex -0.39999999999997726 20.322516817658066 13.179711762656368
    endloop
  endfacet
  facet normal 1 0 0
    outer loop
      vertex -0.39999999999997726 20.322516817658066 13.179711762656368
      vertex -0.39999999999997726 25 0.2
      vertex -0.39999999999997726 20.415970879862133 13.251421586721815
    endloop
  endfacet
  facet normal 1 0 0
    outer loop
      vertex -0.39999999999997726 20.415970879862133 13.251421586721815
      vertex -0.39999999999997726 25 0.2
      vertex -0.39999999999997726 20.50554386430743 13.327924142675863
    endloop
  endfacet
  facet normal 1 0 0
    outer loop
      vertex -0.39999999999997726 20.50554386430743 13.327924142675863
      vertex -0.39999999999997726 25 0.2
      vertex -0.39999999999997726 20.59099025766973 13.409009742330268
    endloop
  endfacet
  facet normal 1 0 0
    outer loop
      vertex -0.39999999999997726 20.59099025766973 13.409009742330268
      vertex -0.39999999999997726 25 0.2
      vertex -0.39999999999997726 20.67207585732414 13.49445613569257
    endloop
  endfacet
  facet normal 1 0 0
    outer loop
      vertex -0.39999999999997726 20.67207585732414 13.49445613569257
      vertex -0.39999999999997726 25 0.2
      vertex -0.39999999999997726 20.748578413278185 13.584029120137865
    endloop
  endfacet
  facet normal 1 0 0
    outer loop
      vertex -0.39999999999997726 20.748578413278185 13.584029120137865
      vertex -0.39999999999997726 25 0.2
      vertex -0.39999999999997726 20.820288237343632 13.677483182341936
    endloop
  endfacet
  facet normal 1 0 0
    outer loop
      vertex -0.39999999999997726 20.820288237343632 13.677483182341936
      vertex -0.39999999999997726 25 0.2
      vertex -0.39999999999997726 20.887008777877206 13.77456217121619
    endloop
  endfacet
  facet normal 1 0 0
    outer loop
      vertex -0.39999999999997726 20.887008777877206 13.77456217121619
      vertex -0.39999999999997726 25 0.2
      vertex -0.39999999999997726 20.948557158514987 13.875
    endloop
  endfacet
  facet normal 1 0 0
    outer loop
      vertex -0.39999999999997726 20.948557158514987 13.875
      vertex -0.39999999999997726 25 0.2
      vertex -0.39999999999997726 21.00476467942383 13.97852137558602
    endloop
  endfacet
  facet normal 1 0 0
    outer loop
      vertex -0.39999999999997726 21.00476467942383 13.97852137558602
      vertex -0.39999999999997726 25 0.2
      vertex -0.39999999999997726 21.05547727969585 14.084842553079449
    endloop
  endfacet
  facet normal 1 0 0
    outer loop
      vertex -0.39999999999997726 21.05547727969585 14.084842553079449
      vertex -0.39999999999997726 25 0.2
      vertex -0.39999999999997726 21.100555959618703 14.193672113523075
    endloop
  endfacet
  facet normal 1 0 0
    outer loop
      vertex -0.39999999999997726 21.100555959618703 14.193672113523075
      vertex -0.39999999999997726 25 0.2
      vertex -0.39999999999997726 21.139877161664096 14.304711762656368
    endloop
  endfacet
  facet normal 1 0 0
    outer loop
      vertex -0.39999999999997726 21.139877161664096 14.304711762656368
      vertex -0.39999999999997726 25 0.2
      vertex -0.39999999999997726 21.173333109150406 14.417657148519329
    endloop
  endfacet
  facet normal 1 0 0
    outer loop
      vertex -0.39999999999997726 21.173333109150406 14.417657148519329
      vertex -0.39999999999997726 25 0.2
      vertex -0.39999999999997726 21.200832101651063 14.53219869566004
    endloop
  endfacet
  facet normal 1 0 0
    outer loop
      vertex -0.39999999999997726 21.200832101651063 14.53219869566004
      vertex -0.39999999999997726 25 0.2
      vertex -0.39999999999997726 21.22229876633906 14.64802245365948
    endloop
  endfacet
  facet normal 1 0 0
    outer loop
      vertex -0.39999999999997726 21.22229876633906 14.64802245365948
      vertex -0.39999999999997726 25 0.2
      vertex -0.39999999999997726 21.237674264578615 14.76481095764778
    endloop
  endfacet
  facet normal 1 0 0
    outer loop
      vertex -0.39999999999997726 21.237674264578615 14.76481095764778
      vertex -0.39999999999997726 25 0.2
      vertex -0.39999999999997726 21.24691645319779 14.882244098453377
    endloop
  endfacet
  facet normal 1 0 0
    outer loop
      vertex -0.39999999999997726 21.24691645319779 14.882244098453377
      vertex -0.39999999999997726 25 0.2
      vertex -0.39999999999997726 21.25 15
    endloop
  endfacet
  facet normal 1 0 0
    outer loop
      vertex -0.39999999999997726 21.25 15
      vertex -0.39999999999997726 25 0.2
      vertex -0.39999999999997726 21.24691645319779 15.117755901546623
    endloop
  endfacet
  facet normal 0.7933533402912343 -0.608761429008722 -9.103234679561729e-20
    outer loop
      vertex -8.251973342624463 5.995409573383226 30
      vertex -7.926888806861102 6.419067988708341 0.2
      vertex -7.926888806861102 6.419067988708341 30
    endloop
  endfacet
  facet normal 0.7604059656000317 -0.6494480483301828 -1.1189172773054985e-19
    outer loop
      vertex -7.926888806861102 6.419067988708341 30
      vertex -7.580077219869421 6.825132184860354 0.2
      vertex -7.580077219869421 6.825132184860354 30
    endloop
  endfacet
  facet normal 0.7253743710122883 -0.6883545756937532 -5.033797821941022e-19
    outer loop
      vertex -7.580077219869421 6.825132184860354 30
      vertex -7.212489168102785 7.212489168102785 0.2
      vertex -7.212489168102785 7.212489168102785 30
    endloop
  endfacet
  facet normal 0.6883545756937532 -0.7253743710122883 -5.033797821941022e-19
    outer loop
      vertex -7.212489168102785 7.212489168102785 30
      vertex -6.825132184860354 7.580077219869421 0.2
      vertex -6.825132184860354 7.580077219869421 30
    endloop
  endfacet
  facet normal -0.9426414928622097 -0.3338068542353567 0
    outer loop
      vertex -7.853169545531273 15.072949014604092 30
      vertex -7.8007412776350975 14.924896150827408 0.2
      vertex -7.8007412776350975 14.924896150827408 30
    endloop
  endfacet
  facet normal -0.4771587602596106 0.8788171126619642 0
    outer loop
      vertex -8 13.856406460551018 30
      vertex -7.3895942845617615 14.187829722840089 30
      vertex -8 13.856406460551018 0.2
    endloop
  endfacet
  facet normal -0.9238795293544398 -0.38268343998639204 0
    outer loop
      vertex -7.740636371076107 14.779790073633194 30
      vertex -7.8007412776350975 14.924896150827408 30
      vertex -7.740636371076107 14.779790073633194 0.2
    endloop
  endfacet
  facet normal -0.9025852916253636 -0.43051108155488527 0
    outer loop
      vertex -7.740636371076107 14.779790073633194 30
      vertex -7.673019573092461 14.638028502464294 0.2
      vertex -7.673019573092461 14.638028502464294 30
    endloop
  endfacet
  facet normal -0.8788171085477188 -0.4771587678371079 0
    outer loop
      vertex -7.673019573092461 14.638028502464294 30
      vertex -7.598076209425926 14.5 0.2
      vertex -7.598076209425926 14.5 30
    endloop
  endfacet
  facet normal -0.8526401856157652 -0.5224985300200504 0
    outer loop
      vertex -7.598076209425926 14.5 30
      vertex -7.516011707484722 14.366082891821861 0.2
      vertex -7.516011707484722 14.366082891821861 30
    endloop
  endfacet
  facet normal -0.8241261728965001 -0.566406259805599 0
    outer loop
      vertex -7.516011707484722 14.366082891821861 30
      vertex -7.427050985395908 14.236644245684147 0.2
      vertex -7.427050985395908 14.236644245684147 30
    endloop
  endfacet
  facet normal -0.7933533398941721 -0.6087614295261831 -1.0720127395227033e-20
    outer loop
      vertex -7.427050985395908 14.236644245684147 30
      vertex -7.3895942845617615 14.187829722840089 0.2
      vertex -7.3895942845617615 14.187829722840089 30
    endloop
  endfacet
  facet normal 0.6494480483301828 -0.7604059656000317 -1.1189172773054985e-19
    outer loop
      vertex -6.825132184860354 7.580077219869421 30
      vertex -6.419067988708341 7.926888806861102 0.2
      vertex -6.419067988708341 7.926888806861102 30
    endloop
  endfacet
  facet normal 0.608761429008722 -0.7933533402912343 -9.103234679561729e-20
    outer loop
      vertex -6.419067988708341 7.926888806861102 30
      vertex -5.995409573383226 8.251973342624463 0.2
      vertex -5.995409573383226 8.251973342624463 30
    endloop
  endfacet
  facet normal 0.5664062369248337 -0.8241261886220151 -3.106286220614338e-19
    outer loop
      vertex -5.995409573383226 8.251973342624463 30
      vertex -5.555318157153276 8.554439793043326 0.2
      vertex -5.555318157153276 8.554439793043326 30
    endloop
  endfacet
  facet normal 0.5224985647159457 -0.8526401643540942 3.9741766702745404e-19
    outer loop
      vertex -5.555318157153276 8.554439793043326 30
      vertex -5.1 8.833459118601272 0.2
      vertex -5.1 8.833459118601272 30
    endloop
  endfacet
  facet normal 0.47715876025961074 -0.878817112661964 -9.252191287856703e-20
    outer loop
      vertex -5.1 8.833459118601272 30
      vertex -4.630703097343377 9.088266546721352 0.2
      vertex -4.630703097343377 9.088266546721352 30
    endloop
  endfacet
  facet normal 0.43051109680829286 -0.9025852843498617 1.9814065506128945e-19
    outer loop
      vertex -4.630703097343377 9.088266546721352 30
      vertex -4.148713759373162 9.318163667954527 0.2
      vertex -4.148713759373162 9.318163667954527 30
    endloop
  endfacet
  facet normal 0.3826834323650904 -0.9238795325112865 -6.037970846265507e-20
    outer loop
      vertex -4.148713759373162 9.318163667954527 30
      vertex -3.6553530853620626 9.522520350271456 0.2
      vertex -3.6553530853620626 9.522520350271456 30
    endloop
  endfacet
  facet normal 0.3338068592337703 -0.9426414910921787 -7.453150931466319e-20
    outer loop
      vertex -3.6553530853620626 9.522520350271456 30
      vertex -3.1519733426244634 9.700776466210565 0.2
      vertex -3.1519733426244634 9.700776466210565 30
    endloop
  endfacet
  facet normal 0.28401534470392376 -0.9588197348681927 1.9795255835899567e-19
    outer loop
      vertex -3.1519733426244634 9.700776466210565 30
      vertex -2.6399542600457115 9.852443428148495 0.2
      vertex -2.6399542600457115 9.852443428148495 30
    endloop
  endfacet
  facet normal 0.23344536385590578 -0.9723699203976764 -1.0389161593375438e-19
    outer loop
      vertex -2.6399542600457115 9.852443428148495 30
      vertex -2.120699246341145 9.977105527484817 0.2
      vertex -2.120699246341145 9.977105527484817 30
    endloop
  endfacet
  facet normal 0 0 1
    outer loop
      vertex -7.926888806861102 6.419067988708341 30
      vertex -7.580077219869421 6.825132184860354 30
      vertex -8 13.856406460551018 30
    endloop
  endfacet
  facet normal 0 0 1
    outer loop
      vertex -7.580077219869421 6.825132184860354 30
      vertex -7.212489168102785 7.212489168102785 30
      vertex -8 13.856406460551018 30
    endloop
  endfacet
  facet normal 0 0 1
    outer loop
      vertex -7.212489168102785 7.212489168102785 30
      vertex -6.825132184860354 7.580077219869421 30
      vertex -7.2634522892734825 14.240992963181787 30
    endloop
  endfacet
  facet normal 0 0 1
    outer loop
      vertex -6.825132184860354 7.580077219869421 30
      vertex -6.419067988708341 7.926888806861102 30
      vertex -7.014446159313156 14.375062960843719 30
    endloop
  endfacet
  facet normal 0 0 1
    outer loop
      vertex -7.212489168102785 7.212489168102785 30
      vertex -7.3895942845617615 14.187829722840089 30
      vertex -8 13.856406460551018 30
    endloop
  endfacet
  facet normal 0 0 1
    outer loop
      vertex -7.516011707484722 14.366082891821861 30
      vertex -7.427050985395908 14.236644245684147 30
      vertex -7.293132854990086 14.240204005821301 30
    endloop
  endfacet
  facet normal 0 0 1
    outer loop
      vertex -7.212489168102785 7.212489168102785 30
      vertex -7.293132854990086 14.240204005821301 30
      vertex -7.3895942845617615 14.187829722840089 30
    endloop
  endfacet
  facet normal 0 0 1
    outer loop
      vertex -7.212489168102785 7.212489168102785 30
      vertex -7.2634522892734825 14.240992963181787 30
      vertex -7.293132854990086 14.240204005821301 30
    endloop
  endfacet
  facet normal 0 0 1
    outer loop
      vertex -6.825132184860354 7.580077219869421 30
      vertex -7.014446159313156 14.375062960843719 30
      vertex -7.2634522892734825 14.240992963181787 30
    endloop
  endfacet
  facet normal 0 0 1
    outer loop
      vertex -6.419067988708341 7.926888806861102 30
      vertex -6.70059118379848 14.524764104979798 30
      vertex -7.014446159313156 14.375062960843719 30
    endloop
  endfacet
  facet normal 0 0 1
    outer loop
      vertex -7.427050985395908 14.236644245684147 30
      vertex -7.3895942845617615 14.187829722840089 30
      vertex -7.293132854990086 14.240204005821301 30
    endloop
  endfacet
  facet normal 0 0 1
    outer loop
      vertex -7.598076209425926 14.5 30
      vertex -7.516011707484722 14.366082891821861 30
      vertex -7.014446159313156 14.375062960843719 30
    endloop
  endfacet
  facet normal 0 0 1
    outer loop
      vertex -7.516011707484722 14.366082891821861 30
      vertex -7.293132854990086 14.240204005821301 30
      vertex -7.014446159313156 14.375062960843719 30
    endloop
  endfacet
  facet normal 0 0 1
    outer loop
      vertex -7.673019573092461 14.638028502464294 30
      vertex -7.598076209425926 14.5 30
      vertex -6.70059118379848 14.524764104979798 30
    endloop
  endfacet
  facet normal 0 0 1
    outer loop
      vertex -7.740636371076107 14.779790073633194 30
      vertex -7.673019573092461 14.638028502464294 30
      vertex -6.399355242957323 14.661640932222939 30
    endloop
  endfacet
  facet normal 0 0 1
    outer loop
      vertex -7.293132854990086 14.240204005821301 30
      vertex -7.2634522892734825 14.240992963181787 30
      vertex -7.014446159313156 14.375062960843719 30
    endloop
  endfacet
  facet normal 0 0 1
    outer loop
      vertex -7.598076209425926 14.5 30
      vertex -7.014446159313156 14.375062960843719 30
      vertex -6.70059118379848 14.524764104979798 30
    endloop
  endfacet
  facet normal 0 0 1
    outer loop
      vertex -7.740636371076107 14.779790073633194 30
      vertex -5.994498296768348 14.829338170155367 30
      vertex -7.8007412776350975 14.924896150827408 30
    endloop
  endfacet
  facet normal 0 0 1
    outer loop
      vertex -7.853169545531273 15.072949014604092 30
      vertex -7.8007412776350975 14.924896150827408 30
      vertex -5.653525110041175 14.965744529960748 30
    endloop
  endfacet
  facet normal 0 0 1
    outer loop
      vertex -7.673019573092461 14.638028502464294 30
      vertex -6.70059118379848 14.524764104979798 30
      vertex -6.5055190954561635 14.530146685787718 30
    endloop
  endfacet
  facet normal 0 0 1
    outer loop
      vertex -7.673019573092461 14.638028502464294 30
      vertex -6.5055190954561635 14.530146685787718 30
      vertex -6.399355242957323 14.661640932222939 30
    endloop
  endfacet
  facet normal 0 0 1
    outer loop
      vertex -7.740636371076107 14.779790073633194 30
      vertex -6.399355242957323 14.661640932222939 30
      vertex -5.994498296768348 14.829338170155367 30
    endloop
  endfacet
  facet normal 0 0 1
    outer loop
      vertex -6.419067988708341 7.926888806861102 30
      vertex -5.995409573383226 8.251973342624463 30
      vertex -6.70059118379848 14.524764104979798 30
    endloop
  endfacet
  facet normal 0 0 1
    outer loop
      vertex -5.995409573383226 8.251973342624463 30
      vertex -5.555318157153276 8.554439793043326 30
      vertex -6.399355242957323 14.661640932222939 30
    endloop
  endfacet
  facet normal 0 0 1
    outer loop
      vertex -5.555318157153276 8.554439793043326 30
      vertex -5.1 8.833459118601272 30
      vertex -5.731256059084579 14.836807884030451 30
    endloop
  endfacet
  facet normal 0 0 1
    outer loop
      vertex -5.1 8.833459118601272 30
      vertex -4.630703097343377 9.088266546721352 30
      vertex -5.653525110041175 14.965744529960748 30
    endloop
  endfacet
  facet normal 0 0 1
    outer loop
      vertex -5.995409573383226 8.251973342624463 30
      vertex -6.5055190954561635 14.530146685787718 30
      vertex -6.70059118379848 14.524764104979798 30
    endloop
  endfacet
  facet normal 0 0 1
    outer loop
      vertex -5.995409573383226 8.251973342624463 30
      vertex -6.399355242957323 14.661640932222939 30
      vertex -6.5055190954561635 14.530146685787718 30
    endloop
  endfacet
  facet normal 0 0 1
    outer loop
      vertex -5.555318157153276 8.554439793043326 30
      vertex -5.994498296768348 14.829338170155367 30
      vertex -6.399355242957323 14.661640932222939 30
    endloop
  endfacet
  facet normal 0 0 1
    outer loop
      vertex -7.8007412776350975 14.924896150827408 30
      vertex -5.994498296768348 14.829338170155367 30
      vertex -5.731256059084579 14.836807884030451 30
    endloop
  endfacet
  facet normal 0 0 1
    outer loop
      vertex -7.8007412776350975 14.924896150827408 30
      vertex -5.731256059084579 14.836807884030451 30
      vertex -5.653525110041175 14.965744529960748 30
    endloop
  endfacet
  facet normal 0 0 1
    outer loop
      vertex -5.555318157153276 8.554439793043326 30
      vertex -5.731256059084579 14.836807884030451 30
      vertex -5.994498296768348 14.829338170155367 30
    endloop
  endfacet
  facet normal 0 0 1
    outer loop
      vertex -5.1 8.833459118601272 30
      vertex -5.653525110041175 14.965744529960748 30
      vertex -5.731256059084579 14.836807884030451 30
    endloop
  endfacet
  facet normal 0 0 1
    outer loop
      vertex -4.630703097343377 9.088266546721352 30
      vertex -5.128070334364353 15.151817825052863 30
      vertex -5.653525110041175 14.965744529960748 30
    endloop
  endfacet
  facet normal 0 0 1
    outer loop
      vertex -4.630703097343377 9.088266546721352 30
      vertex -4.148713759373162 9.318163667954527 30
      vertex -4.942708040965512 15.157182511785189 30
    endloop
  endfacet
  facet normal 0 0 1
    outer loop
      vertex -4.630703097343377 9.088266546721352 30
      vertex -4.942708040965512 15.157182511785189 30
      vertex -5.128070334364353 15.151817825052863 30
    endloop
  endfacet
  facet normal 0 0 1
    outer loop
      vertex -4.942708040965512 15.157182511785189 30
      vertex -4.148713759373162 9.318163667954527 30
      vertex -4.713694716797307 15.285204336979325 30
    endloop
  endfacet
  facet normal 0 0 1
    outer loop
      vertex -4.713694716797307 15.285204336979325 30
      vertex -4.148713759373162 9.318163667954527 30
      vertex -4.157865249998969 15.44984852594257 30
    endloop
  endfacet
  facet normal 0 0 1
    outer loop
      vertex -4.148713759373162 9.318163667954527 30
      vertex -3.6553530853620626 9.522520350271456 30
      vertex -4.157865249998969 15.44984852594257 30
    endloop
  endfacet
  facet normal 0 0 1
    outer loop
      vertex -3.6553530853620626 9.522520350271456 30
      vertex -3.1519733426244634 9.700776466210565 30
      vertex -3.986493758180913 15.491932028872611 30
    endloop
  endfacet
  facet normal 0 0 1
    outer loop
      vertex -3.6553530853620626 9.522520350271456 30
      vertex -4.140983329888923 15.450177456667399 30
      vertex -4.157865249998969 15.44984852594257 30
    endloop
  endfacet
  facet normal 0 0 1
    outer loop
      vertex -3.6553530853620626 9.522520350271456 30
      vertex -3.986493758180913 15.491932028872611 30
      vertex -4.140983329888923 15.450177456667399 30
    endloop
  endfacet
  facet normal 0 0 1
    outer loop
      vertex -3.1519733426244634 9.700776466210565 30
      vertex -3.4578068452466306 15.618858526871772 30
      vertex -3.986493758180913 15.491932028872611 30
    endloop
  endfacet
  facet normal 0 0 1
    outer loop
      vertex -3.1519733426244634 9.700776466210565 30
      vertex -2.6399542600457115 9.852443428148495 30
      vertex -3.3258297439698903 15.62144114345573 30
    endloop
  endfacet
  facet normal 0 0 1
    outer loop
      vertex -2.6399542600457115 9.852443428148495 30
      vertex -2.120699246341145 9.977105527484817 30
      vertex -3.2198513512341305 15.67014390478187 30
    endloop
  endfacet
  facet normal 0 0 1
    outer loop
      vertex -3.1519733426244634 9.700776466210565 30
      vertex -3.3258297439698903 15.62144114345573 30
      vertex -3.4578068452466306 15.618858526871772 30
    endloop
  endfacet
  facet normal 0 0 1
    outer loop
      vertex -2.6399542600457115 9.852443428148495 30
      vertex -3.2198513512341305 15.67014390478187 30
      vertex -3.3258297439698903 15.62144114345573 30
    endloop
  endfacet
  facet normal 0 0 1
    outer loop
      vertex -2.120699246341145 9.977105527484817 30
      vertex -2.5577026669842193 15.792865909523421 30
      vertex -3.2198513512341305 15.67014390478187 30
    endloop
  endfacet
  facet normal 0 0 1
    outer loop
      vertex -2.120699246341145 9.977105527484817 30
      vertex -1.5956315434103547 10.074421074070404 30
      vertex -2.5577026669842193 15.792865909523421 30
    endloop
  endfacet
  facet normal -1 0 0
    outer loop
      vertex -8 16.75308354680221 14.882244098453377
      vertex -8 16 0.2
      vertex -8 16 30
    endloop
  endfacet
  facet normal -1 0 0
    outer loop
      vertex -8 21.24691645319779 15.117755901546623
      vertex -8 22 30
      vertex -8 22 0.2
    endloop
  endfacet
  facet normal 0 0.9996573249755571 -0.026176948307875245
    outer loop
      vertex -8 16.75 15
      vertex -8 16.75308354680221 15.117755901546623
      vertex -0.39999999999997726 16.75 15
    endloop
  endfacet
  facet normal 0 0.9969173337331282 -0.0784590957278416
    outer loop
      vertex -8 16.75308354680221 15.117755901546623
      vertex -8 16.762325735421385 15.23518904235222
      vertex -0.39999999999997726 16.75308354680221 15.117755901546623
    endloop
  endfacet
  facet normal 0 0.9914448613738086 -0.13052619222006553
    outer loop
      vertex -8 16.762325735421385 15.23518904235222
      vertex -8 16.77770123366094 15.35197754634052
      vertex -0.39999999999997726 16.762325735421385 15.23518904235222
    endloop
  endfacet
  facet normal 0 0.9832549075639574 -0.1822355254921324
    outer loop
      vertex -8 16.77770123366094 15.35197754634052
      vertex -8 16.799167898348937 15.46780130433996
      vertex -0.39999999999997726 16.77770123366094 15.35197754634052
    endloop
  endfacet
  facet normal 0 0.9723699203976798 -0.23344536385589273
    outer loop
      vertex -8 16.799167898348937 15.46780130433996
      vertex -8 16.826666890849594 15.582342851480671
      vertex -0.39999999999997726 16.799167898348937 15.46780130433996
    endloop
  endfacet
  facet normal 0 0.9588197348681897 -0.2840153447039341
    outer loop
      vertex -8 16.826666890849594 15.582342851480671
      vertex -8 16.860122838335904 15.695288237343632
      vertex -0.39999999999997726 16.826666890849594 15.582342851480671
    endloop
  endfacet
  facet normal 0 0.9426414910921735 -0.33380685923378467
    outer loop
      vertex -8 16.860122838335904 15.695288237343632
      vertex -8 16.899444040381297 15.806327886476925
      vertex -0.39999999999997726 16.860122838335904 15.695288237343632
    endloop
  endfacet
  facet normal 0 0.9238795325112864 -0.3826834323650905
    outer loop
      vertex -8 16.899444040381297 15.806327886476925
      vertex -8 16.94452272030415 15.915157446920551
      vertex -0.39999999999997726 16.899444040381297 15.806327886476925
    endloop
  endfacet
  facet normal 0 0.9025852843498696 -0.43051109680827626
    outer loop
      vertex -8 16.94452272030415 15.915157446920551
      vertex -8 16.99523532057617 16.02147862441398
      vertex -0.39999999999997726 16.94452272030415 15.915157446920551
    endloop
  endfacet
  facet normal 0 0.8788171126619613 -0.4771587602596161
    outer loop
      vertex -8 16.99523532057617 16.02147862441398
      vertex -8 17.051442841485013 16.125
      vertex -0.39999999999997726 16.99523532057617 16.02147862441398
    endloop
  endfacet
  facet normal 0 0.8526401643540991 -0.5224985647159378
    outer loop
      vertex -8 17.051442841485013 16.125
      vertex -8 17.112991222122794 16.22543782878381
      vertex -0.39999999999997726 17.051442841485013 16.125
    endloop
  endfacet
  facet normal 0 0.824126188622015 -0.5664062369248337
    outer loop
      vertex -8 17.112991222122794 16.22543782878381
      vertex -8 17.179711762656368 16.322516817658066
      vertex -0.39999999999997726 17.112991222122794 16.22543782878381
    endloop
  endfacet
  facet normal 0 0.793353340291227 -0.6087614290087312
    outer loop
      vertex -8 17.179711762656368 16.322516817658066
      vertex -8 17.251421586721815 16.415970879862133
      vertex -0.39999999999997726 17.179711762656368 16.322516817658066
    endloop
  endfacet
  facet normal 0 0.7604059656000354 -0.6494480483301786
    outer loop
      vertex -8 17.251421586721815 16.415970879862133
      vertex -8 17.32792414267586 16.50554386430743
      vertex -0.39999999999997726 17.251421586721815 16.415970879862133
    endloop
  endfacet
  facet normal 0 0.7253743710122734 -0.6883545756937691
    outer loop
      vertex -8 17.32792414267586 16.50554386430743
      vertex -8 17.40900974233027 16.59099025766973
      vertex -0.39999999999997726 17.32792414267586 16.50554386430743
    endloop
  endfacet
  facet normal 0 0.6883545756937691 -0.7253743710122734
    outer loop
      vertex -8 17.40900974233027 16.59099025766973
      vertex -8 17.49445613569257 16.67207585732414
      vertex -0.39999999999997726 17.40900974233027 16.59099025766973
    endloop
  endfacet
  facet normal 0 0.6494480483301786 -0.7604059656000354
    outer loop
      vertex -8 17.49445613569257 16.67207585732414
      vertex -8 17.584029120137867 16.748578413278185
      vertex -0.39999999999997726 17.49445613569257 16.67207585732414
    endloop
  endfacet
  facet normal 0 0.6087614290087312 -0.793353340291227
    outer loop
      vertex -8 17.584029120137867 16.748578413278185
      vertex -8 17.677483182341934 16.820288237343632
      vertex -0.39999999999997726 17.584029120137867 16.748578413278185
    endloop
  endfacet
  facet normal 0 0.5664062369248337 -0.824126188622015
    outer loop
      vertex -8 17.677483182341934 16.820288237343632
      vertex -8 17.77456217121619 16.887008777877206
      vertex -0.39999999999997726 17.677483182341934 16.820288237343632
    endloop
  endfacet
  facet normal 0 0.5224985647159378 -0.8526401643540991
    outer loop
      vertex -8 17.77456217121619 16.887008777877206
      vertex -8 17.875 16.948557158514987
      vertex -0.39999999999997726 17.77456217121619 16.887008777877206
    endloop
  endfacet
  facet normal 0 0.4771587602596161 -0.8788171126619613
    outer loop
      vertex -8 17.875 16.948557158514987
      vertex -8 17.97852137558602 17.00476467942383
      vertex -0.39999999999997726 17.875 16.948557158514987
    endloop
  endfacet
  facet normal 0 0.4305110968082704 -0.9025852843498723
    outer loop
      vertex -8 17.97852137558602 17.00476467942383
      vertex -8 18.08484255307945 17.05547727969585
      vertex -0.39999999999997726 17.97852137558602 17.00476467942383
    endloop
  endfacet
  facet normal 0 0.38268343236509583 -0.9238795325112842
    outer loop
      vertex -8 18.08484255307945 17.05547727969585
      vertex -8 18.193672113523075 17.100555959618703
      vertex -0.39999999999997726 18.08484255307945 17.05547727969585
    endloop
  endfacet
  facet normal 0 0.33380685923378467 -0.9426414910921735
    outer loop
      vertex -8 18.193672113523075 17.100555959618703
      vertex -8 18.304711762656368 17.139877161664096
      vertex -0.39999999999997726 18.193672113523075 17.100555959618703
    endloop
  endfacet
  facet normal 0 0.2840153447039341 -0.9588197348681897
    outer loop
      vertex -8 18.304711762656368 17.139877161664096
      vertex -8 18.41765714851933 17.173333109150406
      vertex -0.39999999999997726 18.304711762656368 17.139877161664096
    endloop
  endfacet
  facet normal 0 0.2334453638558893 -0.9723699203976806
    outer loop
      vertex -8 18.41765714851933 17.173333109150406
      vertex -8 18.532198695660043 17.200832101651063
      vertex -0.39999999999997726 18.41765714851933 17.173333109150406
    endloop
  endfacet
  facet normal 0 0.1822355254921378 -0.9832549075639564
    outer loop
      vertex -8 18.532198695660043 17.200832101651063
      vertex -8 18.64802245365948 17.22229876633906
      vertex -0.39999999999997726 18.532198695660043 17.200832101651063
    endloop
  endfacet
  facet normal 0 0.13052619222006553 -0.9914448613738086
    outer loop
      vertex -8 18.64802245365948 17.22229876633906
      vertex -8 18.76481095764778 17.237674264578615
      vertex -0.39999999999997726 18.64802245365948 17.22229876633906
    endloop
  endfacet
  facet normal -2.6046325046061235e-19 -0.7253743710122734 -0.6883545756937691
    outer loop
      vertex -8 20.67207585732414 16.50554386430743
      vertex -0.39999999999997726 20.59099025766973 16.59099025766973
      vertex -8 20.59099025766973 16.59099025766973
    endloop
  endfacet
  facet normal 3.2125075024548606e-19 -0.5664062369248337 -0.824126188622015
    outer loop
      vertex -8 20.322516817658066 16.820288237343632
      vertex -0.39999999999997726 20.22543782878381 16.887008777877206
      vertex -8 20.22543782878381 16.887008777877206
    endloop
  endfacet
  facet normal -1.6222152618456225e-19 -0.6087614290087312 -0.793353340291227
    outer loop
      vertex -8 20.415970879862133 16.748578413278185
      vertex -0.39999999999997726 20.322516817658066 16.820288237343632
      vertex -8 20.322516817658066 16.820288237343632
    endloop
  endfacet
  facet normal -1.4447834207101042e-19 -0.6494480483301786 -0.7604059656000354
    outer loop
      vertex -8 20.50554386430743 16.67207585732414
      vertex -0.39999999999997726 20.415970879862133 16.748578413278185
      vertex -8 20.415970879862133 16.748578413278185
    endloop
  endfacet
  facet normal -2.6046325046061235e-19 -0.6883545756937691 -0.7253743710122734
    outer loop
      vertex -8 20.59099025766973 16.59099025766973
      vertex -0.39999999999997726 20.50554386430743 16.67207585732414
      vertex -8 20.50554386430743 16.67207585732414
    endloop
  endfacet
  facet normal 2.88795490255989e-20 -0.9996573249755571 -0.026176948307875245
    outer loop
      vertex -8 21.25 15
      vertex -0.39999999999997726 21.24691645319779 15.117755901546623
      vertex -8 21.24691645319779 15.117755901546623
    endloop
  endfacet
  facet normal 1.762382562724881e-20 -0.9969173337331282 -0.0784590957278416
    outer loop
      vertex -8 21.24691645319779 15.117755901546623
      vertex -0.39999999999997726 21.237674264578615 15.23518904235222
      vertex -8 21.237674264578615 15.23518904235222
    endloop
  endfacet
  facet normal 4.242701346115026e-20 -0.9914448613738086 -0.13052619222006553
    outer loop
      vertex -8 21.237674264578615 15.23518904235222
      vertex -0.39999999999997726 21.22229876633906 15.35197754634052
      vertex -8 21.22229876633906 15.35197754634052
    endloop
  endfacet
  facet normal -4.011785267279098e-20 -0.9832549075639574 -0.1822355254921324
    outer loop
      vertex -8 21.22229876633906 15.35197754634052
      vertex -0.39999999999997726 21.200832101651063 15.46780130433996
      vertex -8 21.200832101651063 15.46780130433996
    endloop
  endfacet
  facet normal 0 -0.9238795325112864 -0.3826834323650905
    outer loop
      vertex -8 21.05547727969585 15.915157446920551
      vertex -8 21.100555959618703 15.806327886476925
      vertex -0.39999999999997726 21.05547727969585 15.915157446920551
    endloop
  endfacet
  facet normal -2.0578209999140226e-19 -0.9723699203976798 -0.23344536385589273
    outer loop
      vertex -8 21.200832101651063 15.46780130433996
      vertex -0.39999999999997726 21.173333109150406 15.582342851480671
      vertex -8 21.173333109150406 15.582342851480671
    endloop
  endfacet
  facet normal 6.219881366035063e-20 -0.9588197348681897 -0.2840153447039341
    outer loop
      vertex -8 21.173333109150406 15.582342851480671
      vertex -0.39999999999997726 21.139877161664096 15.695288237343632
      vertex -8 21.139877161664096 15.695288237343632
    endloop
  endfacet
  facet normal -4.507216925233556e-19 -0.9426414910921735 -0.33380685923378467
    outer loop
      vertex -8 21.139877161664096 15.695288237343632
      vertex -0.39999999999997726 21.100555959618703 15.806327886476925
      vertex -8 21.100555959618703 15.806327886476925
    endloop
  endfacet
  facet normal -3.271181901077284e-19 -0.9025852843498696 -0.43051109680827626
    outer loop
      vertex -8 21.05547727969585 15.915157446920551
      vertex -0.39999999999997726 21.00476467942383 16.02147862441398
      vertex -8 21.00476467942383 16.02147862441398
    endloop
  endfacet
  facet normal -3.054305813628555e-19 -0.8788171126619613 -0.4771587602596161
    outer loop
      vertex -8 21.00476467942383 16.02147862441398
      vertex -0.39999999999997726 20.948557158514987 16.125
      vertex -8 20.948557158514987 16.125
    endloop
  endfacet
  facet normal 3.2125075024548606e-19 -0.824126188622015 -0.5664062369248337
    outer loop
      vertex -8 20.887008777877206 16.22543782878381
      vertex -0.39999999999997726 20.820288237343632 16.322516817658066
      vertex -8 20.820288237343632 16.322516817658066
    endloop
  endfacet
  facet normal -1.6222152618456225e-19 -0.793353340291227 -0.6087614290087312
    outer loop
      vertex -8 20.820288237343632 16.322516817658066
      vertex -0.39999999999997726 20.748578413278185 16.415970879862133
      vertex -8 20.748578413278185 16.415970879862133
    endloop
  endfacet
  facet normal -2.2838892884585954e-19 -0.8526401643540991 -0.5224985647159378
    outer loop
      vertex -8 20.948557158514987 16.125
      vertex -0.39999999999997726 20.887008777877206 16.22543782878381
      vertex -8 20.887008777877206 16.22543782878381
    endloop
  endfacet
  facet normal 0 -0.7604059656000354 -0.6494480483301786
    outer loop
      vertex -8 20.67207585732414 16.50554386430743
      vertex -8 20.748578413278185 16.415970879862133
      vertex -0.39999999999997726 20.67207585732414 16.50554386430743
    endloop
  endfacet
  facet normal 0 0.0784590957278404 -0.9969173337331283
    outer loop
      vertex -8 18.76481095764778 17.237674264578615
      vertex -8 18.882244098453377 17.24691645319779
      vertex -0.39999999999997726 18.76481095764778 17.237674264578615
    endloop
  endfacet
  facet normal 0 0.026176948307875245 -0.9996573249755571
    outer loop
      vertex -8 18.882244098453377 17.24691645319779
      vertex -8 19 17.25
      vertex -0.39999999999997726 18.882244098453377 17.24691645319779
    endloop
  endfacet
  facet normal 0 -0.026176948307875245 -0.9996573249755571
    outer loop
      vertex -8 19 17.25
      vertex -8 19.117755901546623 17.24691645319779
      vertex -0.39999999999997726 19 17.25
    endloop
  endfacet
  facet normal 0 -0.0784590957278404 -0.9969173337331283
    outer loop
      vertex -8 19.117755901546623 17.24691645319779
      vertex -8 19.23518904235222 17.237674264578615
      vertex -0.39999999999997726 19.117755901546623 17.24691645319779
    endloop
  endfacet
  facet normal 0 -0.1822355254921378 -0.9832549075639564
    outer loop
      vertex -8 19.35197754634052 17.22229876633906
      vertex -8 19.467801304339957 17.200832101651063
      vertex -0.39999999999997726 19.35197754634052 17.22229876633906
    endloop
  endfacet
  facet normal 0 -0.13052619222006553 -0.9914448613738086
    outer loop
      vertex -8 19.23518904235222 17.237674264578615
      vertex -8 19.35197754634052 17.22229876633906
      vertex -0.39999999999997726 19.23518904235222 17.237674264578615
    endloop
  endfacet
  facet normal 0 -0.2334453638558893 -0.9723699203976806
    outer loop
      vertex -8 19.467801304339957 17.200832101651063
      vertex -8 19.58234285148067 17.173333109150406
      vertex -0.39999999999997726 19.467801304339957 17.200832101651063
    endloop
  endfacet
  facet normal 0 -0.2840153447039341 -0.9588197348681897
    outer loop
      vertex -8 19.58234285148067 17.173333109150406
      vertex -8 19.695288237343632 17.139877161664096
      vertex -0.39999999999997726 19.58234285148067 17.173333109150406
    endloop
  endfacet
  facet normal 0 -0.38268343236509583 -0.9238795325112842
    outer loop
      vertex -8 19.806327886476925 17.100555959618703
      vertex -8 19.91515744692055 17.05547727969585
      vertex -0.39999999999997726 19.806327886476925 17.100555959618703
    endloop
  endfacet
  facet normal 0 -0.4771587602596161 -0.8788171126619613
    outer loop
      vertex -8 20.02147862441398 17.00476467942383
      vertex -8 20.125 16.948557158514987
      vertex -0.39999999999997726 20.02147862441398 17.00476467942383
    endloop
  endfacet
  facet normal 0 -0.4305110968082704 -0.9025852843498723
    outer loop
      vertex -8 19.91515744692055 17.05547727969585
      vertex -8 20.02147862441398 17.00476467942383
      vertex -0.39999999999997726 19.91515744692055 17.05547727969585
    endloop
  endfacet
  facet normal -4.507216925233556e-19 -0.33380685923378467 -0.9426414910921735
    outer loop
      vertex -8 19.806327886476925 17.100555959618703
      vertex -0.39999999999997726 19.695288237343632 17.139877161664096
      vertex -8 19.695288237343632 17.139877161664096
    endloop
  endfacet
  facet normal 0 -0.5224985647159378 -0.8526401643540991
    outer loop
      vertex -8 20.125 16.948557158514987
      vertex -8 20.22543782878381 16.887008777877206
      vertex -0.39999999999997726 20.125 16.948557158514987
    endloop
  endfacet
  facet normal -0.9723699157063979 -0.2334453833964867 0
    outer loop
      vertex -7.89777747541666 15.223542861640453 30
      vertex -7.934442803263664 15.376264929771423 30
      vertex -7.89777747541666 15.223542861640453 0.2
    endloop
  endfacet
  facet normal -0.9832549101845729 -0.1822355113525557 0
    outer loop
      vertex -7.963065020740032 15.530696608126163 30
      vertex -7.934442803263664 15.376264929771423 0.2
      vertex -7.934442803263664 15.376264929771423 30
    endloop
  endfacet
  facet normal -0.9588197346341912 -0.28401534549389984 0
    outer loop
      vertex -7.89777747541666 15.223542861640453 30
      vertex -7.853169545531273 15.072949014604092 0.2
      vertex -7.853169545531273 15.072949014604092 30
    endloop
  endfacet
  facet normal -0.991444858128 -0.13052621687442656 0
    outer loop
      vertex -7.963065020740032 15.530696608126163 30
      vertex -7.98356568813324 15.68641460686922 30
      vertex -7.963065020740032 15.530696608126163 0.2
    endloop
  endfacet
  facet normal -0.9969173342738784 -0.07845908885695775 0
    outer loop
      vertex -7.98356568813324 15.68641460686922 30
      vertex -7.995888605713844 15.842992134392262 30
      vertex -7.98356568813324 15.68641460686922 0.2
    endloop
  endfacet
  facet normal -0.9996573252035448 -0.026176939601381184 0
    outer loop
      vertex -7.995888605713844 15.842992134392262 30
      vertex -8 16 30
      vertex -7.995888605713844 15.842992134392262 0.2
    endloop
  endfacet
  facet normal -1 0 0
    outer loop
      vertex -8 16.75308354680221 14.882244098453377
      vertex -8 16 30
      vertex -8 16.75 15
    endloop
  endfacet
  facet normal -1 0 0
    outer loop
      vertex -8 16.75 15
      vertex -8 16 30
      vertex -8 16.75308354680221 15.117755901546623
    endloop
  endfacet
  facet normal -1 0 0
    outer loop
      vertex -8 16.75308354680221 15.117755901546623
      vertex -8 16 30
      vertex -8 16.762325735421385 15.23518904235222
    endloop
  endfacet
  facet normal -1 0 0
    outer loop
      vertex -8 16.762325735421385 15.23518904235222
      vertex -8 16 30
      vertex -8 16.77770123366094 15.35197754634052
    endloop
  endfacet
  facet normal -1 0 0
    outer loop
      vertex -8 16.77770123366094 15.35197754634052
      vertex -8 16 30
      vertex -8 16.799167898348937 15.46780130433996
    endloop
  endfacet
  facet normal -1 0 0
    outer loop
      vertex -8 16.799167898348937 15.46780130433996
      vertex -8 16 30
      vertex -8 16.826666890849594 15.582342851480671
    endloop
  endfacet
  facet normal -1 0 0
    outer loop
      vertex -8 16.826666890849594 15.582342851480671
      vertex -8 16 30
      vertex -8 16.860122838335904 15.695288237343632
    endloop
  endfacet
  facet normal -1 0 0
    outer loop
      vertex -8 16.860122838335904 15.695288237343632
      vertex -8 16 30
      vertex -8 16.899444040381297 15.806327886476925
    endloop
  endfacet
  facet normal -1 0 0
    outer loop
      vertex -8 16.899444040381297 15.806327886476925
      vertex -8 16 30
      vertex -8 16.94452272030415 15.915157446920551
    endloop
  endfacet
  facet normal -1 0 0
    outer loop
      vertex -8 16.94452272030415 15.915157446920551
      vertex -8 16 30
      vertex -8 16.99523532057617 16.02147862441398
    endloop
  endfacet
  facet normal -1 0 0
    outer loop
      vertex -8 16.99523532057617 16.02147862441398
      vertex -8 16 30
      vertex -8 17.051442841485013 16.125
    endloop
  endfacet
  facet normal -1 0 0
    outer loop
      vertex -8 17.051442841485013 16.125
      vertex -8 16 30
      vertex -8 17.112991222122794 16.22543782878381
    endloop
  endfacet
  facet normal -1 0 0
    outer loop
      vertex -8 17.112991222122794 16.22543782878381
      vertex -8 16 30
      vertex -8 17.179711762656368 16.322516817658066
    endloop
  endfacet
  facet normal -1 0 0
    outer loop
      vertex -8 17.179711762656368 16.322516817658066
      vertex -8 16 30
      vertex -8 17.251421586721815 16.415970879862133
    endloop
  endfacet
  facet normal -1 0 0
    outer loop
      vertex -8 17.251421586721815 16.415970879862133
      vertex -8 16 30
      vertex -8 17.32792414267586 16.50554386430743
    endloop
  endfacet
  facet normal -1 0 0
    outer loop
      vertex -8 17.32792414267586 16.50554386430743
      vertex -8 16 30
      vertex -8 17.40900974233027 16.59099025766973
    endloop
  endfacet
  facet normal -1 0 0
    outer loop
      vertex -8 17.40900974233027 16.59099025766973
      vertex -8 16 30
      vertex -8 17.49445613569257 16.67207585732414
    endloop
  endfacet
  facet normal -1 0 0
    outer loop
      vertex -8 17.49445613569257 16.67207585732414
      vertex -8 16 30
      vertex -8 17.584029120137867 16.748578413278185
    endloop
  endfacet
  facet normal -1 0 0
    outer loop
      vertex -8 17.584029120137867 16.748578413278185
      vertex -8 16 30
      vertex -8 17.677483182341934 16.820288237343632
    endloop
  endfacet
  facet normal -1 0 0
    outer loop
      vertex -8 17.677483182341934 16.820288237343632
      vertex -8 16 30
      vertex -8 17.77456217121619 16.887008777877206
    endloop
  endfacet
  facet normal -1 0 0
    outer loop
      vertex -8 17.77456217121619 16.887008777877206
      vertex -8 16 30
      vertex -8 17.875 16.948557158514987
    endloop
  endfacet
  facet normal -1 0 0
    outer loop
      vertex -8 17.875 16.948557158514987
      vertex -8 16 30
      vertex -8 17.97852137558602 17.00476467942383
    endloop
  endfacet
  facet normal -1 0 0
    outer loop
      vertex -8 17.97852137558602 17.00476467942383
      vertex -8 16 30
      vertex -8 18.08484255307945 17.05547727969585
    endloop
  endfacet
  facet normal -1 0 0
    outer loop
      vertex -8 18.08484255307945 17.05547727969585
      vertex -8 16 30
      vertex -8 18.193672113523075 17.100555959618703
    endloop
  endfacet
  facet normal -1 0 0
    outer loop
      vertex -8 18.193672113523075 17.100555959618703
      vertex -8 16 30
      vertex -8 18.304711762656368 17.139877161664096
    endloop
  endfacet
  facet normal -1 0 0
    outer loop
      vertex -8 18.304711762656368 17.139877161664096
      vertex -8 16 30
      vertex -8 18.41765714851933 17.173333109150406
    endloop
  endfacet
  facet normal -1 0 0
    outer loop
      vertex -8 18.41765714851933 17.173333109150406
      vertex -8 16 30
      vertex -8 18.532198695660043 17.200832101651063
    endloop
  endfacet
  facet normal -1 0 0
    outer loop
      vertex -8 18.532198695660043 17.200832101651063
      vertex -8 16 30
      vertex -8 18.64802245365948 17.22229876633906
    endloop
  endfacet
  facet normal -1 0 0
    outer loop
      vertex -8 18.64802245365948 17.22229876633906
      vertex -8 16 30
      vertex -8 18.76481095764778 17.237674264578615
    endloop
  endfacet
  facet normal -1 0 0
    outer loop
      vertex -8 18.76481095764778 17.237674264578615
      vertex -8 16 30
      vertex -8 18.882244098453377 17.24691645319779
    endloop
  endfacet
  facet normal -1 0 0
    outer loop
      vertex -8 18.882244098453377 17.24691645319779
      vertex -8 16 30
      vertex -8 19 17.25
    endloop
  endfacet
  facet normal -1 0 0
    outer loop
      vertex -8 19 17.25
      vertex -8 16 30
      vertex -8 19.117755901546623 17.24691645319779
    endloop
  endfacet
  facet normal -1 0 0
    outer loop
      vertex -8 19.117755901546623 17.24691645319779
      vertex -8 16 30
      vertex -8 19.23518904235222 17.237674264578615
    endloop
  endfacet
  facet normal -1 0 0
    outer loop
      vertex -8 19.23518904235222 17.237674264578615
      vertex -8 16 30
      vertex -8 19.35197754634052 17.22229876633906
    endloop
  endfacet
  facet normal -1 0 0
    outer loop
      vertex -8 21.24691645319779 15.117755901546623
      vertex -8 21.237674264578615 15.23518904235222
      vertex -8 22 30
    endloop
  endfacet
  facet normal -1 0 0
    outer loop
      vertex -8 21.237674264578615 15.23518904235222
      vertex -8 21.22229876633906 15.35197754634052
      vertex -8 22 30
    endloop
  endfacet
  facet normal -1 0 0
    outer loop
      vertex -8 21.22229876633906 15.35197754634052
      vertex -8 21.200832101651063 15.46780130433996
      vertex -8 22 30
    endloop
  endfacet
  facet normal -1 0 0
    outer loop
      vertex -8 21.200832101651063 15.46780130433996
      vertex -8 21.173333109150406 15.582342851480671
      vertex -8 22 30
    endloop
  endfacet
  facet normal -1 0 0
    outer loop
      vertex -8 21.173333109150406 15.582342851480671
      vertex -8 21.139877161664096 15.695288237343632
      vertex -8 22 30
    endloop
  endfacet
  facet normal -1 0 0
    outer loop
      vertex -8 21.139877161664096 15.695288237343632
      vertex -8 21.100555959618703 15.806327886476925
      vertex -8 22 30
    endloop
  endfacet
  facet normal -1 0 0
    outer loop
      vertex -8 21.05547727969585 15.915157446920551
      vertex -8 22 30
      vertex -8 21.100555959618703 15.806327886476925
    endloop
  endfacet
  facet normal -0.9996573252035448 0.026176939601381184 0
    outer loop
      vertex -8 22 30
      vertex -7.995888605713844 22.15700786560774 30
      vertex -8 22 0.2
    endloop
  endfacet
  facet normal -0.9969173342738784 0.07845908885695775 0
    outer loop
      vertex -7.995888605713844 22.15700786560774 30
      vertex -7.98356568813324 22.31358539313078 30
      vertex -7.995888605713844 22.15700786560774 0.2
    endloop
  endfacet
  facet normal -0.991444858128 0.13052621687442656 0
    outer loop
      vertex -7.98356568813324 22.31358539313078 30
      vertex -7.963065020740032 22.469303391873837 30
      vertex -7.98356568813324 22.31358539313078 0.2
    endloop
  endfacet
  facet normal -1 0 0
    outer loop
      vertex -8 19.35197754634052 17.22229876633906
      vertex -8 22 30
      vertex -8 19.467801304339957 17.200832101651063
    endloop
  endfacet
  facet normal -1 0 0
    outer loop
      vertex -8 19.467801304339957 17.200832101651063
      vertex -8 22 30
      vertex -8 19.58234285148067 17.173333109150406
    endloop
  endfacet
  facet normal -1 0 0
    outer loop
      vertex -8 19.58234285148067 17.173333109150406
      vertex -8 22 30
      vertex -8 19.695288237343632 17.139877161664096
    endloop
  endfacet
  facet normal -1 0 0
    outer loop
      vertex -8 19.806327886476925 17.100555959618703
      vertex -8 19.695288237343632 17.139877161664096
      vertex -8 22 30
    endloop
  endfacet
  facet normal -1 0 0
    outer loop
      vertex -8 19.806327886476925 17.100555959618703
      vertex -8 22 30
      vertex -8 19.91515744692055 17.05547727969585
    endloop
  endfacet
  facet normal -1 0 0
    outer loop
      vertex -8 20.67207585732414 16.50554386430743
      vertex -8 20.59099025766973 16.59099025766973
      vertex -8 22 30
    endloop
  endfacet
  facet normal -1 0 0
    outer loop
      vertex -8 20.59099025766973 16.59099025766973
      vertex -8 20.50554386430743 16.67207585732414
      vertex -8 22 30
    endloop
  endfacet
  facet normal -1 0 0
    outer loop
      vertex -8 21.00476467942383 16.02147862441398
      vertex -8 20.948557158514987 16.125
      vertex -8 22 30
    endloop
  endfacet
  facet normal -1 0 0
    outer loop
      vertex -8 20.948557158514987 16.125
      vertex -8 20.887008777877206 16.22543782878381
      vertex -8 22 30
    endloop
  endfacet
  facet normal -1 0 0
    outer loop
      vertex -8 20.887008777877206 16.22543782878381
      vertex -8 20.820288237343632 16.322516817658066
      vertex -8 22 30
    endloop
  endfacet
  facet normal -1 0 0
    outer loop
      vertex -8 21.05547727969585 15.915157446920551
      vertex -8 21.00476467942383 16.02147862441398
      vertex -8 22 30
    endloop
  endfacet
  facet normal -1 0 0
    outer loop
      vertex -8 20.820288237343632 16.322516817658066
      vertex -8 20.748578413278185 16.415970879862133
      vertex -8 22 30
    endloop
  endfacet
  facet normal -1 0 0
    outer loop
      vertex -8 20.67207585732414 16.50554386430743
      vertex -8 22 30
      vertex -8 20.748578413278185 16.415970879862133
    endloop
  endfacet
  facet normal -1 0 0
    outer loop
      vertex -8 20.02147862441398 17.00476467942383
      vertex -8 22 30
      vertex -8 20.125 16.948557158514987
    endloop
  endfacet
  facet normal -1 0 0
    outer loop
      vertex -8 20.322516817658066 16.820288237343632
      vertex -8 20.22543782878381 16.887008777877206
      vertex -8 22 30
    endloop
  endfacet
  facet normal -1 0 0
    outer loop
      vertex -8 20.125 16.948557158514987
      vertex -8 22 30
      vertex -8 20.22543782878381 16.887008777877206
    endloop
  endfacet
  facet normal -1 0 0
    outer loop
      vertex -8 20.50554386430743 16.67207585732414
      vertex -8 20.415970879862133 16.748578413278185
      vertex -8 22 30
    endloop
  endfacet
  facet normal -1 0 0
    outer loop
      vertex -8 20.415970879862133 16.748578413278185
      vertex -8 20.322516817658066 16.820288237343632
      vertex -8 22 30
    endloop
  endfacet
  facet normal -1 0 0
    outer loop
      vertex -8 19.91515744692055 17.05547727969585
      vertex -8 22 30
      vertex -8 20.02147862441398 17.00476467942383
    endloop
  endfacet
  facet normal -0.9832549101845729 0.1822355113525557 0
    outer loop
      vertex -7.963065020740032 22.469303391873837 30
      vertex -7.934442803263664 22.623735070228577 30
      vertex -7.963065020740032 22.469303391873837 0.2
    endloop
  endfacet
  facet normal -0.9723699157063979 0.2334453833964867 0
    outer loop
      vertex -7.934442803263664 22.623735070228577 30
      vertex -7.89777747541666 22.776457138359547 30
      vertex -7.934442803263664 22.623735070228577 0.2
    endloop
  endfacet
  facet normal -0.9588197346341912 0.28401534549389984 0
    outer loop
      vertex -7.89777747541666 22.776457138359547 30
      vertex -7.853169545531273 22.92705098539591 30
      vertex -7.89777747541666 22.776457138359547 0.2
    endloop
  endfacet
  facet normal -0.9426414928622097 0.3338068542353567 0
    outer loop
      vertex -7.853169545531273 22.92705098539591 30
      vertex -7.8007412776350975 23.075103849172592 30
      vertex -7.853169545531273 22.92705098539591 0.2
    endloop
  endfacet
  facet normal -0.9238795293544398 0.38268343998639204 0
    outer loop
      vertex -7.8007412776350975 23.075103849172592 30
      vertex -7.740636371076107 23.220209926366806 30
      vertex -7.8007412776350975 23.075103849172592 0.2
    endloop
  endfacet
  facet normal -0.9025852916253636 0.43051108155488527 0
    outer loop
      vertex -7.740636371076107 23.220209926366806 30
      vertex -7.673019573092461 23.361971497535706 30
      vertex -7.740636371076107 23.220209926366806 0.2
    endloop
  endfacet
  facet normal -0.8788171085477188 0.4771587678371079 0
    outer loop
      vertex -7.673019573092461 23.361971497535706 30
      vertex -7.598076209425926 23.5 30
      vertex -7.673019573092461 23.361971497535706 0.2
    endloop
  endfacet
  facet normal -0.8526401856157652 0.5224985300200504 0
    outer loop
      vertex -7.598076209425926 23.5 30
      vertex -7.516011707484722 23.63391710817814 30
      vertex -7.598076209425926 23.5 0.2
    endloop
  endfacet
  facet normal -0.8241261728965001 0.566406259805599 0
    outer loop
      vertex -7.516011707484722 23.63391710817814 30
      vertex -7.427050985395908 23.763355754315853 30
      vertex -7.516011707484722 23.63391710817814 0.2
    endloop
  endfacet
  facet normal -0.7933533398941753 0.608761429526179 0
    outer loop
      vertex -7.427050985395908 23.763355754315853 30
      vertex -7.331437885761261 23.88796117156744 30
      vertex -7.427050985395908 23.763355754315853 0.2
    endloop
  endfacet
  facet normal -0.7604059586793502 0.6494480564332595 0
    outer loop
      vertex -7.331437885761261 23.88796117156744 30
      vertex -7.229434475302696 24.007391817867756 30
      vertex -7.331437885761261 23.88796117156744 0.2
    endloop
  endfacet
  facet normal -0.7253743841239493 0.6883545618769453 0
    outer loop
      vertex -7.229434475302696 24.007391817867756 30
      vertex -7.121320344507694 24.121320344507694 30
      vertex -7.229434475302696 24.007391817867756 0.2
    endloop
  endfacet
  facet normal -0.6883545618769453 0.7253743841239493 0
    outer loop
      vertex -7.121320344507694 24.121320344507694 30
      vertex -7.007391817867756 24.229434475302696 30
      vertex -7.121320344507694 24.121320344507694 0.2
    endloop
  endfacet
  facet normal -0.6494480564332595 0.7604059586793502 0
    outer loop
      vertex -7.007391817867756 24.229434475302696 30
      vertex -6.88796117156744 24.33143788576126 30
      vertex -7.007391817867756 24.229434475302696 0.2
    endloop
  endfacet
  facet normal -0.608761429526179 0.7933533398941753 0
    outer loop
      vertex -6.88796117156744 24.33143788576126 30
      vertex -6.763355754315853 24.42705098539591 30
      vertex -6.88796117156744 24.33143788576126 0.2
    endloop
  endfacet
  facet normal -0.566406259805599 0.8241261728965001 0
    outer loop
      vertex -6.763355754315853 24.42705098539591 30
      vertex -6.633917108178139 24.516011707484722 30
      vertex -6.763355754315853 24.42705098539591 0.2
    endloop
  endfacet
  facet normal -0.5224985300200504 0.8526401856157652 0
    outer loop
      vertex -6.633917108178139 24.516011707484722 30
      vertex -6.5 24.598076209425926 30
      vertex -6.633917108178139 24.516011707484722 0.2
    endloop
  endfacet
  facet normal -0.4771587678371079 0.8788171085477188 0
    outer loop
      vertex -6.5 24.598076209425926 30
      vertex -6.361971497535706 24.67301957309246 30
      vertex -6.5 24.598076209425926 0.2
    endloop
  endfacet
  facet normal -0.43051108155488527 0.9025852916253636 0
    outer loop
      vertex -6.361971497535706 24.67301957309246 30
      vertex -6.220209926366806 24.740636371076107 30
      vertex -6.361971497535706 24.67301957309246 0.2
    endloop
  endfacet
  facet normal -0.38268343998639204 0.9238795293544398 0
    outer loop
      vertex -6.220209926366806 24.740636371076107 30
      vertex -6.075103849172592 24.800741277635098 30
      vertex -6.220209926366806 24.740636371076107 0.2
    endloop
  endfacet
  facet normal -0.3338068542353567 0.9426414928622097 0
    outer loop
      vertex -6.075103849172592 24.800741277635098 30
      vertex -5.927050985395908 24.853169545531273 30
      vertex -6.075103849172592 24.800741277635098 0.2
    endloop
  endfacet
  facet normal -0.28401534549389984 0.9588197346341912 0
    outer loop
      vertex -5.927050985395908 24.853169545531273 30
      vertex -5.776457138359547 24.89777747541666 30
      vertex -5.927050985395908 24.853169545531273 0.2
    endloop
  endfacet
  facet normal -0.2334453833964867 0.9723699157063979 0
    outer loop
      vertex -5.776457138359547 24.89777747541666 30
      vertex -5.623735070228577 24.934442803263664 30
      vertex -5.776457138359547 24.89777747541666 0.2
    endloop
  endfacet
  facet normal -0.1822355113525557 0.9832549101845729 0
    outer loop
      vertex -5.623735070228577 24.934442803263664 30
      vertex -5.4693033918738365 24.963065020740032 30
      vertex -5.623735070228577 24.934442803263664 0.2
    endloop
  endfacet
  facet normal -0.13052621687442656 0.991444858128 0
    outer loop
      vertex -5.4693033918738365 24.963065020740032 30
      vertex -5.313585393130779 24.98356568813324 30
      vertex -5.4693033918738365 24.963065020740032 0.2
    endloop
  endfacet
  facet normal -0.07845908885695775 0.9969173342738784 0
    outer loop
      vertex -5.313585393130779 24.98356568813324 30
      vertex -5.1570078656077385 24.995888605713844 30
      vertex -5.313585393130779 24.98356568813324 0.2
    endloop
  endfacet
  facet normal -0.026176939601381184 0.9996573252035448 0
    outer loop
      vertex -5.1570078656077385 24.995888605713844 30
      vertex -5 25 30
      vertex -5.1570078656077385 24.995888605713844 0.2
    endloop
  endfacet
  facet normal 0 0.9996573249755571 -0.026176948307875245
    outer loop
      vertex -8 16.75308354680221 15.117755901546623
      vertex -0.39999999999997726 16.75308354680221 15.117755901546623
      vertex -0.39999999999997726 16.75 15
    endloop
  endfacet
  facet normal 0 0.9969173337331282 -0.0784590957278416
    outer loop
      vertex -8 16.762325735421385 15.23518904235222
      vertex -0.39999999999997726 16.762325735421385 15.23518904235222
      vertex -0.39999999999997726 16.75308354680221 15.117755901546623
    endloop
  endfacet
  facet normal 0 0.9914448613738086 -0.13052619222006553
    outer loop
      vertex -8 16.77770123366094 15.35197754634052
      vertex -0.39999999999997726 16.77770123366094 15.35197754634052
      vertex -0.39999999999997726 16.762325735421385 15.23518904235222
    endloop
  endfacet
  facet normal 0 0.9832549075639574 -0.1822355254921324
    outer loop
      vertex -8 16.799167898348937 15.46780130433996
      vertex -0.39999999999997726 16.799167898348937 15.46780130433996
      vertex -0.39999999999997726 16.77770123366094 15.35197754634052
    endloop
  endfacet
  facet normal 0 0.9723699203976798 -0.23344536385589273
    outer loop
      vertex -8 16.826666890849594 15.582342851480671
      vertex -0.39999999999997726 16.826666890849594 15.582342851480671
      vertex -0.39999999999997726 16.799167898348937 15.46780130433996
    endloop
  endfacet
  facet normal 0 0.9588197348681897 -0.2840153447039341
    outer loop
      vertex -8 16.860122838335904 15.695288237343632
      vertex -0.39999999999997726 16.860122838335904 15.695288237343632
      vertex -0.39999999999997726 16.826666890849594 15.582342851480671
    endloop
  endfacet
  facet normal 0 0.9426414910921735 -0.33380685923378467
    outer loop
      vertex -8 16.899444040381297 15.806327886476925
      vertex -0.39999999999997726 16.899444040381297 15.806327886476925
      vertex -0.39999999999997726 16.860122838335904 15.695288237343632
    endloop
  endfacet
  facet normal 0 0.9238795325112864 -0.3826834323650905
    outer loop
      vertex -8 16.94452272030415 15.915157446920551
      vertex -0.39999999999997726 16.94452272030415 15.915157446920551
      vertex -0.39999999999997726 16.899444040381297 15.806327886476925
    endloop
  endfacet
  facet normal 0 0.9025852843498696 -0.43051109680827626
    outer loop
      vertex -8 16.99523532057617 16.02147862441398
      vertex -0.39999999999997726 16.99523532057617 16.02147862441398
      vertex -0.39999999999997726 16.94452272030415 15.915157446920551
    endloop
  endfacet
  facet normal 0 0.8788171126619613 -0.4771587602596161
    outer loop
      vertex -8 17.051442841485013 16.125
      vertex -0.39999999999997726 17.051442841485013 16.125
      vertex -0.39999999999997726 16.99523532057617 16.02147862441398
    endloop
  endfacet
  facet normal 0 0.8526401643540991 -0.5224985647159378
    outer loop
      vertex -8 17.112991222122794 16.22543782878381
      vertex -0.39999999999997726 17.112991222122794 16.22543782878381
      vertex -0.39999999999997726 17.051442841485013 16.125
    endloop
  endfacet
  facet normal 0 0.824126188622015 -0.5664062369248337
    outer loop
      vertex -8 17.179711762656368 16.322516817658066
      vertex -0.39999999999997726 17.179711762656368 16.322516817658066
      vertex -0.39999999999997726 17.112991222122794 16.22543782878381
    endloop
  endfacet
  facet normal 0 0.793353340291227 -0.6087614290087312
    outer loop
      vertex -8 17.251421586721815 16.415970879862133
      vertex -0.39999999999997726 17.251421586721815 16.415970879862133
      vertex -0.39999999999997726 17.179711762656368 16.322516817658066
    endloop
  endfacet
  facet normal 0 0.7604059656000354 -0.6494480483301786
    outer loop
      vertex -8 17.32792414267586 16.50554386430743
      vertex -0.39999999999997726 17.32792414267586 16.50554386430743
      vertex -0.39999999999997726 17.251421586721815 16.415970879862133
    endloop
  endfacet
  facet normal 0 0.7253743710122734 -0.6883545756937691
    outer loop
      vertex -8 17.40900974233027 16.59099025766973
      vertex -0.39999999999997726 17.40900974233027 16.59099025766973
      vertex -0.39999999999997726 17.32792414267586 16.50554386430743
    endloop
  endfacet
  facet normal 0 0.6883545756937691 -0.7253743710122734
    outer loop
      vertex -8 17.49445613569257 16.67207585732414
      vertex -0.39999999999997726 17.49445613569257 16.67207585732414
      vertex -0.39999999999997726 17.40900974233027 16.59099025766973
    endloop
  endfacet
  facet normal 0 0.6494480483301786 -0.7604059656000354
    outer loop
      vertex -8 17.584029120137867 16.748578413278185
      vertex -0.39999999999997726 17.584029120137867 16.748578413278185
      vertex -0.39999999999997726 17.49445613569257 16.67207585732414
    endloop
  endfacet
  facet normal 0 0.6087614290087312 -0.793353340291227
    outer loop
      vertex -8 17.677483182341934 16.820288237343632
      vertex -0.39999999999997726 17.677483182341934 16.820288237343632
      vertex -0.39999999999997726 17.584029120137867 16.748578413278185
    endloop
  endfacet
  facet normal 0 0.5664062369248337 -0.824126188622015
    outer loop
      vertex -8 17.77456217121619 16.887008777877206
      vertex -0.39999999999997726 17.77456217121619 16.887008777877206
      vertex -0.39999999999997726 17.677483182341934 16.820288237343632
    endloop
  endfacet
  facet normal 0 0.5224985647159378 -0.8526401643540991
    outer loop
      vertex -8 17.875 16.948557158514987
      vertex -0.39999999999997726 17.875 16.948557158514987
      vertex -0.39999999999997726 17.77456217121619 16.887008777877206
    endloop
  endfacet
  facet normal 0 0.4771587602596161 -0.8788171126619613
    outer loop
      vertex -8 17.97852137558602 17.00476467942383
      vertex -0.39999999999997726 17.97852137558602 17.00476467942383
      vertex -0.39999999999997726 17.875 16.948557158514987
    endloop
  endfacet
  facet normal 0 0.4305110968082704 -0.9025852843498723
    outer loop
      vertex -8 18.08484255307945 17.05547727969585
      vertex -0.39999999999997726 18.08484255307945 17.05547727969585
      vertex -0.39999999999997726 17.97852137558602 17.00476467942383
    endloop
  endfacet
  facet normal 0 0.38268343236509583 -0.9238795325112842
    outer loop
      vertex -8 18.193672113523075 17.100555959618703
      vertex -0.39999999999997726 18.193672113523075 17.100555959618703
      vertex -0.39999999999997726 18.08484255307945 17.05547727969585
    endloop
  endfacet
  facet normal 0 0.33380685923378467 -0.9426414910921735
    outer loop
      vertex -8 18.304711762656368 17.139877161664096
      vertex -0.39999999999997726 18.304711762656368 17.139877161664096
      vertex -0.39999999999997726 18.193672113523075 17.100555959618703
    endloop
  endfacet
  facet normal 0 0.2840153447039341 -0.9588197348681897
    outer loop
      vertex -8 18.41765714851933 17.173333109150406
      vertex -0.39999999999997726 18.41765714851933 17.173333109150406
      vertex -0.39999999999997726 18.304711762656368 17.139877161664096
    endloop
  endfacet
  facet normal 0 0.2334453638558893 -0.9723699203976806
    outer loop
      vertex -8 18.532198695660043 17.200832101651063
      vertex -0.39999999999997726 18.532198695660043 17.200832101651063
      vertex -0.39999999999997726 18.41765714851933 17.173333109150406
    endloop
  endfacet
  facet normal 0 0.1822355254921378 -0.9832549075639564
    outer loop
      vertex -8 18.64802245365948 17.22229876633906
      vertex -0.39999999999997726 18.64802245365948 17.22229876633906
      vertex -0.39999999999997726 18.532198695660043 17.200832101651063
    endloop
  endfacet
  facet normal 0 0.13052619222006553 -0.9914448613738086
    outer loop
      vertex -8 18.76481095764778 17.237674264578615
      vertex -0.39999999999997726 18.76481095764778 17.237674264578615
      vertex -0.39999999999997726 18.64802245365948 17.22229876633906
    endloop
  endfacet
  facet normal 0 -0.6883545756937691 -0.7253743710122734
    outer loop
      vertex -8 20.59099025766973 16.59099025766973
      vertex -0.39999999999997726 20.59099025766973 16.59099025766973
      vertex -0.39999999999997726 20.50554386430743 16.67207585732414
    endloop
  endfacet
  facet normal 0 -0.6087614290087312 -0.793353340291227
    outer loop
      vertex -8 20.415970879862133 16.748578413278185
      vertex -0.39999999999997726 20.415970879862133 16.748578413278185
      vertex -0.39999999999997726 20.322516817658066 16.820288237343632
    endloop
  endfacet
  facet normal 0 -0.5664062369248337 -0.824126188622015
    outer loop
      vertex -8 20.322516817658066 16.820288237343632
      vertex -0.39999999999997726 20.322516817658066 16.820288237343632
      vertex -0.39999999999997726 20.22543782878381 16.887008777877206
    endloop
  endfacet
  facet normal 0 -0.6494480483301786 -0.7604059656000354
    outer loop
      vertex -8 20.50554386430743 16.67207585732414
      vertex -0.39999999999997726 20.50554386430743 16.67207585732414
      vertex -0.39999999999997726 20.415970879862133 16.748578413278185
    endloop
  endfacet
  facet normal 0 -0.9996573249755571 -0.026176948307875245
    outer loop
      vertex -8 21.25 15
      vertex -0.39999999999997726 21.25 15
      vertex -0.39999999999997726 21.24691645319779 15.117755901546623
    endloop
  endfacet
  facet normal 0 -0.9969173337331282 -0.0784590957278416
    outer loop
      vertex -8 21.24691645319779 15.117755901546623
      vertex -0.39999999999997726 21.24691645319779 15.117755901546623
      vertex -0.39999999999997726 21.237674264578615 15.23518904235222
    endloop
  endfacet
  facet normal 0 -0.9914448613738086 -0.13052619222006553
    outer loop
      vertex -8 21.237674264578615 15.23518904235222
      vertex -0.39999999999997726 21.237674264578615 15.23518904235222
      vertex -0.39999999999997726 21.22229876633906 15.35197754634052
    endloop
  endfacet
  facet normal 0 -0.9832549075639574 -0.1822355254921324
    outer loop
      vertex -8 21.22229876633906 15.35197754634052
      vertex -0.39999999999997726 21.22229876633906 15.35197754634052
      vertex -0.39999999999997726 21.200832101651063 15.46780130433996
    endloop
  endfacet
  facet normal 0 -0.9238795325112864 -0.3826834323650905
    outer loop
      vertex -8 21.100555959618703 15.806327886476925
      vertex -0.39999999999997726 21.100555959618703 15.806327886476925
      vertex -0.39999999999997726 21.05547727969585 15.915157446920551
    endloop
  endfacet
  facet normal 0 -0.9723699203976798 -0.23344536385589273
    outer loop
      vertex -8 21.200832101651063 15.46780130433996
      vertex -0.39999999999997726 21.200832101651063 15.46780130433996
      vertex -0.39999999999997726 21.173333109150406 15.582342851480671
    endloop
  endfacet
  facet normal 0 -0.9588197348681897 -0.2840153447039341
    outer loop
      vertex -8 21.173333109150406 15.582342851480671
      vertex -0.39999999999997726 21.173333109150406 15.582342851480671
      vertex -0.39999999999997726 21.139877161664096 15.695288237343632
    endloop
  endfacet
  facet normal 0 -0.9426414910921735 -0.33380685923378467
    outer loop
      vertex -8 21.139877161664096 15.695288237343632
      vertex -0.39999999999997726 21.139877161664096 15.695288237343632
      vertex -0.39999999999997726 21.100555959618703 15.806327886476925
    endloop
  endfacet
  facet normal 0 -0.9025852843498696 -0.43051109680827626
    outer loop
      vertex -8 21.05547727969585 15.915157446920551
      vertex -0.39999999999997726 21.05547727969585 15.915157446920551
      vertex -0.39999999999997726 21.00476467942383 16.02147862441398
    endloop
  endfacet
  facet normal 0 -0.8526401643540991 -0.5224985647159378
    outer loop
      vertex -8 20.948557158514987 16.125
      vertex -0.39999999999997726 20.948557158514987 16.125
      vertex -0.39999999999997726 20.887008777877206 16.22543782878381
    endloop
  endfacet
  facet normal 0 -0.8788171126619613 -0.4771587602596161
    outer loop
      vertex -8 21.00476467942383 16.02147862441398
      vertex -0.39999999999997726 21.00476467942383 16.02147862441398
      vertex -0.39999999999997726 20.948557158514987 16.125
    endloop
  endfacet
  facet normal 0 -0.793353340291227 -0.6087614290087312
    outer loop
      vertex -8 20.820288237343632 16.322516817658066
      vertex -0.39999999999997726 20.820288237343632 16.322516817658066
      vertex -0.39999999999997726 20.748578413278185 16.415970879862133
    endloop
  endfacet
  facet normal 0 -0.824126188622015 -0.5664062369248337
    outer loop
      vertex -8 20.887008777877206 16.22543782878381
      vertex -0.39999999999997726 20.887008777877206 16.22543782878381
      vertex -0.39999999999997726 20.820288237343632 16.322516817658066
    endloop
  endfacet
  facet normal 0 -0.7604059656000354 -0.6494480483301786
    outer loop
      vertex -8 20.748578413278185 16.415970879862133
      vertex -0.39999999999997726 20.748578413278185 16.415970879862133
      vertex -0.39999999999997726 20.67207585732414 16.50554386430743
    endloop
  endfacet
  facet normal 0 -0.7253743710122734 -0.6883545756937691
    outer loop
      vertex -8 20.67207585732414 16.50554386430743
      vertex -0.39999999999997726 20.67207585732414 16.50554386430743
      vertex -0.39999999999997726 20.59099025766973 16.59099025766973
    endloop
  endfacet
  facet normal 0 0.0784590957278404 -0.9969173337331283
    outer loop
      vertex -8 18.882244098453377 17.24691645319779
      vertex -0.39999999999997726 18.882244098453377 17.24691645319779
      vertex -0.39999999999997726 18.76481095764778 17.237674264578615
    endloop
  endfacet
  facet normal 0 0.026176948307875245 -0.9996573249755571
    outer loop
      vertex -8 19 17.25
      vertex -0.39999999999997726 19 17.25
      vertex -0.39999999999997726 18.882244098453377 17.24691645319779
    endloop
  endfacet
  facet normal 0 -0.026176948307875245 -0.9996573249755571
    outer loop
      vertex -8 19.117755901546623 17.24691645319779
      vertex -0.39999999999997726 19.117755901546623 17.24691645319779
      vertex -0.39999999999997726 19 17.25
    endloop
  endfacet
  facet normal 0 -0.0784590957278404 -0.9969173337331283
    outer loop
      vertex -8 19.23518904235222 17.237674264578615
      vertex -0.39999999999997726 19.23518904235222 17.237674264578615
      vertex -0.39999999999997726 19.117755901546623 17.24691645319779
    endloop
  endfacet
  facet normal 0 -0.1822355254921378 -0.9832549075639564
    outer loop
      vertex -8 19.467801304339957 17.200832101651063
      vertex -0.39999999999997726 19.467801304339957 17.200832101651063
      vertex -0.39999999999997726 19.35197754634052 17.22229876633906
    endloop
  endfacet
  facet normal 0 -0.13052619222006553 -0.9914448613738086
    outer loop
      vertex -8 19.35197754634052 17.22229876633906
      vertex -0.39999999999997726 19.35197754634052 17.22229876633906
      vertex -0.39999999999997726 19.23518904235222 17.237674264578615
    endloop
  endfacet
  facet normal 0 -0.2334453638558893 -0.9723699203976806
    outer loop
      vertex -8 19.58234285148067 17.173333109150406
      vertex -0.39999999999997726 19.58234285148067 17.173333109150406
      vertex -0.39999999999997726 19.467801304339957 17.200832101651063
    endloop
  endfacet
  facet normal 0 -0.2840153447039341 -0.9588197348681897
    outer loop
      vertex -8 19.695288237343632 17.139877161664096
      vertex -0.39999999999997726 19.695288237343632 17.139877161664096
      vertex -0.39999999999997726 19.58234285148067 17.173333109150406
    endloop
  endfacet
  facet normal 0 -0.38268343236509583 -0.9238795325112842
    outer loop
      vertex -8 19.91515744692055 17.05547727969585
      vertex -0.39999999999997726 19.91515744692055 17.05547727969585
      vertex -0.39999999999997726 19.806327886476925 17.100555959618703
    endloop
  endfacet
  facet normal 0 -0.4771587602596161 -0.8788171126619613
    outer loop
      vertex -8 20.125 16.948557158514987
      vertex -0.39999999999997726 20.125 16.948557158514987
      vertex -0.39999999999997726 20.02147862441398 17.00476467942383
    endloop
  endfacet
  facet normal 0 -0.4305110968082704 -0.9025852843498723
    outer loop
      vertex -8 20.02147862441398 17.00476467942383
      vertex -0.39999999999997726 20.02147862441398 17.00476467942383
      vertex -0.39999999999997726 19.91515744692055 17.05547727969585
    endloop
  endfacet
  facet normal 0 -0.33380685923378467 -0.9426414910921735
    outer loop
      vertex -8 19.806327886476925 17.100555959618703
      vertex -0.39999999999997726 19.806327886476925 17.100555959618703
      vertex -0.39999999999997726 19.695288237343632 17.139877161664096
    endloop
  endfacet
  facet normal 0 -0.5224985647159378 -0.8526401643540991
    outer loop
      vertex -8 20.22543782878381 16.887008777877206
      vertex -0.39999999999997726 20.22543782878381 16.887008777877206
      vertex -0.39999999999997726 20.125 16.948557158514987
    endloop
  endfacet
  facet normal 0 1 0
    outer loop
      vertex -5 25 30
      vertex -0.39999999999997726 25 30
      vertex -5 25 0.2
    endloop
  endfacet
  facet normal -1 0 0
    outer loop
      vertex -8 19.35197754634052 17.22229876633906
      vertex -8 16 30
      vertex -8 22 30
    endloop
  endfacet
  facet normal 0 0 1
    outer loop
      vertex -7.89777747541666 15.223542861640453 30
      vertex -7.853169545531273 15.072949014604092 30
      vertex -5.128070334364353 15.151817825052863 30
    endloop
  endfacet
  facet normal 0 0 1
    outer loop
      vertex -7.89777747541666 15.223542861640453 30
      vertex -4.713694716797307 15.285204336979325 30
      vertex -7.934442803263664 15.376264929771423 30
    endloop
  endfacet
  facet normal 0 0 1
    outer loop
      vertex -7.963065020740032 15.530696608126163 30
      vertex -7.934442803263664 15.376264929771423 30
      vertex -3.986493758180913 15.491932028872611 30
    endloop
  endfacet
  facet normal 0 0 1
    outer loop
      vertex -7.853169545531273 15.072949014604092 30
      vertex -5.653525110041175 14.965744529960748 30
      vertex -5.128070334364353 15.151817825052863 30
    endloop
  endfacet
  facet normal 0 0 1
    outer loop
      vertex -7.963065020740032 15.530696608126163 30
      vertex -3.2198513512341305 15.67014390478187 30
      vertex -7.98356568813324 15.68641460686922 30
    endloop
  endfacet
  facet normal 0 0 1
    outer loop
      vertex -7.89777747541666 15.223542861640453 30
      vertex -5.128070334364353 15.151817825052863 30
      vertex -4.942708040965512 15.157182511785189 30
    endloop
  endfacet
  facet normal 0 0 1
    outer loop
      vertex -7.89777747541666 15.223542861640453 30
      vertex -4.942708040965512 15.157182511785189 30
      vertex -4.713694716797307 15.285204336979325 30
    endloop
  endfacet
  facet normal 0 0 1
    outer loop
      vertex -7.934442803263664 15.376264929771423 30
      vertex -4.713694716797307 15.285204336979325 30
      vertex -4.157865249998969 15.44984852594257 30
    endloop
  endfacet
  facet normal 0 0 1
    outer loop
      vertex -7.934442803263664 15.376264929771423 30
      vertex -4.157865249998969 15.44984852594257 30
      vertex -3.986493758180913 15.491932028872611 30
    endloop
  endfacet
  facet normal 0 0 1
    outer loop
      vertex -7.963065020740032 15.530696608126163 30
      vertex -3.986493758180913 15.491932028872611 30
      vertex -3.4578068452466306 15.618858526871772 30
    endloop
  endfacet
  facet normal 0 0 1
    outer loop
      vertex -7.98356568813324 15.68641460686922 30
      vertex -0.39999999999997726 25 30
      vertex -7.995888605713844 15.842992134392262 30
    endloop
  endfacet
  facet normal 0 0 1
    outer loop
      vertex -7.995888605713844 15.842992134392262 30
      vertex -0.39999999999997726 25 30
      vertex -8 16 30
    endloop
  endfacet
  facet normal 0 0 1
    outer loop
      vertex -8 16 30
      vertex -0.39999999999997726 25 30
      vertex -8 22 30
    endloop
  endfacet
  facet normal 0 0 1
    outer loop
      vertex -8 22 30
      vertex -0.39999999999997726 25 30
      vertex -7.995888605713844 22.15700786560774 30
    endloop
  endfacet
  facet normal 0 0 1
    outer loop
      vertex -7.995888605713844 22.15700786560774 30
      vertex -0.39999999999997726 25 30
      vertex -7.98356568813324 22.31358539313078 30
    endloop
  endfacet
  facet normal 0 0 1
    outer loop
      vertex -7.98356568813324 22.31358539313078 30
      vertex -0.39999999999997726 25 30
      vertex -7.963065020740032 22.469303391873837 30
    endloop
  endfacet
  facet normal 0 0 1
    outer loop
      vertex -7.963065020740032 22.469303391873837 30
      vertex -0.39999999999997726 25 30
      vertex -7.934442803263664 22.623735070228577 30
    endloop
  endfacet
  facet normal 0 0 1
    outer loop
      vertex -7.934442803263664 22.623735070228577 30
      vertex -0.39999999999997726 25 30
      vertex -7.89777747541666 22.776457138359547 30
    endloop
  endfacet
  facet normal 0 0 1
    outer loop
      vertex -7.89777747541666 22.776457138359547 30
      vertex -0.39999999999997726 25 30
      vertex -7.853169545531273 22.92705098539591 30
    endloop
  endfacet
  facet normal 0 0 1
    outer loop
      vertex -7.853169545531273 22.92705098539591 30
      vertex -0.39999999999997726 25 30
      vertex -7.8007412776350975 23.075103849172592 30
    endloop
  endfacet
  facet normal 0 0 1
    outer loop
      vertex -7.8007412776350975 23.075103849172592 30
      vertex -0.39999999999997726 25 30
      vertex -7.740636371076107 23.220209926366806 30
    endloop
  endfacet
  facet normal 0 0 1
    outer loop
      vertex -7.740636371076107 23.220209926366806 30
      vertex -0.39999999999997726 25 30
      vertex -7.673019573092461 23.361971497535706 30
    endloop
  endfacet
  facet normal 0 0 1
    outer loop
      vertex -7.673019573092461 23.361971497535706 30
      vertex -0.39999999999997726 25 30
      vertex -7.598076209425926 23.5 30
    endloop
  endfacet
  facet normal 0 0 1
    outer loop
      vertex -7.598076209425926 23.5 30
      vertex -0.39999999999997726 25 30
      vertex -7.516011707484722 23.63391710817814 30
    endloop
  endfacet
  facet normal 0 0 1
    outer loop
      vertex -7.516011707484722 23.63391710817814 30
      vertex -0.39999999999997726 25 30
      vertex -7.427050985395908 23.763355754315853 30
    endloop
  endfacet
  facet normal 0 0 1
    outer loop
      vertex -7.427050985395908 23.763355754315853 30
      vertex -0.39999999999997726 25 30
      vertex -7.331437885761261 23.88796117156744 30
    endloop
  endfacet
  facet normal 0 0 1
    outer loop
      vertex -5.313585393130779 24.98356568813324 30
      vertex -5 25 30
      vertex -5.1570078656077385 24.995888605713844 30
    endloop
  endfacet
  facet normal 0 0 1
    outer loop
      vertex -7.963065020740032 15.530696608126163 30
      vertex -3.4578068452466306 15.618858526871772 30
      vertex -3.2198513512341305 15.67014390478187 30
    endloop
  endfacet
  facet normal 0 0 1
    outer loop
      vertex -7.98356568813324 15.68641460686922 30
      vertex -3.2198513512341305 15.67014390478187 30
      vertex -2.5577026669842193 15.792865909523421 30
    endloop
  endfacet
  facet normal 0 0 1
    outer loop
      vertex -4.157865249998969 15.44984852594257 30
      vertex -4.140983329888923 15.450177456667399 30
      vertex -3.986493758180913 15.491932028872611 30
    endloop
  endfacet
  facet normal 0 0 1
    outer loop
      vertex -7.98356568813324 15.68641460686922 30
      vertex -2.5577026669842193 15.792865909523421 30
      vertex -0.39999999999997726 25 30
    endloop
  endfacet
  facet normal 0 0 1
    outer loop
      vertex -3.4578068452466306 15.618858526871772 30
      vertex -3.3258297439698903 15.62144114345573 30
      vertex -3.2198513512341305 15.67014390478187 30
    endloop
  endfacet
  facet normal 0 0 1
    outer loop
      vertex -7.331437885761261 23.88796117156744 30
      vertex -0.39999999999997726 25 30
      vertex -7.229434475302696 24.007391817867756 30
    endloop
  endfacet
  facet normal 0 0 1
    outer loop
      vertex -7.229434475302696 24.007391817867756 30
      vertex -0.39999999999997726 25 30
      vertex -7.121320344507694 24.121320344507694 30
    endloop
  endfacet
  facet normal 0 0 1
    outer loop
      vertex -7.121320344507694 24.121320344507694 30
      vertex -0.39999999999997726 25 30
      vertex -7.007391817867756 24.229434475302696 30
    endloop
  endfacet
  facet normal 0 0 1
    outer loop
      vertex -7.007391817867756 24.229434475302696 30
      vertex -0.39999999999997726 25 30
      vertex -6.88796117156744 24.33143788576126 30
    endloop
  endfacet
  facet normal 0 0 1
    outer loop
      vertex -6.88796117156744 24.33143788576126 30
      vertex -0.39999999999997726 25 30
      vertex -6.763355754315853 24.42705098539591 30
    endloop
  endfacet
  facet normal 0 0 1
    outer loop
      vertex -6.763355754315853 24.42705098539591 30
      vertex -0.39999999999997726 25 30
      vertex -6.633917108178139 24.516011707484722 30
    endloop
  endfacet
  facet normal 0 0 1
    outer loop
      vertex -6.633917108178139 24.516011707484722 30
      vertex -0.39999999999997726 25 30
      vertex -6.5 24.598076209425926 30
    endloop
  endfacet
  facet normal 0 0 1
    outer loop
      vertex -6.5 24.598076209425926 30
      vertex -0.39999999999997726 25 30
      vertex -6.361971497535706 24.67301957309246 30
    endloop
  endfacet
  facet normal 0 0 1
    outer loop
      vertex -6.361971497535706 24.67301957309246 30
      vertex -0.39999999999997726 25 30
      vertex -6.220209926366806 24.740636371076107 30
    endloop
  endfacet
  facet normal 0 0 1
    outer loop
      vertex -6.220209926366806 24.740636371076107 30
      vertex -0.39999999999997726 25 30
      vertex -6.075103849172592 24.800741277635098 30
    endloop
  endfacet
  facet normal 0 0 1
    outer loop
      vertex -6.075103849172592 24.800741277635098 30
      vertex -0.39999999999997726 25 30
      vertex -5.927050985395908 24.853169545531273 30
    endloop
  endfacet
  facet normal 0 0 1
    outer loop
      vertex -5.927050985395908 24.853169545531273 30
      vertex -0.39999999999997726 25 30
      vertex -5.776457138359547 24.89777747541666 30
    endloop
  endfacet
  facet normal 0 0 1
    outer loop
      vertex -5.776457138359547 24.89777747541666 30
      vertex -0.39999999999997726 25 30
      vertex -5.623735070228577 24.934442803263664 30
    endloop
  endfacet
  facet normal 0 0 1
    outer loop
      vertex -5.623735070228577 24.934442803263664 30
      vertex -0.39999999999997726 25 30
      vertex -5.4693033918738365 24.963065020740032 30
    endloop
  endfacet
  facet normal 0 0 1
    outer loop
      vertex -5.4693033918738365 24.963065020740032 30
      vertex -0.39999999999997726 25 30
      vertex -5.313585393130779 24.98356568813324 30
    endloop
  endfacet
  facet normal 0 0 1
    outer loop
      vertex -5.313585393130779 24.98356568813324 30
      vertex -0.39999999999997726 25 30
      vertex -5 25 30
    endloop
  endfacet
  facet normal 0.1822355254921479 -0.9832549075639545 -1.2653063892973045e-19
    outer loop
      vertex -2.120699246341145 9.977105527484817 30
      vertex -1.5956315434103547 10.074421074070404 0.2
      vertex -1.5956315434103547 10.074421074070404 30
    endloop
  endfacet
  facet normal 0.13052619222004996 -0.9914448613738106 5.505695726622423e-20
    outer loop
      vertex -1.5956315434103547 10.074421074070404 30
      vertex -1.0661903253300653 10.144123332756386 0.2
      vertex -1.0661903253300653 10.144123332756386 30
    endloop
  endfacet
  facet normal 0.07845909572784422 -0.9969173337331281 -3.290486049419507e-20
    outer loop
      vertex -1.0661903253300653 10.144123332756386 30
      vertex -0.5338267536780271 10.186021254496652 0.2
      vertex -0.5338267536780271 10.186021254496652 30
    endloop
  endfacet
  facet normal 0.026176948307880435 -0.9996573249755571 5.096718795475635e-22
    outer loop
      vertex -0.5338267536780271 10.186021254496652 30
      vertex -0.39999999999997726 10.189525631372325 0.2
      vertex -0.39999999999997726 10.189525631372325 30
    endloop
  endfacet
  facet normal 1 0 0
    outer loop
      vertex -0.39999999999997726 16.899444040381297 14.193672113523075
      vertex -0.39999999999997726 16.860122838335904 14.304711762656368
      vertex -0.39999999999997726 10.189525631372325 30
    endloop
  endfacet
  facet normal 1 0 0
    outer loop
      vertex -0.39999999999997726 16.860122838335904 14.304711762656368
      vertex -0.39999999999997726 16.826666890849594 14.417657148519329
      vertex -0.39999999999997726 10.189525631372325 30
    endloop
  endfacet
  facet normal 1 0 0
    outer loop
      vertex -0.39999999999997726 16.826666890849594 14.417657148519329
      vertex -0.39999999999997726 16.799167898348937 14.53219869566004
      vertex -0.39999999999997726 10.189525631372325 30
    endloop
  endfacet
  facet normal 1 0 0
    outer loop
      vertex -0.39999999999997726 16.77770123366094 14.64802245365948
      vertex -0.39999999999997726 10.189525631372325 30
      vertex -0.39999999999997726 16.799167898348937 14.53219869566004
    endloop
  endfacet
  facet normal 1 0 0
    outer loop
      vertex -0.39999999999997726 16.77770123366094 14.64802245365948
      vertex -0.39999999999997726 16.762325735421385 14.76481095764778
      vertex -0.39999999999997726 10.189525631372325 30
    endloop
  endfacet
  facet normal 1 0 0
    outer loop
      vertex -0.39999999999997726 16.762325735421385 14.76481095764778
      vertex -0.39999999999997726 16.75308354680221 14.882244098453377
      vertex -0.39999999999997726 10.189525631372325 30
    endloop
  endfacet
  facet normal 1 0 0
    outer loop
      vertex -0.39999999999997726 16.75308354680221 14.882244098453377
      vertex -0.39999999999997726 16.75 15
      vertex -0.39999999999997726 10.189525631372325 30
    endloop
  endfacet
  facet normal 1 0 0
    outer loop
      vertex -0.39999999999997726 10.189525631372325 30
      vertex -0.39999999999997726 16.75 15
      vertex -0.39999999999997726 16.75308354680221 15.117755901546623
    endloop
  endfacet
  facet normal 1 0 0
    outer loop
      vertex -0.39999999999997726 10.189525631372325 30
      vertex -0.39999999999997726 16.75308354680221 15.117755901546623
      vertex -0.39999999999997726 16.762325735421385 15.23518904235222
    endloop
  endfacet
  facet normal 1 0 0
    outer loop
      vertex -0.39999999999997726 10.189525631372325 30
      vertex -0.39999999999997726 16.762325735421385 15.23518904235222
      vertex -0.39999999999997726 16.77770123366094 15.35197754634052
    endloop
  endfacet
  facet normal 1 0 0
    outer loop
      vertex -0.39999999999997726 10.189525631372325 30
      vertex -0.39999999999997726 16.77770123366094 15.35197754634052
      vertex -0.39999999999997726 16.799167898348937 15.46780130433996
    endloop
  endfacet
  facet normal 1 0 0
    outer loop
      vertex -0.39999999999997726 10.189525631372325 30
      vertex -0.39999999999997726 16.799167898348937 15.46780130433996
      vertex -0.39999999999997726 16.826666890849594 15.582342851480671
    endloop
  endfacet
  facet normal 1 0 0
    outer loop
      vertex -0.39999999999997726 10.189525631372325 30
      vertex -0.39999999999997726 16.826666890849594 15.582342851480671
      vertex -0.39999999999997726 16.860122838335904 15.695288237343632
    endloop
  endfacet
  facet normal 1 0 0
    outer loop
      vertex -0.39999999999997726 10.189525631372325 30
      vertex -0.39999999999997726 16.860122838335904 15.695288237343632
      vertex -0.39999999999997726 16.899444040381297 15.806327886476925
    endloop
  endfacet
  facet normal 1 0 0
    outer loop
      vertex -0.39999999999997726 10.189525631372325 30
      vertex -0.39999999999997726 16.899444040381297 15.806327886476925
      vertex -0.39999999999997726 16.94452272030415 15.915157446920551
    endloop
  endfacet
  facet normal 1 0 0
    outer loop
      vertex -0.39999999999997726 10.189525631372325 30
      vertex -0.39999999999997726 16.94452272030415 15.915157446920551
      vertex -0.39999999999997726 16.99523532057617 16.02147862441398
    endloop
  endfacet
  facet normal 1 0 0
    outer loop
      vertex -0.39999999999997726 10.189525631372325 30
      vertex -0.39999999999997726 16.99523532057617 16.02147862441398
      vertex -0.39999999999997726 17.051442841485013 16.125
    endloop
  endfacet
  facet normal 1 0 0
    outer loop
      vertex -0.39999999999997726 10.189525631372325 30
      vertex -0.39999999999997726 17.051442841485013 16.125
      vertex -0.39999999999997726 17.112991222122794 16.22543782878381
    endloop
  endfacet
  facet normal 1 0 0
    outer loop
      vertex -0.39999999999997726 10.189525631372325 30
      vertex -0.39999999999997726 17.112991222122794 16.22543782878381
      vertex -0.39999999999997726 15.83519839354405 30
    endloop
  endfacet
  facet normal 0 0 1
    outer loop
      vertex -1.5956315434103547 10.074421074070404 30
      vertex -1.0661903253300653 10.144123332756386 30
      vertex -2.5577026669842193 15.792865909523421 30
    endloop
  endfacet
  facet normal 0 0 1
    outer loop
      vertex -1.0661903253300653 10.144123332756386 30
      vertex -0.5338267536780271 10.186021254496652 30
      vertex -2.5577026669842193 15.792865909523421 30
    endloop
  endfacet
  facet normal 0 0 1
    outer loop
      vertex -0.5338267536780271 10.186021254496652 30
      vertex -0.39999999999997726 15.83519839354405 30
      vertex -2.5577026669842193 15.792865909523421 30
    endloop
  endfacet
  facet normal 0 0 1
    outer loop
      vertex -0.5338267536780271 10.186021254496652 30
      vertex -0.39999999999997726 10.189525631372325 30
      vertex -0.39999999999997726 15.83519839354405 30
    endloop
  endfacet
  facet normal 1 0 0
    outer loop
      vertex -0.39999999999997726 17.112991222122794 16.22543782878381
      vertex -0.39999999999997726 17.179711762656368 16.322516817658066
      vertex -0.39999999999997726 15.83519839354405 30
    endloop
  endfacet
  facet normal 1 0 0
    outer loop
      vertex -0.39999999999997726 17.179711762656368 16.322516817658066
      vertex -0.39999999999997726 17.251421586721815 16.415970879862133
      vertex -0.39999999999997726 15.83519839354405 30
    endloop
  endfacet
  facet normal 1 0 0
    outer loop
      vertex -0.39999999999997726 17.251421586721815 16.415970879862133
      vertex -0.39999999999997726 17.32792414267586 16.50554386430743
      vertex -0.39999999999997726 15.83519839354405 30
    endloop
  endfacet
  facet normal 1 0 0
    outer loop
      vertex -0.39999999999997726 17.32792414267586 16.50554386430743
      vertex -0.39999999999997726 17.40900974233027 16.59099025766973
      vertex -0.39999999999997726 15.83519839354405 30
    endloop
  endfacet
  facet normal 1 0 0
    outer loop
      vertex -0.39999999999997726 17.40900974233027 16.59099025766973
      vertex -0.39999999999997726 17.49445613569257 16.67207585732414
      vertex -0.39999999999997726 15.83519839354405 30
    endloop
  endfacet
  facet normal 1 0 0
    outer loop
      vertex -0.39999999999997726 17.49445613569257 16.67207585732414
      vertex -0.39999999999997726 17.584029120137867 16.748578413278185
      vertex -0.39999999999997726 15.83519839354405 30
    endloop
  endfacet
  facet normal 1 0 0
    outer loop
      vertex -0.39999999999997726 17.584029120137867 16.748578413278185
      vertex -0.39999999999997726 17.677483182341934 16.820288237343632
      vertex -0.39999999999997726 15.83519839354405 30
    endloop
  endfacet
  facet normal 1 0 0
    outer loop
      vertex -0.39999999999997726 17.677483182341934 16.820288237343632
      vertex -0.39999999999997726 17.77456217121619 16.887008777877206
      vertex -0.39999999999997726 15.83519839354405 30
    endloop
  endfacet
  facet normal 1 0 0
    outer loop
      vertex -0.39999999999997726 17.77456217121619 16.887008777877206
      vertex -0.39999999999997726 17.875 16.948557158514987
      vertex -0.39999999999997726 15.83519839354405 30
    endloop
  endfacet
  facet normal 1 0 0
    outer loop
      vertex -0.39999999999997726 17.875 16.948557158514987
      vertex -0.39999999999997726 17.97852137558602 17.00476467942383
      vertex -0.39999999999997726 15.83519839354405 30
    endloop
  endfacet
  facet normal 1 0 0
    outer loop
      vertex -0.39999999999997726 17.97852137558602 17.00476467942383
      vertex -0.39999999999997726 18.08484255307945 17.05547727969585
      vertex -0.39999999999997726 15.83519839354405 30
    endloop
  endfacet
  facet normal 1 0 0
    outer loop
      vertex -0.39999999999997726 18.08484255307945 17.05547727969585
      vertex -0.39999999999997726 18.193672113523075 17.100555959618703
      vertex -0.39999999999997726 15.83519839354405 30
    endloop
  endfacet
  facet normal 1 0 0
    outer loop
      vertex -0.39999999999997726 18.193672113523075 17.100555959618703
      vertex -0.39999999999997726 18.304711762656368 17.139877161664096
      vertex -0.39999999999997726 15.83519839354405 30
    endloop
  endfacet
  facet normal 1 0 0
    outer loop
      vertex -0.39999999999997726 18.304711762656368 17.139877161664096
      vertex -0.39999999999997726 18.41765714851933 17.173333109150406
      vertex -0.39999999999997726 15.83519839354405 30
    endloop
  endfacet
  facet normal 1 0 0
    outer loop
      vertex -0.39999999999997726 18.41765714851933 17.173333109150406
      vertex -0.39999999999997726 18.532198695660043 17.200832101651063
      vertex -0.39999999999997726 15.83519839354405 30
    endloop
  endfacet
  facet normal 1 0 0
    outer loop
      vertex -0.39999999999997726 21.24691645319779 15.117755901546623
      vertex -0.39999999999997726 25 30
      vertex -0.39999999999997726 21.237674264578615 15.23518904235222
    endloop
  endfacet
  facet normal 1 0 0
    outer loop
      vertex -0.39999999999997726 21.237674264578615 15.23518904235222
      vertex -0.39999999999997726 25 30
      vertex -0.39999999999997726 21.22229876633906 15.35197754634052
    endloop
  endfacet
  facet normal 1 0 0
    outer loop
      vertex -0.39999999999997726 21.22229876633906 15.35197754634052
      vertex -0.39999999999997726 25 30
      vertex -0.39999999999997726 21.200832101651063 15.46780130433996
    endloop
  endfacet
  facet normal 1 0 0
    outer loop
      vertex -0.39999999999997726 21.200832101651063 15.46780130433996
      vertex -0.39999999999997726 25 30
      vertex -0.39999999999997726 21.173333109150406 15.582342851480671
    endloop
  endfacet
  facet normal 1 0 0
    outer loop
      vertex -0.39999999999997726 21.173333109150406 15.582342851480671
      vertex -0.39999999999997726 25 30
      vertex -0.39999999999997726 21.139877161664096 15.695288237343632
    endloop
  endfacet
  facet normal 1 0 0
    outer loop
      vertex -0.39999999999997726 21.139877161664096 15.695288237343632
      vertex -0.39999999999997726 25 30
      vertex -0.39999999999997726 21.100555959618703 15.806327886476925
    endloop
  endfacet
  facet normal 1 0 0
    outer loop
      vertex -0.39999999999997726 21.05547727969585 15.915157446920551
      vertex -0.39999999999997726 21.100555959618703 15.806327886476925
      vertex -0.39999999999997726 25 30
    endloop
  endfacet
  facet normal 1 0 0
    outer loop
      vertex -0.39999999999997726 18.532198695660043 17.200832101651063
      vertex -0.39999999999997726 18.64802245365948 17.22229876633906
      vertex -0.39999999999997726 25 30
    endloop
  endfacet
  facet normal 1 0 0
    outer loop
      vertex -0.39999999999997726 18.64802245365948 17.22229876633906
      vertex -0.39999999999997726 18.76481095764778 17.237674264578615
      vertex -0.39999999999997726 25 30
    endloop
  endfacet
  facet normal 1 0 0
    outer loop
      vertex -0.39999999999997726 18.76481095764778 17.237674264578615
      vertex -0.39999999999997726 18.882244098453377 17.24691645319779
      vertex -0.39999999999997726 25 30
    endloop
  endfacet
  facet normal 1 0 0
    outer loop
      vertex -0.39999999999997726 18.882244098453377 17.24691645319779
      vertex -0.39999999999997726 19 17.25
      vertex -0.39999999999997726 25 30
    endloop
  endfacet
  facet normal 1 0 0
    outer loop
      vertex -0.39999999999997726 19 17.25
      vertex -0.39999999999997726 19.117755901546623 17.24691645319779
      vertex -0.39999999999997726 25 30
    endloop
  endfacet
  facet normal 1 0 0
    outer loop
      vertex -0.39999999999997726 19.117755901546623 17.24691645319779
      vertex -0.39999999999997726 19.23518904235222 17.237674264578615
      vertex -0.39999999999997726 25 30
    endloop
  endfacet
  facet normal 1 0 0
    outer loop
      vertex -0.39999999999997726 19.23518904235222 17.237674264578615
      vertex -0.39999999999997726 19.35197754634052 17.22229876633906
      vertex -0.39999999999997726 25 30
    endloop
  endfacet
  facet normal 1 0 0
    outer loop
      vertex -0.39999999999997726 19.35197754634052 17.22229876633906
      vertex -0.39999999999997726 19.467801304339957 17.200832101651063
      vertex -0.39999999999997726 25 30
    endloop
  endfacet
  facet normal 1 0 0
    outer loop
      vertex -0.39999999999997726 19.58234285148067 17.173333109150406
      vertex -0.39999999999997726 19.695288237343632 17.139877161664096
      vertex -0.39999999999997726 25 30
    endloop
  endfacet
  facet normal 1 0 0
    outer loop
      vertex -0.39999999999997726 19.806327886476925 17.100555959618703
      vertex -0.39999999999997726 25 30
      vertex -0.39999999999997726 19.695288237343632 17.139877161664096
    endloop
  endfacet
  facet normal 1 0 0
    outer loop
      vertex -0.39999999999997726 19.467801304339957 17.200832101651063
      vertex -0.39999999999997726 19.58234285148067 17.173333109150406
      vertex -0.39999999999997726 25 30
    endloop
  endfacet
  facet normal 1 0 0
    outer loop
      vertex -0.39999999999997726 20.887008777877206 16.22543782878381
      vertex -0.39999999999997726 25 30
      vertex -0.39999999999997726 20.820288237343632 16.322516817658066
    endloop
  endfacet
  facet normal 1 0 0
    outer loop
      vertex -0.39999999999997726 21.05547727969585 15.915157446920551
      vertex -0.39999999999997726 25 30
      vertex -0.39999999999997726 21.00476467942383 16.02147862441398
    endloop
  endfacet
  facet normal 1 0 0
    outer loop
      vertex -0.39999999999997726 21.00476467942383 16.02147862441398
      vertex -0.39999999999997726 25 30
      vertex -0.39999999999997726 20.948557158514987 16.125
    endloop
  endfacet
  facet normal 1 0 0
    outer loop
      vertex -0.39999999999997726 20.948557158514987 16.125
      vertex -0.39999999999997726 25 30
      vertex -0.39999999999997726 20.887008777877206 16.22543782878381
    endloop
  endfacet
  facet normal 1 0 0
    outer loop
      vertex -0.39999999999997726 20.67207585732414 16.50554386430743
      vertex -0.39999999999997726 20.748578413278185 16.415970879862133
      vertex -0.39999999999997726 25 30
    endloop
  endfacet
  facet normal 1 0 0
    outer loop
      vertex -0.39999999999997726 20.820288237343632 16.322516817658066
      vertex -0.39999999999997726 25 30
      vertex -0.39999999999997726 20.748578413278185 16.415970879862133
    endloop
  endfacet
  facet normal 1 0 0
    outer loop
      vertex -0.39999999999997726 20.67207585732414 16.50554386430743
      vertex -0.39999999999997726 25 30
      vertex -0.39999999999997726 20.59099025766973 16.59099025766973
    endloop
  endfacet
  facet normal 1 0 0
    outer loop
      vertex -0.39999999999997726 20.59099025766973 16.59099025766973
      vertex -0.39999999999997726 25 30
      vertex -0.39999999999997726 20.50554386430743 16.67207585732414
    endloop
  endfacet
  facet normal 1 0 0
    outer loop
      vertex -0.39999999999997726 20.02147862441398 17.00476467942383
      vertex -0.39999999999997726 20.125 16.948557158514987
      vertex -0.39999999999997726 25 30
    endloop
  endfacet
  facet normal 1 0 0
    outer loop
      vertex -0.39999999999997726 20.125 16.948557158514987
      vertex -0.39999999999997726 20.22543782878381 16.887008777877206
      vertex -0.39999999999997726 25 30
    endloop
  endfacet
  facet normal 1 0 0
    outer loop
      vertex -0.39999999999997726 20.415970879862133 16.748578413278185
      vertex -0.39999999999997726 25 30
      vertex -0.39999999999997726 20.322516817658066 16.820288237343632
    endloop
  endfacet
  facet normal 1 0 0
    outer loop
      vertex -0.39999999999997726 20.50554386430743 16.67207585732414
      vertex -0.39999999999997726 25 30
      vertex -0.39999999999997726 20.415970879862133 16.748578413278185
    endloop
  endfacet
  facet normal 1 0 0
    outer loop
      vertex -0.39999999999997726 20.322516817658066 16.820288237343632
      vertex -0.39999999999997726 25 30
      vertex -0.39999999999997726 20.22543782878381 16.887008777877206
    endloop
  endfacet
  facet normal 1 0 0
    outer loop
      vertex -0.39999999999997726 19.806327886476925 17.100555959618703
      vertex -0.39999999999997726 19.91515744692055 17.05547727969585
      vertex -0.39999999999997726 25 30
    endloop
  endfacet
  facet normal 1 0 0
    outer loop
      vertex -0.39999999999997726 19.91515744692055 17.05547727969585
      vertex -0.39999999999997726 20.02147862441398 17.00476467942383
      vertex -0.39999999999997726 25 30
    endloop
  endfacet
  facet normal 1 0 0
    outer loop
      vertex -0.39999999999997726 21.24691645319779 15.117755901546623
      vertex -0.39999999999997726 25 0.2
      vertex -0.39999999999997726 25 30
    endloop
  endfacet
  facet normal 1 0 0
    outer loop
      vertex -0.39999999999997726 18.532198695660043 17.200832101651063
      vertex -0.39999999999997726 25 30
      vertex -0.39999999999997726 15.83519839354405 30
    endloop
  endfacet
  facet normal 0 0 1
    outer loop
      vertex -2.5577026669842193 15.792865909523421 30
      vertex -0.39999999999997726 15.83519839354405 30
      vertex -0.39999999999997726 25 30
    endloop
  endfacet
  facet normal -0.9335804305252637 -0.35836793905184 0
    outer loop
      vertex -19.556684486567974 -7.647304363548756 0
      vertex -19.556684486567974 -7.647304363548756 0.2
      vertex -19.650494284927845 -7.402921475470066 0.2
    endloop
  endfacet
  facet normal -0.9238795319595763 -0.3826834336970366 0
    outer loop
      vertex -19.556684486567974 -7.647304363548756 0
      vertex -19.236124984920025 -8.421203456819057 0
      vertex -19.556684486567974 -7.647304363548756 0.2
    endloop
  endfacet
  facet normal -0.8910065241966676 -0.45399049972325756 0
    outer loop
      vertex -18.769030816853046 -9.416403472423553 0
      vertex -18.650189958512783 -9.649641789495945 0
      vertex -18.769030816853046 -9.416403472423553 0.2
    endloop
  endfacet
  facet normal -0.8910065241966676 -0.45399049972325756 0
    outer loop
      vertex -18.650189958512783 -9.649641789495945 0
      vertex -18.650189958512783 -9.649641789495945 0.2
      vertex -18.769030816853046 -9.416403472423553 0.2
    endloop
  endfacet
  facet normal -0.9135454578633604 -0.40673664257996617 0
    outer loop
      vertex -19.129653751850128 -8.660341762006283 0
      vertex -19.236124984920025 -8.421203456819057 0.2
      vertex -19.236124984920025 -8.421203456819057 0
    endloop
  endfacet
  facet normal -0.9025852853155976 -0.43051109478358535 0
    outer loop
      vertex -18.769030816853046 -9.416403472423553 0
      vertex -19.129653751850128 -8.660341762006283 0.2
      vertex -19.129653751850128 -8.660341762006283 0
    endloop
  endfacet
  facet normal -0.9135454578633604 -0.40673664257996617 0
    outer loop
      vertex -19.129653751850128 -8.660341762006283 0
      vertex -19.129653751850128 -8.660341762006283 0.2
      vertex -19.236124984920025 -8.421203456819057 0.2
    endloop
  endfacet
  facet normal -0.9238795319595763 -0.3826834336970366 0
    outer loop
      vertex -19.236124984920025 -8.421203456819057 0
      vertex -19.236124984920025 -8.421203456819057 0.2
      vertex -19.556684486567974 -7.647304363548756 0.2
    endloop
  endfacet
  facet normal -0.9025852853155976 -0.43051109478358535 0
    outer loop
      vertex -18.769030816853046 -9.416403472423553 0
      vertex -18.769030816853046 -9.416403472423553 0.2
      vertex -19.129653751850128 -8.660341762006283 0.2
    endloop
  endfacet
  facet normal -0.8660254008880214 -0.500000005016742 0
    outer loop
      vertex -18.2504920065403 -10.385793827474117 0
      vertex -18.11960729211569 -10.612492799758911 0
      vertex -18.2504920065403 -10.385793827474117 0.2
    endloop
  endfacet
  facet normal -0.8788171090817691 -0.47715876685350966 0
    outer loop
      vertex -18.650189958512783 -9.649641789495945 0
      vertex -18.2504920065403 -10.385793827474117 0
      vertex -18.650189958512783 -9.649641789495945 0.2
    endloop
  endfacet
  facet normal -0.8788171090817691 -0.47715876685350966 0
    outer loop
      vertex -18.2504920065403 -10.385793827474117 0
      vertex -18.2504920065403 -10.385793827474117 0.2
      vertex -18.650189958512783 -9.649641789495945 0.2
    endloop
  endfacet
  facet normal -0.8660254008880214 -0.500000005016742 0
    outer loop
      vertex -18.11960729211569 -10.612492799758911 0
      vertex -18.11960729211569 -10.612492799758911 0.2
      vertex -18.2504920065403 -10.385793827474117 0.2
    endloop
  endfacet
  facet normal -0.8526401675508725 -0.5224985594992777 0
    outer loop
      vertex -18.11960729211569 -10.612492799758911 0
      vertex -17.681929923593998 -11.326717361807823 0
      vertex -18.11960729211569 -10.612492799758911 0.2
    endloop
  endfacet
  facet normal -0.8526401675508725 -0.5224985594992777 0
    outer loop
      vertex -17.681929923593998 -11.326717361807823 0
      vertex -17.681929923593998 -11.326717361807823 0.2
      vertex -18.11960729211569 -10.612492799758911 0.2
    endloop
  endfacet
  facet normal 0 0 1
    outer loop
      vertex -19.556684486567974 -7.647304363548756 0.2
      vertex -19.236124984920025 -8.421203456819057 0.2
      vertex -14.616727322281614 -6.507786289212803 0.2
    endloop
  endfacet
  facet normal -0.9832549064268791 -0.1822355316272578 0
    outer loop
      vertex -20.5666361451149 -4.237764693796635 0
      vertex -20.5666361451149 -4.237764693796635 0.2
      vertex -20.719287991523743 -3.414129063487053 0.2
    endloop
  endfacet
  facet normal -0.9723699199861103 -0.23344536557020223 0
    outer loop
      vertex -20.316662818193436 -5.308331549167633 0
      vertex -20.512211211025715 -4.493813879787922 0.2
      vertex -20.512211211025715 -4.493813879787922 0
    endloop
  endfacet
  facet normal -0.9659258272189702 -0.2588190416320795 0
    outer loop
      vertex -20.316662818193436 -5.308331549167633 0
      vertex -20.248911894857883 -5.56118144094944 0
      vertex -20.316662818193436 -5.308331549167633 0.2
    endloop
  endfacet
  facet normal -0.9659258272189702 -0.2588190416320795 0
    outer loop
      vertex -20.248911894857883 -5.56118144094944 0
      vertex -20.248911894857883 -5.56118144094944 0.2
      vertex -20.316662818193436 -5.308331549167633 0.2
    endloop
  endfacet
  facet normal -0.9723699199861103 -0.23344536557020223 0
    outer loop
      vertex -20.316662818193436 -5.308331549167633 0
      vertex -20.316662818193436 -5.308331549167633 0.2
      vertex -20.512211211025715 -4.493813879787922 0.2
    endloop
  endfacet
  facet normal -0.9781476011249991 -0.20791168897733897 0
    outer loop
      vertex -20.512211211025715 -4.493813879787922 0
      vertex -20.5666361451149 -4.237764693796635 0.2
      vertex -20.5666361451149 -4.237764693796635 0
    endloop
  endfacet
  facet normal -0.9781476011249991 -0.20791168897733897 0
    outer loop
      vertex -20.512211211025715 -4.493813879787922 0
      vertex -20.512211211025715 -4.493813879787922 0.2
      vertex -20.5666361451149 -4.237764693796635 0.2
    endloop
  endfacet
  facet normal -0.9426414920456405 -0.33380685654127684 0
    outer loop
      vertex -19.930111721158028 -6.613306187093258 0
      vertex -19.650494284927845 -7.402921475470066 0
      vertex -19.930111721158028 -6.613306187093258 0.2
    endloop
  endfacet
  facet normal -0.9588197348733484 -0.2840153446865186 0
    outer loop
      vertex -20.01100293546915 -6.364348627626896 0
      vertex -20.01100293546915 -6.364348627626896 0.2
      vertex -20.248911894857883 -5.56118144094944 0.2
    endloop
  endfacet
  facet normal -0.9588197348733484 -0.2840153446865186 0
    outer loop
      vertex -20.248911894857883 -5.56118144094944 0
      vertex -20.01100293546915 -6.364348627626896 0
      vertex -20.248911894857883 -5.56118144094944 0.2
    endloop
  endfacet
  facet normal -0.951056516615771 -0.3090169933881885 0
    outer loop
      vertex -19.930111721158028 -6.613306187093258 0
      vertex -20.01100293546915 -6.364348627626896 0.2
      vertex -20.01100293546915 -6.364348627626896 0
    endloop
  endfacet
  facet normal -0.951056516615771 -0.3090169933881885 0
    outer loop
      vertex -19.930111721158028 -6.613306187093258 0
      vertex -19.930111721158028 -6.613306187093258 0.2
      vertex -20.01100293546915 -6.364348627626896 0.2
    endloop
  endfacet
  facet normal -0.9426414920456405 -0.33380685654127684 0
    outer loop
      vertex -19.650494284927845 -7.402921475470066 0
      vertex -19.650494284927845 -7.402921475470066 0.2
      vertex -19.930111721158028 -6.613306187093258 0.2
    endloop
  endfacet
  facet normal -0.9335804305252637 -0.35836793905184 0
    outer loop
      vertex -19.556684486567974 -7.647304363548756 0
      vertex -19.650494284927845 -7.402921475470066 0.2
      vertex -19.650494284927845 -7.402921475470066 0
    endloop
  endfacet
  facet normal -0.9876883403383404 -0.15643446666158567 0
    outer loop
      vertex -20.719287991523743 -3.414129063487053 0
      vertex -20.719287991523743 -3.414129063487053 0.2
      vertex -20.760237760841846 -3.1555823981761932 0.2
    endloop
  endfacet
  facet normal -0.9832549064268791 -0.1822355316272578 0
    outer loop
      vertex -20.5666361451149 -4.237764693796635 0
      vertex -20.719287991523743 -3.414129063487053 0.2
      vertex -20.719287991523743 -3.414129063487053 0
    endloop
  endfacet
  facet normal -0.9876883403383404 -0.15643446666158567 0
    outer loop
      vertex -20.719287991523743 -3.414129063487053 0
      vertex -20.760237760841846 -3.1555823981761932 0.2
      vertex -20.760237760841846 -3.1555823981761932 0
    endloop
  endfacet
  facet normal -0.9914448615209106 -0.13052619110271457 0
    outer loop
      vertex -20.760237760841846 -3.1555823981761932 0
      vertex -20.760237760841846 -3.1555823981761932 0.2
      vertex -20.869574636220932 -2.325086370110512 0.2
    endloop
  endfacet
  facet normal -0.9914448615209106 -0.13052619110271457 0
    outer loop
      vertex -20.760237760841846 -3.1555823981761932 0
      vertex -20.869574636220932 -2.325086370110512 0.2
      vertex -20.869574636220932 -2.325086370110512 0
    endloop
  endfacet
  facet normal -0.9945218960962174 -0.10452845634172751 0
    outer loop
      vertex -20.869574636220932 -2.325086370110512 0
      vertex -20.896936997771263 -2.064750872552395 0.2
      vertex -20.896936997771263 -2.064750872552395 0
    endloop
  endfacet
  facet normal -0.9945218960962174 -0.10452845634172751 0
    outer loop
      vertex -20.869574636220932 -2.325086370110512 0
      vertex -20.869574636220932 -2.325086370110512 0.2
      vertex -20.896936997771263 -2.064750872552395 0.2
    endloop
  endfacet
  facet normal -0.9969173340548666 -0.07845909163976751 0
    outer loop
      vertex -20.896936997771263 -2.064750872552395 0
      vertex -20.896936997771263 -2.064750872552395 0.2
      vertex -20.96265922486782 -1.2296707555651665 0.2
    endloop
  endfacet
  facet normal -0.9969173340548666 -0.07845909163976751 0
    outer loop
      vertex -20.896936997771263 -2.064750872552395 0
      vertex -20.96265922486782 -1.2296707555651665 0.2
      vertex -20.96265922486782 -1.2296707555651665 0
    endloop
  endfacet
  facet normal -0.9986295344212757 -0.05233596260265398 0
    outer loop
      vertex -20.96265922486782 -1.2296707555651665 0
      vertex -20.97635918110609 -0.9682600498199463 0.2
      vertex -20.97635918110609 -0.9682600498199463 0
    endloop
  endfacet
  facet normal -0.9986295344212757 -0.05233596260265398 0
    outer loop
      vertex -20.96265922486782 -1.2296707555651665 0
      vertex -20.96265922486782 -1.2296707555651665 0.2
      vertex -20.97635918110609 -0.9682600498199463 0.2
    endloop
  endfacet
  facet normal -0.9996573249053998 -0.026176950987075228 0
    outer loop
      vertex -20.97635918110609 -0.9682600498199463 0
      vertex -20.97635918110609 -0.9682600498199463 0.2
      vertex -20.99828662723303 -0.13088475167751312 0.2
    endloop
  endfacet
  facet normal -0.9996573249053998 -0.026176950987075228 0
    outer loop
      vertex -20.97635918110609 -0.9682600498199463 0
      vertex -20.99828662723303 -0.13088475167751312 0.2
      vertex -20.99828662723303 -0.13088475167751312 0
    endloop
  endfacet
  facet normal -1 0 0
    outer loop
      vertex -20.99828662723303 -0.13088475167751312 0
      vertex -20.99828662723303 -0.13088475167751312 0.2
      vertex -20.99828662723303 0.13088475167751312 0.2
    endloop
  endfacet
  facet normal 0 0 1
    outer loop
      vertex -20.316662818193436 -5.308331549167633 0.2
      vertex -20.248911894857883 -5.56118144094944 0.2
      vertex -15.454813220625093 -4.141104721640332 0.2
    endloop
  endfacet
  facet normal 0 0 1
    outer loop
      vertex -20.512211211025715 -4.493813879787922 0.2
      vertex -15.650361611740891 -3.3265870530841495 0.2
      vertex -20.5666361451149 -4.237764693796635 0.2
    endloop
  endfacet
  facet normal 0 0 1
    outer loop
      vertex -20.316662818193436 -5.308331549167633 0.2
      vertex -15.454813220625093 -4.141104721640332 0.2
      vertex -20.512211211025715 -4.493813879787922 0.2
    endloop
  endfacet
  facet normal 0 0 1
    outer loop
      vertex -19.930111721158028 -6.613306187093258 0.2
      vertex -15.216904260722456 -4.944271909999158 0.2
      vertex -20.01100293546915 -6.364348627626896 0.2
    endloop
  endfacet
  facet normal 0 0 1
    outer loop
      vertex -19.930111721158028 -6.613306187093258 0.2
      vertex -19.650494284927845 -7.402921475470066 0.2
      vertex -14.937286823955228 -5.733887192724804 0.2
    endloop
  endfacet
  facet normal 0 0 1
    outer loop
      vertex -19.556684486567974 -7.647304363548756 0.2
      vertex -14.937286823955228 -5.733887192724804 0.2
      vertex -19.650494284927845 -7.402921475470066 0.2
    endloop
  endfacet
  facet normal 0 0 1
    outer loop
      vertex -20.248911894857883 -5.56118144094944 0.2
      vertex -20.01100293546915 -6.364348627626896 0.2
      vertex -15.216904260722456 -4.944271909999158 0.2
    endloop
  endfacet
  facet normal 0 0 1
    outer loop
      vertex -20.719287991523743 -3.414129063487053 0.2
      vertex -15.803013449522204 -2.502951440643694 0.2
      vertex -20.760237760841846 -3.1555823981761932 0.2
    endloop
  endfacet
  facet normal 0 0 1
    outer loop
      vertex -20.869574636220932 -2.325086370110512 0.2
      vertex -15.912350325892373 -1.6724554122824555 0.2
      vertex -20.896936997771263 -2.064750872552395 0.2
    endloop
  endfacet
  facet normal 0 0 1
    outer loop
      vertex -20.760237760841846 -3.1555823981761932 0.2
      vertex -15.803013449522204 -2.502951440643694 0.2
      vertex -20.869574636220932 -2.325086370110512 0.2
    endloop
  endfacet
  facet normal 0 0 1
    outer loop
      vertex -20.5666361451149 -4.237764693796635 0.2
      vertex -15.650361611740891 -3.3265870530841495 0.2
      vertex -20.719287991523743 -3.414129063487053 0.2
    endloop
  endfacet
  facet normal 0 0 1
    outer loop
      vertex -20.896936997771263 -2.064750872552395 0.2
      vertex -15.912350325892373 -1.6724554122824555 0.2
      vertex -20.96265922486782 -1.2296707555651665 0.2
    endloop
  endfacet
  facet normal 0 0 1
    outer loop
      vertex -20.96265922486782 -1.2296707555651665 0.2
      vertex -15.978072556073181 -0.8373752998871014 0.2
      vertex -20.97635918110609 -0.9682600498199463 0.2
    endloop
  endfacet
  facet normal 0 0 1
    outer loop
      vertex -20.97635918110609 -0.9682600498199463 0.2
      vertex -15.978072556073181 -0.8373752998871014 0.2
      vertex -20.99828662723303 -0.13088475167751312 0.2
    endloop
  endfacet
  facet normal -0.8386705688964066 -0.5446390335506425 0
    outer loop
      vertex -17.681929923593998 -11.326717361807823 0
      vertex -17.539360016584396 -11.546255767345428 0
      vertex -17.681929923593998 -11.326717361807823 0.2
    endloop
  endfacet
  facet normal -0.8386705688964066 -0.5446390335506425 0
    outer loop
      vertex -17.539360016584396 -11.546255767345428 0
      vertex -17.539360016584396 -11.546255767345428 0.2
      vertex -17.681929923593998 -11.326717361807823 0.2
    endloop
  endfacet
  facet normal -0.8090169984175049 -0.5877852467283701 0
    outer loop
      vertex -17.06490283459425 -12.236595243215561 0
      vertex -16.911038607358932 -12.448371186852455 0
      vertex -17.06490283459425 -12.236595243215561 0.2
    endloop
  endfacet
  facet normal -0.8241261856944364 -0.566406241184487 0
    outer loop
      vertex -17.539360016584396 -11.546255767345428 0
      vertex -17.06490283459425 -12.236595243215561 0
      vertex -17.539360016584396 -11.546255767345428 0.2
    endloop
  endfacet
  facet normal -0.8241261856944364 -0.566406241184487 0
    outer loop
      vertex -17.06490283459425 -12.236595243215561 0
      vertex -17.06490283459425 -12.236595243215561 0.2
      vertex -17.539360016584396 -11.546255767345428 0.2
    endloop
  endfacet
  facet normal -0.7771459560612669 -0.629320397712977 0
    outer loop
      vertex -16.236365228891373 -13.316366471350193 0
      vertex -16.4011020809412 -13.112933404743671 0.2
      vertex -16.4011020809412 -13.112933404743671 0
    endloop
  endfacet
  facet normal -0.7771459560612669 -0.629320397712977 0
    outer loop
      vertex -16.236365228891373 -13.316366471350193 0
      vertex -16.236365228891373 -13.316366471350193 0.2
      vertex -16.4011020809412 -13.112933404743671 0.2
    endloop
  endfacet
  facet normal -0.8090169984175049 -0.5877852467283701 0
    outer loop
      vertex -16.911038607358932 -12.448371186852455 0
      vertex -16.911038607358932 -12.448371186852455 0.2
      vertex -17.06490283459425 -12.236595243215561 0.2
    endloop
  endfacet
  facet normal -0.7933533394617678 -0.6087614300897034 0
    outer loop
      vertex -16.911038607358932 -12.448371186852455 0
      vertex -16.4011020809412 -13.112933404743671 0
      vertex -16.911038607358932 -12.448371186852455 0.2
    endloop
  endfacet
  facet normal -0.7933533394617678 -0.6087614300897034 0
    outer loop
      vertex -16.4011020809412 -13.112933404743671 0
      vertex -16.4011020809412 -13.112933404743671 0.2
      vertex -16.911038607358932 -12.448371186852455 0.2
    endloop
  endfacet
  facet normal 0 0 1
    outer loop
      vertex -19.129653751850128 -8.660341762006283 0.2
      vertex -14.616727322281614 -6.507786289212803 0.2
      vertex -19.236124984920025 -8.421203456819057 0.2
    endloop
  endfacet
  facet normal 0 0 1
    outer loop
      vertex -18.769030816853046 -9.416403472423553 0.2
      vertex -14.256104387013886 -7.263847995832749 0.2
      vertex -19.129653751850128 -8.660341762006283 0.2
    endloop
  endfacet
  facet normal 0 0 1
    outer loop
      vertex -18.769030816853046 -9.416403472423553 0.2
      vertex -18.650189958512783 -9.649641789495945 0.2
      vertex -14.256104387013886 -7.263847995832749 0.2
    endloop
  endfacet
  facet normal 0 0 1
    outer loop
      vertex -18.2504920065403 -10.385793827474117 0.2
      vertex -18.11960729211569 -10.612492799758911 0.2
      vertex -13.856406460551018 -8 0.2
    endloop
  endfacet
  facet normal 0 0 1
    outer loop
      vertex -17.681929923593998 -11.326717361807823 0.2
      vertex -17.539360016584396 -11.546255767345428 0.2
      vertex -13.418729087126785 -8.714224560240433 0.2
    endloop
  endfacet
  facet normal 0 0 1
    outer loop
      vertex -18.11960729211569 -10.612492799758911 0.2
      vertex -17.681929923593998 -11.326717361807823 0.2
      vertex -13.418729087126785 -8.714224560240433 0.2
    endloop
  endfacet
  facet normal 0 0 1
    outer loop
      vertex -18.650189958512783 -9.649641789495945 0.2
      vertex -18.2504920065403 -10.385793827474117 0.2
      vertex -13.856406460551018 -8 0.2
    endloop
  endfacet
  facet normal -0.7604059701790143 -0.6494480429688828 0
    outer loop
      vertex -16.236365228891373 -13.316366471350193 0
      vertex -15.692347057163715 -13.953329920768738 0
      vertex -16.236365228891373 -13.316366471350193 0.2
    endloop
  endfacet
  facet normal -0.7604059701790143 -0.6494480429688828 0
    outer loop
      vertex -15.692347057163715 -13.953329920768738 0
      vertex -15.692347057163715 -13.953329920768738 0.2
      vertex -16.236365228891373 -13.316366471350193 0.2
    endloop
  endfacet
  facet normal -0.743144833787045 -0.6691305971300561 0
    outer loop
      vertex -15.517189085483551 -14.147862561047077 0
      vertex -15.517189085483551 -14.147862561047077 0.2
      vertex -15.692347057163715 -13.953329920768738 0.2
    endloop
  endfacet
  facet normal -0.743144833787045 -0.6691305971300561 0
    outer loop
      vertex -15.517189085483551 -14.147862561047077 0
      vertex -15.692347057163715 -13.953329920768738 0.2
      vertex -15.692347057163715 -13.953329920768738 0
    endloop
  endfacet
  facet normal 0 0 1
    outer loop
      vertex -17.06490283459425 -12.236595243215561 0.2
      vertex -16.911038607358932 -12.448371186852455 0.2
      vertex -12.94427190999916 -9.40456403667957 0.2
    endloop
  endfacet
  facet normal -0.7253743671597612 -0.6883545797534696 0
    outer loop
      vertex -15.517189085483551 -14.147862561047077 0
      vertex -14.94058033823967 -14.755481392145157 0
      vertex -15.517189085483551 -14.147862561047077 0.2
    endloop
  endfacet
  facet normal -0.7253743671597612 -0.6883545797534696 0
    outer loop
      vertex -14.94058033823967 -14.755481392145157 0
      vertex -14.94058033823967 -14.755481392145157 0.2
      vertex -15.517189085483551 -14.147862561047077 0.2
    endloop
  endfacet
  facet normal -0.7071067811865475 -0.7071067811865475 0
    outer loop
      vertex -14.94058033823967 -14.755481392145157 0
      vertex -14.755481392145157 -14.94058033823967 0
      vertex -14.94058033823967 -14.755481392145157 0.2
    endloop
  endfacet
  facet normal -0.7071067811865475 -0.7071067811865475 0
    outer loop
      vertex -14.755481392145157 -14.94058033823967 0
      vertex -14.755481392145157 -14.94058033823967 0.2
      vertex -14.94058033823967 -14.755481392145157 0.2
    endloop
  endfacet
  facet normal 0 0 1
    outer loop
      vertex -16.911038607358932 -12.448371186852455 0.2
      vertex -16.4011020809412 -13.112933404743671 0.2
      vertex -12.434335383311534 -10.069126256797398 0.2
    endloop
  endfacet
  facet normal 0 0 1
    outer loop
      vertex -16.236365228891373 -13.316366471350193 0.2
      vertex -12.434335383311534 -10.069126256797398 0.2
      vertex -16.4011020809412 -13.112933404743671 0.2
    endloop
  endfacet
  facet normal 0 0 1
    outer loop
      vertex -16.236365228891373 -13.316366471350193 0.2
      vertex -15.692347057163715 -13.953329920768738 0.2
      vertex -11.890317207638308 -10.706089701741732 0.2
    endloop
  endfacet
  facet normal 0 0 1
    outer loop
      vertex -17.539360016584396 -11.546255767345428 0.2
      vertex -17.06490283459425 -12.236595243215561 0.2
      vertex -12.94427190999916 -9.40456403667957 0.2
    endloop
  endfacet
  facet normal 0 0 1
    outer loop
      vertex -18.650189958512783 -9.649641789495945 0.2
      vertex -13.856406460551018 -8 0.2
      vertex -14.256104387013886 -7.263847995832749 0.2
    endloop
  endfacet
  facet normal 0 0 1
    outer loop
      vertex -17.539360016584396 -11.546255767345428 0.2
      vertex -12.94427190999916 -9.40456403667957 0.2
      vertex -13.418729087126785 -8.714224560240433 0.2
    endloop
  endfacet
  facet normal 0 0 1
    outer loop
      vertex -18.11960729211569 -10.612492799758911 0.2
      vertex -13.418729087126785 -8.714224560240433 0.2
      vertex -13.856406460551018 -8 0.2
    endloop
  endfacet
  facet normal 0 0 1
    outer loop
      vertex -20.512211211025715 -4.493813879787922 0.2
      vertex -15.454813220625093 -4.141104721640332 0.2
      vertex -15.650361611740891 -3.3265870530841495 0.2
    endloop
  endfacet
  facet normal 0 0 1
    outer loop
      vertex -19.930111721158028 -6.613306187093258 0.2
      vertex -14.937286823955228 -5.733887192724804 0.2
      vertex -15.216904260722456 -4.944271909999158 0.2
    endloop
  endfacet
  facet normal 0 0 1
    outer loop
      vertex -19.556684486567974 -7.647304363548756 0.2
      vertex -14.616727322281614 -6.507786289212803 0.2
      vertex -14.937286823955228 -5.733887192724804 0.2
    endloop
  endfacet
  facet normal 0 0 1
    outer loop
      vertex -20.248911894857883 -5.56118144094944 0.2
      vertex -15.216904260722456 -4.944271909999158 0.2
      vertex -15.454813220625093 -4.141104721640332 0.2
    endloop
  endfacet
  facet normal 0 0 1
    outer loop
      vertex -20.869574636220932 -2.325086370110512 0.2
      vertex -15.803013449522204 -2.502951440643694 0.2
      vertex -15.912350325892373 -1.6724554122824555 0.2
    endloop
  endfacet
  facet normal 0 0 1
    outer loop
      vertex -20.719287991523743 -3.414129063487053 0.2
      vertex -15.650361611740891 -3.3265870530841495 0.2
      vertex -15.803013449522204 -2.502951440643694 0.2
    endloop
  endfacet
  facet normal 0 0 1
    outer loop
      vertex -20.96265922486782 -1.2296707555651665 0.2
      vertex -15.912350325892373 -1.6724554122824555 0.2
      vertex -15.978072556073181 -0.8373752998871014 0.2
    endloop
  endfacet
  facet normal 0 0 1
    outer loop
      vertex -20.99828662723303 -0.13088475167751312 0.2
      vertex -15.978072556073181 -0.8373752998871014 0.2
      vertex -16 0 0.2
    endloop
  endfacet
  facet normal 0 0 1
    outer loop
      vertex -19.129653751850128 -8.660341762006283 0.2
      vertex -14.256104387013886 -7.263847995832749 0.2
      vertex -14.616727322281614 -6.507786289212803 0.2
    endloop
  endfacet
  facet normal 0 0 -1
    outer loop
      vertex -19.556684486567974 -7.647304363548756 0
      vertex -19.650494284927845 -7.402921475470066 0
      vertex -4.853018060326576 -1.8628991842269897 0
    endloop
  endfacet
  facet normal 0 0 -1
    outer loop
      vertex -20.248911894857883 -5.56118144094944 0
      vertex -5.02115873247385 -1.3454154282808304 0
      vertex -20.01100293546915 -6.364348627626896 0
    endloop
  endfacet
  facet normal 0 0 -1
    outer loop
      vertex -20.316662818193436 -5.308331549167633 0
      vertex -5.02115873247385 -1.3454154282808304 0
      vertex -20.248911894857883 -5.56118144094944 0
    endloop
  endfacet
  facet normal 0 0 -1
    outer loop
      vertex -19.930111721158028 -6.613306187093258 0
      vertex -4.943863824009895 -1.6063586696982384 0
      vertex -19.650494284927845 -7.402921475470066 0
    endloop
  endfacet
  facet normal 0 0 -1
    outer loop
      vertex -19.930111721158028 -6.613306187093258 0
      vertex -20.01100293546915 -6.364348627626896 0
      vertex -4.943863824009895 -1.6063586696982384 0
    endloop
  endfacet
  facet normal 0 0 -1
    outer loop
      vertex -20.5666361451149 -4.237764693796635 0
      vertex -20.719287991523743 -3.414129063487053 0
      vertex -5.134286507964134 -0.8131910488009453 0
    endloop
  endfacet
  facet normal 0 0 -1
    outer loop
      vertex -20.760237760841846 -3.1555823981761932 0
      vertex -20.869574636220932 -2.325086370110512 0
      vertex -5.169809266924858 -0.5433689430356026 0
    endloop
  endfacet
  facet normal 0 0 -1
    outer loop
      vertex -20.719287991523743 -3.414129063487053 0
      vertex -20.760237760841846 -3.1555823981761932 0
      vertex -5.134286507964134 -0.8131910488009453 0
    endloop
  endfacet
  facet normal 0 0 -1
    outer loop
      vertex -20.869574636220932 -2.325086370110512 0
      vertex -20.896936997771263 -2.064750872552395 0
      vertex -5.169809266924858 -0.5433689430356026 0
    endloop
  endfacet
  facet normal 0 0 -1
    outer loop
      vertex -20.896936997771263 -2.064750872552395 0
      vertex -20.96265922486782 -1.2296707555651665 0
      vertex -5.191161960363388 -0.2720572501420975 0
    endloop
  endfacet
  facet normal 0 0 -1
    outer loop
      vertex -20.96265922486782 -1.2296707555651665 0
      vertex -20.97635918110609 -0.9682600498199463 0
      vertex -5.191161960363388 -0.2720572501420975 0
    endloop
  endfacet
  facet normal 0 0 -1
    outer loop
      vertex -20.97635918110609 -0.9682600498199463 0
      vertex -20.99828662723303 -0.13088475167751312 0
      vertex -5.198286034166813 0 0
    endloop
  endfacet
  facet normal 0 0 -1
    outer loop
      vertex -20.316662818193436 -5.308331549167633 0
      vertex -20.512211211025715 -4.493813879787922 0
      vertex -5.084691010415554 -1.0807844400405884 0
    endloop
  endfacet
  facet normal 0 0 -1
    outer loop
      vertex -20.512211211025715 -4.493813879787922 0
      vertex -20.5666361451149 -4.237764693796635 0
      vertex -5.084691010415554 -1.0807844400405884 0
    endloop
  endfacet
  facet normal -0.8386705916863773 -0.5446389984571635 0
    outer loop
      vertex -11.636642768979073 -26.46594812721014 0
      vertex -11.779212638735771 -26.246409758925438 0.2
      vertex -11.779212638735771 -26.246409758925438 0
    endloop
  endfacet
  facet normal -0.8241261754801259 -0.5664062560464008 0
    outer loop
      vertex -11.636642768979073 -26.46594812721014 0
      vertex -11.547681853175163 -26.595387056469917 0
      vertex -11.636642768979073 -26.46594812721014 0.2
    endloop
  endfacet
  facet normal -0.8386705916863773 -0.5446389984571635 0
    outer loop
      vertex -11.636642768979073 -26.46594812721014 0
      vertex -11.636642768979073 -26.46594812721014 0.2
      vertex -11.779212638735771 -26.246409758925438 0.2
    endloop
  endfacet
  facet normal -0.8090169788591934 -0.5877852736480758 0
    outer loop
      vertex -11.39381768554449 -26.807162903249264 0
      vertex -11.39381768554449 -26.807162903249264 0.2
      vertex -11.547681853175163 -26.595387056469917 0.2
    endloop
  endfacet
  facet normal -0.8241261754801259 -0.5664062560464008 0
    outer loop
      vertex -11.547681853175163 -26.595387056469917 0
      vertex -11.547681853175163 -26.595387056469917 0.2
      vertex -11.636642768979073 -26.46594812721014 0.2
    endloop
  endfacet
  facet normal -0.8090169788591934 -0.5877852736480758 0
    outer loop
      vertex -11.547681853175163 -26.595387056469917 0
      vertex -11.39381768554449 -26.807162903249264 0
      vertex -11.547681853175163 -26.595387056469917 0.2
    endloop
  endfacet
  facet normal -0.9510565111799408 -0.3090170101179532 0
    outer loop
      vertex -12.566377006471157 -24.596085257828236 0
      vertex -12.64726822078228 -24.347127713263035 0.2
      vertex -12.64726822078228 -24.347127713263035 0
    endloop
  endfacet
  facet normal -0.9025852916253637 -0.4305110815548853 0
    outer loop
      vertex -12.253562830388546 -25.372765332460403 0
      vertex -12.1859460324049 -25.514526903629303 0
      vertex -12.253562830388546 -25.372765332460403 0.2
    endloop
  endfacet
  facet normal -0.9025852916253637 -0.4305110815548853 0
    outer loop
      vertex -12.1859460324049 -25.514526903629303 0
      vertex -12.1859460324049 -25.514526903629303 0.2
      vertex -12.253562830388546 -25.372765332460403 0.2
    endloop
  endfacet
  facet normal -0.92387952935444 -0.38268343998639204 0
    outer loop
      vertex -12.42013892531395 -24.988521046936512 0
      vertex -12.360034018754959 -25.133627124130726 0
      vertex -12.42013892531395 -24.988521046936512 0.2
    endloop
  endfacet
  facet normal -0.9335804297569879 -0.3583679410532671 0
    outer loop
      vertex -12.42013892531395 -24.988521046936512 0
      vertex -12.42013892531395 -24.988521046936512 0.2
      vertex -12.513948738574982 -24.74413812160492 0.2
    endloop
  endfacet
  facet normal -0.9426414928622097 -0.3338068542353568 0
    outer loop
      vertex -12.513948738574982 -24.74413812160492 0
      vertex -12.566377006471157 -24.596085257828236 0.2
      vertex -12.566377006471157 -24.596085257828236 0
    endloop
  endfacet
  facet normal -0.9426414928622097 -0.3338068542353568 0
    outer loop
      vertex -12.513948738574982 -24.74413812160492 0
      vertex -12.513948738574982 -24.74413812160492 0.2
      vertex -12.566377006471157 -24.596085257828236 0.2
    endloop
  endfacet
  facet normal -0.9510565111799408 -0.3090170101179532 0
    outer loop
      vertex -12.566377006471157 -24.596085257828236 0
      vertex -12.566377006471157 -24.596085257828236 0.2
      vertex -12.64726822078228 -24.347127713263035 0.2
    endloop
  endfacet
  facet normal -0.9335804297569879 -0.3583679410532671 0
    outer loop
      vertex -12.42013892531395 -24.988521046936512 0
      vertex -12.513948738574982 -24.74413812160492 0.2
      vertex -12.513948738574982 -24.74413812160492 0
    endloop
  endfacet
  facet normal -0.9135454601057246 -0.4067366375435338 0
    outer loop
      vertex -12.253562830388546 -25.372765332460403 0
      vertex -12.360034018754959 -25.133627124130726 0.2
      vertex -12.360034018754959 -25.133627124130726 0
    endloop
  endfacet
  facet normal -0.92387952935444 -0.38268343998639204 0
    outer loop
      vertex -12.360034018754959 -25.133627124130726 0
      vertex -12.360034018754959 -25.133627124130726 0.2
      vertex -12.42013892531395 -24.988521046936512 0.2
    endloop
  endfacet
  facet normal -0.9135454601057246 -0.4067366375435338 0
    outer loop
      vertex -12.253562830388546 -25.372765332460403 0
      vertex -12.253562830388546 -25.372765332460403 0.2
      vertex -12.360034018754959 -25.133627124130726 0.2
    endloop
  endfacet
  facet normal -0.9781476081436942 -0.20791165595697184 0
    outer loop
      vertex -12.796292424201965 -23.79096181690693 0
      vertex -12.796292424201965 -23.79096181690693 0.2
      vertex -12.850717350840569 -23.53491262346506 0.2
    endloop
  endfacet
  facet normal -0.9781476081436942 -0.20791165595697184 0
    outer loop
      vertex -12.850717350840569 -23.53491262346506 0
      vertex -12.796292424201965 -23.79096181690693 0
      vertex -12.850717350840569 -23.53491262346506 0.2
    endloop
  endfacet
  facet normal -0.983254910184573 -0.18223551135255575 0
    outer loop
      vertex -12.850717350840569 -23.53491262346506 0
      vertex -12.850717350840569 -23.53491262346506 0.2
      vertex -12.879339568316936 -23.38048094511032 0.2
    endloop
  endfacet
  facet normal -0.9659258275929582 -0.25881904023633706 0
    outer loop
      vertex -12.759627051651478 -23.943684056401253 0
      vertex -12.691876150667667 -24.196533866226673 0
      vertex -12.759627051651478 -23.943684056401253 0.2
    endloop
  endfacet
  facet normal -0.9659258275929582 -0.25881904023633706 0
    outer loop
      vertex -12.691876150667667 -24.196533866226673 0
      vertex -12.691876150667667 -24.196533866226673 0.2
      vertex -12.759627051651478 -23.943684056401253 0.2
    endloop
  endfacet
  facet normal -0.9588197346341912 -0.28401534549389984 0
    outer loop
      vertex -12.691876150667667 -24.196533866226673 0
      vertex -12.64726822078228 -24.347127713263035 0
      vertex -12.691876150667667 -24.196533866226673 0.2
    endloop
  endfacet
  facet normal -0.9588197346341912 -0.28401534549389984 0
    outer loop
      vertex -12.64726822078228 -24.347127713263035 0
      vertex -12.64726822078228 -24.347127713263035 0.2
      vertex -12.691876150667667 -24.196533866226673 0.2
    endloop
  endfacet
  facet normal -0.9723699105572556 -0.23344540484420478 0
    outer loop
      vertex -12.759627051651478 -23.943684056401253 0
      vertex -12.796292424201965 -23.79096181690693 0.2
      vertex -12.796292424201965 -23.79096181690693 0
    endloop
  endfacet
  facet normal -0.9723699105572556 -0.23344540484420478 0
    outer loop
      vertex -12.759627051651478 -23.943684056401253 0
      vertex -12.759627051651478 -23.943684056401253 0.2
      vertex -12.796292424201965 -23.79096181690693 0.2
    endloop
  endfacet
  facet normal -0.9876883398194337 -0.1564344699378331 0
    outer loop
      vertex -12.920289307832718 -23.121934473514557 0
      vertex -12.879339568316936 -23.38048094511032 0
      vertex -12.920289307832718 -23.121934473514557 0.2
    endloop
  endfacet
  facet normal -0.9914448566835512 -0.1305262278461029 0
    outer loop
      vertex -12.920289307832718 -23.121934473514557 0
      vertex -12.940789997577667 -22.966216318309307 0.2
      vertex -12.940789997577667 -22.966216318309307 0
    endloop
  endfacet
  facet normal -0.9914448566835512 -0.1305262278461029 0
    outer loop
      vertex -12.920289307832718 -23.121934473514557 0
      vertex -12.920289307832718 -23.121934473514557 0.2
      vertex -12.940789997577667 -22.966216318309307 0.2
    endloop
  endfacet
  facet normal -0.983254910184573 -0.18223551135255575 0
    outer loop
      vertex -12.850717350840569 -23.53491262346506 0
      vertex -12.879339568316936 -23.38048094511032 0.2
      vertex -12.879339568316936 -23.38048094511032 0
    endloop
  endfacet
  facet normal -0.9876883398194337 -0.1564344699378331 0
    outer loop
      vertex -12.879339568316936 -23.38048094511032 0
      vertex -12.879339568316936 -23.38048094511032 0.2
      vertex -12.920289307832718 -23.121934473514557 0.2
    endloop
  endfacet
  facet normal -0.9945218954742463 -0.10452846225938717 0
    outer loop
      vertex -12.940789997577667 -22.966216318309307 0
      vertex -12.968152359127998 -22.70588083565235 0.2
      vertex -12.968152359127998 -22.70588083565235 0
    endloop
  endfacet
  facet normal -0.9945218954742463 -0.10452846225938717 0
    outer loop
      vertex -12.940789997577667 -22.966216318309307 0
      vertex -12.940789997577667 -22.966216318309307 0.2
      vertex -12.968152359127998 -22.70588083565235 0.2
    endloop
  endfacet
  facet normal -0.9969173342738784 -0.07845908885695775 0
    outer loop
      vertex -12.968152359127998 -22.70588083565235 0
      vertex -12.980475276708603 -22.54930330812931 0.2
      vertex -12.980475276708603 -22.54930330812931 0
    endloop
  endfacet
  facet normal -0.9969173342738784 -0.07845908885695775 0
    outer loop
      vertex -12.968152359127998 -22.70588083565235 0
      vertex -12.968152359127998 -22.70588083565235 0.2
      vertex -12.980475276708603 -22.54930330812931 0.2
    endloop
  endfacet
  facet normal -0.8788171114188599 -0.47715876254912365 0
    outer loop
      vertex -12.067105174064636 -25.747765228152275 0
      vertex -11.992161750793457 -25.88579384237528 0
      vertex -12.067105174064636 -25.747765228152275 0.2
    endloop
  endfacet
  facet normal -0.8788171114188599 -0.47715876254912365 0
    outer loop
      vertex -11.992161750793457 -25.88579384237528 0
      vertex -11.992161750793457 -25.88579384237528 0.2
      vertex -12.067105174064636 -25.747765228152275 0.2
    endloop
  endfacet
  facet normal -0.8910065300629723 -0.45399048820998616 0
    outer loop
      vertex -12.1859460324049 -25.514526903629303 0
      vertex -12.067105174064636 -25.747765228152275 0
      vertex -12.1859460324049 -25.514526903629303 0.2
    endloop
  endfacet
  facet normal -0.8910065300629723 -0.45399048820998616 0
    outer loop
      vertex -12.067105174064636 -25.747765228152275 0
      vertex -12.067105174064636 -25.747765228152275 0.2
      vertex -12.1859460324049 -25.514526903629303 0.2
    endloop
  endfacet
  facet normal -0.8660254168889491 -0.4999999773023215 0
    outer loop
      vertex -11.861277140676975 -26.1124926507473 0
      vertex -11.861277140676975 -26.1124926507473 0.2
      vertex -11.992161750793457 -25.88579384237528 0.2
    endloop
  endfacet
  facet normal -0.8660254168889491 -0.4999999773023215 0
    outer loop
      vertex -11.992161750793457 -25.88579384237528 0
      vertex -11.861277140676975 -26.1124926507473 0
      vertex -11.992161750793457 -25.88579384237528 0.2
    endloop
  endfacet
  facet normal -0.8526401856157652 -0.5224985300200504 0
    outer loop
      vertex -11.861277140676975 -26.1124926507473 0
      vertex -11.779212638735771 -26.246409758925438 0
      vertex -11.861277140676975 -26.1124926507473 0.2
    endloop
  endfacet
  facet normal -0.8526401856157652 -0.5224985300200504 0
    outer loop
      vertex -11.779212638735771 -26.246409758925438 0
      vertex -11.779212638735771 -26.246409758925438 0.2
      vertex -11.861277140676975 -26.1124926507473 0.2
    endloop
  endfacet
  facet normal -0.9999143277545138 -0.013089581782417202 0
    outer loop
      vertex -13 -22 0
      vertex -12.998286627233028 -22.13088469952345 0
      vertex -13 -22 0.2
    endloop
  endfacet
  facet normal -0.9999143277545138 -0.013089581782417202 0
    outer loop
      vertex -12.998286627233028 -22.13088469952345 0
      vertex -12.998286627233028 -22.13088469952345 0.2
      vertex -13 -22 0.2
    endloop
  endfacet
  facet normal -1 0 0
    outer loop
      vertex -13 -22 0
      vertex -13 -22 0.2
      vertex -13 -16.487758927047253 0.2
    endloop
  endfacet
  facet normal -0.6883545785592416 -0.7253743682930414 0
    outer loop
      vertex -14.755481392145157 -14.94058033823967 0
      vertex -14.14786259829998 -15.517189048230648 0
      vertex -14.755481392145157 -14.94058033823967 0.2
    endloop
  endfacet
  facet normal -0.6883545785592416 -0.7253743682930414 0
    outer loop
      vertex -14.14786259829998 -15.517189048230648 0
      vertex -14.14786259829998 -15.517189048230648 0.2
      vertex -14.755481392145157 -14.94058033823967 0.2
    endloop
  endfacet
  facet normal -0.6691306270020325 -0.743144806890196 0
    outer loop
      vertex -14.14786259829998 -15.517189048230648 0
      vertex -13.953329965472221 -15.692347027361393 0
      vertex -14.14786259829998 -15.517189048230648 0.2
    endloop
  endfacet
  facet normal -0.6691306270020325 -0.743144806890196 0
    outer loop
      vertex -13.953329965472221 -15.692347027361393 0
      vertex -13.953329965472221 -15.692347027361393 0.2
      vertex -14.14786259829998 -15.517189048230648 0.2
    endloop
  endfacet
  facet normal -1 0 0
    outer loop
      vertex -13 -22 0
      vertex -13 -16.487758927047253 0.2
      vertex -13 -16.487758927047253 0
    endloop
  endfacet
  facet normal -0.64944803718572 -0.7604059751183021 0
    outer loop
      vertex -13.316366471350193 -16.236365228891373 0
      vertex -13.316366471350193 -16.236365228891373 0.2
      vertex -13.953329965472221 -15.692347027361393 0.2
    endloop
  endfacet
  facet normal -0.64944803718572 -0.7604059751183021 0
    outer loop
      vertex -13.953329965472221 -15.692347027361393 0
      vertex -13.316366471350193 -16.236365228891373 0
      vertex -13.953329965472221 -15.692347027361393 0.2
    endloop
  endfacet
  facet normal -0.629320397712977 -0.7771459560612669 0
    outer loop
      vertex -13.316366471350193 -16.236365228891373 0
      vertex -13.112933404743671 -16.4011020809412 0
      vertex -13.316366471350193 -16.236365228891373 0.2
    endloop
  endfacet
  facet normal -0.6087614148679847 -0.7933533511418033 0
    outer loop
      vertex -13 -16.487758927047253 0
      vertex -13.112933404743671 -16.4011020809412 0.2
      vertex -13.112933404743671 -16.4011020809412 0
    endloop
  endfacet
  facet normal -0.6087614148679847 -0.7933533511418033 0
    outer loop
      vertex -13 -16.487758927047253 0
      vertex -13 -16.487758927047253 0.2
      vertex -13.112933404743671 -16.4011020809412 0.2
    endloop
  endfacet
  facet normal -0.629320397712977 -0.7771459560612669 0
    outer loop
      vertex -13.112933404743671 -16.4011020809412 0
      vertex -13.112933404743671 -16.4011020809412 0.2
      vertex -13.316366471350193 -16.236365228891373 0.2
    endloop
  endfacet
  facet normal -0.9986295348110752 -0.05233595516483303 0
    outer loop
      vertex -12.980475276708603 -22.54930330812931 0
      vertex -12.994175232946873 -22.287892565131187 0.2
      vertex -12.994175232946873 -22.287892565131187 0
    endloop
  endfacet
  facet normal -0.9986295348110752 -0.05233595516483303 0
    outer loop
      vertex -12.980475276708603 -22.54930330812931 0
      vertex -12.980475276708603 -22.54930330812931 0.2
      vertex -12.994175232946873 -22.287892565131187 0.2
    endloop
  endfacet
  facet normal -0.9996573252035448 -0.02617693960138119 0
    outer loop
      vertex -12.994175232946873 -22.287892565131187 0
      vertex -12.998286627233028 -22.13088469952345 0.2
      vertex -12.998286627233028 -22.13088469952345 0
    endloop
  endfacet
  facet normal -0.9996573252035448 -0.02617693960138119 0
    outer loop
      vertex -12.994175232946873 -22.287892565131187 0
      vertex -12.994175232946873 -22.287892565131187 0.2
      vertex -12.998286627233028 -22.13088469952345 0.2
    endloop
  endfacet
  facet normal 0 0 1
    outer loop
      vertex -13.316366471350193 -16.236365228891373 0.2
      vertex -13.112933404743671 -16.4011020809412 0.2
      vertex -10.069126256797398 -12.434335383311534 0.2
    endloop
  endfacet
  facet normal 0 0 1
    outer loop
      vertex -13 -16.487758927047253 0.2
      vertex -9.40456403667957 -12.94427190999916 0.2
      vertex -13.112933404743671 -16.4011020809412 0.2
    endloop
  endfacet
  facet normal -0.7604059586793502 -0.6494480564332596 0
    outer loop
      vertex -11.031464271247387 -27.254632100462914 0
      vertex -11.031464271247387 -27.254632100462914 0.2
      vertex -11.133467681705952 -27.135201454162598 0.2
    endloop
  endfacet
  facet normal -0.7933533398941754 -0.608761429526179 0
    outer loop
      vertex -11.39381768554449 -26.807162903249264 0
      vertex -11.298204585909843 -26.93176832050085 0
      vertex -11.39381768554449 -26.807162903249264 0.2
    endloop
  endfacet
  facet normal -0.7933533398941754 -0.608761429526179 0
    outer loop
      vertex -11.298204585909843 -26.93176832050085 0
      vertex -11.298204585909843 -26.93176832050085 0.2
      vertex -11.39381768554449 -26.807162903249264 0.2
    endloop
  endfacet
  facet normal -0.7771459600710694 -0.6293203927612833 0
    outer loop
      vertex -11.298204585909843 -26.93176832050085 0
      vertex -11.133467681705952 -27.135201454162598 0
      vertex -11.298204585909843 -26.93176832050085 0.2
    endloop
  endfacet
  facet normal -0.7604059586793502 -0.6494480564332596 0
    outer loop
      vertex -11.031464271247387 -27.254632100462914 0
      vertex -11.133467681705952 -27.135201454162598 0.2
      vertex -11.133467681705952 -27.135201454162598 0
    endloop
  endfacet
  facet normal -0.7771459600710694 -0.6293203927612833 0
    outer loop
      vertex -11.133467681705952 -27.135201454162598 0
      vertex -11.133467681705952 -27.135201454162598 0.2
      vertex -11.298204585909843 -26.93176832050085 0.2
    endloop
  endfacet
  facet normal -0.7431448266246545 -0.6691306050846967 0
    outer loop
      vertex -11.031464271247387 -27.254632100462914 0
      vertex -10.85630639642477 -27.449164628982544 0
      vertex -11.031464271247387 -27.254632100462914 0.2
    endloop
  endfacet
  facet normal -0.7431448266246545 -0.6691306050846967 0
    outer loop
      vertex -10.85630639642477 -27.449164628982544 0
      vertex -10.85630639642477 -27.449164628982544 0.2
      vertex -11.031464271247387 -27.254632100462914 0.2
    endloop
  endfacet
  facet normal -0.7253743841239492 -0.6883545618769452 0
    outer loop
      vertex -10.85630639642477 -27.449164628982544 0
      vertex -10.748192265629768 -27.563093155622482 0
      vertex -10.85630639642477 -27.449164628982544 0.2
    endloop
  endfacet
  facet normal -0.7071067811865475 -0.7071067811865475 0
    outer loop
      vertex -10.563093155622482 -27.74819226562977 0
      vertex -10.563093155622482 -27.74819226562977 0.2
      vertex -10.748192265629768 -27.563093155622482 0.2
    endloop
  endfacet
  facet normal -0.7253743841239492 -0.6883545618769452 0
    outer loop
      vertex -10.748192265629768 -27.563093155622482 0
      vertex -10.748192265629768 -27.563093155622482 0.2
      vertex -10.85630639642477 -27.449164628982544 0.2
    endloop
  endfacet
  facet normal -0.7071067811865475 -0.7071067811865475 0
    outer loop
      vertex -10.748192265629768 -27.563093155622482 0
      vertex -10.563093155622482 -27.74819226562977 0
      vertex -10.748192265629768 -27.563093155622482 0.2
    endloop
  endfacet
  facet normal -0.6293203927612833 -0.7771459600710694 0
    outer loop
      vertex -10.135201454162598 -28.13346768170595 0
      vertex -9.93176832050085 -28.298204585909843 0
      vertex -10.135201454162598 -28.13346768170595 0.2
    endloop
  endfacet
  facet normal -0.6293203927612833 -0.7771459600710694 0
    outer loop
      vertex -9.93176832050085 -28.298204585909843 0
      vertex -9.93176832050085 -28.298204585909843 0.2
      vertex -10.135201454162598 -28.13346768170595 0.2
    endloop
  endfacet
  facet normal -0.608761429526179 -0.7933533398941754 0
    outer loop
      vertex -9.807162903249264 -28.39381768554449 0
      vertex -9.807162903249264 -28.39381768554449 0.2
      vertex -9.93176832050085 -28.298204585909843 0.2
    endloop
  endfacet
  facet normal -0.608761429526179 -0.7933533398941754 0
    outer loop
      vertex -9.93176832050085 -28.298204585909843 0
      vertex -9.807162903249264 -28.39381768554449 0
      vertex -9.93176832050085 -28.298204585909843 0.2
    endloop
  endfacet
  facet normal -0.6883545618769452 -0.7253743841239492 0
    outer loop
      vertex -10.563093155622482 -27.74819226562977 0
      vertex -10.449164628982544 -27.85630639642477 0
      vertex -10.563093155622482 -27.74819226562977 0.2
    endloop
  endfacet
  facet normal -0.6883545618769452 -0.7253743841239492 0
    outer loop
      vertex -10.449164628982544 -27.85630639642477 0
      vertex -10.449164628982544 -27.85630639642477 0.2
      vertex -10.563093155622482 -27.74819226562977 0.2
    endloop
  endfacet
  facet normal -0.6691306050846967 -0.7431448266246545 0
    outer loop
      vertex -10.449164628982544 -27.85630639642477 0
      vertex -10.254632100462914 -28.031464271247387 0
      vertex -10.449164628982544 -27.85630639642477 0.2
    endloop
  endfacet
  facet normal -0.6691306050846967 -0.7431448266246545 0
    outer loop
      vertex -10.254632100462914 -28.031464271247387 0
      vertex -10.254632100462914 -28.031464271247387 0.2
      vertex -10.449164628982544 -27.85630639642477 0.2
    endloop
  endfacet
  facet normal -0.6494480564332596 -0.7604059586793502 0
    outer loop
      vertex -10.135201454162598 -28.13346768170595 0
      vertex -10.254632100462914 -28.031464271247387 0.2
      vertex -10.254632100462914 -28.031464271247387 0
    endloop
  endfacet
  facet normal -0.6494480564332596 -0.7604059586793502 0
    outer loop
      vertex -10.135201454162598 -28.13346768170595 0
      vertex -10.135201454162598 -28.13346768170595 0.2
      vertex -10.254632100462914 -28.031464271247387 0.2
    endloop
  endfacet
  facet normal 0 0 1
    outer loop
      vertex -12.968152359127998 -22.70588083565235 0.2
      vertex -7.673019573092461 -23.361971497535706 0.2
      vertex -12.980475276708603 -22.54930330812931 0.2
    endloop
  endfacet
  facet normal 0 0 1
    outer loop
      vertex -12.980475276708603 -22.54930330812931 0.2
      vertex -7.740636371076107 -23.220209926366806 0.2
      vertex -12.994175232946873 -22.287892565131187 0.2
    endloop
  endfacet
  facet normal 0 0 1
    outer loop
      vertex -12.920289307832718 -23.121934473514557 0.2
      vertex -7.516011707484722 -23.63391710817814 0.2
      vertex -12.940789997577667 -22.966216318309307 0.2
    endloop
  endfacet
  facet normal 0 0 1
    outer loop
      vertex -12.940789997577667 -22.966216318309307 0.2
      vertex -7.598076209425926 -23.5 0.2
      vertex -12.968152359127998 -22.70588083565235 0.2
    endloop
  endfacet
  facet normal 0 0 1
    outer loop
      vertex -12.920289307832718 -23.121934473514557 0.2
      vertex -12.879339568316936 -23.38048094511032 0.2
      vertex -7.427050985395908 -23.763355754315853 0.2
    endloop
  endfacet
  facet normal 0 0 1
    outer loop
      vertex -12.759627051651478 -23.943684056401253 0.2
      vertex -7.007391817867756 -24.229434475302696 0.2
      vertex -12.796292424201965 -23.79096181690693 0.2
    endloop
  endfacet
  facet normal 0 0 1
    outer loop
      vertex -12.850717350840569 -23.53491262346506 0.2
      vertex -12.796292424201965 -23.79096181690693 0.2
      vertex -7.229434475302696 -24.007391817867756 0.2
    endloop
  endfacet
  facet normal 0 0 1
    outer loop
      vertex -12.850717350840569 -23.53491262346506 0.2
      vertex -7.229434475302696 -24.007391817867756 0.2
      vertex -12.879339568316936 -23.38048094511032 0.2
    endloop
  endfacet
  facet normal 0 0 1
    outer loop
      vertex -12.759627051651478 -23.943684056401253 0.2
      vertex -12.691876150667667 -24.196533866226673 0.2
      vertex -6.88796117156744 -24.33143788576126 0.2
    endloop
  endfacet
  facet normal 0 0 1
    outer loop
      vertex -12.691876150667667 -24.196533866226673 0.2
      vertex -12.64726822078228 -24.347127713263035 0.2
      vertex -6.633917108178139 -24.516011707484722 0.2
    endloop
  endfacet
  facet normal 0 0 1
    outer loop
      vertex -12.566377006471157 -24.596085257828236 0.2
      vertex -6.5 -24.598076209425926 0.2
      vertex -12.64726822078228 -24.347127713263035 0.2
    endloop
  endfacet
  facet normal 0 0 1
    outer loop
      vertex -12.42013892531395 -24.988521046936512 0.2
      vertex -5.927050985395908 -24.853169545531273 0.2
      vertex -12.513948738574982 -24.74413812160492 0.2
    endloop
  endfacet
  facet normal 0 0 1
    outer loop
      vertex -12.513948738574982 -24.74413812160492 0.2
      vertex -6.075103849172592 -24.800741277635098 0.2
      vertex -12.566377006471157 -24.596085257828236 0.2
    endloop
  endfacet
  facet normal 0 0 1
    outer loop
      vertex -12.42013892531395 -24.988521046936512 0.2
      vertex -12.360034018754959 -25.133627124130726 0.2
      vertex -5.1570078656077385 -24.995888605713844 0.2
    endloop
  endfacet
  facet normal -0.5877852736480758 -0.8090169788591934 0
    outer loop
      vertex -9.807162903249264 -28.39381768554449 0
      vertex -9.595387056469917 -28.547681853175163 0
      vertex -9.807162903249264 -28.39381768554449 0.2
    endloop
  endfacet
  facet normal -0.5877852736480758 -0.8090169788591934 0
    outer loop
      vertex -9.595387056469917 -28.547681853175163 0
      vertex -9.595387056469917 -28.547681853175163 0.2
      vertex -9.807162903249264 -28.39381768554449 0.2
    endloop
  endfacet
  facet normal -0.566406259805599 -0.8241261728965003 0
    outer loop
      vertex -9.465948410332203 -28.636642575263977 0
      vertex -9.465948410332203 -28.636642575263977 0.2
      vertex -9.595387056469917 -28.547681853175163 0.2
    endloop
  endfacet
  facet normal -0.566406259805599 -0.8241261728965003 0
    outer loop
      vertex -9.465948410332203 -28.636642575263977 0
      vertex -9.595387056469917 -28.547681853175163 0.2
      vertex -9.595387056469917 -28.547681853175163 0
    endloop
  endfacet
  facet normal -0.5446390514970618 -0.8386705572418652 0
    outer loop
      vertex -9.465948410332203 -28.636642575263977 0
      vertex -9.246410049498081 -28.779212459921837 0
      vertex -9.465948410332203 -28.636642575263977 0.2
    endloop
  endfacet
  facet normal -0.5446390514970618 -0.8386705572418652 0
    outer loop
      vertex -9.246410049498081 -28.779212459921837 0
      vertex -9.246410049498081 -28.779212459921837 0.2
      vertex -9.465948410332203 -28.636642575263977 0.2
    endloop
  endfacet
  facet normal -0.5224985334953158 -0.8526401834861198 0
    outer loop
      vertex -9.246410049498081 -28.779212459921837 0
      vertex -9.1124926507473 -28.861277140676975 0
      vertex -9.246410049498081 -28.779212459921837 0.2
    endloop
  endfacet
  facet normal -0.5224985334953158 -0.8526401834861198 0
    outer loop
      vertex -9.1124926507473 -28.861277140676975 0
      vertex -9.1124926507473 -28.861277140676975 0.2
      vertex -9.246410049498081 -28.779212459921837 0.2
    endloop
  endfacet
  facet normal -0.4999999773023215 -0.8660254168889491 0
    outer loop
      vertex -9.1124926507473 -28.861277140676975 0
      vertex -8.885793842375278 -28.992161750793457 0
      vertex -9.1124926507473 -28.861277140676975 0.2
    endloop
  endfacet
  facet normal -0.45399049627945604 -0.8910065259513721 0
    outer loop
      vertex -8.747765339910984 -29.06710511445999 0
      vertex -8.514526903629303 -29.1859460324049 0
      vertex -8.747765339910984 -29.06710511445999 0.2
    endloop
  endfacet
  facet normal -0.4999999773023215 -0.8660254168889491 0
    outer loop
      vertex -8.885793842375278 -28.992161750793457 0
      vertex -8.885793842375278 -28.992161750793457 0.2
      vertex -9.1124926507473 -28.861277140676975 0.2
    endloop
  endfacet
  facet normal -0.4771587678371079 -0.8788171085477188 0
    outer loop
      vertex -8.747765339910984 -29.06710511445999 0
      vertex -8.885793842375278 -28.992161750793457 0.2
      vertex -8.885793842375278 -28.992161750793457 0
    endloop
  endfacet
  facet normal -0.4771587678371079 -0.8788171085477188 0
    outer loop
      vertex -8.747765339910984 -29.06710511445999 0
      vertex -8.747765339910984 -29.06710511445999 0.2
      vertex -8.885793842375278 -28.992161750793457 0.2
    endloop
  endfacet
  facet normal -0.45399049627945604 -0.8910065259513721 0
    outer loop
      vertex -8.514526903629303 -29.1859460324049 0
      vertex -8.514526903629303 -29.1859460324049 0.2
      vertex -8.747765339910984 -29.06710511445999 0.2
    endloop
  endfacet
  facet normal -0.4305110815548853 -0.9025852916253637 0
    outer loop
      vertex -8.514526903629303 -29.1859460324049 0
      vertex -8.372765332460403 -29.253562830388546 0
      vertex -8.514526903629303 -29.1859460324049 0.2
    endloop
  endfacet
  facet normal -0.4305110815548853 -0.9025852916253637 0
    outer loop
      vertex -8.372765332460403 -29.253562830388546 0
      vertex -8.372765332460403 -29.253562830388546 0.2
      vertex -8.514526903629303 -29.1859460324049 0.2
    endloop
  endfacet
  facet normal -0.4067366375435338 -0.9135454601057246 0
    outer loop
      vertex -8.372765332460403 -29.253562830388546 0.2
      vertex -8.133627124130726 -29.36003401875496 0
      vertex -8.133627124130726 -29.36003401875496 0.2
    endloop
  endfacet
  facet normal -0.4067366375435338 -0.9135454601057246 0
    outer loop
      vertex -8.372765332460403 -29.253562830388546 0
      vertex -8.133627124130726 -29.36003401875496 0
      vertex -8.372765332460403 -29.253562830388546 0.2
    endloop
  endfacet
  facet normal 0 0 1
    outer loop
      vertex -12.980475276708603 -22.54930330812931 0.2
      vertex -7.673019573092461 -23.361971497535706 0.2
      vertex -7.740636371076107 -23.220209926366806 0.2
    endloop
  endfacet
  facet normal 0 0 1
    outer loop
      vertex -12.968152359127998 -22.70588083565235 0.2
      vertex -7.598076209425926 -23.5 0.2
      vertex -7.673019573092461 -23.361971497535706 0.2
    endloop
  endfacet
  facet normal 0 0 1
    outer loop
      vertex -12.994175232946873 -22.287892565131187 0.2
      vertex -7.740636371076107 -23.220209926366806 0.2
      vertex -7.8007412776350975 -23.075103849172592 0.2
    endloop
  endfacet
  facet normal 0 0 1
    outer loop
      vertex -12.998286627233028 -22.13088469952345 0.2
      vertex -7.8007412776350975 -23.075103849172592 0.2
      vertex -7.853169545531273 -22.92705098539591 0.2
    endloop
  endfacet
  facet normal 0 0 1
    outer loop
      vertex -13 -22 0.2
      vertex -7.853169545531273 -22.92705098539591 0.2
      vertex -7.89777747541666 -22.776457138359547 0.2
    endloop
  endfacet
  facet normal 0 0 1
    outer loop
      vertex -12.879339568316936 -23.38048094511032 0.2
      vertex -7.331437885761261 -23.88796117156744 0.2
      vertex -7.427050985395908 -23.763355754315853 0.2
    endloop
  endfacet
  facet normal 0 0 1
    outer loop
      vertex -12.920289307832718 -23.121934473514557 0.2
      vertex -7.427050985395908 -23.763355754315853 0.2
      vertex -7.516011707484722 -23.63391710817814 0.2
    endloop
  endfacet
  facet normal 0 0 1
    outer loop
      vertex -12.796292424201965 -23.79096181690693 0.2
      vertex -7.121320344507694 -24.121320344507694 0.2
      vertex -7.229434475302696 -24.007391817867756 0.2
    endloop
  endfacet
  facet normal 0 0 1
    outer loop
      vertex -12.879339568316936 -23.38048094511032 0.2
      vertex -7.229434475302696 -24.007391817867756 0.2
      vertex -7.331437885761261 -23.88796117156744 0.2
    endloop
  endfacet
  facet normal 0 0 1
    outer loop
      vertex -12.940789997577667 -22.966216318309307 0.2
      vertex -7.516011707484722 -23.63391710817814 0.2
      vertex -7.598076209425926 -23.5 0.2
    endloop
  endfacet
  facet normal 0 0 1
    outer loop
      vertex -12.691876150667667 -24.196533866226673 0.2
      vertex -6.633917108178139 -24.516011707484722 0.2
      vertex -6.763355754315853 -24.42705098539591 0.2
    endloop
  endfacet
  facet normal 0 0 1
    outer loop
      vertex -12.64726822078228 -24.347127713263035 0.2
      vertex -6.5 -24.598076209425926 0.2
      vertex -6.633917108178139 -24.516011707484722 0.2
    endloop
  endfacet
  facet normal 0 0 1
    outer loop
      vertex -12.566377006471157 -24.596085257828236 0.2
      vertex -6.361971497535706 -24.67301957309246 0.2
      vertex -6.5 -24.598076209425926 0.2
    endloop
  endfacet
  facet normal 0 0 1
    outer loop
      vertex -12.566377006471157 -24.596085257828236 0.2
      vertex -6.220209926366806 -24.740636371076107 0.2
      vertex -6.361971497535706 -24.67301957309246 0.2
    endloop
  endfacet
  facet normal 0 0 1
    outer loop
      vertex -12.566377006471157 -24.596085257828236 0.2
      vertex -6.075103849172592 -24.800741277635098 0.2
      vertex -6.220209926366806 -24.740636371076107 0.2
    endloop
  endfacet
  facet normal 0 0 1
    outer loop
      vertex -12.796292424201965 -23.79096181690693 0.2
      vertex -7.007391817867756 -24.229434475302696 0.2
      vertex -7.121320344507694 -24.121320344507694 0.2
    endloop
  endfacet
  facet normal 0 0 1
    outer loop
      vertex -12.759627051651478 -23.943684056401253 0.2
      vertex -6.88796117156744 -24.33143788576126 0.2
      vertex -7.007391817867756 -24.229434475302696 0.2
    endloop
  endfacet
  facet normal 0 0 1
    outer loop
      vertex -12.691876150667667 -24.196533866226673 0.2
      vertex -6.763355754315853 -24.42705098539591 0.2
      vertex -6.88796117156744 -24.33143788576126 0.2
    endloop
  endfacet
  facet normal 0 0 1
    outer loop
      vertex -12.994175232946873 -22.287892565131187 0.2
      vertex -7.8007412776350975 -23.075103849172592 0.2
      vertex -12.998286627233028 -22.13088469952345 0.2
    endloop
  endfacet
  facet normal 0 0 1
    outer loop
      vertex -13 -22 0.2
      vertex -12.998286627233028 -22.13088469952345 0.2
      vertex -7.853169545531273 -22.92705098539591 0.2
    endloop
  endfacet
  facet normal 0 0 1
    outer loop
      vertex -13 -22 0.2
      vertex -7.853169545531273 -15.072949014604092 0.2
      vertex -13 -16.487758927047253 0.2
    endloop
  endfacet
  facet normal 0 0 1
    outer loop
      vertex -13 -22 0.2
      vertex -7.89777747541666 -22.776457138359547 0.2
      vertex -7.934442803263664 -22.623735070228577 0.2
    endloop
  endfacet
  facet normal 0 0 1
    outer loop
      vertex -13 -22 0.2
      vertex -7.934442803263664 -22.623735070228577 0.2
      vertex -7.963065020740032 -22.469303391873837 0.2
    endloop
  endfacet
  facet normal 0 0 1
    outer loop
      vertex -13 -22 0.2
      vertex -7.98356568813324 -22.31358539313078 0.2
      vertex -7.995888605713844 -22.15700786560774 0.2
    endloop
  endfacet
  facet normal 0 0 1
    outer loop
      vertex -13 -22 0.2
      vertex -7.995888605713844 -22.15700786560774 0.2
      vertex -8 -22 0.2
    endloop
  endfacet
  facet normal 0 0 1
    outer loop
      vertex -13 -22 0.2
      vertex -7.963065020740032 -22.469303391873837 0.2
      vertex -7.98356568813324 -22.31358539313078 0.2
    endloop
  endfacet
  facet normal 0 0 1
    outer loop
      vertex -13 -22 0.2
      vertex -8 -22 0.2
      vertex -8 -16 0.2
    endloop
  endfacet
  facet normal 0 0 1
    outer loop
      vertex -13 -22 0.2
      vertex -8 -16 0.2
      vertex -7.995888605713844 -15.842992134392262 0.2
    endloop
  endfacet
  facet normal 0 0 1
    outer loop
      vertex -13 -22 0.2
      vertex -7.995888605713844 -15.842992134392262 0.2
      vertex -7.98356568813324 -15.68641460686922 0.2
    endloop
  endfacet
  facet normal 0 0 1
    outer loop
      vertex -13 -22 0.2
      vertex -7.98356568813324 -15.68641460686922 0.2
      vertex -7.963065020740032 -15.530696608126163 0.2
    endloop
  endfacet
  facet normal 0 0 1
    outer loop
      vertex -13 -22 0.2
      vertex -7.963065020740032 -15.530696608126163 0.2
      vertex -7.934442803263664 -15.376264929771423 0.2
    endloop
  endfacet
  facet normal 0 0 1
    outer loop
      vertex -13 -22 0.2
      vertex -7.934442803263664 -15.376264929771423 0.2
      vertex -7.89777747541666 -15.223542861640453 0.2
    endloop
  endfacet
  facet normal 0 0 1
    outer loop
      vertex -13 -22 0.2
      vertex -7.89777747541666 -15.223542861640453 0.2
      vertex -7.853169545531273 -15.072949014604092 0.2
    endloop
  endfacet
  facet normal 0 0 1
    outer loop
      vertex -13 -16.487758927047253 0.2
      vertex -7.853169545531273 -15.072949014604092 0.2
      vertex -7.8007412776350975 -14.924896150827408 0.2
    endloop
  endfacet
  facet normal 0 0 1
    outer loop
      vertex -13 -16.487758927047253 0.2
      vertex -7.8007412776350975 -14.924896150827408 0.2
      vertex -7.740636371076107 -14.779790073633194 0.2
    endloop
  endfacet
  facet normal 0 0 1
    outer loop
      vertex -13 -16.487758927047253 0.2
      vertex -7.740636371076107 -14.779790073633194 0.2
      vertex -7.673019573092461 -14.638028502464294 0.2
    endloop
  endfacet
  facet normal 0 0 1
    outer loop
      vertex -15.517189085483551 -14.147862561047077 0.2
      vertex -14.94058033823967 -14.755481392145157 0.2
      vertex -11.313708498984761 -11.313708498984761 0.2
    endloop
  endfacet
  facet normal 0 0 1
    outer loop
      vertex -15.517189085483551 -14.147862561047077 0.2
      vertex -11.890317207638308 -10.706089701741732 0.2
      vertex -15.692347057163715 -13.953329920768738 0.2
    endloop
  endfacet
  facet normal 0 0 1
    outer loop
      vertex -14.94058033823967 -14.755481392145157 0.2
      vertex -14.755481392145157 -14.94058033823967 0.2
      vertex -11.313708498984761 -11.313708498984761 0.2
    endloop
  endfacet
  facet normal 0 0 1
    outer loop
      vertex -14.755481392145157 -14.94058033823967 0.2
      vertex -14.14786259829998 -15.517189048230648 0.2
      vertex -10.706089701741732 -11.890317207638308 0.2
    endloop
  endfacet
  facet normal 0 0 1
    outer loop
      vertex -16.236365228891373 -13.316366471350193 0.2
      vertex -11.890317207638308 -10.706089701741732 0.2
      vertex -12.434335383311534 -10.069126256797398 0.2
    endloop
  endfacet
  facet normal 0 0 1
    outer loop
      vertex -16.911038607358932 -12.448371186852455 0.2
      vertex -12.434335383311534 -10.069126256797398 0.2
      vertex -12.94427190999916 -9.40456403667957 0.2
    endloop
  endfacet
  facet normal 0 0 -1
    outer loop
      vertex -18.2504920065403 -10.385793827474117 0
      vertex -4.501847803592682 -2.59914293885231 0
      vertex -18.11960729211569 -10.612492799758911 0
    endloop
  endfacet
  facet normal 0 0 -1
    outer loop
      vertex -18.11960729211569 -10.612492799758911 0
      vertex -4.501847803592682 -2.59914293885231 0
      vertex -17.681929923593998 -11.326717361807823 0
    endloop
  endfacet
  facet normal 0 0 -1
    outer loop
      vertex -17.681929923593998 -11.326717361807823 0
      vertex -4.359649419784546 -2.831189602613449 0
      vertex -17.539360016584396 -11.546255767345428 0
    endloop
  endfacet
  facet normal 0 0 1
    outer loop
      vertex -14.14786259829998 -15.517189048230648 0.2
      vertex -13.953329965472221 -15.692347027361393 0.2
      vertex -10.706089701741732 -11.890317207638308 0.2
    endloop
  endfacet
  facet normal 0 0 1
    outer loop
      vertex -13.953329965472221 -15.692347027361393 0.2
      vertex -13.316366471350193 -16.236365228891373 0.2
      vertex -10.069126256797398 -12.434335383311534 0.2
    endloop
  endfacet
  facet normal 0 0 1
    outer loop
      vertex -15.517189085483551 -14.147862561047077 0.2
      vertex -11.313708498984761 -11.313708498984761 0.2
      vertex -11.890317207638308 -10.706089701741732 0.2
    endloop
  endfacet
  facet normal 0 0 1
    outer loop
      vertex -14.755481392145157 -14.94058033823967 0.2
      vertex -10.706089701741732 -11.890317207638308 0.2
      vertex -11.313708498984761 -11.313708498984761 0.2
    endloop
  endfacet
  facet normal 0 0 1
    outer loop
      vertex -13.953329965472221 -15.692347027361393 0.2
      vertex -10.069126256797398 -12.434335383311534 0.2
      vertex -10.706089701741732 -11.890317207638308 0.2
    endloop
  endfacet
  facet normal 0 0 -1
    outer loop
      vertex -16.911038607358932 -12.448371186852455 0
      vertex -4.205501735210419 -3.0554758831858635 0
      vertex -16.4011020809412 -13.112933404743671 0
    endloop
  endfacet
  facet normal 0 0 -1
    outer loop
      vertex -16.236365228891373 -13.316366471350193 0
      vertex -16.4011020809412 -13.112933404743671 0
      vertex -4.039827026426792 -3.271387368440628 0
    endloop
  endfacet
  facet normal 0 0 -1
    outer loop
      vertex -17.539360016584396 -11.546255767345428 0
      vertex -4.359649419784546 -2.831189602613449 0
      vertex -17.06490283459425 -12.236595243215561 0
    endloop
  endfacet
  facet normal 0 0 -1
    outer loop
      vertex -17.06490283459425 -12.236595243215561 0
      vertex -4.205501735210419 -3.0554758831858635 0
      vertex -16.911038607358932 -12.448371186852455 0
    endloop
  endfacet
  facet normal 0 0 -1
    outer loop
      vertex -16.236365228891373 -13.316366471350193 0
      vertex -4.039827026426792 -3.271387368440628 0
      vertex -15.692347057163715 -13.953329920768738 0
    endloop
  endfacet
  facet normal 0 0 -1
    outer loop
      vertex -15.517189085483551 -14.147862561047077 0
      vertex -15.692347057163715 -13.953329920768738 0
      vertex -3.863079383969307 -3.4783322662115097 0
    endloop
  endfacet
  facet normal 0 0 -1
    outer loop
      vertex -15.517189085483551 -14.147862561047077 0
      vertex -3.863079383969307 -3.4783322662115097 0
      vertex -14.94058033823967 -14.755481392145157 0
    endloop
  endfacet
  facet normal 0 0 -1
    outer loop
      vertex -18.769030816853046 -9.416403472423553 0
      vertex -19.129653751850128 -8.660341762006283 0
      vertex -4.748870611190796 -2.1143333688378334 0
    endloop
  endfacet
  facet normal 0 0 -1
    outer loop
      vertex -19.556684486567974 -7.647304363548756 0
      vertex -4.853018060326576 -1.8628991842269897 0
      vertex -19.236124984920025 -8.421203456819057 0
    endloop
  endfacet
  facet normal 0 0 -1
    outer loop
      vertex -19.129653751850128 -8.660341762006283 0
      vertex -19.236124984920025 -8.421203456819057 0
      vertex -4.748870611190796 -2.1143333688378334 0
    endloop
  endfacet
  facet normal 0 0 -1
    outer loop
      vertex -18.769030816853046 -9.416403472423553 0
      vertex -4.63170675188303 -2.359972506761551 0
      vertex -18.650189958512783 -9.649641789495945 0
    endloop
  endfacet
  facet normal 0 0 -1
    outer loop
      vertex -18.650189958512783 -9.649641789495945 0
      vertex -4.63170675188303 -2.359972506761551 0
      vertex -18.2504920065403 -10.385793827474117 0
    endloop
  endfacet
  facet normal 0 0 1
    outer loop
      vertex -13.112933404743671 -16.4011020809412 0.2
      vertex -9.40456403667957 -12.94427190999916 0.2
      vertex -10.069126256797398 -12.434335383311534 0.2
    endloop
  endfacet
  facet normal 0 0 -1
    outer loop
      vertex -14.755481392145157 -14.94058033823967 0
      vertex -3.67574330419302 -3.67574330419302 0
      vertex -14.14786259829998 -15.517189048230648 0
    endloop
  endfacet
  facet normal 0 0 1
    outer loop
      vertex -13 -16.487758927047253 0.2
      vertex -8.714224560240433 -13.418729087126785 0.2
      vertex -9.40456403667957 -12.94427190999916 0.2
    endloop
  endfacet
  facet normal 0 0 1
    outer loop
      vertex -13 -16.487758927047253 0.2
      vertex -8 -13.856406460551018 0.2
      vertex -8.714224560240433 -13.418729087126785 0.2
    endloop
  endfacet
  facet normal 0 0 -1
    outer loop
      vertex -14.14786259829998 -15.517189048230648 0
      vertex -3.4783322662115097 -3.863079383969307 0
      vertex -13.953329965472221 -15.692347027361393 0
    endloop
  endfacet
  facet normal 0 0 -1
    outer loop
      vertex -13.953329965472221 -15.692347027361393 0
      vertex -3.4783322662115097 -3.863079383969307 0
      vertex -13.316366471350193 -16.236365228891373 0
    endloop
  endfacet
  facet normal 0 0 -1
    outer loop
      vertex -13.316366471350193 -16.236365228891373 0
      vertex -3.271387368440628 -4.039827026426792 0
      vertex -13.112933404743671 -16.4011020809412 0
    endloop
  endfacet
  facet normal 0 0 -1
    outer loop
      vertex -14.94058033823967 -14.755481392145157 0
      vertex -3.67574330419302 -3.67574330419302 0
      vertex -14.755481392145157 -14.94058033823967 0
    endloop
  endfacet
  facet normal 0 0 1
    outer loop
      vertex -13 -16.487758927047253 0.2
      vertex -7.673019573092461 -14.638028502464294 0.2
      vertex -8 -13.856406460551018 0.2
    endloop
  endfacet
  facet normal 0 0 -1
    outer loop
      vertex -13 -16.487758927047253 0
      vertex -13.112933404743671 -16.4011020809412 0
      vertex -3.271387368440628 -4.039827026426792 0
    endloop
  endfacet
  facet normal 0 0 -1
    outer loop
      vertex -13 -22 0
      vertex -13 -16.487758927047253 0
      vertex -0.5433689430356026 -5.169809266924858 0
    endloop
  endfacet
  facet normal 0 0 -1
    outer loop
      vertex -20.5666361451149 -4.237764693796635 0
      vertex -5.134286507964134 -0.8131910488009453 0
      vertex -5.084691010415554 -1.0807844400405884 0
    endloop
  endfacet
  facet normal 0 0 -1
    outer loop
      vertex -19.650494284927845 -7.402921475470066 0
      vertex -4.943863824009895 -1.6063586696982384 0
      vertex -4.853018060326576 -1.8628991842269897 0
    endloop
  endfacet
  facet normal 0 0 -1
    outer loop
      vertex -20.01100293546915 -6.364348627626896 0
      vertex -5.02115873247385 -1.3454154282808304 0
      vertex -4.943863824009895 -1.6063586696982384 0
    endloop
  endfacet
  facet normal 0 0 -1
    outer loop
      vertex -20.316662818193436 -5.308331549167633 0
      vertex -5.084691010415554 -1.0807844400405884 0
      vertex -5.02115873247385 -1.3454154282808304 0
    endloop
  endfacet
  facet normal 0 0 -1
    outer loop
      vertex -20.896936997771263 -2.064750872552395 0
      vertex -5.191161960363388 -0.2720572501420975 0
      vertex -5.169809266924858 -0.5433689430356026 0
    endloop
  endfacet
  facet normal 0 0 -1
    outer loop
      vertex -20.760237760841846 -3.1555823981761932 0
      vertex -5.169809266924858 -0.5433689430356026 0
      vertex -5.134286507964134 -0.8131910488009453 0
    endloop
  endfacet
  facet normal 0 0 -1
    outer loop
      vertex -20.97635918110609 -0.9682600498199463 0
      vertex -5.198286034166813 0 0
      vertex -5.191161960363388 -0.2720572501420975 0
    endloop
  endfacet
  facet normal 0 0 -1
    outer loop
      vertex -19.236124984920025 -8.421203456819057 0
      vertex -4.853018060326576 -1.8628991842269897 0
      vertex -4.748870611190796 -2.1143333688378334 0
    endloop
  endfacet
  facet normal 0 0 -1
    outer loop
      vertex -18.2504920065403 -10.385793827474117 0
      vertex -4.63170675188303 -2.359972506761551 0
      vertex -4.501847803592682 -2.59914293885231 0
    endloop
  endfacet
  facet normal 0 0 -1
    outer loop
      vertex -18.769030816853046 -9.416403472423553 0
      vertex -4.748870611190796 -2.1143333688378334 0
      vertex -4.63170675188303 -2.359972506761551 0
    endloop
  endfacet
  facet normal 0 0 -1
    outer loop
      vertex -17.06490283459425 -12.236595243215561 0
      vertex -4.359649419784546 -2.831189602613449 0
      vertex -4.205501735210419 -3.0554758831858635 0
    endloop
  endfacet
  facet normal 0 0 -1
    outer loop
      vertex -16.4011020809412 -13.112933404743671 0
      vertex -4.205501735210419 -3.0554758831858635 0
      vertex -4.039827026426792 -3.271387368440628 0
    endloop
  endfacet
  facet normal 0 0 -1
    outer loop
      vertex -17.681929923593998 -11.326717361807823 0
      vertex -4.501847803592682 -2.59914293885231 0
      vertex -4.359649419784546 -2.831189602613449 0
    endloop
  endfacet
  facet normal 0 0 1
    outer loop
      vertex -5.02115873247385 -1.3454154282808304 0.2
      vertex -9.977105527484817 -2.120699246341145 0.2
      vertex -9.852443428148495 -2.6399542600457115 0.2
    endloop
  endfacet
  facet normal 0 0 1
    outer loop
      vertex -5.134286507964134 -0.8131910488009453 0.2
      vertex -10.144123332756386 -1.0661903253300653 0.2
      vertex -10.074421074070404 -1.5956315434103547 0.2
    endloop
  endfacet
  facet normal 0 0 1
    outer loop
      vertex -5.084691010415554 -1.0807844400405884 0.2
      vertex -10.074421074070404 -1.5956315434103547 0.2
      vertex -9.977105527484817 -2.120699246341145 0.2
    endloop
  endfacet
  facet normal 0 0 1
    outer loop
      vertex -5.169809266924858 -0.5433689430356026 0.2
      vertex -10.186021254496652 -0.5338267536780271 0.2
      vertex -10.144123332756386 -1.0661903253300653 0.2
    endloop
  endfacet
  facet normal 0 0 1
    outer loop
      vertex -5.191161960363388 -0.2720572501420975 0.2
      vertex -10.2 0 0.2
      vertex -10.186021254496652 -0.5338267536780271 0.2
    endloop
  endfacet
  facet normal -1 0 0
    outer loop
      vertex -20.99828662723303 -0.13088475167751312 0
      vertex -20.99828662723303 0.13088475167751312 0.2
      vertex -20.99828662723303 0.13088475167751312 0
    endloop
  endfacet
  facet normal -0.9996573249053998 0.026176950987075228 0
    outer loop
      vertex -20.99828662723303 0.13088475167751312 0
      vertex -20.99828662723303 0.13088475167751312 0.2
      vertex -20.97635918110609 0.9682600498199463 0.2
    endloop
  endfacet
  facet normal -0.9996573249053998 0.026176950987075228 0
    outer loop
      vertex -20.99828662723303 0.13088475167751312 0
      vertex -20.97635918110609 0.9682600498199463 0.2
      vertex -20.97635918110609 0.9682600498199463 0
    endloop
  endfacet
  facet normal -0.9986295344212757 0.05233596260265398 0
    outer loop
      vertex -20.97635918110609 0.9682600498199463 0
      vertex -20.96265922486782 1.2296707555651665 0.2
      vertex -20.96265922486782 1.2296707555651665 0
    endloop
  endfacet
  facet normal -0.9986295344212757 0.05233596260265398 0
    outer loop
      vertex -20.97635918110609 0.9682600498199463 0
      vertex -20.97635918110609 0.9682600498199463 0.2
      vertex -20.96265922486782 1.2296707555651665 0.2
    endloop
  endfacet
  facet normal -0.9969173341643726 0.07845909024836262 0
    outer loop
      vertex -20.96265922486782 1.2296707555651665 0
      vertex -20.96265922486782 1.2296707555651665 0.2
      vertex -20.896936997771263 2.064750887453556 0.2
    endloop
  endfacet
  facet normal -0.9969173341643726 0.07845909024836262 0
    outer loop
      vertex -20.96265922486782 1.2296707555651665 0
      vertex -20.896936997771263 2.064750887453556 0.2
      vertex -20.896936997771263 2.064750887453556 0
    endloop
  endfacet
  facet normal -0.9945218954742463 0.10452846225938717 0
    outer loop
      vertex -20.896936997771263 2.064750887453556 0
      vertex -20.869574636220932 2.325086370110512 0.2
      vertex -20.869574636220932 2.325086370110512 0
    endloop
  endfacet
  facet normal -0.9945218954742463 0.10452846225938717 0
    outer loop
      vertex -20.896936997771263 2.064750887453556 0
      vertex -20.896936997771263 2.064750887453556 0.2
      vertex -20.869574636220932 2.325086370110512 0.2
    endloop
  endfacet
  facet normal -0.9914448615209106 0.13052619110271457 0
    outer loop
      vertex -20.869574636220932 2.325086370110512 0
      vertex -20.869574636220932 2.325086370110512 0.2
      vertex -20.760237760841846 3.1555823981761932 0.2
    endloop
  endfacet
  facet normal -0.9914448615209106 0.13052619110271457 0
    outer loop
      vertex -20.869574636220932 2.325086370110512 0
      vertex -20.760237760841846 3.1555823981761932 0.2
      vertex -20.760237760841846 3.1555823981761932 0
    endloop
  endfacet
  facet normal -0.9876883380302336 0.15643448123439782 0
    outer loop
      vertex -20.760237760841846 3.1555823981761932 0
      vertex -20.760237760841846 3.1555823981761932 0.2
      vertex -20.719287984073162 3.4141290858387947 0.2
    endloop
  endfacet
  facet normal -0.9876883380302336 0.15643448123439782 0
    outer loop
      vertex -20.760237760841846 3.1555823981761932 0
      vertex -20.719287984073162 3.4141290858387947 0.2
      vertex -20.719287984073162 3.4141290858387947 0
    endloop
  endfacet
  facet normal -0.9832549071344769 0.1822355278094017 0
    outer loop
      vertex -20.719287984073162 3.4141290858387947 0
      vertex -20.719287984073162 3.4141290858387947 0.2
      vertex -20.5666361451149 4.237764693796635 0.2
    endloop
  endfacet
  facet normal -0.9832549071344769 0.1822355278094017 0
    outer loop
      vertex -20.719287984073162 3.4141290858387947 0
      vertex -20.5666361451149 4.237764693796635 0.2
      vertex -20.5666361451149 4.237764693796635 0
    endloop
  endfacet
  facet normal -0.9781476011249991 0.20791168897733897 0
    outer loop
      vertex -20.5666361451149 4.237764693796635 0
      vertex -20.512211211025715 4.493813879787922 0.2
      vertex -20.512211211025715 4.493813879787922 0
    endloop
  endfacet
  facet normal -0.9781476011249991 0.20791168897733897 0
    outer loop
      vertex -20.5666361451149 4.237764693796635 0
      vertex -20.5666361451149 4.237764693796635 0.2
      vertex -20.512211211025715 4.493813879787922 0.2
    endloop
  endfacet
  facet normal -0.9723699199861103 0.23344536557020223 0
    outer loop
      vertex -20.512211211025715 4.493813879787922 0
      vertex -20.512211211025715 4.493813879787922 0.2
      vertex -20.316662818193436 5.308331549167633 0.2
    endloop
  endfacet
  facet normal -0.9723699199861103 0.23344536557020223 0
    outer loop
      vertex -20.512211211025715 4.493813879787922 0
      vertex -20.316662818193436 5.308331549167633 0.2
      vertex -20.316662818193436 5.308331549167633 0
    endloop
  endfacet
  facet normal -0.9659258272189702 0.2588190416320795 0
    outer loop
      vertex -20.316662818193436 5.308331549167633 0
      vertex -20.248911894857883 5.56118144094944 0.2
      vertex -20.248911894857883 5.56118144094944 0
    endloop
  endfacet
  facet normal -0.9659258272189702 0.2588190416320795 0
    outer loop
      vertex -20.316662818193436 5.308331549167633 0
      vertex -20.316662818193436 5.308331549167633 0.2
      vertex -20.248911894857883 5.56118144094944 0.2
    endloop
  endfacet
  facet normal -0.9588197348733484 0.2840153446865186 0
    outer loop
      vertex -20.248911894857883 5.56118144094944 0
      vertex -20.248911894857883 5.56118144094944 0.2
      vertex -20.01100293546915 6.364348627626896 0.2
    endloop
  endfacet
  facet normal -0.9588197348733484 0.2840153446865186 0
    outer loop
      vertex -20.248911894857883 5.56118144094944 0
      vertex -20.01100293546915 6.364348627626896 0.2
      vertex -20.01100293546915 6.364348627626896 0
    endloop
  endfacet
  facet normal -0.951056516615771 0.3090169933881885 0
    outer loop
      vertex -20.01100293546915 6.364348627626896 0
      vertex -19.930111721158028 6.613306187093258 0.2
      vertex -19.930111721158028 6.613306187093258 0
    endloop
  endfacet
  facet normal -0.951056516615771 0.3090169933881885 0
    outer loop
      vertex -20.01100293546915 6.364348627626896 0
      vertex -20.01100293546915 6.364348627626896 0.2
      vertex -19.930111721158028 6.613306187093258 0.2
    endloop
  endfacet
  facet normal -0.9426414922201581 0.33380685604845445 0
    outer loop
      vertex -19.930111721158028 6.613306187093258 0
      vertex -19.930111721158028 6.613306187093258 0.2
      vertex -19.650494277477264 7.402921497821808 0.2
    endloop
  endfacet
  facet normal -0.9426414922201581 0.33380685604845445 0
    outer loop
      vertex -19.930111721158028 6.613306187093258 0
      vertex -19.650494277477264 7.402921497821808 0.2
      vertex -19.650494277477264 7.402921497821808 0
    endloop
  endfacet
  facet normal -0.9335804290817249 0.3583679428123873 0
    outer loop
      vertex -19.650494277477264 7.402921497821808 0
      vertex -19.650494277477264 7.402921497821808 0.2
      vertex -19.556684486567974 7.647304363548756 0.2
    endloop
  endfacet
  facet normal 0 0 1
    outer loop
      vertex -20.99828662723303 -0.13088475167751312 0.2
      vertex -16 0 0.2
      vertex -20.99828662723303 0.13088475167751312 0.2
    endloop
  endfacet
  facet normal 0 0 1
    outer loop
      vertex -20.99828662723303 0.13088475167751312 0.2
      vertex -16 0 0.2
      vertex -20.97635918110609 0.9682600498199463 0.2
    endloop
  endfacet
  facet normal 0 0 1
    outer loop
      vertex -20.97635918110609 0.9682600498199463 0.2
      vertex -15.978072556073181 0.8373752998871014 0.2
      vertex -20.96265922486782 1.2296707555651665 0.2
    endloop
  endfacet
  facet normal 0 0 1
    outer loop
      vertex -20.96265922486782 1.2296707555651665 0.2
      vertex -15.978072556073181 0.8373752998871014 0.2
      vertex -20.896936997771263 2.064750887453556 0.2
    endloop
  endfacet
  facet normal 0 0 1
    outer loop
      vertex -20.896936997771263 2.064750887453556 0.2
      vertex -15.912350325892373 1.6724554122824555 0.2
      vertex -20.869574636220932 2.325086370110512 0.2
    endloop
  endfacet
  facet normal 0 0 1
    outer loop
      vertex -20.869574636220932 2.325086370110512 0.2
      vertex -15.912350325892373 1.6724554122824555 0.2
      vertex -20.760237760841846 3.1555823981761932 0.2
    endloop
  endfacet
  facet normal 0 0 1
    outer loop
      vertex -20.760237760841846 3.1555823981761932 0.2
      vertex -15.803013449522204 2.502951440643694 0.2
      vertex -20.719287984073162 3.4141290858387947 0.2
    endloop
  endfacet
  facet normal 0 0 1
    outer loop
      vertex -20.719287984073162 3.4141290858387947 0.2
      vertex -15.803013449522204 2.502951440643694 0.2
      vertex -20.5666361451149 4.237764693796635 0.2
    endloop
  endfacet
  facet normal 0 0 1
    outer loop
      vertex -20.5666361451149 4.237764693796635 0.2
      vertex -15.650361611740891 3.3265870530841495 0.2
      vertex -20.512211211025715 4.493813879787922 0.2
    endloop
  endfacet
  facet normal 0 0 1
    outer loop
      vertex -20.512211211025715 4.493813879787922 0.2
      vertex -15.650361611740891 3.3265870530841495 0.2
      vertex -20.316662818193436 5.308331549167633 0.2
    endloop
  endfacet
  facet normal 0 0 1
    outer loop
      vertex -20.316662818193436 5.308331549167633 0.2
      vertex -15.454813220625093 4.141104721640332 0.2
      vertex -20.248911894857883 5.56118144094944 0.2
    endloop
  endfacet
  facet normal 0 0 1
    outer loop
      vertex -20.248911894857883 5.56118144094944 0.2
      vertex -15.454813220625093 4.141104721640332 0.2
      vertex -20.01100293546915 6.364348627626896 0.2
    endloop
  endfacet
  facet normal 0 0 1
    outer loop
      vertex -20.01100293546915 6.364348627626896 0.2
      vertex -15.216904260722456 4.944271909999158 0.2
      vertex -19.930111721158028 6.613306187093258 0.2
    endloop
  endfacet
  facet normal 0 0 1
    outer loop
      vertex -19.930111721158028 6.613306187093258 0.2
      vertex -15.216904260722456 4.944271909999158 0.2
      vertex -19.650494277477264 7.402921497821808 0.2
    endloop
  endfacet
  facet normal 0 0 1
    outer loop
      vertex -19.650494277477264 7.402921497821808 0.2
      vertex -14.937286823955228 5.733887192724804 0.2
      vertex -19.556684486567974 7.647304363548756 0.2
    endloop
  endfacet
  facet normal 0 0 1
    outer loop
      vertex -19.556684486567974 7.647304363548756 0.2
      vertex -14.937286823955228 5.733887192724804 0.2
      vertex -19.236124984920025 8.421203456819057 0.2
    endloop
  endfacet
  facet normal -0.9335804290817249 0.3583679428123873 0
    outer loop
      vertex -19.650494277477264 7.402921497821808 0
      vertex -19.556684486567974 7.647304363548756 0.2
      vertex -19.556684486567974 7.647304363548756 0
    endloop
  endfacet
  facet normal -0.9238795319595763 0.3826834336970366 0
    outer loop
      vertex -19.556684486567974 7.647304363548756 0
      vertex -19.556684486567974 7.647304363548756 0.2
      vertex -19.236124984920025 8.421203456819057 0.2
    endloop
  endfacet
  facet normal -0.9238795319595763 0.3826834336970366 0
    outer loop
      vertex -19.556684486567974 7.647304363548756 0
      vertex -19.236124984920025 8.421203456819057 0.2
      vertex -19.236124984920025 8.421203456819057 0
    endloop
  endfacet
  facet normal -0.9135454578633604 0.40673664257996617 0
    outer loop
      vertex -19.236124984920025 8.421203456819057 0
      vertex -19.236124984920025 8.421203456819057 0.2
      vertex -19.129653751850128 8.660341762006283 0.2
    endloop
  endfacet
  facet normal -0.9135454578633604 0.40673664257996617 0
    outer loop
      vertex -19.236124984920025 8.421203456819057 0
      vertex -19.129653751850128 8.660341762006283 0.2
      vertex -19.129653751850128 8.660341762006283 0
    endloop
  endfacet
  facet normal -0.9025852853155976 0.43051109478358535 0
    outer loop
      vertex -19.129653751850128 8.660341762006283 0
      vertex -19.129653751850128 8.660341762006283 0.2
      vertex -18.769030816853046 9.416403472423553 0.2
    endloop
  endfacet
  facet normal -0.9025852853155976 0.43051109478358535 0
    outer loop
      vertex -19.129653751850128 8.660341762006283 0
      vertex -18.769030816853046 9.416403472423553 0.2
      vertex -18.769030816853046 9.416403472423553 0
    endloop
  endfacet
  facet normal -0.8910065189883781 0.45399050994510126 0
    outer loop
      vertex -18.769030816853046 9.416403472423553 0
      vertex -18.769030816853046 9.416403472423553 0.2
      vertex -18.65018993616104 9.649641826748848 0.2
    endloop
  endfacet
  facet normal -0.8910065189883781 0.45399050994510126 0
    outer loop
      vertex -18.769030816853046 9.416403472423553 0
      vertex -18.65018993616104 9.649641826748848 0.2
      vertex -18.65018993616104 9.649641826748848 0
    endloop
  endfacet
  facet normal -0.8788171101455807 0.4771587648942125 0
    outer loop
      vertex -18.65018993616104 9.649641826748848 0
      vertex -18.65018993616104 9.649641826748848 0.2
      vertex -18.2504920065403 10.385793827474117 0.2
    endloop
  endfacet
  facet normal -0.8788171101455807 0.4771587648942125 0
    outer loop
      vertex -18.65018993616104 9.649641826748848 0
      vertex -18.2504920065403 10.385793827474117 0.2
      vertex -18.2504920065403 10.385793827474117 0
    endloop
  endfacet
  facet normal -0.8660254008880214 0.500000005016742 0
    outer loop
      vertex -18.2504920065403 10.385793827474117 0
      vertex -18.2504920065403 10.385793827474117 0.2
      vertex -18.11960729211569 10.612492799758911 0.2
    endloop
  endfacet
  facet normal -0.8660254008880214 0.500000005016742 0
    outer loop
      vertex -18.2504920065403 10.385793827474117 0
      vertex -18.11960729211569 10.612492799758911 0.2
      vertex -18.11960729211569 10.612492799758911 0
    endloop
  endfacet
  facet normal -0.8526401675508725 0.5224985594992777 0
    outer loop
      vertex -18.11960729211569 10.612492799758911 0
      vertex -18.11960729211569 10.612492799758911 0.2
      vertex -17.681929923593998 11.326717361807823 0.2
    endloop
  endfacet
  facet normal -0.8526401675508725 0.5224985594992777 0
    outer loop
      vertex -18.11960729211569 10.612492799758911 0
      vertex -17.681929923593998 11.326717361807823 0.2
      vertex -17.681929923593998 11.326717361807823 0
    endloop
  endfacet
  facet normal 0 0 1
    outer loop
      vertex -20.97635918110609 0.9682600498199463 0.2
      vertex -16 0 0.2
      vertex -15.978072556073181 0.8373752998871014 0.2
    endloop
  endfacet
  facet normal 0 0 1
    outer loop
      vertex -20.896936997771263 2.064750887453556 0.2
      vertex -15.978072556073181 0.8373752998871014 0.2
      vertex -15.912350325892373 1.6724554122824555 0.2
    endloop
  endfacet
  facet normal 0 0 1
    outer loop
      vertex -20.760237760841846 3.1555823981761932 0.2
      vertex -15.912350325892373 1.6724554122824555 0.2
      vertex -15.803013449522204 2.502951440643694 0.2
    endloop
  endfacet
  facet normal 0 0 1
    outer loop
      vertex -20.5666361451149 4.237764693796635 0.2
      vertex -15.803013449522204 2.502951440643694 0.2
      vertex -15.650361611740891 3.3265870530841495 0.2
    endloop
  endfacet
  facet normal 0 0 1
    outer loop
      vertex -20.316662818193436 5.308331549167633 0.2
      vertex -15.650361611740891 3.3265870530841495 0.2
      vertex -15.454813220625093 4.141104721640332 0.2
    endloop
  endfacet
  facet normal 0 0 1
    outer loop
      vertex -20.01100293546915 6.364348627626896 0.2
      vertex -15.454813220625093 4.141104721640332 0.2
      vertex -15.216904260722456 4.944271909999158 0.2
    endloop
  endfacet
  facet normal 0 0 1
    outer loop
      vertex -19.650494277477264 7.402921497821808 0.2
      vertex -15.216904260722456 4.944271909999158 0.2
      vertex -14.937286823955228 5.733887192724804 0.2
    endloop
  endfacet
  facet normal 0 0 1
    outer loop
      vertex -19.236124984920025 8.421203456819057 0.2
      vertex -14.937286823955228 5.733887192724804 0.2
      vertex -14.616727322281614 6.507786289212803 0.2
    endloop
  endfacet
  facet normal 0 0 -1
    outer loop
      vertex -20.99828662723303 -0.13088475167751312 0
      vertex -20.99828662723303 0.13088475167751312 0
      vertex -5.198286034166813 0 0
    endloop
  endfacet
  facet normal 0 0 -1
    outer loop
      vertex -20.99828662723303 0.13088475167751312 0
      vertex -20.97635918110609 0.9682600498199463 0
      vertex -5.191161960363388 0.2720572501420975 0
    endloop
  endfacet
  facet normal 0 0 -1
    outer loop
      vertex -20.97635918110609 0.9682600498199463 0
      vertex -20.96265922486782 1.2296707555651665 0
      vertex -5.191161960363388 0.2720572501420975 0
    endloop
  endfacet
  facet normal 0 0 -1
    outer loop
      vertex -20.96265922486782 1.2296707555651665 0
      vertex -20.896936997771263 2.064750887453556 0
      vertex -5.169809266924858 0.5433689430356026 0
    endloop
  endfacet
  facet normal 0 0 -1
    outer loop
      vertex -20.896936997771263 2.064750887453556 0
      vertex -20.869574636220932 2.325086370110512 0
      vertex -5.169809266924858 0.5433689430356026 0
    endloop
  endfacet
  facet normal 0 0 -1
    outer loop
      vertex -20.869574636220932 2.325086370110512 0
      vertex -20.760237760841846 3.1555823981761932 0
      vertex -5.134286507964134 0.8131910488009453 0
    endloop
  endfacet
  facet normal 0 0 -1
    outer loop
      vertex -20.760237760841846 3.1555823981761932 0
      vertex -20.719287984073162 3.4141290858387947 0
      vertex -5.134286507964134 0.8131910488009453 0
    endloop
  endfacet
  facet normal 0 0 -1
    outer loop
      vertex -20.719287984073162 3.4141290858387947 0
      vertex -20.5666361451149 4.237764693796635 0
      vertex -5.084691010415554 1.0807844400405884 0
    endloop
  endfacet
  facet normal 0 0 -1
    outer loop
      vertex -20.5666361451149 4.237764693796635 0
      vertex -20.512211211025715 4.493813879787922 0
      vertex -5.084691010415554 1.0807844400405884 0
    endloop
  endfacet
  facet normal 0 0 -1
    outer loop
      vertex -20.512211211025715 4.493813879787922 0
      vertex -20.316662818193436 5.308331549167633 0
      vertex -5.02115873247385 1.3454154282808304 0
    endloop
  endfacet
  facet normal 0 0 -1
    outer loop
      vertex -20.316662818193436 5.308331549167633 0
      vertex -20.248911894857883 5.56118144094944 0
      vertex -5.02115873247385 1.3454154282808304 0
    endloop
  endfacet
  facet normal 0 0 -1
    outer loop
      vertex -20.248911894857883 5.56118144094944 0
      vertex -20.01100293546915 6.364348627626896 0
      vertex -4.943863824009895 1.6063586696982384 0
    endloop
  endfacet
  facet normal 0 0 -1
    outer loop
      vertex -20.01100293546915 6.364348627626896 0
      vertex -19.930111721158028 6.613306187093258 0
      vertex -4.943863824009895 1.6063586696982384 0
    endloop
  endfacet
  facet normal 0 0 -1
    outer loop
      vertex -19.930111721158028 6.613306187093258 0
      vertex -19.650494277477264 7.402921497821808 0
      vertex -4.853018060326576 1.8628991842269897 0
    endloop
  endfacet
  facet normal 0 0 -1
    outer loop
      vertex -19.650494277477264 7.402921497821808 0
      vertex -19.556684486567974 7.647304363548756 0
      vertex -4.853018060326576 1.8628991842269897 0
    endloop
  endfacet
  facet normal 0 0 1
    outer loop
      vertex -19.236124984920025 8.421203456819057 0.2
      vertex -14.616727322281614 6.507786289212803 0.2
      vertex -19.129653751850128 8.660341762006283 0.2
    endloop
  endfacet
  facet normal 0 0 1
    outer loop
      vertex -19.129653751850128 8.660341762006283 0.2
      vertex -14.616727322281614 6.507786289212803 0.2
      vertex -18.769030816853046 9.416403472423553 0.2
    endloop
  endfacet
  facet normal 0 0 1
    outer loop
      vertex -18.769030816853046 9.416403472423553 0.2
      vertex -14.256104387013886 7.263847995832749 0.2
      vertex -18.65018993616104 9.649641826748848 0.2
    endloop
  endfacet
  facet normal 0 0 1
    outer loop
      vertex -18.65018993616104 9.649641826748848 0.2
      vertex -14.256104387013886 7.263847995832749 0.2
      vertex -18.2504920065403 10.385793827474117 0.2
    endloop
  endfacet
  facet normal 0 0 1
    outer loop
      vertex -18.2504920065403 10.385793827474117 0.2
      vertex -13.856406460551018 8 0.2
      vertex -18.11960729211569 10.612492799758911 0.2
    endloop
  endfacet
  facet normal 0 0 1
    outer loop
      vertex -18.11960729211569 10.612492799758911 0.2
      vertex -13.856406460551018 8 0.2
      vertex -17.681929923593998 11.326717361807823 0.2
    endloop
  endfacet
  facet normal 0 0 1
    outer loop
      vertex -17.681929923593998 11.326717361807823 0.2
      vertex -13.418729087126785 8.714224560240433 0.2
      vertex -17.539360016584396 11.546255767345428 0.2
    endloop
  endfacet
  facet normal -0.8386705688964066 0.5446390335506425 0
    outer loop
      vertex -17.681929923593998 11.326717361807823 0
      vertex -17.681929923593998 11.326717361807823 0.2
      vertex -17.539360016584396 11.546255767345428 0.2
    endloop
  endfacet
  facet normal -0.8386705688964066 0.5446390335506425 0
    outer loop
      vertex -17.681929923593998 11.326717361807823 0
      vertex -17.539360016584396 11.546255767345428 0.2
      vertex -17.539360016584396 11.546255767345428 0
    endloop
  endfacet
  facet normal -0.8241261856944364 0.566406241184487 0
    outer loop
      vertex -17.539360016584396 11.546255767345428 0
      vertex -17.539360016584396 11.546255767345428 0.2
      vertex -17.06490283459425 12.236595243215561 0.2
    endloop
  endfacet
  facet normal -0.8241261856944364 0.566406241184487 0
    outer loop
      vertex -17.539360016584396 11.546255767345428 0
      vertex -17.06490283459425 12.236595243215561 0.2
      vertex -17.06490283459425 12.236595243215561 0
    endloop
  endfacet
  facet normal -0.8090169984175049 0.5877852467283701 0
    outer loop
      vertex -17.06490283459425 12.236595243215561 0
      vertex -17.06490283459425 12.236595243215561 0.2
      vertex -16.911038607358932 12.448371186852455 0.2
    endloop
  endfacet
  facet normal -0.8090169984175049 0.5877852467283701 0
    outer loop
      vertex -17.06490283459425 12.236595243215561 0
      vertex -16.911038607358932 12.448371186852455 0.2
      vertex -16.911038607358932 12.448371186852455 0
    endloop
  endfacet
  facet normal -0.7933533394617678 0.6087614300897034 0
    outer loop
      vertex -16.911038607358932 12.448371186852455 0
      vertex -16.911038607358932 12.448371186852455 0.2
      vertex -16.4011020809412 13.112933404743671 0.2
    endloop
  endfacet
  facet normal -0.7933533394617678 0.6087614300897034 0
    outer loop
      vertex -16.911038607358932 12.448371186852455 0
      vertex -16.4011020809412 13.112933404743671 0.2
      vertex -16.4011020809412 13.112933404743671 0
    endloop
  endfacet
  facet normal -0.7771459560612669 0.629320397712977 0
    outer loop
      vertex -16.4011020809412 13.112933404743671 0
      vertex -16.4011020809412 13.112933404743671 0.2
      vertex -16.236365228891373 13.316366471350193 0.2
    endloop
  endfacet
  facet normal -0.7771459560612669 0.629320397712977 0
    outer loop
      vertex -16.4011020809412 13.112933404743671 0
      vertex -16.236365228891373 13.316366471350193 0.2
      vertex -16.236365228891373 13.316366471350193 0
    endloop
  endfacet
  facet normal 0 0 1
    outer loop
      vertex -18.769030816853046 9.416403472423553 0.2
      vertex -14.616727322281614 6.507786289212803 0.2
      vertex -14.256104387013886 7.263847995832749 0.2
    endloop
  endfacet
  facet normal 0 0 1
    outer loop
      vertex -18.2504920065403 10.385793827474117 0.2
      vertex -14.256104387013886 7.263847995832749 0.2
      vertex -13.856406460551018 8 0.2
    endloop
  endfacet
  facet normal 0 0 1
    outer loop
      vertex -17.539360016584396 11.546255767345428 0.2
      vertex -13.418729087126785 8.714224560240433 0.2
      vertex -17.06490283459425 12.236595243215561 0.2
    endloop
  endfacet
  facet normal 0 0 1
    outer loop
      vertex -17.681929923593998 11.326717361807823 0.2
      vertex -13.856406460551018 8 0.2
      vertex -13.418729087126785 8.714224560240433 0.2
    endloop
  endfacet
  facet normal 0 0 1
    outer loop
      vertex -17.06490283459425 12.236595243215561 0.2
      vertex -12.94427190999916 9.40456403667957 0.2
      vertex -16.911038607358932 12.448371186852455 0.2
    endloop
  endfacet
  facet normal 0 0 1
    outer loop
      vertex -16.911038607358932 12.448371186852455 0.2
      vertex -12.94427190999916 9.40456403667957 0.2
      vertex -16.4011020809412 13.112933404743671 0.2
    endloop
  endfacet
  facet normal -0.7604059751183021 0.64944803718572 0
    outer loop
      vertex -16.236365228891373 13.316366471350193 0
      vertex -16.236365228891373 13.316366471350193 0.2
      vertex -15.692347027361393 13.953329965472221 0.2
    endloop
  endfacet
  facet normal -0.7604059751183021 0.64944803718572 0
    outer loop
      vertex -16.236365228891373 13.316366471350193 0
      vertex -15.692347027361393 13.953329965472221 0.2
      vertex -15.692347027361393 13.953329965472221 0
    endloop
  endfacet
  facet normal -0.743144806890196 0.6691306270020325 0
    outer loop
      vertex -15.692347027361393 13.953329965472221 0
      vertex -15.692347027361393 13.953329965472221 0.2
      vertex -15.517189048230648 14.14786259829998 0.2
    endloop
  endfacet
  facet normal -0.743144806890196 0.6691306270020325 0
    outer loop
      vertex -15.692347027361393 13.953329965472221 0
      vertex -15.517189048230648 14.14786259829998 0.2
      vertex -15.517189048230648 14.14786259829998 0
    endloop
  endfacet
  facet normal 0 0 1
    outer loop
      vertex -16.4011020809412 13.112933404743671 0.2
      vertex -12.434335383311534 10.069126256797398 0.2
      vertex -16.236365228891373 13.316366471350193 0.2
    endloop
  endfacet
  facet normal 0 0 1
    outer loop
      vertex -16.236365228891373 13.316366471350193 0.2
      vertex -12.434335383311534 10.069126256797398 0.2
      vertex -15.692347027361393 13.953329965472221 0.2
    endloop
  endfacet
  facet normal -0.7253743682930414 0.6883545785592416 0
    outer loop
      vertex -15.517189048230648 14.14786259829998 0
      vertex -15.517189048230648 14.14786259829998 0.2
      vertex -14.94058033823967 14.755481392145157 0.2
    endloop
  endfacet
  facet normal -0.7253743682930414 0.6883545785592416 0
    outer loop
      vertex -15.517189048230648 14.14786259829998 0
      vertex -14.94058033823967 14.755481392145157 0.2
      vertex -14.94058033823967 14.755481392145157 0
    endloop
  endfacet
  facet normal -0.7071067811865475 0.7071067811865475 0
    outer loop
      vertex -14.94058033823967 14.755481392145157 0
      vertex -14.755481392145157 14.94058033823967 0.2
      vertex -14.755481392145157 14.94058033823967 0
    endloop
  endfacet
  facet normal -0.7071067811865475 0.7071067811865475 0
    outer loop
      vertex -14.94058033823967 14.755481392145157 0
      vertex -14.94058033823967 14.755481392145157 0.2
      vertex -14.755481392145157 14.94058033823967 0.2
    endloop
  endfacet
  facet normal 0 0 -1
    outer loop
      vertex -19.556684486567974 7.647304363548756 0
      vertex -19.236124984920025 8.421203456819057 0
      vertex -4.748870611190796 2.1143333688378334 0
    endloop
  endfacet
  facet normal 0 0 -1
    outer loop
      vertex -19.236124984920025 8.421203456819057 0
      vertex -19.129653751850128 8.660341762006283 0
      vertex -4.748870611190796 2.1143333688378334 0
    endloop
  endfacet
  facet normal 0 0 -1
    outer loop
      vertex -19.129653751850128 8.660341762006283 0
      vertex -18.769030816853046 9.416403472423553 0
      vertex -4.63170675188303 2.359972506761551 0
    endloop
  endfacet
  facet normal 0 0 -1
    outer loop
      vertex -18.769030816853046 9.416403472423553 0
      vertex -18.65018993616104 9.649641826748848 0
      vertex -4.63170675188303 2.359972506761551 0
    endloop
  endfacet
  facet normal 0 0 -1
    outer loop
      vertex -18.65018993616104 9.649641826748848 0
      vertex -18.2504920065403 10.385793827474117 0
      vertex -4.501847803592682 2.59914293885231 0
    endloop
  endfacet
  facet normal 0 0 1
    outer loop
      vertex -17.06490283459425 12.236595243215561 0.2
      vertex -13.418729087126785 8.714224560240433 0.2
      vertex -12.94427190999916 9.40456403667957 0.2
    endloop
  endfacet
  facet normal 0 0 1
    outer loop
      vertex -16.4011020809412 13.112933404743671 0.2
      vertex -12.94427190999916 9.40456403667957 0.2
      vertex -12.434335383311534 10.069126256797398 0.2
    endloop
  endfacet
  facet normal 0 0 -1
    outer loop
      vertex -18.2504920065403 10.385793827474117 0
      vertex -18.11960729211569 10.612492799758911 0
      vertex -4.501847803592682 2.59914293885231 0
    endloop
  endfacet
  facet normal 0 0 -1
    outer loop
      vertex -18.11960729211569 10.612492799758911 0
      vertex -17.681929923593998 11.326717361807823 0
      vertex -4.359649419784546 2.831189602613449 0
    endloop
  endfacet
  facet normal 0 0 -1
    outer loop
      vertex -17.681929923593998 11.326717361807823 0
      vertex -17.539360016584396 11.546255767345428 0
      vertex -4.359649419784546 2.831189602613449 0
    endloop
  endfacet
  facet normal 0 0 1
    outer loop
      vertex -15.692347027361393 13.953329965472221 0.2
      vertex -11.890317207638308 10.706089701741732 0.2
      vertex -15.517189048230648 14.14786259829998 0.2
    endloop
  endfacet
  facet normal 0 0 1
    outer loop
      vertex -15.517189048230648 14.14786259829998 0.2
      vertex -11.890317207638308 10.706089701741732 0.2
      vertex -14.94058033823967 14.755481392145157 0.2
    endloop
  endfacet
  facet normal 0 0 1
    outer loop
      vertex -15.692347027361393 13.953329965472221 0.2
      vertex -12.434335383311534 10.069126256797398 0.2
      vertex -11.890317207638308 10.706089701741732 0.2
    endloop
  endfacet
  facet normal 0 0 1
    outer loop
      vertex -14.94058033823967 14.755481392145157 0.2
      vertex -11.313708498984761 11.313708498984761 0.2
      vertex -14.755481392145157 14.94058033823967 0.2
    endloop
  endfacet
  facet normal 0 0 1
    outer loop
      vertex -14.755481392145157 14.94058033823967 0.2
      vertex -11.313708498984761 11.313708498984761 0.2
      vertex -14.147862561047077 15.517189085483551 0.2
    endloop
  endfacet
  facet normal 0 0 -1
    outer loop
      vertex -17.539360016584396 11.546255767345428 0
      vertex -17.06490283459425 12.236595243215561 0
      vertex -4.205501735210419 3.0554758831858635 0
    endloop
  endfacet
  facet normal 0 0 -1
    outer loop
      vertex -17.06490283459425 12.236595243215561 0
      vertex -16.911038607358932 12.448371186852455 0
      vertex -4.205501735210419 3.0554758831858635 0
    endloop
  endfacet
  facet normal 0 0 -1
    outer loop
      vertex -16.911038607358932 12.448371186852455 0
      vertex -16.4011020809412 13.112933404743671 0
      vertex -4.039827026426792 3.271387368440628 0
    endloop
  endfacet
  facet normal 0 0 -1
    outer loop
      vertex -16.4011020809412 13.112933404743671 0
      vertex -16.236365228891373 13.316366471350193 0
      vertex -4.039827026426792 3.271387368440628 0
    endloop
  endfacet
  facet normal 0 0 -1
    outer loop
      vertex -16.236365228891373 13.316366471350193 0
      vertex -15.692347027361393 13.953329965472221 0
      vertex -3.863079383969307 3.4783322662115097 0
    endloop
  endfacet
  facet normal 0 0 -1
    outer loop
      vertex -15.692347027361393 13.953329965472221 0
      vertex -15.517189048230648 14.14786259829998 0
      vertex -3.863079383969307 3.4783322662115097 0
    endloop
  endfacet
  facet normal 0 0 1
    outer loop
      vertex -14.94058033823967 14.755481392145157 0.2
      vertex -11.890317207638308 10.706089701741732 0.2
      vertex -11.313708498984761 11.313708498984761 0.2
    endloop
  endfacet
  facet normal 0 0 1
    outer loop
      vertex -14.147862561047077 15.517189085483551 0.2
      vertex -10.706089701741732 11.890317207638308 0.2
      vertex -13.953329920768738 15.692347057163715 0.2
    endloop
  endfacet
  facet normal 0 0 1
    outer loop
      vertex -13.953329920768738 15.692347057163715 0.2
      vertex -10.706089701741732 11.890317207638308 0.2
      vertex -13.316366471350193 16.236365228891373 0.2
    endloop
  endfacet
  facet normal 0 0 1
    outer loop
      vertex -13.316366471350193 16.236365228891373 0.2
      vertex -10.706089701741732 11.890317207638308 0.2
      vertex -13.112933404743671 16.4011020809412 0.2
    endloop
  endfacet
  facet normal 0 0 1
    outer loop
      vertex -14.147862561047077 15.517189085483551 0.2
      vertex -11.313708498984761 11.313708498984761 0.2
      vertex -10.706089701741732 11.890317207638308 0.2
    endloop
  endfacet
  facet normal 0 0 -1
    outer loop
      vertex -20.99828662723303 0.13088475167751312 0
      vertex -5.191161960363388 0.2720572501420975 0
      vertex -5.198286034166813 0 0
    endloop
  endfacet
  facet normal 0 0 -1
    outer loop
      vertex -20.96265922486782 1.2296707555651665 0
      vertex -5.169809266924858 0.5433689430356026 0
      vertex -5.191161960363388 0.2720572501420975 0
    endloop
  endfacet
  facet normal 0 0 -1
    outer loop
      vertex -20.869574636220932 2.325086370110512 0
      vertex -5.134286507964134 0.8131910488009453 0
      vertex -5.169809266924858 0.5433689430356026 0
    endloop
  endfacet
  facet normal 0 0 -1
    outer loop
      vertex -20.719287984073162 3.4141290858387947 0
      vertex -5.084691010415554 1.0807844400405884 0
      vertex -5.134286507964134 0.8131910488009453 0
    endloop
  endfacet
  facet normal 0 0 -1
    outer loop
      vertex -20.512211211025715 4.493813879787922 0
      vertex -5.02115873247385 1.3454154282808304 0
      vertex -5.084691010415554 1.0807844400405884 0
    endloop
  endfacet
  facet normal 0 0 -1
    outer loop
      vertex -20.248911894857883 5.56118144094944 0
      vertex -4.943863824009895 1.6063586696982384 0
      vertex -5.02115873247385 1.3454154282808304 0
    endloop
  endfacet
  facet normal 0 0 -1
    outer loop
      vertex -19.930111721158028 6.613306187093258 0
      vertex -4.853018060326576 1.8628991842269897 0
      vertex -4.943863824009895 1.6063586696982384 0
    endloop
  endfacet
  facet normal 0 0 1
    outer loop
      vertex -5.198286034166813 0 0.2
      vertex -10.186021254496652 0.5338267536780271 0.2
      vertex -10.2 0 0.2
    endloop
  endfacet
  facet normal 0 0 1
    outer loop
      vertex -5.191161960363388 0.2720572501420975 0.2
      vertex -10.144123332756386 1.0661903253300653 0.2
      vertex -10.186021254496652 0.5338267536780271 0.2
    endloop
  endfacet
  facet normal 0 0 1
    outer loop
      vertex -5.169809266924858 0.5433689430356026 0.2
      vertex -10.074421074070404 1.5956315434103547 0.2
      vertex -10.144123332756386 1.0661903253300653 0.2
    endloop
  endfacet
  facet normal 0 0 1
    outer loop
      vertex -5.134286507964134 0.8131910488009453 0.2
      vertex -9.977105527484817 2.120699246341145 0.2
      vertex -10.074421074070404 1.5956315434103547 0.2
    endloop
  endfacet
  facet normal 0 0 1
    outer loop
      vertex -5.084691010415554 1.0807844400405884 0.2
      vertex -9.852443428148495 2.6399542600457115 0.2
      vertex -9.977105527484817 2.120699246341145 0.2
    endloop
  endfacet
  facet normal 0 0 -1
    outer loop
      vertex -19.556684486567974 7.647304363548756 0
      vertex -4.748870611190796 2.1143333688378334 0
      vertex -4.853018060326576 1.8628991842269897 0
    endloop
  endfacet
  facet normal 0 0 -1
    outer loop
      vertex -19.129653751850128 8.660341762006283 0
      vertex -4.63170675188303 2.359972506761551 0
      vertex -4.748870611190796 2.1143333688378334 0
    endloop
  endfacet
  facet normal 0 0 -1
    outer loop
      vertex -18.65018993616104 9.649641826748848 0
      vertex -4.501847803592682 2.59914293885231 0
      vertex -4.63170675188303 2.359972506761551 0
    endloop
  endfacet
  facet normal 0 0 -1
    outer loop
      vertex -18.11960729211569 10.612492799758911 0
      vertex -4.359649419784546 2.831189602613449 0
      vertex -4.501847803592682 2.59914293885231 0
    endloop
  endfacet
  facet normal 0 0 -1
    outer loop
      vertex -17.539360016584396 11.546255767345428 0
      vertex -4.205501735210419 3.0554758831858635 0
      vertex -4.359649419784546 2.831189602613449 0
    endloop
  endfacet
  facet normal 0 0 -1
    outer loop
      vertex -16.911038607358932 12.448371186852455 0
      vertex -4.039827026426792 3.271387368440628 0
      vertex -4.205501735210419 3.0554758831858635 0
    endloop
  endfacet
  facet normal 0 0 -1
    outer loop
      vertex -15.517189048230648 14.14786259829998 0
      vertex -14.94058033823967 14.755481392145157 0
      vertex -3.67574330419302 3.67574330419302 0
    endloop
  endfacet
  facet normal 0 0 -1
    outer loop
      vertex -14.94058033823967 14.755481392145157 0
      vertex -14.755481392145157 14.94058033823967 0
      vertex -3.67574330419302 3.67574330419302 0
    endloop
  endfacet
  facet normal 0 0 -1
    outer loop
      vertex -14.755481392145157 14.94058033823967 0
      vertex -14.147862561047077 15.517189085483551 0
      vertex -3.67574330419302 3.67574330419302 0
    endloop
  endfacet
  facet normal 0 0 1
    outer loop
      vertex -13.112933404743671 16.4011020809412 0.2
      vertex -10.706089701741732 11.890317207638308 0.2
      vertex -10.069126256797398 12.434335383311534 0.2
    endloop
  endfacet
  facet normal 0 0 1
    outer loop
      vertex -13 16.487758927047253 0.2
      vertex -10.069126256797398 12.434335383311534 0.2
      vertex -9.40456403667957 12.94427190999916 0.2
    endloop
  endfacet
  facet normal 0 0 -1
    outer loop
      vertex -14.147862561047077 15.517189085483551 0
      vertex -13.953329920768738 15.692347057163715 0
      vertex -3.67574330419302 3.67574330419302 0
    endloop
  endfacet
  facet normal 0 0 -1
    outer loop
      vertex -13.953329920768738 15.692347057163715 0
      vertex -13.316366471350193 16.236365228891373 0
      vertex -3.67574330419302 3.67574330419302 0
    endloop
  endfacet
  facet normal 0 0 -1
    outer loop
      vertex -13.316366471350193 16.236365228891373 0
      vertex -13.112933404743671 16.4011020809412 0
      vertex -3.67574330419302 3.67574330419302 0
    endloop
  endfacet
  facet normal 0 0 -1
    outer loop
      vertex -13.112933404743671 16.4011020809412 0
      vertex -13 16.487758927047253 0
      vertex -3.67574330419302 3.67574330419302 0
    endloop
  endfacet
  facet normal 0 0 1
    outer loop
      vertex -13 16.487758927047253 0.2
      vertex -9.40456403667957 12.94427190999916 0.2
      vertex -8.714224560240433 13.418729087126785 0.2
    endloop
  endfacet
  facet normal 0 0 -1
    outer loop
      vertex -13 16.487758927047253 0
      vertex -13 22 0
      vertex -3.67574330419302 3.67574330419302 0
    endloop
  endfacet
  facet normal -0.6883545797534696 0.7253743671597612 0
    outer loop
      vertex -14.755481392145157 14.94058033823967 0
      vertex -14.755481392145157 14.94058033823967 0.2
      vertex -14.147862561047077 15.517189085483551 0.2
    endloop
  endfacet
  facet normal -0.6883545797534696 0.7253743671597612 0
    outer loop
      vertex -14.755481392145157 14.94058033823967 0
      vertex -14.147862561047077 15.517189085483551 0.2
      vertex -14.147862561047077 15.517189085483551 0
    endloop
  endfacet
  facet normal -0.6691305971300561 0.743144833787045 0
    outer loop
      vertex -14.147862561047077 15.517189085483551 0
      vertex -13.953329920768738 15.692347057163715 0.2
      vertex -13.953329920768738 15.692347057163715 0
    endloop
  endfacet
  facet normal -0.6691305971300561 0.743144833787045 0
    outer loop
      vertex -14.147862561047077 15.517189085483551 0
      vertex -14.147862561047077 15.517189085483551 0.2
      vertex -13.953329920768738 15.692347057163715 0.2
    endloop
  endfacet
  facet normal -0.6494480429688828 0.7604059701790143 0
    outer loop
      vertex -13.953329920768738 15.692347057163715 0
      vertex -13.953329920768738 15.692347057163715 0.2
      vertex -13.316366471350193 16.236365228891373 0.2
    endloop
  endfacet
  facet normal -0.6494480429688828 0.7604059701790143 0
    outer loop
      vertex -13.953329920768738 15.692347057163715 0
      vertex -13.316366471350193 16.236365228891373 0.2
      vertex -13.316366471350193 16.236365228891373 0
    endloop
  endfacet
  facet normal -0.629320397712977 0.7771459560612669 0
    outer loop
      vertex -13.316366471350193 16.236365228891373 0
      vertex -13.316366471350193 16.236365228891373 0.2
      vertex -13.112933404743671 16.4011020809412 0.2
    endloop
  endfacet
  facet normal -0.629320397712977 0.7771459560612669 0
    outer loop
      vertex -13.316366471350193 16.236365228891373 0
      vertex -13.112933404743671 16.4011020809412 0.2
      vertex -13.112933404743671 16.4011020809412 0
    endloop
  endfacet
  facet normal -0.6087614148679847 0.7933533511418033 0
    outer loop
      vertex -13.112933404743671 16.4011020809412 0
      vertex -13 16.487758927047253 0.2
      vertex -13 16.487758927047253 0
    endloop
  endfacet
  facet normal -0.6087614148679847 0.7933533511418033 0
    outer loop
      vertex -13.112933404743671 16.4011020809412 0
      vertex -13.112933404743671 16.4011020809412 0.2
      vertex -13 16.487758927047253 0.2
    endloop
  endfacet
  facet normal -1 0 0
    outer loop
      vertex -13 16.487758927047253 0
      vertex -13 16.487758927047253 0.2
      vertex -13 22 0.2
    endloop
  endfacet
  facet normal -1 0 0
    outer loop
      vertex -13 16.487758927047253 0
      vertex -13 22 0.2
      vertex -13 22 0
    endloop
  endfacet
  facet normal -0.9999143277545138 0.013089581782417202 0
    outer loop
      vertex -13 22 0
      vertex -12.998286627233028 22.13088469952345 0.2
      vertex -12.998286627233028 22.13088469952345 0
    endloop
  endfacet
  facet normal -0.9999143277545138 0.013089581782417202 0
    outer loop
      vertex -13 22 0
      vertex -13 22 0.2
      vertex -12.998286627233028 22.13088469952345 0.2
    endloop
  endfacet
  facet normal 0 0 1
    outer loop
      vertex -13.112933404743671 16.4011020809412 0.2
      vertex -10.069126256797398 12.434335383311534 0.2
      vertex -13 16.487758927047253 0.2
    endloop
  endfacet
  facet normal 0 0 1
    outer loop
      vertex -13 16.487758927047253 0.2
      vertex -8.714224560240433 13.418729087126785 0.2
      vertex -13 22 0.2
    endloop
  endfacet
  facet normal -0.9996573252360504 0.026176938360043724 0
    outer loop
      vertex -12.998286627233028 22.13088469952345 0
      vertex -12.994175232946873 22.287892572581768 0.2
      vertex -12.994175232946873 22.287892572581768 0
    endloop
  endfacet
  facet normal -0.9996573252360504 0.026176938360043724 0
    outer loop
      vertex -12.998286627233028 22.13088469952345 0
      vertex -12.998286627233028 22.13088469952345 0.2
      vertex -12.994175232946873 22.287892572581768 0.2
    endloop
  endfacet
  facet normal -0.9986295347331153 0.052335956652397056 0
    outer loop
      vertex -12.994175232946873 22.287892572581768 0
      vertex -12.980475276708603 22.54930330812931 0.2
      vertex -12.980475276708603 22.54930330812931 0
    endloop
  endfacet
  facet normal -0.9986295347331153 0.052335956652397056 0
    outer loop
      vertex -12.994175232946873 22.287892572581768 0
      vertex -12.994175232946873 22.287892572581768 0.2
      vertex -12.980475276708603 22.54930330812931 0.2
    endloop
  endfacet
  facet normal 0 0 1
    outer loop
      vertex -13 22 0.2
      vertex -8.714224560240433 13.418729087126785 0.2
      vertex -12.998286627233028 22.13088469952345 0.2
    endloop
  endfacet
  facet normal 0 0 1
    outer loop
      vertex -12.998286627233028 22.13088469952345 0.2
      vertex -8.714224560240433 13.418729087126785 0.2
      vertex -12.994175232946873 22.287892572581768 0.2
    endloop
  endfacet
  facet normal 0 0 1
    outer loop
      vertex -12.994175232946873 22.287892572581768 0.2
      vertex -8.714224560240433 13.418729087126785 0.2
      vertex -12.980475276708603 22.54930330812931 0.2
    endloop
  endfacet
  facet normal 0 0 1
    outer loop
      vertex -12.980475276708603 22.54930330812931 0.2
      vertex -8.714224560240433 13.418729087126785 0.2
      vertex -12.968152359127998 22.70588083565235 0.2
    endloop
  endfacet
  facet normal 0 0 1
    outer loop
      vertex -12.968152359127998 22.70588083565235 0.2
      vertex -8.714224560240433 13.418729087126785 0.2
      vertex -12.940789975225925 22.9662164747715 0.2
    endloop
  endfacet
  facet normal 0 0 1
    outer loop
      vertex -12.940789975225925 22.9662164747715 0.2
      vertex -8.714224560240433 13.418729087126785 0.2
      vertex -12.920289307832718 23.121934473514557 0.2
    endloop
  endfacet
  facet normal 0 0 1
    outer loop
      vertex -12.920289307832718 23.121934473514557 0.2
      vertex -8.714224560240433 13.418729087126785 0.2
      vertex -12.879339568316936 23.38048094511032 0.2
    endloop
  endfacet
  facet normal 0 0 1
    outer loop
      vertex -12.879339568316936 23.38048094511032 0.2
      vertex -8.714224560240433 13.418729087126785 0.2
      vertex -12.850717321038246 23.534912794828415 0.2
    endloop
  endfacet
  facet normal 0 0 1
    outer loop
      vertex -12.850717321038246 23.534912794828415 0.2
      vertex -8.714224560240433 13.418729087126785 0.2
      vertex -12.796292379498482 23.790961988270283 0.2
    endloop
  endfacet
  facet normal 0 0 1
    outer loop
      vertex -12.796292379498482 23.790961988270283 0.2
      vertex -8.714224560240433 13.418729087126785 0.2
      vertex -12.759627051651478 23.943684056401253 0.2
    endloop
  endfacet
  facet normal -0.9969173342738784 0.07845908885695775 0
    outer loop
      vertex -12.980475276708603 22.54930330812931 0
      vertex -12.968152359127998 22.70588083565235 0.2
      vertex -12.968152359127998 22.70588083565235 0
    endloop
  endfacet
  facet normal -0.9969173342738784 0.07845908885695775 0
    outer loop
      vertex -12.980475276708603 22.54930330812931 0
      vertex -12.980475276708603 22.54930330812931 0.2
      vertex -12.968152359127998 22.70588083565235 0.2
    endloop
  endfacet
  facet normal -0.9945218931284543 0.10452848457810535 0
    outer loop
      vertex -12.968152359127998 22.70588083565235 0
      vertex -12.940789975225925 22.9662164747715 0.2
      vertex -12.940789975225925 22.9662164747715 0
    endloop
  endfacet
  facet normal -0.9945218931284543 0.10452848457810535 0
    outer loop
      vertex -12.968152359127998 22.70588083565235 0
      vertex -12.968152359127998 22.70588083565235 0.2
      vertex -12.940789975225925 22.9662164747715 0.2
    endloop
  endfacet
  facet normal -0.9914448581280001 0.1305262168744266 0
    outer loop
      vertex -12.940789975225925 22.9662164747715 0
      vertex -12.920289307832718 23.121934473514557 0.2
      vertex -12.920289307832718 23.121934473514557 0
    endloop
  endfacet
  facet normal -0.9914448581280001 0.1305262168744266 0
    outer loop
      vertex -12.940789975225925 22.9662164747715 0
      vertex -12.940789975225925 22.9662164747715 0.2
      vertex -12.920289307832718 23.121934473514557 0.2
    endloop
  endfacet
  facet normal -0.9876883398194337 0.1564344699378331 0
    outer loop
      vertex -12.920289307832718 23.121934473514557 0
      vertex -12.920289307832718 23.121934473514557 0.2
      vertex -12.879339568316936 23.38048094511032 0.2
    endloop
  endfacet
  facet normal -0.9876883398194337 0.1564344699378331 0
    outer loop
      vertex -12.920289307832718 23.121934473514557 0
      vertex -12.879339568316936 23.38048094511032 0.2
      vertex -12.879339568316936 23.38048094511032 0
    endloop
  endfacet
  facet normal -0.983254912418351 0.1822354993001661 0
    outer loop
      vertex -12.879339568316936 23.38048094511032 0
      vertex -12.879339568316936 23.38048094511032 0.2
      vertex -12.850717321038246 23.534912794828415 0.2
    endloop
  endfacet
  facet normal -0.983254912418351 0.1822354993001661 0
    outer loop
      vertex -12.879339568316936 23.38048094511032 0
      vertex -12.850717321038246 23.534912794828415 0.2
      vertex -12.850717321038246 23.534912794828415 0
    endloop
  endfacet
  facet normal -0.9781475965670047 0.20791171042101583 0
    outer loop
      vertex -12.850717321038246 23.534912794828415 0
      vertex -12.850717321038246 23.534912794828415 0.2
      vertex -12.796292379498482 23.790961988270283 0.2
    endloop
  endfacet
  facet normal -0.9781475965670047 0.20791171042101583 0
    outer loop
      vertex -12.850717321038246 23.534912794828415 0
      vertex -12.796292379498482 23.790961988270283 0.2
      vertex -12.796292379498482 23.790961988270283 0
    endloop
  endfacet
  facet normal -0.9723699157063979 0.23344538339648674 0
    outer loop
      vertex -12.796292379498482 23.790961988270283 0
      vertex -12.759627051651478 23.943684056401253 0.2
      vertex -12.759627051651478 23.943684056401253 0
    endloop
  endfacet
  facet normal -0.9723699157063979 0.23344538339648674 0
    outer loop
      vertex -12.796292379498482 23.790961988270283 0
      vertex -12.796292379498482 23.790961988270283 0.2
      vertex -12.759627051651478 23.943684056401253 0.2
    endloop
  endfacet
  facet normal -0.9659258275929582 0.25881904023633706 0
    outer loop
      vertex -12.759627051651478 23.943684056401253 0
      vertex -12.691876150667667 24.196533866226673 0.2
      vertex -12.691876150667667 24.196533866226673 0
    endloop
  endfacet
  facet normal -0.9659258275929582 0.25881904023633706 0
    outer loop
      vertex -12.759627051651478 23.943684056401253 0
      vertex -12.759627051651478 23.943684056401253 0.2
      vertex -12.691876150667667 24.196533866226673 0.2
    endloop
  endfacet
  facet normal -0.9588197346341912 0.28401534549389984 0
    outer loop
      vertex -12.691876150667667 24.196533866226673 0
      vertex -12.64726822078228 24.347127713263035 0.2
      vertex -12.64726822078228 24.347127713263035 0
    endloop
  endfacet
  facet normal -0.9588197346341912 0.28401534549389984 0
    outer loop
      vertex -12.691876150667667 24.196533866226673 0
      vertex -12.691876150667667 24.196533866226673 0.2
      vertex -12.64726822078228 24.347127713263035 0.2
    endloop
  endfacet
  facet normal -0.9510565111799408 0.3090170101179532 0
    outer loop
      vertex -12.64726822078228 24.347127713263035 0
      vertex -12.64726822078228 24.347127713263035 0.2
      vertex -12.566377006471157 24.596085257828236 0.2
    endloop
  endfacet
  facet normal -0.9510565111799408 0.3090170101179532 0
    outer loop
      vertex -12.64726822078228 24.347127713263035 0
      vertex -12.566377006471157 24.596085257828236 0.2
      vertex -12.566377006471157 24.596085257828236 0
    endloop
  endfacet
  facet normal -0.9426414928622097 0.3338068542353568 0
    outer loop
      vertex -12.566377006471157 24.596085257828236 0
      vertex -12.513948738574982 24.74413812160492 0.2
      vertex -12.513948738574982 24.74413812160492 0
    endloop
  endfacet
  facet normal -0.9426414928622097 0.3338068542353568 0
    outer loop
      vertex -12.566377006471157 24.596085257828236 0
      vertex -12.566377006471157 24.596085257828236 0.2
      vertex -12.513948738574982 24.74413812160492 0.2
    endloop
  endfacet
  facet normal -0.9335804297569879 0.3583679410532671 0
    outer loop
      vertex -12.513948738574982 24.74413812160492 0
      vertex -12.513948738574982 24.74413812160492 0.2
      vertex -12.42013892531395 24.988521046936512 0.2
    endloop
  endfacet
  facet normal -0.9335804297569879 0.3583679410532671 0
    outer loop
      vertex -12.513948738574982 24.74413812160492 0
      vertex -12.42013892531395 24.988521046936512 0.2
      vertex -12.42013892531395 24.988521046936512 0
    endloop
  endfacet
  facet normal -0.92387952935444 0.38268343998639204 0
    outer loop
      vertex -12.42013892531395 24.988521046936512 0
      vertex -12.42013892531395 24.988521046936512 0.2
      vertex -12.360034018754959 25.133627124130726 0.2
    endloop
  endfacet
  facet normal -0.92387952935444 0.38268343998639204 0
    outer loop
      vertex -12.42013892531395 24.988521046936512 0
      vertex -12.360034018754959 25.133627124130726 0.2
      vertex -12.360034018754959 25.133627124130726 0
    endloop
  endfacet
  facet normal -0.9135454601057246 0.4067366375435338 0
    outer loop
      vertex -12.360034018754959 25.133627124130726 0
      vertex -12.360034018754959 25.133627124130726 0.2
      vertex -12.253562830388546 25.372765332460403 0.2
    endloop
  endfacet
  facet normal -0.9135454601057246 0.4067366375435338 0
    outer loop
      vertex -12.360034018754959 25.133627124130726 0
      vertex -12.253562830388546 25.372765332460403 0.2
      vertex -12.253562830388546 25.372765332460403 0
    endloop
  endfacet
  facet normal -0.9025852916253637 0.4305110815548853 0
    outer loop
      vertex -12.253562830388546 25.372765332460403 0
      vertex -12.1859460324049 25.514526903629303 0.2
      vertex -12.1859460324049 25.514526903629303 0
    endloop
  endfacet
  facet normal -0.9025852916253637 0.4305110815548853 0
    outer loop
      vertex -12.253562830388546 25.372765332460403 0
      vertex -12.253562830388546 25.372765332460403 0.2
      vertex -12.1859460324049 25.514526903629303 0.2
    endloop
  endfacet
  facet normal -0.8910065259513721 0.45399049627945604 0
    outer loop
      vertex -12.1859460324049 25.514526903629303 0
      vertex -12.067105114459991 25.747765339910984 0.2
      vertex -12.067105114459991 25.747765339910984 0
    endloop
  endfacet
  facet normal -0.8910065259513721 0.45399049627945604 0
    outer loop
      vertex -12.1859460324049 25.514526903629303 0
      vertex -12.1859460324049 25.514526903629303 0.2
      vertex -12.067105114459991 25.747765339910984 0.2
    endloop
  endfacet
  facet normal -0.8788171085477188 0.4771587678371079 0
    outer loop
      vertex -12.067105114459991 25.747765339910984 0
      vertex -11.992161750793457 25.88579384237528 0.2
      vertex -11.992161750793457 25.88579384237528 0
    endloop
  endfacet
  facet normal -0.8788171085477188 0.4771587678371079 0
    outer loop
      vertex -12.067105114459991 25.747765339910984 0
      vertex -12.067105114459991 25.747765339910984 0.2
      vertex -11.992161750793457 25.88579384237528 0.2
    endloop
  endfacet
  facet normal -0.8660254168889491 0.4999999773023215 0
    outer loop
      vertex -11.992161750793457 25.88579384237528 0
      vertex -11.992161750793457 25.88579384237528 0.2
      vertex -11.861277140676975 26.1124926507473 0.2
    endloop
  endfacet
  facet normal -0.8660254168889491 0.4999999773023215 0
    outer loop
      vertex -11.992161750793457 25.88579384237528 0
      vertex -11.861277140676975 26.1124926507473 0.2
      vertex -11.861277140676975 26.1124926507473 0
    endloop
  endfacet
  facet normal -0.8526401834861198 0.5224985334953158 0
    outer loop
      vertex -11.861277140676975 26.1124926507473 0
      vertex -11.779212459921837 26.24641004949808 0.2
      vertex -11.779212459921837 26.24641004949808 0
    endloop
  endfacet
  facet normal -0.8526401834861198 0.5224985334953158 0
    outer loop
      vertex -11.861277140676975 26.1124926507473 0
      vertex -11.861277140676975 26.1124926507473 0.2
      vertex -11.779212459921837 26.24641004949808 0.2
    endloop
  endfacet
  facet normal -0.8386705572418652 0.5446390514970618 0
    outer loop
      vertex -11.779212459921837 26.24641004949808 0
      vertex -11.779212459921837 26.24641004949808 0.2
      vertex -11.636642575263977 26.465948410332203 0.2
    endloop
  endfacet
  facet normal -0.8386705572418652 0.5446390514970618 0
    outer loop
      vertex -11.779212459921837 26.24641004949808 0
      vertex -11.636642575263977 26.465948410332203 0.2
      vertex -11.636642575263977 26.465948410332203 0
    endloop
  endfacet
  facet normal -0.8241261728965003 0.566406259805599 0
    outer loop
      vertex -11.636642575263977 26.465948410332203 0
      vertex -11.636642575263977 26.465948410332203 0.2
      vertex -11.547681853175163 26.595387056469917 0.2
    endloop
  endfacet
  facet normal -0.8241261728965003 0.566406259805599 0
    outer loop
      vertex -11.636642575263977 26.465948410332203 0
      vertex -11.547681853175163 26.595387056469917 0.2
      vertex -11.547681853175163 26.595387056469917 0
    endloop
  endfacet
  facet normal -0.8090169788591934 0.5877852736480758 0
    outer loop
      vertex -11.547681853175163 26.595387056469917 0
      vertex -11.547681853175163 26.595387056469917 0.2
      vertex -11.39381768554449 26.807162903249264 0.2
    endloop
  endfacet
  facet normal -0.8090169788591934 0.5877852736480758 0
    outer loop
      vertex -11.547681853175163 26.595387056469917 0
      vertex -11.39381768554449 26.807162903249264 0.2
      vertex -11.39381768554449 26.807162903249264 0
    endloop
  endfacet
  facet normal 0 0 -1
    outer loop
      vertex -13 22 0
      vertex -12.998286627233028 22.13088469952345 0
      vertex -3.67574330419302 3.67574330419302 0
    endloop
  endfacet
  facet normal 0 0 -1
    outer loop
      vertex -12.998286627233028 22.13088469952345 0
      vertex -12.994175232946873 22.287892572581768 0
      vertex -3.67574330419302 3.67574330419302 0
    endloop
  endfacet
  facet normal 0 0 -1
    outer loop
      vertex -12.994175232946873 22.287892572581768 0
      vertex -12.980475276708603 22.54930330812931 0
      vertex -3.67574330419302 3.67574330419302 0
    endloop
  endfacet
  facet normal 0 0 -1
    outer loop
      vertex -12.980475276708603 22.54930330812931 0
      vertex -12.968152359127998 22.70588083565235 0
      vertex -3.67574330419302 3.67574330419302 0
    endloop
  endfacet
  facet normal 0 0 -1
    outer loop
      vertex -12.968152359127998 22.70588083565235 0
      vertex -12.940789975225925 22.9662164747715 0
      vertex -3.67574330419302 3.67574330419302 0
    endloop
  endfacet
  facet normal 0 0 -1
    outer loop
      vertex -12.940789975225925 22.9662164747715 0
      vertex -12.920289307832718 23.121934473514557 0
      vertex -3.67574330419302 3.67574330419302 0
    endloop
  endfacet
  facet normal 0 0 -1
    outer loop
      vertex -12.920289307832718 23.121934473514557 0
      vertex -12.879339568316936 23.38048094511032 0
      vertex -3.67574330419302 3.67574330419302 0
    endloop
  endfacet
  facet normal 0 0 -1
    outer loop
      vertex -12.879339568316936 23.38048094511032 0
      vertex -12.850717321038246 23.534912794828415 0
      vertex -3.67574330419302 3.67574330419302 0
    endloop
  endfacet
  facet normal 0 0 1
    outer loop
      vertex -12.759627051651478 23.943684056401253 0.2
      vertex -8.714224560240433 13.418729087126785 0.2
      vertex -12.691876150667667 24.196533866226673 0.2
    endloop
  endfacet
  facet normal 0 0 1
    outer loop
      vertex -12.691876150667667 24.196533866226673 0.2
      vertex -8.714224560240433 13.418729087126785 0.2
      vertex -12.64726822078228 24.347127713263035 0.2
    endloop
  endfacet
  facet normal 0 0 1
    outer loop
      vertex -12.64726822078228 24.347127713263035 0.2
      vertex -8.714224560240433 13.418729087126785 0.2
      vertex -12.566377006471157 24.596085257828236 0.2
    endloop
  endfacet
  facet normal 0 0 1
    outer loop
      vertex -12.566377006471157 24.596085257828236 0.2
      vertex -8 13.856406460551018 0.2
      vertex -12.513948738574982 24.74413812160492 0.2
    endloop
  endfacet
  facet normal 0 0 1
    outer loop
      vertex -12.513948738574982 24.74413812160492 0.2
      vertex -8 13.856406460551018 0.2
      vertex -12.42013892531395 24.988521046936512 0.2
    endloop
  endfacet
  facet normal 0 0 1
    outer loop
      vertex -12.42013892531395 24.988521046936512 0.2
      vertex -8 13.856406460551018 0.2
      vertex -12.360034018754959 25.133627124130726 0.2
    endloop
  endfacet
  facet normal 0 0 1
    outer loop
      vertex -12.360034018754959 25.133627124130726 0.2
      vertex -8 13.856406460551018 0.2
      vertex -12.253562830388546 25.372765332460403 0.2
    endloop
  endfacet
  facet normal 0 0 1
    outer loop
      vertex -12.253562830388546 25.372765332460403 0.2
      vertex -8 13.856406460551018 0.2
      vertex -12.1859460324049 25.514526903629303 0.2
    endloop
  endfacet
  facet normal 0 0 1
    outer loop
      vertex -12.1859460324049 25.514526903629303 0.2
      vertex -8 13.856406460551018 0.2
      vertex -12.067105114459991 25.747765339910984 0.2
    endloop
  endfacet
  facet normal 0 0 1
    outer loop
      vertex -12.067105114459991 25.747765339910984 0.2
      vertex -8 13.856406460551018 0.2
      vertex -11.992161750793457 25.88579384237528 0.2
    endloop
  endfacet
  facet normal 0 0 1
    outer loop
      vertex -11.992161750793457 25.88579384237528 0.2
      vertex -7.89777747541666 15.223542861640453 0.2
      vertex -11.861277140676975 26.1124926507473 0.2
    endloop
  endfacet
  facet normal 0 0 -1
    outer loop
      vertex -12.850717321038246 23.534912794828415 0
      vertex -12.796292379498482 23.790961988270283 0
      vertex -3.67574330419302 3.67574330419302 0
    endloop
  endfacet
  facet normal 0 0 -1
    outer loop
      vertex -12.796292379498482 23.790961988270283 0
      vertex -12.759627051651478 23.943684056401253 0
      vertex -3.67574330419302 3.67574330419302 0
    endloop
  endfacet
  facet normal 0 0 -1
    outer loop
      vertex -12.759627051651478 23.943684056401253 0
      vertex -12.691876150667667 24.196533866226673 0
      vertex -3.67574330419302 3.67574330419302 0
    endloop
  endfacet
  facet normal 0 0 1
    outer loop
      vertex -12.566377006471157 24.596085257828236 0.2
      vertex -8.714224560240433 13.418729087126785 0.2
      vertex -8 13.856406460551018 0.2
    endloop
  endfacet
  facet normal 0 0 -1
    outer loop
      vertex -12.691876150667667 24.196533866226673 0
      vertex -12.64726822078228 24.347127713263035 0
      vertex -3.67574330419302 3.67574330419302 0
    endloop
  endfacet
  facet normal 0 0 -1
    outer loop
      vertex -12.64726822078228 24.347127713263035 0
      vertex -12.566377006471157 24.596085257828236 0
      vertex -3.67574330419302 3.67574330419302 0
    endloop
  endfacet
  facet normal 0 0 -1
    outer loop
      vertex -12.566377006471157 24.596085257828236 0
      vertex -12.513948738574982 24.74413812160492 0
      vertex -3.67574330419302 3.67574330419302 0
    endloop
  endfacet
  facet normal 0 0 -1
    outer loop
      vertex -12.513948738574982 24.74413812160492 0
      vertex -12.42013892531395 24.988521046936512 0
      vertex -3.67574330419302 3.67574330419302 0
    endloop
  endfacet
  facet normal 0 0 -1
    outer loop
      vertex -12.42013892531395 24.988521046936512 0
      vertex -12.360034018754959 25.133627124130726 0
      vertex -3.67574330419302 3.67574330419302 0
    endloop
  endfacet
  facet normal 0 0 -1
    outer loop
      vertex -12.360034018754959 25.133627124130726 0
      vertex -12.253562830388546 25.372765332460403 0
      vertex -3.67574330419302 3.67574330419302 0
    endloop
  endfacet
  facet normal 0 0 -1
    outer loop
      vertex -12.253562830388546 25.372765332460403 0
      vertex -12.1859460324049 25.514526903629303 0
      vertex -3.67574330419302 3.67574330419302 0
    endloop
  endfacet
  facet normal 0 0 1
    outer loop
      vertex -11.992161750793457 25.88579384237528 0.2
      vertex -8 13.856406460551018 0.2
      vertex -7.8007412776350975 14.924896150827408 0.2
    endloop
  endfacet
  facet normal 0 0 -1
    outer loop
      vertex -12.1859460324049 25.514526903629303 0
      vertex -12.067105114459991 25.747765339910984 0
      vertex -3.67574330419302 3.67574330419302 0
    endloop
  endfacet
  facet normal 0 0 -1
    outer loop
      vertex -12.067105114459991 25.747765339910984 0
      vertex -11.992161750793457 25.88579384237528 0
      vertex -3.67574330419302 3.67574330419302 0
    endloop
  endfacet
  facet normal 0 0 1
    outer loop
      vertex -11.992161750793457 25.88579384237528 0.2
      vertex -7.8007412776350975 14.924896150827408 0.2
      vertex -7.853169545531273 15.072949014604092 0.2
    endloop
  endfacet
  facet normal 0 0 1
    outer loop
      vertex -11.992161750793457 25.88579384237528 0.2
      vertex -7.853169545531273 15.072949014604092 0.2
      vertex -7.89777747541666 15.223542861640453 0.2
    endloop
  endfacet
  facet normal 0 0 -1
    outer loop
      vertex -11.992161750793457 25.88579384237528 0
      vertex -11.861277140676975 26.1124926507473 0
      vertex -3.67574330419302 3.67574330419302 0
    endloop
  endfacet
  facet normal 0 0 -1
    outer loop
      vertex -11.861277140676975 26.1124926507473 0
      vertex -11.779212459921837 26.24641004949808 0
      vertex -3.67574330419302 3.67574330419302 0
    endloop
  endfacet
  facet normal 0 0 1
    outer loop
      vertex -11.861277140676975 26.1124926507473 0.2
      vertex -7.89777747541666 15.223542861640453 0.2
      vertex -7.934442803263664 15.376264929771423 0.2
    endloop
  endfacet
  facet normal 0 0 1
    outer loop
      vertex -11.861277140676975 26.1124926507473 0.2
      vertex -7.934442803263664 15.376264929771423 0.2
      vertex -7.963065020740032 15.530696608126163 0.2
    endloop
  endfacet
  facet normal 0 0 1
    outer loop
      vertex -11.779212459921837 26.24641004949808 0.2
      vertex -7.963065020740032 15.530696608126163 0.2
      vertex -7.98356568813324 15.68641460686922 0.2
    endloop
  endfacet
  facet normal 0 0 1
    outer loop
      vertex -11.779212459921837 26.24641004949808 0.2
      vertex -7.98356568813324 15.68641460686922 0.2
      vertex -7.995888605713844 15.842992134392262 0.2
    endloop
  endfacet
  facet normal 0 0 1
    outer loop
      vertex -11.779212459921837 26.24641004949808 0.2
      vertex -7.995888605713844 15.842992134392262 0.2
      vertex -8 16 0.2
    endloop
  endfacet
  facet normal 0 0 -1
    outer loop
      vertex -11.779212459921837 26.24641004949808 0
      vertex -11.636642575263977 26.465948410332203 0
      vertex -3.67574330419302 3.67574330419302 0
    endloop
  endfacet
  facet normal 0 0 -1
    outer loop
      vertex -11.636642575263977 26.465948410332203 0
      vertex -11.547681853175163 26.595387056469917 0
      vertex -3.67574330419302 3.67574330419302 0
    endloop
  endfacet
  facet normal 0 0 -1
    outer loop
      vertex -11.547681853175163 26.595387056469917 0
      vertex -11.39381768554449 26.807162903249264 0
      vertex -3.67574330419302 3.67574330419302 0
    endloop
  endfacet
  facet normal 0 0 -1
    outer loop
      vertex -11.39381768554449 26.807162903249264 0
      vertex -11.298204585909843 26.93176832050085 0
      vertex -3.67574330419302 3.67574330419302 0
    endloop
  endfacet
  facet normal 0 0 -1
    outer loop
      vertex -11.298204585909843 26.93176832050085 0
      vertex -11.133467681705952 27.135201454162598 0
      vertex -3.67574330419302 3.67574330419302 0
    endloop
  endfacet
  facet normal 0 0 -1
    outer loop
      vertex -11.133467681705952 27.135201454162598 0
      vertex -11.031464271247387 27.254632100462914 0
      vertex -3.67574330419302 3.67574330419302 0
    endloop
  endfacet
  facet normal 0 0 -1
    outer loop
      vertex -11.031464271247387 27.254632100462914 0
      vertex -10.85630639642477 27.449164628982544 0
      vertex -3.67574330419302 3.67574330419302 0
    endloop
  endfacet
  facet normal 0 0 -1
    outer loop
      vertex -10.85630639642477 27.449164628982544 0
      vertex -10.748192265629768 27.563093155622482 0
      vertex -3.67574330419302 3.67574330419302 0
    endloop
  endfacet
  facet normal 0 0 -1
    outer loop
      vertex -10.748192265629768 27.563093155622482 0
      vertex -10.563093155622482 27.74819226562977 0
      vertex -3.67574330419302 3.67574330419302 0
    endloop
  endfacet
  facet normal 0 0 -1
    outer loop
      vertex -10.563093155622482 27.74819226562977 0
      vertex -10.449164628982544 27.85630639642477 0
      vertex -3.67574330419302 3.67574330419302 0
    endloop
  endfacet
  facet normal 0 0 1
    outer loop
      vertex -9.595387056469917 28.547681853175163 0.2
      vertex -8 16 0.2
      vertex -8 22 0.2
    endloop
  endfacet
  facet normal 0 0 1
    outer loop
      vertex -11.861277140676975 26.1124926507473 0.2
      vertex -7.963065020740032 15.530696608126163 0.2
      vertex -11.779212459921837 26.24641004949808 0.2
    endloop
  endfacet
  facet normal 0 0 1
    outer loop
      vertex -11.779212459921837 26.24641004949808 0.2
      vertex -8 16 0.2
      vertex -11.636642575263977 26.465948410332203 0.2
    endloop
  endfacet
  facet normal 0 0 1
    outer loop
      vertex -11.636642575263977 26.465948410332203 0.2
      vertex -8 16 0.2
      vertex -11.547681853175163 26.595387056469917 0.2
    endloop
  endfacet
  facet normal 0 0 1
    outer loop
      vertex -11.547681853175163 26.595387056469917 0.2
      vertex -8 16 0.2
      vertex -11.39381768554449 26.807162903249264 0.2
    endloop
  endfacet
  facet normal 0 0 1
    outer loop
      vertex -11.39381768554449 26.807162903249264 0.2
      vertex -8 16 0.2
      vertex -11.298204585909843 26.93176832050085 0.2
    endloop
  endfacet
  facet normal 0 0 1
    outer loop
      vertex -11.298204585909843 26.93176832050085 0.2
      vertex -8 16 0.2
      vertex -11.133467681705952 27.135201454162598 0.2
    endloop
  endfacet
  facet normal 0 0 1
    outer loop
      vertex -11.133467681705952 27.135201454162598 0.2
      vertex -8 16 0.2
      vertex -11.031464271247387 27.254632100462914 0.2
    endloop
  endfacet
  facet normal 0 0 1
    outer loop
      vertex -11.031464271247387 27.254632100462914 0.2
      vertex -8 16 0.2
      vertex -10.85630639642477 27.449164628982544 0.2
    endloop
  endfacet
  facet normal 0 0 1
    outer loop
      vertex -10.85630639642477 27.449164628982544 0.2
      vertex -8 16 0.2
      vertex -10.748192265629768 27.563093155622482 0.2
    endloop
  endfacet
  facet normal -0.7933533398941754 0.608761429526179 0
    outer loop
      vertex -11.39381768554449 26.807162903249264 0
      vertex -11.298204585909843 26.93176832050085 0.2
      vertex -11.298204585909843 26.93176832050085 0
    endloop
  endfacet
  facet normal -0.7933533398941754 0.608761429526179 0
    outer loop
      vertex -11.39381768554449 26.807162903249264 0
      vertex -11.39381768554449 26.807162903249264 0.2
      vertex -11.298204585909843 26.93176832050085 0.2
    endloop
  endfacet
  facet normal -0.7771459600710694 0.6293203927612833 0
    outer loop
      vertex -11.298204585909843 26.93176832050085 0
      vertex -11.298204585909843 26.93176832050085 0.2
      vertex -11.133467681705952 27.135201454162598 0.2
    endloop
  endfacet
  facet normal -0.7771459600710694 0.6293203927612833 0
    outer loop
      vertex -11.298204585909843 26.93176832050085 0
      vertex -11.133467681705952 27.135201454162598 0.2
      vertex -11.133467681705952 27.135201454162598 0
    endloop
  endfacet
  facet normal -0.7604059586793502 0.6494480564332596 0
    outer loop
      vertex -11.133467681705952 27.135201454162598 0
      vertex -11.133467681705952 27.135201454162598 0.2
      vertex -11.031464271247387 27.254632100462914 0.2
    endloop
  endfacet
  facet normal -0.7604059586793502 0.6494480564332596 0
    outer loop
      vertex -11.133467681705952 27.135201454162598 0
      vertex -11.031464271247387 27.254632100462914 0.2
      vertex -11.031464271247387 27.254632100462914 0
    endloop
  endfacet
  facet normal -0.7431448266246545 0.6691306050846967 0
    outer loop
      vertex -11.031464271247387 27.254632100462914 0
      vertex -10.85630639642477 27.449164628982544 0.2
      vertex -10.85630639642477 27.449164628982544 0
    endloop
  endfacet
  facet normal -0.7431448266246545 0.6691306050846967 0
    outer loop
      vertex -11.031464271247387 27.254632100462914 0
      vertex -11.031464271247387 27.254632100462914 0.2
      vertex -10.85630639642477 27.449164628982544 0.2
    endloop
  endfacet
  facet normal -0.7253743841239492 0.6883545618769452 0
    outer loop
      vertex -10.85630639642477 27.449164628982544 0
      vertex -10.85630639642477 27.449164628982544 0.2
      vertex -10.748192265629768 27.563093155622482 0.2
    endloop
  endfacet
  facet normal -0.7253743841239492 0.6883545618769452 0
    outer loop
      vertex -10.85630639642477 27.449164628982544 0
      vertex -10.748192265629768 27.563093155622482 0.2
      vertex -10.748192265629768 27.563093155622482 0
    endloop
  endfacet
  facet normal -0.7071067811865475 0.7071067811865475 0
    outer loop
      vertex -10.748192265629768 27.563093155622482 0
      vertex -10.748192265629768 27.563093155622482 0.2
      vertex -10.563093155622482 27.74819226562977 0.2
    endloop
  endfacet
  facet normal -0.7071067811865475 0.7071067811865475 0
    outer loop
      vertex -10.748192265629768 27.563093155622482 0
      vertex -10.563093155622482 27.74819226562977 0.2
      vertex -10.563093155622482 27.74819226562977 0
    endloop
  endfacet
  facet normal -0.6883545618769452 0.7253743841239492 0
    outer loop
      vertex -10.563093155622482 27.74819226562977 0
      vertex -10.563093155622482 27.74819226562977 0.2
      vertex -10.449164628982544 27.85630639642477 0.2
    endloop
  endfacet
  facet normal -0.6883545618769452 0.7253743841239492 0
    outer loop
      vertex -10.563093155622482 27.74819226562977 0
      vertex -10.449164628982544 27.85630639642477 0.2
      vertex -10.449164628982544 27.85630639642477 0
    endloop
  endfacet
  facet normal -0.6691306050846967 0.7431448266246545 0
    outer loop
      vertex -10.449164628982544 27.85630639642477 0
      vertex -10.254632100462914 28.031464271247387 0.2
      vertex -10.254632100462914 28.031464271247387 0
    endloop
  endfacet
  facet normal -0.6691306050846967 0.7431448266246545 0
    outer loop
      vertex -10.449164628982544 27.85630639642477 0
      vertex -10.449164628982544 27.85630639642477 0.2
      vertex -10.254632100462914 28.031464271247387 0.2
    endloop
  endfacet
  facet normal -0.6494480564332596 0.7604059586793502 0
    outer loop
      vertex -10.254632100462914 28.031464271247387 0
      vertex -10.254632100462914 28.031464271247387 0.2
      vertex -10.135201454162598 28.13346768170595 0.2
    endloop
  endfacet
  facet normal -0.6494480564332596 0.7604059586793502 0
    outer loop
      vertex -10.254632100462914 28.031464271247387 0
      vertex -10.135201454162598 28.13346768170595 0.2
      vertex -10.135201454162598 28.13346768170595 0
    endloop
  endfacet
  facet normal -0.6293203927612833 0.7771459600710694 0
    outer loop
      vertex -10.135201454162598 28.13346768170595 0
      vertex -9.93176832050085 28.298204585909843 0.2
      vertex -9.93176832050085 28.298204585909843 0
    endloop
  endfacet
  facet normal -0.6293203927612833 0.7771459600710694 0
    outer loop
      vertex -10.135201454162598 28.13346768170595 0
      vertex -10.135201454162598 28.13346768170595 0.2
      vertex -9.93176832050085 28.298204585909843 0.2
    endloop
  endfacet
  facet normal -0.608761429526179 0.7933533398941754 0
    outer loop
      vertex -9.93176832050085 28.298204585909843 0
      vertex -9.93176832050085 28.298204585909843 0.2
      vertex -9.807162903249264 28.39381768554449 0.2
    endloop
  endfacet
  facet normal -0.608761429526179 0.7933533398941754 0
    outer loop
      vertex -9.93176832050085 28.298204585909843 0
      vertex -9.807162903249264 28.39381768554449 0.2
      vertex -9.807162903249264 28.39381768554449 0
    endloop
  endfacet
  facet normal 0 0 1
    outer loop
      vertex -10.748192265629768 27.563093155622482 0.2
      vertex -8 16 0.2
      vertex -10.563093155622482 27.74819226562977 0.2
    endloop
  endfacet
  facet normal 0 0 1
    outer loop
      vertex -10.563093155622482 27.74819226562977 0.2
      vertex -8 16 0.2
      vertex -10.449164628982544 27.85630639642477 0.2
    endloop
  endfacet
  facet normal 0 0 1
    outer loop
      vertex -10.449164628982544 27.85630639642477 0.2
      vertex -8 16 0.2
      vertex -10.254632100462914 28.031464271247387 0.2
    endloop
  endfacet
  facet normal 0 0 1
    outer loop
      vertex -10.254632100462914 28.031464271247387 0.2
      vertex -8 16 0.2
      vertex -10.135201454162598 28.13346768170595 0.2
    endloop
  endfacet
  facet normal 0 0 1
    outer loop
      vertex -10.135201454162598 28.13346768170595 0.2
      vertex -8 16 0.2
      vertex -9.93176832050085 28.298204585909843 0.2
    endloop
  endfacet
  facet normal 0 0 1
    outer loop
      vertex -9.93176832050085 28.298204585909843 0.2
      vertex -8 16 0.2
      vertex -9.807162903249264 28.39381768554449 0.2
    endloop
  endfacet
  facet normal 0 0 1
    outer loop
      vertex -9.807162903249264 28.39381768554449 0.2
      vertex -8 16 0.2
      vertex -9.595387056469917 28.547681853175163 0.2
    endloop
  endfacet
  facet normal 0 0 1
    outer loop
      vertex -9.595387056469917 28.547681853175163 0.2
      vertex -8 22 0.2
      vertex -7.995888605713844 22.15700786560774 0.2
    endloop
  endfacet
  facet normal 0 0 1
    outer loop
      vertex -9.46594812721014 28.636642768979073 0.2
      vertex -7.995888605713844 22.15700786560774 0.2
      vertex -7.98356568813324 22.31358539313078 0.2
    endloop
  endfacet
  facet normal 0 0 1
    outer loop
      vertex -9.46594812721014 28.636642768979073 0.2
      vertex -7.98356568813324 22.31358539313078 0.2
      vertex -7.963065020740032 22.469303391873837 0.2
    endloop
  endfacet
  facet normal 0 0 1
    outer loop
      vertex -9.46594812721014 28.636642768979073 0.2
      vertex -7.963065020740032 22.469303391873837 0.2
      vertex -7.934442803263664 22.623735070228577 0.2
    endloop
  endfacet
  facet normal 0 0 1
    outer loop
      vertex -9.246409758925438 28.77921263873577 0.2
      vertex -7.934442803263664 22.623735070228577 0.2
      vertex -7.89777747541666 22.776457138359547 0.2
    endloop
  endfacet
  facet normal 0 0 1
    outer loop
      vertex -9.246409758925438 28.77921263873577 0.2
      vertex -7.89777747541666 22.776457138359547 0.2
      vertex -7.853169545531273 22.92705098539591 0.2
    endloop
  endfacet
  facet normal 0 0 1
    outer loop
      vertex -9.1124926507473 28.861277140676975 0.2
      vertex -7.853169545531273 22.92705098539591 0.2
      vertex -7.8007412776350975 23.075103849172592 0.2
    endloop
  endfacet
  facet normal 0 0 1
    outer loop
      vertex -9.1124926507473 28.861277140676975 0.2
      vertex -7.8007412776350975 23.075103849172592 0.2
      vertex -7.740636371076107 23.220209926366806 0.2
    endloop
  endfacet
  facet normal 0 0 1
    outer loop
      vertex -9.595387056469917 28.547681853175163 0.2
      vertex -7.995888605713844 22.15700786560774 0.2
      vertex -9.46594812721014 28.636642768979073 0.2
    endloop
  endfacet
  facet normal -0.5877852736480758 0.8090169788591934 0
    outer loop
      vertex -9.807162903249264 28.39381768554449 0
      vertex -9.807162903249264 28.39381768554449 0.2
      vertex -9.595387056469917 28.547681853175163 0.2
    endloop
  endfacet
  facet normal -0.5877852736480758 0.8090169788591934 0
    outer loop
      vertex -9.807162903249264 28.39381768554449 0
      vertex -9.595387056469917 28.547681853175163 0.2
      vertex -9.595387056469917 28.547681853175163 0
    endloop
  endfacet
  facet normal -0.5664062560464008 0.8241261754801259 0
    outer loop
      vertex -9.595387056469917 28.547681853175163 0
      vertex -9.595387056469917 28.547681853175163 0.2
      vertex -9.46594812721014 28.636642768979073 0.2
    endloop
  endfacet
  facet normal -0.5664062560464008 0.8241261754801259 0
    outer loop
      vertex -9.595387056469917 28.547681853175163 0
      vertex -9.46594812721014 28.636642768979073 0.2
      vertex -9.46594812721014 28.636642768979073 0
    endloop
  endfacet
  facet normal -0.5446389984571635 0.8386705916863773 0
    outer loop
      vertex -9.46594812721014 28.636642768979073 0
      vertex -9.246409758925438 28.77921263873577 0.2
      vertex -9.246409758925438 28.77921263873577 0
    endloop
  endfacet
  facet normal -0.5446389984571635 0.8386705916863773 0
    outer loop
      vertex -9.46594812721014 28.636642768979073 0
      vertex -9.46594812721014 28.636642768979073 0.2
      vertex -9.246409758925438 28.77921263873577 0.2
    endloop
  endfacet
  facet normal -0.5224985300200504 0.8526401856157652 0
    outer loop
      vertex -9.246409758925438 28.77921263873577 0
      vertex -9.246409758925438 28.77921263873577 0.2
      vertex -9.1124926507473 28.861277140676975 0.2
    endloop
  endfacet
  facet normal -0.5224985300200504 0.8526401856157652 0
    outer loop
      vertex -9.246409758925438 28.77921263873577 0
      vertex -9.1124926507473 28.861277140676975 0.2
      vertex -9.1124926507473 28.861277140676975 0
    endloop
  endfacet
  facet normal -0.4999999773023215 0.8660254168889491 0
    outer loop
      vertex -9.1124926507473 28.861277140676975 0
      vertex -9.1124926507473 28.861277140676975 0.2
      vertex -8.885793842375278 28.992161750793457 0.2
    endloop
  endfacet
  facet normal 0 0 1
    outer loop
      vertex -9.46594812721014 28.636642768979073 0.2
      vertex -7.934442803263664 22.623735070228577 0.2
      vertex -9.246409758925438 28.77921263873577 0.2
    endloop
  endfacet
  facet normal 0 0 1
    outer loop
      vertex -9.246409758925438 28.77921263873577 0.2
      vertex -7.853169545531273 22.92705098539591 0.2
      vertex -9.1124926507473 28.861277140676975 0.2
    endloop
  endfacet
  facet normal 0 0 1
    outer loop
      vertex -9.1124926507473 28.861277140676975 0.2
      vertex -7.740636371076107 23.220209926366806 0.2
      vertex -8.885793842375278 28.992161750793457 0.2
    endloop
  endfacet
  facet normal 0 0 1
    outer loop
      vertex -8.885793842375278 28.992161750793457 0.2
      vertex -7.673019573092461 23.361971497535706 0.2
      vertex -8.747765228152275 29.067105174064636 0.2
    endloop
  endfacet
  facet normal 0 0 1
    outer loop
      vertex -8.747765228152275 29.067105174064636 0.2
      vertex -7.516011707484722 23.63391710817814 0.2
      vertex -8.514526903629303 29.1859460324049 0.2
    endloop
  endfacet
  facet normal -0.4999999773023215 0.8660254168889491 0
    outer loop
      vertex -9.1124926507473 28.861277140676975 0
      vertex -8.885793842375278 28.992161750793457 0.2
      vertex -8.885793842375278 28.992161750793457 0
    endloop
  endfacet
  facet normal -0.47715876254912365 0.8788171114188599 0
    outer loop
      vertex -8.885793842375278 28.992161750793457 0
      vertex -8.885793842375278 28.992161750793457 0.2
      vertex -8.747765228152275 29.067105174064636 0.2
    endloop
  endfacet
  facet normal -0.47715876254912365 0.8788171114188599 0
    outer loop
      vertex -8.885793842375278 28.992161750793457 0
      vertex -8.747765228152275 29.067105174064636 0.2
      vertex -8.747765228152275 29.067105174064636 0
    endloop
  endfacet
  facet normal -0.45399048820998616 0.8910065300629723 0
    outer loop
      vertex -8.747765228152275 29.067105174064636 0
      vertex -8.747765228152275 29.067105174064636 0.2
      vertex -8.514526903629303 29.1859460324049 0.2
    endloop
  endfacet
  facet normal -0.45399048820998616 0.8910065300629723 0
    outer loop
      vertex -8.747765228152275 29.067105174064636 0
      vertex -8.514526903629303 29.1859460324049 0.2
      vertex -8.514526903629303 29.1859460324049 0
    endloop
  endfacet
  facet normal -0.4305110815548853 0.9025852916253637 0
    outer loop
      vertex -8.514526903629303 29.1859460324049 0
      vertex -8.372765332460403 29.253562830388546 0.2
      vertex -8.372765332460403 29.253562830388546 0
    endloop
  endfacet
  facet normal -0.4305110815548853 0.9025852916253637 0
    outer loop
      vertex -8.514526903629303 29.1859460324049 0
      vertex -8.514526903629303 29.1859460324049 0.2
      vertex -8.372765332460403 29.253562830388546 0.2
    endloop
  endfacet
  facet normal -0.4067366375435338 0.9135454601057246 0
    outer loop
      vertex -8.372765332460403 29.253562830388546 0
      vertex -8.372765332460403 29.253562830388546 0.2
      vertex -8.133627124130726 29.36003401875496 0.2
    endloop
  endfacet
  facet normal -0.4067366375435338 0.9135454601057246 0
    outer loop
      vertex -8.372765332460403 29.253562830388546 0
      vertex -8.133627124130726 29.36003401875496 0.2
      vertex -8.133627124130726 29.36003401875496 0
    endloop
  endfacet
  facet normal -0.38268343998639204 -0.92387952935444 0
    outer loop
      vertex -8.133627124130726 -29.36003401875496 0
      vertex -7.988521046936512 -29.42013892531395 0
      vertex -8.133627124130726 -29.36003401875496 0.2
    endloop
  endfacet
  facet normal -0.38268343998639204 -0.92387952935444 0
    outer loop
      vertex -7.988521046936512 -29.42013892531395 0
      vertex -7.988521046936512 -29.42013892531395 0.2
      vertex -8.133627124130726 -29.36003401875496 0.2
    endloop
  endfacet
  facet normal -0.3583679410532671 -0.9335804297569879 0
    outer loop
      vertex -7.988521046936512 -29.42013892531395 0
      vertex -7.744138121604919 -29.51394873857498 0
      vertex -7.988521046936512 -29.42013892531395 0.2
    endloop
  endfacet
  facet normal -0.3583679410532671 -0.9335804297569879 0
    outer loop
      vertex -7.744138121604919 -29.51394873857498 0
      vertex -7.744138121604919 -29.51394873857498 0.2
      vertex -7.988521046936512 -29.42013892531395 0.2
    endloop
  endfacet
  facet normal -0.3338068542353568 -0.9426414928622097 0
    outer loop
      vertex -7.744138121604919 -29.51394873857498 0
      vertex -7.596085257828236 -29.566377006471157 0
      vertex -7.744138121604919 -29.51394873857498 0.2
    endloop
  endfacet
  facet normal -0.3338068542353568 -0.9426414928622097 0
    outer loop
      vertex -7.596085257828236 -29.566377006471157 0
      vertex -7.596085257828236 -29.566377006471157 0.2
      vertex -7.744138121604919 -29.51394873857498 0.2
    endloop
  endfacet
  facet normal -0.3090170101179532 -0.9510565111799408 0
    outer loop
      vertex -7.596085257828236 -29.566377006471157 0
      vertex -7.347127713263035 -29.64726822078228 0
      vertex -7.596085257828236 -29.566377006471157 0.2
    endloop
  endfacet
  facet normal -0.3090170101179532 -0.9510565111799408 0
    outer loop
      vertex -7.347127713263035 -29.64726822078228 0
      vertex -7.347127713263035 -29.64726822078228 0.2
      vertex -7.596085257828236 -29.566377006471157 0.2
    endloop
  endfacet
  facet normal -0.28401534549389984 -0.9588197346341912 0
    outer loop
      vertex -7.347127713263035 -29.64726822078228 0
      vertex -7.196533866226673 -29.691876150667667 0
      vertex -7.347127713263035 -29.64726822078228 0.2
    endloop
  endfacet
  facet normal -0.28401534549389984 -0.9588197346341912 0
    outer loop
      vertex -7.196533866226673 -29.691876150667667 0
      vertex -7.196533866226673 -29.691876150667667 0.2
      vertex -7.347127713263035 -29.64726822078228 0.2
    endloop
  endfacet
  facet normal -0.25881904023633706 -0.9659258275929582 0
    outer loop
      vertex -7.196533866226673 -29.691876150667667 0
      vertex -6.943684056401253 -29.759627051651478 0
      vertex -7.196533866226673 -29.691876150667667 0.2
    endloop
  endfacet
  facet normal -0.25881904023633706 -0.9659258275929582 0
    outer loop
      vertex -6.943684056401253 -29.759627051651478 0
      vertex -6.943684056401253 -29.759627051651478 0.2
      vertex -7.196533866226673 -29.691876150667667 0.2
    endloop
  endfacet
  facet normal -0.23344538339648674 -0.9723699157063979 0
    outer loop
      vertex -6.943684056401253 -29.759627051651478 0
      vertex -6.790961988270283 -29.79629237949848 0
      vertex -6.943684056401253 -29.759627051651478 0.2
    endloop
  endfacet
  facet normal -0.23344538339648674 -0.9723699157063979 0
    outer loop
      vertex -6.790961988270283 -29.79629237949848 0
      vertex -6.790961988270283 -29.79629237949848 0.2
      vertex -6.943684056401253 -29.759627051651478 0.2
    endloop
  endfacet
  facet normal -0.20791171042101583 -0.9781475965670047 0
    outer loop
      vertex -6.790961988270283 -29.79629237949848 0
      vertex -6.534912794828415 -29.850717321038246 0
      vertex -6.790961988270283 -29.79629237949848 0.2
    endloop
  endfacet
  facet normal -0.20791171042101583 -0.9781475965670047 0
    outer loop
      vertex -6.534912794828415 -29.850717321038246 0
      vertex -6.534912794828415 -29.850717321038246 0.2
      vertex -6.790961988270283 -29.79629237949848 0.2
    endloop
  endfacet
  facet normal 0 0 1
    outer loop
      vertex -12.42013892531395 -24.988521046936512 0.2
      vertex -5.776457138359547 -24.89777747541666 0.2
      vertex -5.927050985395908 -24.853169545531273 0.2
    endloop
  endfacet
  facet normal 0 0 1
    outer loop
      vertex -12.513948738574982 -24.74413812160492 0.2
      vertex -5.927050985395908 -24.853169545531273 0.2
      vertex -6.075103849172592 -24.800741277635098 0.2
    endloop
  endfacet
  facet normal 0 0 1
    outer loop
      vertex -12.42013892531395 -24.988521046936512 0.2
      vertex -5.623735070228577 -24.934442803263664 0.2
      vertex -5.776457138359547 -24.89777747541666 0.2
    endloop
  endfacet
  facet normal 0 0 1
    outer loop
      vertex -12.42013892531395 -24.988521046936512 0.2
      vertex -5.4693033918738365 -24.963065020740032 0.2
      vertex -5.623735070228577 -24.934442803263664 0.2
    endloop
  endfacet
  facet normal 0 0 1
    outer loop
      vertex -12.42013892531395 -24.988521046936512 0.2
      vertex -5.313585393130779 -24.98356568813324 0.2
      vertex -5.4693033918738365 -24.963065020740032 0.2
    endloop
  endfacet
  facet normal 0 0 1
    outer loop
      vertex -12.42013892531395 -24.988521046936512 0.2
      vertex -5.1570078656077385 -24.995888605713844 0.2
      vertex -5.313585393130779 -24.98356568813324 0.2
    endloop
  endfacet
  facet normal 0 0 1
    outer loop
      vertex -12.360034018754959 -25.133627124130726 0.2
      vertex -5 -25 0.2
      vertex -5.1570078656077385 -24.995888605713844 0.2
    endloop
  endfacet
  facet normal 0 0 -1
    outer loop
      vertex -12.759627051651478 -23.943684056401253 0
      vertex 4.600000001490116 -25 0
      vertex -12.691876150667667 -24.196533866226673 0
    endloop
  endfacet
  facet normal 0 0 -1
    outer loop
      vertex -12.691876150667667 -24.196533866226673 0
      vertex 4.600000001490116 -25 0
      vertex -12.64726822078228 -24.347127713263035 0
    endloop
  endfacet
  facet normal 0 0 -1
    outer loop
      vertex -12.566377006471157 -24.596085257828236 0
      vertex -12.64726822078228 -24.347127713263035 0
      vertex 4.600000001490116 -25 0
    endloop
  endfacet
  facet normal 0 0 -1
    outer loop
      vertex -12.513948738574982 -24.74413812160492 0
      vertex -12.566377006471157 -24.596085257828236 0
      vertex 4.600000001490116 -25 0
    endloop
  endfacet
  facet normal 0 0 -1
    outer loop
      vertex -12.42013892531395 -24.988521046936512 0
      vertex -12.513948738574982 -24.74413812160492 0
      vertex 4.600000001490116 -25 0
    endloop
  endfacet
  facet normal 0 0 -1
    outer loop
      vertex -12.42013892531395 -24.988521046936512 0
      vertex 4.600000001490116 -25 0
      vertex -12.360034018754959 -25.133627124130726 0
    endloop
  endfacet
  facet normal 0 0 -1
    outer loop
      vertex -12.253562830388546 -25.372765332460403 0
      vertex -12.360034018754959 -25.133627124130726 0
      vertex 4.600000001490116 -25 0
    endloop
  endfacet
  facet normal 0 0 -1
    outer loop
      vertex -12.253562830388546 -25.372765332460403 0
      vertex 4.600000001490116 -25 0
      vertex -12.1859460324049 -25.514526903629303 0
    endloop
  endfacet
  facet normal 0 0 1
    outer loop
      vertex -12.253562830388546 -25.372765332460403 0.2
      vertex 4.600000001490116 -25 0.2
      vertex -12.360034018754959 -25.133627124130726 0.2
    endloop
  endfacet
  facet normal 0 0 1
    outer loop
      vertex -12.253562830388546 -25.372765332460403 0.2
      vertex -12.1859460324049 -25.514526903629303 0.2
      vertex 4.600000001490116 -25 0.2
    endloop
  endfacet
  facet normal 0 0 -1
    outer loop
      vertex -12.850717350840569 -23.53491262346506 0
      vertex 4.600000001490116 -25 0
      vertex -12.796292424201965 -23.79096181690693 0
    endloop
  endfacet
  facet normal 0 0 -1
    outer loop
      vertex -12.850717350840569 -23.53491262346506 0
      vertex -12.879339568316936 -23.38048094511032 0
      vertex 4.600000001490116 -25 0
    endloop
  endfacet
  facet normal 0 0 -1
    outer loop
      vertex -12.940789997577667 -22.966216318309307 0
      vertex -12.968152359127998 -22.70588083565235 0
      vertex 4.600000001490116 -25 0
    endloop
  endfacet
  facet normal 0 0 -1
    outer loop
      vertex -12.920289307832718 -23.121934473514557 0
      vertex 4.600000001490116 -25 0
      vertex -12.879339568316936 -23.38048094511032 0
    endloop
  endfacet
  facet normal 0 0 -1
    outer loop
      vertex -12.920289307832718 -23.121934473514557 0
      vertex -12.940789997577667 -22.966216318309307 0
      vertex 4.600000001490116 -25 0
    endloop
  endfacet
  facet normal 0 0 -1
    outer loop
      vertex -12.968152359127998 -22.70588083565235 0
      vertex -12.980475276708603 -22.54930330812931 0
      vertex 4.600000001490116 -25 0
    endloop
  endfacet
  facet normal 0 0 -1
    outer loop
      vertex -12.980475276708603 -22.54930330812931 0
      vertex -12.994175232946873 -22.287892565131187 0
      vertex 4.600000001490116 -25 0
    endloop
  endfacet
  facet normal 0 0 -1
    outer loop
      vertex -12.994175232946873 -22.287892565131187 0
      vertex -12.998286627233028 -22.13088469952345 0
      vertex 4.600000001490116 -25 0
    endloop
  endfacet
  facet normal 0 0 -1
    outer loop
      vertex -13 -22 0
      vertex 4.600000001490116 -25 0
      vertex -12.998286627233028 -22.13088469952345 0
    endloop
  endfacet
  facet normal 0 0 -1
    outer loop
      vertex -12.759627051651478 -23.943684056401253 0
      vertex -12.796292424201965 -23.79096181690693 0
      vertex 4.600000001490116 -25 0
    endloop
  endfacet
  facet normal -0.1822354993001661 -0.983254912418351 0
    outer loop
      vertex -6.534912794828415 -29.850717321038246 0
      vertex -6.380480945110321 -29.879339568316936 0
      vertex -6.534912794828415 -29.850717321038246 0.2
    endloop
  endfacet
  facet normal -0.1822354993001661 -0.983254912418351 0
    outer loop
      vertex -6.380480945110321 -29.879339568316936 0
      vertex -6.380480945110321 -29.879339568316936 0.2
      vertex -6.534912794828415 -29.850717321038246 0.2
    endloop
  endfacet
  facet normal -0.1564344699378331 -0.9876883398194337 0
    outer loop
      vertex -6.380480945110321 -29.879339568316936 0
      vertex -6.121934473514557 -29.920289307832718 0
      vertex -6.380480945110321 -29.879339568316936 0.2
    endloop
  endfacet
  facet normal -0.1564344699378331 -0.9876883398194337 0
    outer loop
      vertex -6.121934473514557 -29.920289307832718 0
      vertex -6.121934473514557 -29.920289307832718 0.2
      vertex -6.380480945110321 -29.879339568316936 0.2
    endloop
  endfacet
  facet normal -0.1305262168744266 -0.9914448581280001 0
    outer loop
      vertex -6.121934473514557 -29.920289307832718 0
      vertex -5.9662164747715 -29.940789975225925 0
      vertex -6.121934473514557 -29.920289307832718 0.2
    endloop
  endfacet
  facet normal -0.1305262168744266 -0.9914448581280001 0
    outer loop
      vertex -5.9662164747715 -29.940789975225925 0
      vertex -5.9662164747715 -29.940789975225925 0.2
      vertex -6.121934473514557 -29.920289307832718 0.2
    endloop
  endfacet
  facet normal -0.10452848457810535 -0.9945218931284543 0
    outer loop
      vertex -5.9662164747715 -29.940789975225925 0
      vertex -5.705880835652351 -29.968152359128 0
      vertex -5.9662164747715 -29.940789975225925 0.2
    endloop
  endfacet
  facet normal 0 0 -1
    outer loop
      vertex -11.298204585909843 -26.93176832050085 0
      vertex 4.600000001490116 -25 0
      vertex -11.133467681705952 -27.135201454162598 0
    endloop
  endfacet
  facet normal 0 0 1
    outer loop
      vertex -11.298204585909843 -26.93176832050085 0.2
      vertex -11.133467681705952 -27.135201454162598 0.2
      vertex 4.600000001490116 -25 0.2
    endloop
  endfacet
  facet normal 0 0 -1
    outer loop
      vertex -11.031464271247387 -27.254632100462914 0
      vertex -11.133467681705952 -27.135201454162598 0
      vertex 4.600000001490116 -25 0
    endloop
  endfacet
  facet normal 0 0 1
    outer loop
      vertex -11.031464271247387 -27.254632100462914 0.2
      vertex 4.600000001490116 -25 0.2
      vertex -11.133467681705952 -27.135201454162598 0.2
    endloop
  endfacet
  facet normal -0.10452848457810535 -0.9945218931284543 0
    outer loop
      vertex -5.705880835652351 -29.968152359128 0
      vertex -5.705880835652351 -29.968152359128 0.2
      vertex -5.9662164747715 -29.940789975225925 0.2
    endloop
  endfacet
  facet normal -0.07845908885695775 -0.9969173342738784 0
    outer loop
      vertex -5.705880835652351 -29.968152359128 0
      vertex -5.549303308129311 -29.980475276708603 0
      vertex -5.705880835652351 -29.968152359128 0.2
    endloop
  endfacet
  facet normal -0.07845908885695775 -0.9969173342738784 0
    outer loop
      vertex -5.549303308129311 -29.980475276708603 0
      vertex -5.549303308129311 -29.980475276708603 0.2
      vertex -5.705880835652351 -29.968152359128 0.2
    endloop
  endfacet
  facet normal -0.052335956652397056 -0.9986295347331153 0
    outer loop
      vertex -5.549303308129311 -29.980475276708603 0
      vertex -5.287892572581768 -29.994175232946873 0
      vertex -5.549303308129311 -29.980475276708603 0.2
    endloop
  endfacet
  facet normal -0.052335956652397056 -0.9986295347331153 0
    outer loop
      vertex -5.287892572581768 -29.994175232946873 0
      vertex -5.287892572581768 -29.994175232946873 0.2
      vertex -5.549303308129311 -29.980475276708603 0.2
    endloop
  endfacet
  facet normal -0.026176938360043724 -0.9996573252360504 0
    outer loop
      vertex -5.287892572581768 -29.994175232946873 0
      vertex -5.130884699523449 -29.99828662723303 0
      vertex -5.287892572581768 -29.994175232946873 0.2
    endloop
  endfacet
  facet normal -0.026176938360043724 -0.9996573252360504 0
    outer loop
      vertex -5.130884699523449 -29.99828662723303 0
      vertex -5.130884699523449 -29.99828662723303 0.2
      vertex -5.287892572581768 -29.994175232946873 0.2
    endloop
  endfacet
  facet normal -0.013089581782417202 -0.9999143277545138 0
    outer loop
      vertex -5.130884699523449 -29.99828662723303 0
      vertex -5 -30 0
      vertex -5.130884699523449 -29.99828662723303 0.2
    endloop
  endfacet
  facet normal -0.013089581782417202 -0.9999143277545138 0
    outer loop
      vertex -5 -30 0
      vertex -5 -30 0.2
      vertex -5.130884699523449 -29.99828662723303 0.2
    endloop
  endfacet
  facet normal 0 0 -1
    outer loop
      vertex -11.031464271247387 -27.254632100462914 0
      vertex 4.600000001490116 -25 0
      vertex -10.85630639642477 -27.449164628982544 0
    endloop
  endfacet
  facet normal 0 0 1
    outer loop
      vertex -11.031464271247387 -27.254632100462914 0.2
      vertex -10.85630639642477 -27.449164628982544 0.2
      vertex 4.600000001490116 -25 0.2
    endloop
  endfacet
  facet normal 0 0 -1
    outer loop
      vertex -10.85630639642477 -27.449164628982544 0
      vertex 4.600000001490116 -25 0
      vertex -10.748192265629768 -27.563093155622482 0
    endloop
  endfacet
  facet normal 0 0 1
    outer loop
      vertex -10.85630639642477 -27.449164628982544 0.2
      vertex -10.748192265629768 -27.563093155622482 0.2
      vertex 4.600000001490116 -25 0.2
    endloop
  endfacet
  facet normal 0 0 -1
    outer loop
      vertex -10.748192265629768 -27.563093155622482 0
      vertex 4.600000001490116 -25 0
      vertex -10.563093155622482 -27.74819226562977 0
    endloop
  endfacet
  facet normal 0 0 1
    outer loop
      vertex -10.748192265629768 -27.563093155622482 0.2
      vertex -10.563093155622482 -27.74819226562977 0.2
      vertex 4.600000001490116 -25 0.2
    endloop
  endfacet
  facet normal 0 0 -1
    outer loop
      vertex -10.563093155622482 -27.74819226562977 0
      vertex 4.600000001490116 -25 0
      vertex -10.449164628982544 -27.85630639642477 0
    endloop
  endfacet
  facet normal 0 0 1
    outer loop
      vertex -10.563093155622482 -27.74819226562977 0.2
      vertex -10.449164628982544 -27.85630639642477 0.2
      vertex 4.600000001490116 -25 0.2
    endloop
  endfacet
  facet normal 0 0 -1
    outer loop
      vertex -9.93176832050085 -28.298204585909843 0
      vertex 4.600000001490116 -25 0
      vertex -9.807162903249264 -28.39381768554449 0
    endloop
  endfacet
  facet normal 0 0 1
    outer loop
      vertex -9.93176832050085 -28.298204585909843 0.2
      vertex -9.807162903249264 -28.39381768554449 0.2
      vertex 4.600000001490116 -25 0.2
    endloop
  endfacet
  facet normal 0 0 -1
    outer loop
      vertex -10.449164628982544 -27.85630639642477 0
      vertex 4.600000001490116 -25 0
      vertex -10.254632100462914 -28.031464271247387 0
    endloop
  endfacet
  facet normal 0 0 1
    outer loop
      vertex -10.449164628982544 -27.85630639642477 0.2
      vertex -10.254632100462914 -28.031464271247387 0.2
      vertex 4.600000001490116 -25 0.2
    endloop
  endfacet
  facet normal 0 0 -1
    outer loop
      vertex -10.135201454162598 -28.13346768170595 0
      vertex -10.254632100462914 -28.031464271247387 0
      vertex 4.600000001490116 -25 0
    endloop
  endfacet
  facet normal 0 0 1
    outer loop
      vertex -10.135201454162598 -28.13346768170595 0.2
      vertex 4.600000001490116 -25 0.2
      vertex -10.254632100462914 -28.031464271247387 0.2
    endloop
  endfacet
  facet normal 0 0 -1
    outer loop
      vertex -10.135201454162598 -28.13346768170595 0
      vertex 4.600000001490116 -25 0
      vertex -9.93176832050085 -28.298204585909843 0
    endloop
  endfacet
  facet normal 0 0 1
    outer loop
      vertex -10.135201454162598 -28.13346768170595 0.2
      vertex -9.93176832050085 -28.298204585909843 0.2
      vertex 4.600000001490116 -25 0.2
    endloop
  endfacet
  facet normal 0 0 -1
    outer loop
      vertex -12.1859460324049 -25.514526903629303 0
      vertex 4.600000001490116 -25 0
      vertex -12.067105174064636 -25.747765228152275 0
    endloop
  endfacet
  facet normal 0 0 1
    outer loop
      vertex -12.1859460324049 -25.514526903629303 0.2
      vertex -12.067105174064636 -25.747765228152275 0.2
      vertex 4.600000001490116 -25 0.2
    endloop
  endfacet
  facet normal 0 0 -1
    outer loop
      vertex -11.992161750793457 -25.88579384237528 0
      vertex 4.600000001490116 -25 0
      vertex -11.861277140676975 -26.1124926507473 0
    endloop
  endfacet
  facet normal 0 0 1
    outer loop
      vertex -11.992161750793457 -25.88579384237528 0.2
      vertex -11.861277140676975 -26.1124926507473 0.2
      vertex 4.600000001490116 -25 0.2
    endloop
  endfacet
  facet normal 0 0 -1
    outer loop
      vertex -12.067105174064636 -25.747765228152275 0
      vertex 4.600000001490116 -25 0
      vertex -11.992161750793457 -25.88579384237528 0
    endloop
  endfacet
  facet normal 0 0 1
    outer loop
      vertex -12.067105174064636 -25.747765228152275 0.2
      vertex -11.992161750793457 -25.88579384237528 0.2
      vertex 4.600000001490116 -25 0.2
    endloop
  endfacet
  facet normal 0 0 -1
    outer loop
      vertex -11.861277140676975 -26.1124926507473 0
      vertex 4.600000001490116 -25 0
      vertex -11.779212638735771 -26.246409758925438 0
    endloop
  endfacet
  facet normal 0 0 1
    outer loop
      vertex -11.861277140676975 -26.1124926507473 0.2
      vertex -11.779212638735771 -26.246409758925438 0.2
      vertex 4.600000001490116 -25 0.2
    endloop
  endfacet
  facet normal 0 0 -1
    outer loop
      vertex -11.636642768979073 -26.46594812721014 0
      vertex -11.779212638735771 -26.246409758925438 0
      vertex 4.600000001490116 -25 0
    endloop
  endfacet
  facet normal 0 0 1
    outer loop
      vertex -11.636642768979073 -26.46594812721014 0.2
      vertex 4.600000001490116 -25 0.2
      vertex -11.779212638735771 -26.246409758925438 0.2
    endloop
  endfacet
  facet normal 0 0 -1
    outer loop
      vertex -11.636642768979073 -26.46594812721014 0
      vertex 4.600000001490116 -25 0
      vertex -11.547681853175163 -26.595387056469917 0
    endloop
  endfacet
  facet normal 0 0 -1
    outer loop
      vertex -11.547681853175163 -26.595387056469917 0
      vertex 4.600000001490116 -25 0
      vertex -11.39381768554449 -26.807162903249264 0
    endloop
  endfacet
  facet normal 0 0 1
    outer loop
      vertex -11.636642768979073 -26.46594812721014 0.2
      vertex -11.547681853175163 -26.595387056469917 0.2
      vertex 4.600000001490116 -25 0.2
    endloop
  endfacet
  facet normal 0 0 1
    outer loop
      vertex -11.547681853175163 -26.595387056469917 0.2
      vertex -11.39381768554449 -26.807162903249264 0.2
      vertex 4.600000001490116 -25 0.2
    endloop
  endfacet
  facet normal 0 0 -1
    outer loop
      vertex -11.39381768554449 -26.807162903249264 0
      vertex 4.600000001490116 -25 0
      vertex -11.298204585909843 -26.93176832050085 0
    endloop
  endfacet
  facet normal 0 0 1
    outer loop
      vertex -11.39381768554449 -26.807162903249264 0.2
      vertex -11.298204585909843 -26.93176832050085 0.2
      vertex 4.600000001490116 -25 0.2
    endloop
  endfacet
  facet normal 0 0 1
    outer loop
      vertex -12.360034018754959 -25.133627124130726 0.2
      vertex -0.39999999999997726 -25 0.2
      vertex -5 -25 0.2
    endloop
  endfacet
  facet normal 0 0 -1
    outer loop
      vertex -9.807162903249264 -28.39381768554449 0
      vertex 4.600000001490116 -25 0
      vertex -9.595387056469917 -28.547681853175163 0
    endloop
  endfacet
  facet normal 0 0 1
    outer loop
      vertex -9.807162903249264 -28.39381768554449 0.2
      vertex -9.595387056469917 -28.547681853175163 0.2
      vertex 4.600000001490116 -25 0.2
    endloop
  endfacet
  facet normal 0 0 -1
    outer loop
      vertex -9.465948410332203 -28.636642575263977 0
      vertex -9.595387056469917 -28.547681853175163 0
      vertex 4.600000001490116 -25 0
    endloop
  endfacet
  facet normal 0 0 1
    outer loop
      vertex -9.465948410332203 -28.636642575263977 0.2
      vertex 4.600000001490116 -25 0.2
      vertex -9.595387056469917 -28.547681853175163 0.2
    endloop
  endfacet
  facet normal 0 0 -1
    outer loop
      vertex -9.465948410332203 -28.636642575263977 0
      vertex 4.600000001490116 -25 0
      vertex -9.246410049498081 -28.779212459921837 0
    endloop
  endfacet
  facet normal 0 0 1
    outer loop
      vertex -9.465948410332203 -28.636642575263977 0.2
      vertex -9.246410049498081 -28.779212459921837 0.2
      vertex 4.600000001490116 -25 0.2
    endloop
  endfacet
  facet normal 0 0 -1
    outer loop
      vertex -9.246410049498081 -28.779212459921837 0
      vertex 4.600000001490116 -25 0
      vertex -9.1124926507473 -28.861277140676975 0
    endloop
  endfacet
  facet normal 0 0 1
    outer loop
      vertex -9.246410049498081 -28.779212459921837 0.2
      vertex -9.1124926507473 -28.861277140676975 0.2
      vertex 4.600000001490116 -25 0.2
    endloop
  endfacet
  facet normal 0 0 -1
    outer loop
      vertex -9.1124926507473 -28.861277140676975 0
      vertex 4.600000001490116 -25 0
      vertex -8.885793842375278 -28.992161750793457 0
    endloop
  endfacet
  facet normal 0 0 1
    outer loop
      vertex -9.1124926507473 -28.861277140676975 0.2
      vertex -8.885793842375278 -28.992161750793457 0.2
      vertex 4.600000001490116 -25 0.2
    endloop
  endfacet
  facet normal 0 0 -1
    outer loop
      vertex -8.747765339910984 -29.06710511445999 0
      vertex -8.885793842375278 -28.992161750793457 0
      vertex 4.600000001490116 -25 0
    endloop
  endfacet
  facet normal 0 0 1
    outer loop
      vertex -8.747765339910984 -29.06710511445999 0.2
      vertex 4.600000001490116 -25 0.2
      vertex -8.885793842375278 -28.992161750793457 0.2
    endloop
  endfacet
  facet normal 0 0 -1
    outer loop
      vertex -8.747765339910984 -29.06710511445999 0
      vertex 4.600000001490116 -25 0
      vertex -8.514526903629303 -29.1859460324049 0
    endloop
  endfacet
  facet normal 0 0 1
    outer loop
      vertex -8.747765339910984 -29.06710511445999 0.2
      vertex -8.514526903629303 -29.1859460324049 0.2
      vertex 4.600000001490116 -25 0.2
    endloop
  endfacet
  facet normal 0 -1 0
    outer loop
      vertex -5 -30 0
      vertex -0.3999999985098839 -30 0
      vertex -5 -30 0.2
    endloop
  endfacet
  facet normal 0 0 -1
    outer loop
      vertex -8.514526903629303 -29.1859460324049 0
      vertex 4.600000001490116 -25 0
      vertex -8.372765332460403 -29.253562830388546 0
    endloop
  endfacet
  facet normal 0 0 1
    outer loop
      vertex -8.514526903629303 -29.1859460324049 0.2
      vertex -8.372765332460403 -29.253562830388546 0.2
      vertex 4.600000001490116 -25 0.2
    endloop
  endfacet
  facet normal 0 0 -1
    outer loop
      vertex -8.372765332460403 -29.253562830388546 0
      vertex 4.600000001490116 -25 0
      vertex -8.133627124130726 -29.36003401875496 0
    endloop
  endfacet
  facet normal 0 0 1
    outer loop
      vertex -8.372765332460403 -29.253562830388546 0.2
      vertex -8.133627124130726 -29.36003401875496 0.2
      vertex 4.600000001490116 -25 0.2
    endloop
  endfacet
  facet normal 0 0 -1
    outer loop
      vertex -8.133627124130726 -29.36003401875496 0
      vertex 4.600000001490116 -25 0
      vertex -7.988521046936512 -29.42013892531395 0
    endloop
  endfacet
  facet normal 0 0 1
    outer loop
      vertex -8.133627124130726 -29.36003401875496 0.2
      vertex -7.988521046936512 -29.42013892531395 0.2
      vertex 4.600000001490116 -25 0.2
    endloop
  endfacet
  facet normal 0 0 -1
    outer loop
      vertex -7.988521046936512 -29.42013892531395 0
      vertex 4.600000001490116 -25 0
      vertex -7.744138121604919 -29.51394873857498 0
    endloop
  endfacet
  facet normal 0 0 1
    outer loop
      vertex -7.988521046936512 -29.42013892531395 0.2
      vertex -7.744138121604919 -29.51394873857498 0.2
      vertex 4.600000001490116 -25 0.2
    endloop
  endfacet
  facet normal 0 0 -1
    outer loop
      vertex -7.744138121604919 -29.51394873857498 0
      vertex 4.600000001490116 -25 0
      vertex -7.596085257828236 -29.566377006471157 0
    endloop
  endfacet
  facet normal 0 0 1
    outer loop
      vertex -7.744138121604919 -29.51394873857498 0.2
      vertex -7.596085257828236 -29.566377006471157 0.2
      vertex 4.600000001490116 -25 0.2
    endloop
  endfacet
  facet normal 0 0 -1
    outer loop
      vertex -7.596085257828236 -29.566377006471157 0
      vertex 4.600000001490116 -25 0
      vertex -7.347127713263035 -29.64726822078228 0
    endloop
  endfacet
  facet normal 0 0 1
    outer loop
      vertex -7.596085257828236 -29.566377006471157 0.2
      vertex -7.347127713263035 -29.64726822078228 0.2
      vertex 4.600000001490116 -25 0.2
    endloop
  endfacet
  facet normal 0 0 -1
    outer loop
      vertex -7.196533866226673 -29.691876150667667 0
      vertex 4.600000001490116 -25 0
      vertex -6.943684056401253 -29.759627051651478 0
    endloop
  endfacet
  facet normal 0 0 1
    outer loop
      vertex -7.196533866226673 -29.691876150667667 0.2
      vertex -6.943684056401253 -29.759627051651478 0.2
      vertex 4.600000001490116 -25 0.2
    endloop
  endfacet
  facet normal 0 0 -1
    outer loop
      vertex -6.943684056401253 -29.759627051651478 0
      vertex 4.600000001490116 -25 0
      vertex -6.790961988270283 -29.79629237949848 0
    endloop
  endfacet
  facet normal 0 0 1
    outer loop
      vertex -6.943684056401253 -29.759627051651478 0.2
      vertex -6.790961988270283 -29.79629237949848 0.2
      vertex 4.600000001490116 -25 0.2
    endloop
  endfacet
  facet normal 0 0 -1
    outer loop
      vertex -6.790961988270283 -29.79629237949848 0
      vertex 4.600000001490116 -25 0
      vertex -6.534912794828415 -29.850717321038246 0
    endloop
  endfacet
  facet normal 0 0 1
    outer loop
      vertex -6.790961988270283 -29.79629237949848 0.2
      vertex -6.534912794828415 -29.850717321038246 0.2
      vertex 4.600000001490116 -25 0.2
    endloop
  endfacet
  facet normal 0 0 -1
    outer loop
      vertex -6.534912794828415 -29.850717321038246 0
      vertex 4.600000001490116 -25 0
      vertex -6.380480945110321 -29.879339568316936 0
    endloop
  endfacet
  facet normal 0 0 1
    outer loop
      vertex -6.534912794828415 -29.850717321038246 0.2
      vertex -6.380480945110321 -29.879339568316936 0.2
      vertex 4.600000001490116 -25 0.2
    endloop
  endfacet
  facet normal 0 0 -1
    outer loop
      vertex -6.380480945110321 -29.879339568316936 0
      vertex 4.600000001490116 -25 0
      vertex -6.121934473514557 -29.920289307832718 0
    endloop
  endfacet
  facet normal 0 0 1
    outer loop
      vertex -6.380480945110321 -29.879339568316936 0.2
      vertex -6.121934473514557 -29.920289307832718 0.2
      vertex 4.600000001490116 -25 0.2
    endloop
  endfacet
  facet normal 0 0 -1
    outer loop
      vertex -7.347127713263035 -29.64726822078228 0
      vertex 4.600000001490116 -25 0
      vertex -7.196533866226673 -29.691876150667667 0
    endloop
  endfacet
  facet normal 0 0 1
    outer loop
      vertex -7.347127713263035 -29.64726822078228 0.2
      vertex -7.196533866226673 -29.691876150667667 0.2
      vertex 4.600000001490116 -25 0.2
    endloop
  endfacet
  facet normal 0 0 -1
    outer loop
      vertex -6.121934473514557 -29.920289307832718 0
      vertex 4.600000001490116 -25 0
      vertex -5.9662164747715 -29.940789975225925 0
    endloop
  endfacet
  facet normal 0 0 1
    outer loop
      vertex -6.121934473514557 -29.920289307832718 0.2
      vertex -5.9662164747715 -29.940789975225925 0.2
      vertex 4.600000001490116 -25 0.2
    endloop
  endfacet
  facet normal 0 0 -1
    outer loop
      vertex -5.9662164747715 -29.940789975225925 0
      vertex 4.600000001490116 -25 0
      vertex -5.705880835652351 -29.968152359128 0
    endloop
  endfacet
  facet normal 0 0 1
    outer loop
      vertex -5.9662164747715 -29.940789975225925 0.2
      vertex -5.705880835652351 -29.968152359128 0.2
      vertex 4.600000001490116 -25 0.2
    endloop
  endfacet
  facet normal 0 0 -1
    outer loop
      vertex -5.705880835652351 -29.968152359128 0
      vertex 4.600000001490116 -25 0
      vertex -5.549303308129311 -29.980475276708603 0
    endloop
  endfacet
  facet normal 0 0 1
    outer loop
      vertex -5.705880835652351 -29.968152359128 0.2
      vertex -5.549303308129311 -29.980475276708603 0.2
      vertex 4.600000001490116 -25 0.2
    endloop
  endfacet
  facet normal 0 -1 0
    outer loop
      vertex -0.3999999985098839 -30 0
      vertex -0.3999999985098839 -30 0.2
      vertex -5 -30 0.2
    endloop
  endfacet
  facet normal 0 0 -1
    outer loop
      vertex -5.549303308129311 -29.980475276708603 0
      vertex 4.600000001490116 -25 0
      vertex -5.287892572581768 -29.994175232946873 0
    endloop
  endfacet
  facet normal 0 0 1
    outer loop
      vertex -5.549303308129311 -29.980475276708603 0.2
      vertex -5.287892572581768 -29.994175232946873 0.2
      vertex 4.600000001490116 -25 0.2
    endloop
  endfacet
  facet normal 0 0 -1
    outer loop
      vertex -5.287892572581768 -29.994175232946873 0
      vertex 4.600000001490116 -25 0
      vertex -5.130884699523449 -29.99828662723303 0
    endloop
  endfacet
  facet normal 0 0 1
    outer loop
      vertex -5.287892572581768 -29.994175232946873 0.2
      vertex -5.130884699523449 -29.99828662723303 0.2
      vertex 4.600000001490116 -25 0.2
    endloop
  endfacet
  facet normal 0 0 -1
    outer loop
      vertex -5.130884699523449 -29.99828662723303 0
      vertex 4.600000001490116 -25 0
      vertex -5 -30 0
    endloop
  endfacet
  facet normal 0 0 1
    outer loop
      vertex -5.130884699523449 -29.99828662723303 0.2
      vertex -5 -30 0.2
      vertex 4.600000001490116 -25 0.2
    endloop
  endfacet
  facet normal 0 0 1
    outer loop
      vertex -12.360034018754959 -25.133627124130726 0.2
      vertex 4.600000001490116 -25 0.2
      vertex -0.39999999999997726 -25 0.2
    endloop
  endfacet
  facet normal 0 0 1
    outer loop
      vertex -7.673019573092461 -14.638028502464294 0.2
      vertex -7.598076209425926 -14.5 0.2
      vertex -8 -13.856406460551018 0.2
    endloop
  endfacet
  facet normal 0 0 1
    outer loop
      vertex -7.598076209425926 -14.5 0.2
      vertex -7.516011707484722 -14.366082891821861 0.2
      vertex -8 -13.856406460551018 0.2
    endloop
  endfacet
  facet normal 0 0 1
    outer loop
      vertex -7.516011707484722 -14.366082891821861 0.2
      vertex -7.427050985395908 -14.236644245684147 0.2
      vertex -8 -13.856406460551018 0.2
    endloop
  endfacet
  facet normal 0 0 1
    outer loop
      vertex -7.3895942845617615 -14.187829722840089 0.2
      vertex -8 -13.856406460551018 0.2
      vertex -7.427050985395908 -14.236644245684147 0.2
    endloop
  endfacet
  facet normal 0 0 -1
    outer loop
      vertex -14.14786259829998 -15.517189048230648 0
      vertex -3.67574330419302 -3.67574330419302 0
      vertex -3.4783322662115097 -3.863079383969307 0
    endloop
  endfacet
  facet normal 0 0 -1
    outer loop
      vertex -13.316366471350193 -16.236365228891373 0
      vertex -3.4783322662115097 -3.863079383969307 0
      vertex -3.271387368440628 -4.039827026426792 0
    endloop
  endfacet
  facet normal 0 0 -1
    outer loop
      vertex -13 -16.487758927047253 0
      vertex -3.271387368440628 -4.039827026426792 0
      vertex -3.0554758831858635 -4.205501735210419 0
    endloop
  endfacet
  facet normal 0 0 -1
    outer loop
      vertex -13 -16.487758927047253 0
      vertex -3.0554758831858635 -4.205501735210419 0
      vertex -2.831189602613449 -4.359649419784546 0
    endloop
  endfacet
  facet normal 0 0 -1
    outer loop
      vertex -13 -16.487758927047253 0
      vertex -2.831189602613449 -4.359649419784546 0
      vertex -2.59914293885231 -4.501847803592682 0
    endloop
  endfacet
  facet normal 0 0 -1
    outer loop
      vertex -13 -16.487758927047253 0
      vertex -2.59914293885231 -4.501847803592682 0
      vertex -2.359972506761551 -4.63170675188303 0
    endloop
  endfacet
  facet normal 0 0 -1
    outer loop
      vertex -13 -16.487758927047253 0
      vertex -2.359972506761551 -4.63170675188303 0
      vertex -2.1143333688378334 -4.748870611190796 0
    endloop
  endfacet
  facet normal 0 0 -1
    outer loop
      vertex -13 -16.487758927047253 0
      vertex -2.1143333688378334 -4.748870611190796 0
      vertex -1.8628991842269897 -4.853018060326576 0
    endloop
  endfacet
  facet normal 0 0 -1
    outer loop
      vertex -13 -16.487758927047253 0
      vertex -1.8628991842269897 -4.853018060326576 0
      vertex -1.6063586696982384 -4.943863824009895 0
    endloop
  endfacet
  facet normal 0 0 -1
    outer loop
      vertex -13 -16.487758927047253 0
      vertex -1.6063586696982384 -4.943863824009895 0
      vertex -1.3454154282808304 -5.02115873247385 0
    endloop
  endfacet
  facet normal 0 0 -1
    outer loop
      vertex -13 -16.487758927047253 0
      vertex -1.3454154282808304 -5.02115873247385 0
      vertex -1.0807844400405884 -5.084691010415554 0
    endloop
  endfacet
  facet normal 0 0 -1
    outer loop
      vertex -15.692347057163715 -13.953329920768738 0
      vertex -4.039827026426792 -3.271387368440628 0
      vertex -3.863079383969307 -3.4783322662115097 0
    endloop
  endfacet
  facet normal 0 0 -1
    outer loop
      vertex -14.94058033823967 -14.755481392145157 0
      vertex -3.863079383969307 -3.4783322662115097 0
      vertex -3.67574330419302 -3.67574330419302 0
    endloop
  endfacet
  facet normal 0 0 1
    outer loop
      vertex -4.501847803592682 -2.59914293885231 0.2
      vertex -9.088266546721352 -4.630703097343377 0.2
      vertex -8.833459118601272 -5.1 0.2
    endloop
  endfacet
  facet normal 0 0 1
    outer loop
      vertex -4.205501735210419 -3.0554758831858635 0.2
      vertex -8.554439793043326 -5.555318157153276 0.2
      vertex -8.251973342624463 -5.995409573383226 0.2
    endloop
  endfacet
  facet normal 0 0 1
    outer loop
      vertex -4.359649419784546 -2.831189602613449 0.2
      vertex -8.833459118601272 -5.1 0.2
      vertex -8.554439793043326 -5.555318157153276 0.2
    endloop
  endfacet
  facet normal 0 0 1
    outer loop
      vertex -4.039827026426792 -3.271387368440628 0.2
      vertex -8.251973342624463 -5.995409573383226 0.2
      vertex -7.926888806861102 -6.419067988708341 0.2
    endloop
  endfacet
  facet normal 0 0 1
    outer loop
      vertex -4.853018060326576 -1.8628991842269897 0.2
      vertex -9.700776466210565 -3.1519733426244634 0.2
      vertex -9.522520350271456 -3.6553530853620626 0.2
    endloop
  endfacet
  facet normal 0 0 1
    outer loop
      vertex -4.748870611190796 -2.1143333688378334 0.2
      vertex -9.522520350271456 -3.6553530853620626 0.2
      vertex -9.318163667954527 -4.148713759373162 0.2
    endloop
  endfacet
  facet normal 0 0 1
    outer loop
      vertex -4.943863824009895 -1.6063586696982384 0.2
      vertex -9.852443428148495 -2.6399542600457115 0.2
      vertex -9.700776466210565 -3.1519733426244634 0.2
    endloop
  endfacet
  facet normal 0 0 1
    outer loop
      vertex -4.63170675188303 -2.359972506761551 0.2
      vertex -9.318163667954527 -4.148713759373162 0.2
      vertex -9.088266546721352 -4.630703097343377 0.2
    endloop
  endfacet
  facet normal 0 0 1
    outer loop
      vertex -5.02115873247385 -1.3454154282808304 0.2
      vertex -9.852443428148495 -2.6399542600457115 0.2
      vertex -4.943863824009895 -1.6063586696982384 0.2
    endloop
  endfacet
  facet normal 0 0 1
    outer loop
      vertex -5.02115873247385 -1.3454154282808304 0.2
      vertex -5.084691010415554 -1.0807844400405884 0.2
      vertex -9.977105527484817 -2.120699246341145 0.2
    endloop
  endfacet
  facet normal 0 0 1
    outer loop
      vertex -5.084691010415554 -1.0807844400405884 0.2
      vertex -5.134286507964134 -0.8131910488009453 0.2
      vertex -10.074421074070404 -1.5956315434103547 0.2
    endloop
  endfacet
  facet normal 0 0 1
    outer loop
      vertex -5.134286507964134 -0.8131910488009453 0.2
      vertex -5.169809266924858 -0.5433689430356026 0.2
      vertex -10.144123332756386 -1.0661903253300653 0.2
    endloop
  endfacet
  facet normal 0 0 1
    outer loop
      vertex -5.169809266924858 -0.5433689430356026 0.2
      vertex -5.191161960363388 -0.2720572501420975 0.2
      vertex -10.186021254496652 -0.5338267536780271 0.2
    endloop
  endfacet
  facet normal 0 0 1
    outer loop
      vertex -5.191161960363388 -0.2720572501420975 0.2
      vertex -5.198286034166813 0 0.2
      vertex -10.2 0 0.2
    endloop
  endfacet
  facet normal 0 0 1
    outer loop
      vertex -3.67574330419302 -3.67574330419302 0.2
      vertex -7.580077219869421 -6.825132184860354 0.2
      vertex -7.212489168102785 -7.212489168102785 0.2
    endloop
  endfacet
  facet normal 0 0 1
    outer loop
      vertex -3.4783322662115097 -3.863079383969307 0.2
      vertex -7.212489168102785 -7.212489168102785 0.2
      vertex -6.825132184860354 -7.580077219869421 0.2
    endloop
  endfacet
  facet normal 0 0 1
    outer loop
      vertex -3.863079383969307 -3.4783322662115097 0.2
      vertex -7.926888806861102 -6.419067988708341 0.2
      vertex -7.580077219869421 -6.825132184860354 0.2
    endloop
  endfacet
  facet normal 0 0 1
    outer loop
      vertex -3.271387368440628 -4.039827026426792 0.2
      vertex -6.825132184860354 -7.580077219869421 0.2
      vertex -6.419067988708341 -7.926888806861102 0.2
    endloop
  endfacet
  facet normal 0 0 1
    outer loop
      vertex -2.831189602613449 -4.359649419784546 0.2
      vertex -6.419067988708341 -7.926888806861102 0.2
      vertex -5.995409573383226 -8.251973342624463 0.2
    endloop
  endfacet
  facet normal 0 0 1
    outer loop
      vertex -4.359649419784546 -2.831189602613449 0.2
      vertex -8.554439793043326 -5.555318157153276 0.2
      vertex -4.205501735210419 -3.0554758831858635 0.2
    endloop
  endfacet
  facet normal 0 0 1
    outer loop
      vertex -4.205501735210419 -3.0554758831858635 0.2
      vertex -8.251973342624463 -5.995409573383226 0.2
      vertex -4.039827026426792 -3.271387368440628 0.2
    endloop
  endfacet
  facet normal 0 0 1
    outer loop
      vertex -4.039827026426792 -3.271387368440628 0.2
      vertex -7.926888806861102 -6.419067988708341 0.2
      vertex -3.863079383969307 -3.4783322662115097 0.2
    endloop
  endfacet
  facet normal 0 0 1
    outer loop
      vertex -3.863079383969307 -3.4783322662115097 0.2
      vertex -7.580077219869421 -6.825132184860354 0.2
      vertex -3.67574330419302 -3.67574330419302 0.2
    endloop
  endfacet
  facet normal 0 0 1
    outer loop
      vertex -4.63170675188303 -2.359972506761551 0.2
      vertex -4.748870611190796 -2.1143333688378334 0.2
      vertex -9.318163667954527 -4.148713759373162 0.2
    endloop
  endfacet
  facet normal 0 0 1
    outer loop
      vertex -4.943863824009895 -1.6063586696982384 0.2
      vertex -9.700776466210565 -3.1519733426244634 0.2
      vertex -4.853018060326576 -1.8628991842269897 0.2
    endloop
  endfacet
  facet normal 0 0 1
    outer loop
      vertex -4.748870611190796 -2.1143333688378334 0.2
      vertex -4.853018060326576 -1.8628991842269897 0.2
      vertex -9.522520350271456 -3.6553530853620626 0.2
    endloop
  endfacet
  facet normal 0 0 1
    outer loop
      vertex -4.63170675188303 -2.359972506761551 0.2
      vertex -9.088266546721352 -4.630703097343377 0.2
      vertex -4.501847803592682 -2.59914293885231 0.2
    endloop
  endfacet
  facet normal 0 0 1
    outer loop
      vertex -4.359649419784546 -2.831189602613449 0.2
      vertex -4.501847803592682 -2.59914293885231 0.2
      vertex -8.833459118601272 -5.1 0.2
    endloop
  endfacet
  facet normal 0.9832549115234185 0.1822355041287908 0
    outer loop
      vertex -5.084691010415554 -1.0807844400405884 0
      vertex -5.134286507964134 -0.8131910488009453 0
      vertex -5.084691010415554 -1.0807844400405884 0.2
    endloop
  endfacet
  facet normal 0.9723699215063006 0.233445359238154 0
    outer loop
      vertex -5.02115873247385 -1.3454154282808304 0
      vertex -5.084691010415554 -1.0807844400405884 0
      vertex -5.02115873247385 -1.3454154282808304 0.2
    endloop
  endfacet
  facet normal 0.9723699215063006 0.233445359238154 0
    outer loop
      vertex -5.084691010415554 -1.0807844400405884 0
      vertex -5.084691010415554 -1.0807844400405884 0.2
      vertex -5.02115873247385 -1.3454154282808304 0.2
    endloop
  endfacet
  facet normal 0.991444859075956 0.13052620967398781 0
    outer loop
      vertex -5.134286507964134 -0.8131910488009453 0
      vertex -5.169809266924858 -0.5433689430356026 0
      vertex -5.134286507964134 -0.8131910488009453 0.2
    endloop
  endfacet
  facet normal 0.9832549115234185 0.1822355041287908 0
    outer loop
      vertex -5.134286507964134 -0.8131910488009453 0
      vertex -5.134286507964134 -0.8131910488009453 0.2
      vertex -5.084691010415554 -1.0807844400405884 0.2
    endloop
  endfacet
  facet normal 0.991444859075956 0.13052620967398781 0
    outer loop
      vertex -5.169809266924858 -0.5433689430356026 0
      vertex -5.169809266924858 -0.5433689430356026 0.2
      vertex -5.134286507964134 -0.8131910488009453 0.2
    endloop
  endfacet
  facet normal 0.996917333696819 0.07845909618919501 0
    outer loop
      vertex -5.169809266924858 -0.5433689430356026 0
      vertex -5.191161960363388 -0.2720572501420975 0
      vertex -5.169809266924858 -0.5433689430356026 0.2
    endloop
  endfacet
  facet normal 0.996917333696819 0.07845909618919501 0
    outer loop
      vertex -5.191161960363388 -0.2720572501420975 0
      vertex -5.191161960363388 -0.2720572501420975 0.2
      vertex -5.169809266924858 -0.5433689430356026 0.2
    endloop
  endfacet
  facet normal 0.9996573245920164 0.026176962954701857 0
    outer loop
      vertex -5.191161960363388 -0.2720572501420975 0
      vertex -5.198286034166813 0 0
      vertex -5.191161960363388 -0.2720572501420975 0.2
    endloop
  endfacet
  facet normal 0.9996573245920164 0.026176962954701857 0
    outer loop
      vertex -5.191161960363388 -0.2720572501420975 0.2
      vertex -5.198286034166813 0 0
      vertex -5.198286034166813 0 0.2
    endloop
  endfacet
  facet normal 0 0 -1
    outer loop
      vertex -13 -22 0
      vertex -0.5433689430356026 -5.169809266924858 0
      vertex -0.27205710858106613 -5.191161975264549 0
    endloop
  endfacet
  facet normal 0 0 -1
    outer loop
      vertex -13 -22 0
      vertex -0.27205710858106613 -5.191161975264549 0
      vertex -0.2691151201725006 -5.1912390142679214 0
    endloop
  endfacet
  facet normal 0 0 -1
    outer loop
      vertex -13 -22 0
      vertex -0.2691151201725006 -5.1912390142679214 0
      vertex -0.1383202150464058 -5.1963779628276825 0
    endloop
  endfacet
  facet normal 0 0 -1
    outer loop
      vertex -13 -22 0
      vertex -0.1383202150464058 -5.1963779628276825 0
      vertex 0.12264231592416763 -5.216916158795357 0
    endloop
  endfacet
  facet normal 0 0 -1
    outer loop
      vertex -13 -16.487758927047253 0
      vertex -1.0807844400405884 -5.084691010415554 0
      vertex -0.8131910488009453 -5.134286507964134 0
    endloop
  endfacet
  facet normal 0 0 -1
    outer loop
      vertex -13 -16.487758927047253 0
      vertex -0.8131910488009453 -5.134286507964134 0
      vertex -0.5433689430356026 -5.169809266924858 0
    endloop
  endfacet
  facet normal 0 0 -1
    outer loop
      vertex -13 -22 0
      vertex 0.12264231592416763 -5.216916158795357 0
      vertex 0.3821723237633705 -5.251083932816982 0
    endloop
  endfacet
  facet normal 0 0 -1
    outer loop
      vertex -13 -22 0
      vertex 0.3821723237633705 -5.251083932816982 0
      vertex 0.639558456838131 -5.298787631094456 0
    endloop
  endfacet
  facet normal 0 0 -1
    outer loop
      vertex -13 -22 0
      vertex 0.639558456838131 -5.298787631094456 0
      vertex 0.8940952271223068 -5.359896503388882 0
    endloop
  endfacet
  facet normal 0 0 -1
    outer loop
      vertex -13 -22 0
      vertex 0.8940952271223068 -5.359896503388882 0
      vertex 1.1450849696993828 -5.434243053197861 0
    endloop
  endfacet
  facet normal 0 0 -1
    outer loop
      vertex -13 -22 0
      vertex 1.1450849696993828 -5.434243053197861 0
      vertex 1.391839750111103 -5.521623499691486 0
    endloop
  endfacet
  facet normal 0 0 1
    outer loop
      vertex -0.5433689430356026 -5.169809266924858 0.2
      vertex -5.1 -8.833459118601272 0.2
      vertex -4.630703097343377 -9.088266546721352 0.2
    endloop
  endfacet
  facet normal 0 0 -1
    outer loop
      vertex -13 -22 0
      vertex 2.100000001490116 -5.859398618340492 0
      vertex 2.3231951743364334 -5.996172793209553 0
    endloop
  endfacet
  facet normal 0 0 -1
    outer loop
      vertex -13 -22 0
      vertex 2.3231951743364334 -5.996172793209553 0
      vertex 2.5389262661337852 -6.144440665841103 0
    endloop
  endfacet
  facet normal 0 0 -1
    outer loop
      vertex -13 -22 0
      vertex 2.5389262661337852 -6.144440665841103 0
      vertex 2.746601954102516 -6.303795829415321 0
    endloop
  endfacet
  facet normal 0 0 -1
    outer loop
      vertex -13 -22 0
      vertex 2.746601954102516 -6.303795829415321 0
      vertex 2.945653036236763 -6.4738015085458755 0
    endloop
  endfacet
  facet normal 0 0 -1
    outer loop
      vertex -13 -22 0
      vertex 2.945653036236763 -6.4738015085458755 0
      vertex 3.135533906519413 -6.653991729021072 0
    endloop
  endfacet
  facet normal 0 0 -1
    outer loop
      vertex -13 -22 0
      vertex 3.645084969699383 -7.2505993694067 0
      vertex 3.7933528423309326 -7.466330461204052 0
    endloop
  endfacet
  facet normal 0 0 -1
    outer loop
      vertex -13 -22 0
      vertex 3.135533906519413 -6.653991729021072 0
      vertex 3.31572412699461 -6.843872599303722 0
    endloop
  endfacet
  facet normal 0 0 -1
    outer loop
      vertex -13 -22 0
      vertex 3.31572412699461 -6.843872599303722 0
      vertex 3.485729806125164 -7.042923681437969 0
    endloop
  endfacet
  facet normal 0 0 -1
    outer loop
      vertex -13 -22 0
      vertex 3.485729806125164 -7.042923681437969 0
      vertex 3.645084969699383 -7.2505993694067 0
    endloop
  endfacet
  facet normal 0 0 -1
    outer loop
      vertex -13 -22 0
      vertex 1.391839750111103 -5.521623499691486 0
      vertex 1.63368321955204 -5.6217983439564705 0
    endloop
  endfacet
  facet normal 0 0 -1
    outer loop
      vertex -13 -22 0
      vertex 1.63368321955204 -5.6217983439564705 0
      vertex 1.8699524998664856 -5.734493009746075 0
    endloop
  endfacet
  facet normal 0 0 -1
    outer loop
      vertex -13 -22 0
      vertex 1.8699524998664856 -5.734493009746075 0
      vertex 2.100000001490116 -5.859398618340492 0
    endloop
  endfacet
  facet normal 0 0 1
    outer loop
      vertex -0.5433689430356026 -5.169809266924858 0.2
      vertex -4.630703097343377 -9.088266546721352 0.2
      vertex -4.148713759373162 -9.318163667954527 0.2
    endloop
  endfacet
  facet normal 0 0 1
    outer loop
      vertex -0.5433689430356026 -5.169809266924858 0.2
      vertex -4.148713759373162 -9.318163667954527 0.2
      vertex -3.6553530853620626 -9.522520350271456 0.2
    endloop
  endfacet
  facet normal 0 0 1
    outer loop
      vertex 0.3821723237633705 -5.251083932816982 0.2
      vertex -3.6553530853620626 -9.522520350271456 0.2
      vertex -3.1519733426244634 -9.700776466210565 0.2
    endloop
  endfacet
  facet normal 0 0 1
    outer loop
      vertex -2.1143333688378334 -4.748870611190796 0.2
      vertex -5.995409573383226 -8.251973342624463 0.2
      vertex -5.555318157153276 -8.554439793043326 0.2
    endloop
  endfacet
  facet normal 0 0 1
    outer loop
      vertex -3.4783322662115097 -3.863079383969307 0.2
      vertex -3.67574330419302 -3.67574330419302 0.2
      vertex -7.212489168102785 -7.212489168102785 0.2
    endloop
  endfacet
  facet normal 0 0 1
    outer loop
      vertex -3.4783322662115097 -3.863079383969307 0.2
      vertex -6.825132184860354 -7.580077219869421 0.2
      vertex -3.271387368440628 -4.039827026426792 0.2
    endloop
  endfacet
  facet normal 0 0 1
    outer loop
      vertex -3.271387368440628 -4.039827026426792 0.2
      vertex -6.419067988708341 -7.926888806861102 0.2
      vertex -3.0554758831858635 -4.205501735210419 0.2
    endloop
  endfacet
  facet normal 0 0 1
    outer loop
      vertex -1.3454154282808304 -5.02115873247385 0.2
      vertex -5.555318157153276 -8.554439793043326 0.2
      vertex -5.1 -8.833459118601272 0.2
    endloop
  endfacet
  facet normal 0 0 1
    outer loop
      vertex -2.831189602613449 -4.359649419784546 0.2
      vertex -5.995409573383226 -8.251973342624463 0.2
      vertex -2.59914293885231 -4.501847803592682 0.2
    endloop
  endfacet
  facet normal 0 0 1
    outer loop
      vertex -2.59914293885231 -4.501847803592682 0.2
      vertex -5.995409573383226 -8.251973342624463 0.2
      vertex -2.359972506761551 -4.63170675188303 0.2
    endloop
  endfacet
  facet normal 0 0 1
    outer loop
      vertex -2.359972506761551 -4.63170675188303 0.2
      vertex -5.995409573383226 -8.251973342624463 0.2
      vertex -2.1143333688378334 -4.748870611190796 0.2
    endloop
  endfacet
  facet normal 0 0 1
    outer loop
      vertex -3.0554758831858635 -4.205501735210419 0.2
      vertex -6.419067988708341 -7.926888806861102 0.2
      vertex -2.831189602613449 -4.359649419784546 0.2
    endloop
  endfacet
  facet normal 0.688354575023703 0.7253743716481423 0
    outer loop
      vertex -3.4783322662115097 -3.863079383969307 0
      vertex -3.67574330419302 -3.67574330419302 0
      vertex -3.4783322662115097 -3.863079383969307 0.2
    endloop
  endfacet
  facet normal 0.6494480532511574 0.7604059613971224 0
    outer loop
      vertex -3.4783322662115097 -3.863079383969307 0
      vertex -3.4783322662115097 -3.863079383969307 0.2
      vertex -3.271387368440628 -4.039827026426792 0.2
    endloop
  endfacet
  facet normal 0.9238795327376588 0.38268343181857917 0
    outer loop
      vertex -4.853018060326576 -1.8628991842269897 0
      vertex -4.853018060326576 -1.8628991842269897 0.2
      vertex -4.748870611190796 -2.1143333688378334 0.2
    endloop
  endfacet
  facet normal 0.9025852834288184 0.4305110987393003 0
    outer loop
      vertex -4.748870611190796 -2.1143333688378334 0
      vertex -4.748870611190796 -2.1143333688378334 0.2
      vertex -4.63170675188303 -2.359972506761551 0.2
    endloop
  endfacet
  facet normal 0.9238795327376588 0.38268343181857917 0
    outer loop
      vertex -4.748870611190796 -2.1143333688378334 0
      vertex -4.853018060326576 -1.8628991842269897 0
      vertex -4.748870611190796 -2.1143333688378334 0.2
    endloop
  endfacet
  facet normal 0.9025852834288184 0.4305110987393003 0
    outer loop
      vertex -4.63170675188303 -2.359972506761551 0
      vertex -4.748870611190796 -2.1143333688378334 0
      vertex -4.63170675188303 -2.359972506761551 0.2
    endloop
  endfacet
  facet normal 0.8241261977792066 0.5664062236010372 0
    outer loop
      vertex -4.359649419784546 -2.831189602613449 0
      vertex -4.359649419784546 -2.831189602613449 0.2
      vertex -4.205501735210419 -3.0554758831858635 0.2
    endloop
  endfacet
  facet normal 0.8241261977792066 0.5664062236010372 0
    outer loop
      vertex -4.359649419784546 -2.831189602613449 0
      vertex -4.205501735210419 -3.0554758831858635 0.2
      vertex -4.205501735210419 -3.0554758831858635 0
    endloop
  endfacet
  facet normal 0.8788171142001947 0.47715875742654257 0
    outer loop
      vertex -4.63170675188303 -2.359972506761551 0
      vertex -4.501847803592682 -2.59914293885231 0.2
      vertex -4.501847803592682 -2.59914293885231 0
    endloop
  endfacet
  facet normal 0.8788171142001947 0.47715875742654257 0
    outer loop
      vertex -4.63170675188303 -2.359972506761551 0
      vertex -4.63170675188303 -2.359972506761551 0.2
      vertex -4.501847803592682 -2.59914293885231 0.2
    endloop
  endfacet
  facet normal 0.8526401555634389 0.5224985790609911 0
    outer loop
      vertex -4.359649419784546 -2.831189602613449 0
      vertex -4.501847803592682 -2.59914293885231 0
      vertex -4.359649419784546 -2.831189602613449 0.2
    endloop
  endfacet
  facet normal 0.8526401555634389 0.5224985790609911 0
    outer loop
      vertex -4.501847803592682 -2.59914293885231 0
      vertex -4.501847803592682 -2.59914293885231 0.2
      vertex -4.359649419784546 -2.831189602613449 0.2
    endloop
  endfacet
  facet normal 0.9426414877598908 0.3338068686438607 0
    outer loop
      vertex -4.943863824009895 -1.6063586696982384 0
      vertex -4.943863824009895 -1.6063586696982384 0.2
      vertex -4.853018060326576 -1.8628991842269897 0.2
    endloop
  endfacet
  facet normal 0.9588197359318827 0.28401534111296656 0
    outer loop
      vertex -5.02115873247385 -1.3454154282808304 0
      vertex -4.943863824009895 -1.6063586696982384 0.2
      vertex -4.943863824009895 -1.6063586696982384 0
    endloop
  endfacet
  facet normal 0.9588197359318827 0.28401534111296656 0
    outer loop
      vertex -5.02115873247385 -1.3454154282808304 0
      vertex -5.02115873247385 -1.3454154282808304 0.2
      vertex -4.943863824009895 -1.6063586696982384 0.2
    endloop
  endfacet
  facet normal 0.9426414877598908 0.3338068686438607 0
    outer loop
      vertex -4.943863824009895 -1.6063586696982384 0
      vertex -4.853018060326576 -1.8628991842269897 0.2
      vertex -4.853018060326576 -1.8628991842269897 0
    endloop
  endfacet
  facet normal 0.7933533418297851 0.6087614270036434 0
    outer loop
      vertex -4.205501735210419 -3.0554758831858635 0
      vertex -4.205501735210419 -3.0554758831858635 0.2
      vertex -4.039827026426792 -3.271387368440628 0.2
    endloop
  endfacet
  facet normal 0.7933533418297851 0.6087614270036434 0
    outer loop
      vertex -4.205501735210419 -3.0554758831858635 0
      vertex -4.039827026426792 -3.271387368440628 0.2
      vertex -4.039827026426792 -3.271387368440628 0
    endloop
  endfacet
  facet normal 0.7604059613971224 0.6494480532511574 0
    outer loop
      vertex -4.039827026426792 -3.271387368440628 0
      vertex -3.863079383969307 -3.4783322662115097 0.2
      vertex -3.863079383969307 -3.4783322662115097 0
    endloop
  endfacet
  facet normal 0.7604059613971224 0.6494480532511574 0
    outer loop
      vertex -4.039827026426792 -3.271387368440628 0
      vertex -4.039827026426792 -3.271387368440628 0.2
      vertex -3.863079383969307 -3.4783322662115097 0.2
    endloop
  endfacet
  facet normal 0.7253743716481423 0.688354575023703 0
    outer loop
      vertex -3.863079383969307 -3.4783322662115097 0
      vertex -3.863079383969307 -3.4783322662115097 0.2
      vertex -3.67574330419302 -3.67574330419302 0.2
    endloop
  endfacet
  facet normal 0.7253743716481423 0.688354575023703 0
    outer loop
      vertex -3.863079383969307 -3.4783322662115097 0
      vertex -3.67574330419302 -3.67574330419302 0.2
      vertex -3.67574330419302 -3.67574330419302 0
    endloop
  endfacet
  facet normal 0.688354575023703 0.7253743716481423 0
    outer loop
      vertex -3.67574330419302 -3.67574330419302 0
      vertex -3.67574330419302 -3.67574330419302 0.2
      vertex -3.4783322662115097 -3.863079383969307 0.2
    endloop
  endfacet
  facet normal 0 0 1
    outer loop
      vertex -1.8628991842269897 -4.853018060326576 0.2
      vertex -5.555318157153276 -8.554439793043326 0.2
      vertex -1.6063586696982384 -4.943863824009895 0.2
    endloop
  endfacet
  facet normal 0 0 1
    outer loop
      vertex -2.1143333688378334 -4.748870611190796 0.2
      vertex -5.555318157153276 -8.554439793043326 0.2
      vertex -1.8628991842269897 -4.853018060326576 0.2
    endloop
  endfacet
  facet normal 0 0 1
    outer loop
      vertex -1.6063586696982384 -4.943863824009895 0.2
      vertex -5.555318157153276 -8.554439793043326 0.2
      vertex -1.3454154282808304 -5.02115873247385 0.2
    endloop
  endfacet
  facet normal 0.6494480532511574 0.7604059613971224 0
    outer loop
      vertex -3.4783322662115097 -3.863079383969307 0
      vertex -3.271387368440628 -4.039827026426792 0.2
      vertex -3.271387368440628 -4.039827026426792 0
    endloop
  endfacet
  facet normal 0.6087614270036434 0.7933533418297851 0
    outer loop
      vertex -3.271387368440628 -4.039827026426792 0
      vertex -3.0554758831858635 -4.205501735210419 0.2
      vertex -3.0554758831858635 -4.205501735210419 0
    endloop
  endfacet
  facet normal 0.6087614270036434 0.7933533418297851 0
    outer loop
      vertex -3.271387368440628 -4.039827026426792 0
      vertex -3.271387368440628 -4.039827026426792 0.2
      vertex -3.0554758831858635 -4.205501735210419 0.2
    endloop
  endfacet
  facet normal 0.5664062236010372 0.8241261977792066 0
    outer loop
      vertex -3.0554758831858635 -4.205501735210419 0
      vertex -2.831189602613449 -4.359649419784546 0.2
      vertex -2.831189602613449 -4.359649419784546 0
    endloop
  endfacet
  facet normal 0.5664062236010372 0.8241261977792066 0
    outer loop
      vertex -3.0554758831858635 -4.205501735210419 0
      vertex -3.0554758831858635 -4.205501735210419 0.2
      vertex -2.831189602613449 -4.359649419784546 0.2
    endloop
  endfacet
  facet normal 0.5224985790609911 0.8526401555634389 0
    outer loop
      vertex -2.831189602613449 -4.359649419784546 0
      vertex -2.831189602613449 -4.359649419784546 0.2
      vertex -2.59914293885231 -4.501847803592682 0.2
    endloop
  endfacet
  facet normal 0.5224985790609911 0.8526401555634389 0
    outer loop
      vertex -2.831189602613449 -4.359649419784546 0
      vertex -2.59914293885231 -4.501847803592682 0.2
      vertex -2.59914293885231 -4.501847803592682 0
    endloop
  endfacet
  facet normal 0 0 1
    outer loop
      vertex -1.3454154282808304 -5.02115873247385 0.2
      vertex -5.1 -8.833459118601272 0.2
      vertex -1.0807844400405884 -5.084691010415554 0.2
    endloop
  endfacet
  facet normal 0 0 1
    outer loop
      vertex -1.0807844400405884 -5.084691010415554 0.2
      vertex -5.1 -8.833459118601272 0.2
      vertex -0.8131910488009453 -5.134286507964134 0.2
    endloop
  endfacet
  facet normal 0 0 1
    outer loop
      vertex -0.8131910488009453 -5.134286507964134 0.2
      vertex -5.1 -8.833459118601272 0.2
      vertex -0.5433689430356026 -5.169809266924858 0.2
    endloop
  endfacet
  facet normal 0.47715875742654257 0.8788171142001947 0
    outer loop
      vertex -2.59914293885231 -4.501847803592682 0
      vertex -2.59914293885231 -4.501847803592682 0.2
      vertex -2.359972506761551 -4.63170675188303 0.2
    endloop
  endfacet
  facet normal 0.47715875742654257 0.8788171142001947 0
    outer loop
      vertex -2.59914293885231 -4.501847803592682 0
      vertex -2.359972506761551 -4.63170675188303 0.2
      vertex -2.359972506761551 -4.63170675188303 0
    endloop
  endfacet
  facet normal 0.4305110987393003 0.9025852834288184 0
    outer loop
      vertex -2.359972506761551 -4.63170675188303 0
      vertex -2.359972506761551 -4.63170675188303 0.2
      vertex -2.1143333688378334 -4.748870611190796 0.2
    endloop
  endfacet
  facet normal 0.4305110987393003 0.9025852834288184 0
    outer loop
      vertex -2.359972506761551 -4.63170675188303 0
      vertex -2.1143333688378334 -4.748870611190796 0.2
      vertex -2.1143333688378334 -4.748870611190796 0
    endloop
  endfacet
  facet normal 0.38268343181857917 0.9238795327376588 0
    outer loop
      vertex -2.1143333688378334 -4.748870611190796 0
      vertex -2.1143333688378334 -4.748870611190796 0.2
      vertex -1.8628991842269897 -4.853018060326576 0.2
    endloop
  endfacet
  facet normal 0.38268343181857917 0.9238795327376588 0
    outer loop
      vertex -2.1143333688378334 -4.748870611190796 0
      vertex -1.8628991842269897 -4.853018060326576 0.2
      vertex -1.8628991842269897 -4.853018060326576 0
    endloop
  endfacet
  facet normal 0.026176957818491456 -0.999657324726513 0
    outer loop
      vertex -0.3999999985098839 -30 0
      vertex -0.1383202150464058 -29.993147671222687 0
      vertex -0.3999999985098839 -30 0.2
    endloop
  endfacet
  facet normal 0.026176957818491456 -0.999657324726513 0
    outer loop
      vertex -0.1383202150464058 -29.993147671222687 0
      vertex -0.1383202150464058 -29.993147671222687 0.2
      vertex -0.3999999985098839 -30 0.2
    endloop
  endfacet
  facet normal 0 0 -1
    outer loop
      vertex -5 -30 0
      vertex 4.267902135848999 -26.791839748620987 0
      vertex -0.3999999985098839 -30 0
    endloop
  endfacet
  facet normal 0 0 1
    outer loop
      vertex -5 -30 0.2
      vertex -0.3999999985098839 -30 0.2
      vertex 4.267902135848999 -26.791839748620987 0.2
    endloop
  endfacet
  facet normal 0.07845909330945348 -0.9969173339234595 0
    outer loop
      vertex -0.1383202150464058 -29.993147671222687 0
      vertex 0.12264231592416763 -29.972609475255013 0
      vertex -0.1383202150464058 -29.993147671222687 0.2
    endloop
  endfacet
  facet normal 0.07845909330945348 -0.9969173339234595 0
    outer loop
      vertex 0.12264231592416763 -29.972609475255013 0
      vertex 0.12264231592416763 -29.972609475255013 0.2
      vertex -0.1383202150464058 -29.993147671222687 0.2
    endloop
  endfacet
  facet normal 0.13052619331171836 -0.9914448612300897 0
    outer loop
      vertex 0.12264231592416763 -29.972609475255013 0
      vertex 0.3821723237633705 -29.938441701233387 0
      vertex 0.12264231592416763 -29.972609475255013 0.2
    endloop
  endfacet
  facet normal 0.13052619331171836 -0.9914448612300897 0
    outer loop
      vertex 0.3821723237633705 -29.938441701233387 0
      vertex 0.3821723237633705 -29.938441701233387 0.2
      vertex 0.12264231592416763 -29.972609475255013 0.2
    endloop
  endfacet
  facet normal 0.18223551882493655 -0.9832549087996489 0
    outer loop
      vertex 0.3821723237633705 -29.938441701233387 0
      vertex 0.639558456838131 -29.890738002955914 0
      vertex 0.3821723237633705 -29.938441701233387 0.2
    endloop
  endfacet
  facet normal 0.18223551882493655 -0.9832549087996489 0
    outer loop
      vertex 0.639558456838131 -29.890738002955914 0
      vertex 0.639558456838131 -29.890738002955914 0.2
      vertex 0.3821723237633705 -29.938441701233387 0.2
    endloop
  endfacet
  facet normal 0.2334453650996525 -0.9723699200990793 0
    outer loop
      vertex 0.639558456838131 -29.890738002955914 0
      vertex 0.8940952271223068 -29.829629130661488 0
      vertex 0.639558456838131 -29.890738002955914 0.2
    endloop
  endfacet
  facet normal 0.2334453650996525 -0.9723699200990793 0
    outer loop
      vertex 0.8940952271223068 -29.829629130661488 0
      vertex 0.8940952271223068 -29.829629130661488 0.2
      vertex 0.639558456838131 -29.890738002955914 0.2
    endloop
  endfacet
  facet normal 0.2840153480775197 -0.9588197338688881 0
    outer loop
      vertex 0.8940952271223068 -29.829629130661488 0
      vertex 1.1450849696993828 -29.75528258085251 0
      vertex 0.8940952271223068 -29.829629130661488 0.2
    endloop
  endfacet
  facet normal 0.2840153480775197 -0.9588197338688881 0
    outer loop
      vertex 1.1450849696993828 -29.75528258085251 0
      vertex 1.1450849696993828 -29.75528258085251 0.2
      vertex 0.8940952271223068 -29.829629130661488 0.2
    endloop
  endfacet
  facet normal 0.3338068452793812 -0.9426414960336869 0
    outer loop
      vertex 1.1450849696993828 -29.75528258085251 0
      vertex 1.391839750111103 -29.667902134358883 0
      vertex 1.1450849696993828 -29.75528258085251 0.2
    endloop
  endfacet
  facet normal 0.3338068452793812 -0.9426414960336869 0
    outer loop
      vertex 1.391839750111103 -29.667902134358883 0
      vertex 1.391839750111103 -29.667902134358883 0.2
      vertex 1.1450849696993828 -29.75528258085251 0.2
    endloop
  endfacet
  facet normal 0 0 -1
    outer loop
      vertex -0.1383202150464058 -29.993147671222687 0
      vertex 4.055032625794411 -27.26995249837637 0
      vertex 0.12264231592416763 -29.972609475255013 0
    endloop
  endfacet
  facet normal 0 0 1
    outer loop
      vertex -0.1383202150464058 -29.993147671222687 0.2
      vertex 0.12264231592416763 -29.972609475255013 0.2
      vertex 4.055032625794411 -27.26995249837637 0.2
    endloop
  endfacet
  facet normal 0 0 -1
    outer loop
      vertex -0.3999999985098839 -30 0
      vertex 4.267902135848999 -26.791839748620987 0
      vertex -0.1383202150464058 -29.993147671222687 0
    endloop
  endfacet
  facet normal 0 0 1
    outer loop
      vertex -0.3999999985098839 -30 0.2
      vertex -0.1383202150464058 -29.993147671222687 0.2
      vertex 4.267902135848999 -26.791839748620987 0.2
    endloop
  endfacet
  facet normal 0 0 -1
    outer loop
      vertex -5 -30 0
      vertex 4.355282582342625 -26.545084968209267 0
      vertex 4.267902135848999 -26.791839748620987 0
    endloop
  endfacet
  facet normal 0 0 1
    outer loop
      vertex -5 -30 0.2
      vertex 4.267902135848999 -26.791839748620987 0.2
      vertex 4.355282582342625 -26.545084968209267 0.2
    endloop
  endfacet
  facet normal 0 0 -1
    outer loop
      vertex -5 -30 0
      vertex 4.429629132151604 -26.29409522563219 0
      vertex 4.355282582342625 -26.545084968209267 0
    endloop
  endfacet
  facet normal 0 0 1
    outer loop
      vertex -5 -30 0.2
      vertex 4.355282582342625 -26.545084968209267 0.2
      vertex 4.429629132151604 -26.29409522563219 0.2
    endloop
  endfacet
  facet normal 0 0 -1
    outer loop
      vertex -5 -30 0
      vertex 4.49073800444603 -26.039558455348015 0
      vertex 4.429629132151604 -26.29409522563219 0
    endloop
  endfacet
  facet normal 0 0 1
    outer loop
      vertex -5 -30 0.2
      vertex 4.429629132151604 -26.29409522563219 0.2
      vertex 4.49073800444603 -26.039558455348015 0.2
    endloop
  endfacet
  facet normal 0 0 -1
    outer loop
      vertex -5 -30 0
      vertex 4.538441702723503 -25.782172322273254 0
      vertex 4.49073800444603 -26.039558455348015 0
    endloop
  endfacet
  facet normal 0 0 1
    outer loop
      vertex -5 -30 0.2
      vertex 4.49073800444603 -26.039558455348015 0.2
      vertex 4.538441702723503 -25.782172322273254 0.2
    endloop
  endfacet
  facet normal 0 0 -1
    outer loop
      vertex -5 -30 0
      vertex 4.572609476745129 -25.52264231443405 0
      vertex 4.538441702723503 -25.782172322273254 0
    endloop
  endfacet
  facet normal 0 0 1
    outer loop
      vertex -5 -30 0.2
      vertex 4.538441702723503 -25.782172322273254 0.2
      vertex 4.572609476745129 -25.52264231443405 0.2
    endloop
  endfacet
  facet normal 0 0 -1
    outer loop
      vertex -5 -30 0
      vertex 4.593147672712803 -25.261679783463478 0
      vertex 4.572609476745129 -25.52264231443405 0
    endloop
  endfacet
  facet normal 0 0 -1
    outer loop
      vertex -5 -30 0
      vertex 4.600000001490116 -25 0
      vertex 4.593147672712803 -25.261679783463478 0
    endloop
  endfacet
  facet normal 0 0 1
    outer loop
      vertex -5 -30 0.2
      vertex 4.572609476745129 -25.52264231443405 0.2
      vertex 4.593147672712803 -25.261679783463478 0.2
    endloop
  endfacet
  facet normal 0 0 1
    outer loop
      vertex -5 -30 0.2
      vertex 4.593147672712803 -25.261679783463478 0.2
      vertex 4.600000001490116 -25 0.2
    endloop
  endfacet
  facet normal 0 0 -1
    outer loop
      vertex -13 -22 0
      vertex 4.600000001490116 -10.18952563405037 0
      vertex 4.600000001490116 -25 0
    endloop
  endfacet
  facet normal 0 0 1
    outer loop
      vertex 4.600000001490116 -25 0.2
      vertex -0.39999999999997726 -10.189525631372325 0.2
      vertex -0.39999999999997726 -25 0.2
    endloop
  endfacet
  facet normal 0.3826834299234235 -0.9238795335226581 0
    outer loop
      vertex 1.391839750111103 -29.667902134358883 0
      vertex 1.63368321955204 -29.5677272900939 0
      vertex 1.391839750111103 -29.667902134358883 0.2
    endloop
  endfacet
  facet normal 0.3826834299234235 -0.9238795335226581 0
    outer loop
      vertex 1.63368321955204 -29.5677272900939 0
      vertex 1.63368321955204 -29.5677272900939 0.2
      vertex 1.391839750111103 -29.667902134358883 0.2
    endloop
  endfacet
  facet normal 0 0 -1
    outer loop
      vertex 0.12264231592416763 -29.972609475255013 0
      vertex 3.930127017199993 -27.5 0
      vertex 0.3821723237633705 -29.938441701233387 0
    endloop
  endfacet
  facet normal 0 0 1
    outer loop
      vertex 0.12264231592416763 -29.972609475255013 0.2
      vertex 0.3821723237633705 -29.938441701233387 0.2
      vertex 3.930127017199993 -27.5 0.2
    endloop
  endfacet
  facet normal 0 0 -1
    outer loop
      vertex 0.3821723237633705 -29.938441701233387 0
      vertex 3.7933528423309326 -27.723195172846317 0
      vertex 0.639558456838131 -29.890738002955914 0
    endloop
  endfacet
  facet normal 0 0 1
    outer loop
      vertex 0.3821723237633705 -29.938441701233387 0.2
      vertex 0.639558456838131 -29.890738002955914 0.2
      vertex 3.7933528423309326 -27.723195172846317 0.2
    endloop
  endfacet
  facet normal 0.43051109665707876 -0.9025852844219872 0
    outer loop
      vertex 1.63368321955204 -29.5677272900939 0
      vertex 1.8699524998664856 -29.455032624304295 0
      vertex 1.63368321955204 -29.5677272900939 0.2
    endloop
  endfacet
  facet normal 0.43051109665707876 -0.9025852844219872 0
    outer loop
      vertex 1.8699524998664856 -29.455032624304295 0
      vertex 1.8699524998664856 -29.455032624304295 0.2
      vertex 1.63368321955204 -29.5677272900939 0.2
    endloop
  endfacet
  facet normal 0 0 -1
    outer loop
      vertex 0.639558456838131 -29.890738002955914 0
      vertex 3.645084969699383 -27.93892626464367 0
      vertex 0.8940952271223068 -29.829629130661488 0
    endloop
  endfacet
  facet normal 0 0 1
    outer loop
      vertex 0.639558456838131 -29.890738002955914 0.2
      vertex 0.8940952271223068 -29.829629130661488 0.2
      vertex 3.645084969699383 -27.93892626464367 0.2
    endloop
  endfacet
  facet normal 0 0 -1
    outer loop
      vertex 0.8940952271223068 -29.829629130661488 0
      vertex 3.485729806125164 -28.1466019526124 0
      vertex 1.1450849696993828 -29.75528258085251 0
    endloop
  endfacet
  facet normal 0 0 1
    outer loop
      vertex 0.8940952271223068 -29.829629130661488 0.2
      vertex 1.1450849696993828 -29.75528258085251 0.2
      vertex 3.485729806125164 -28.1466019526124 0.2
    endloop
  endfacet
  facet normal 0.4771587791428821 -0.878817102409184 0
    outer loop
      vertex 1.8699524998664856 -29.455032624304295 0
      vertex 2.100000001490116 -29.330127015709877 0
      vertex 1.8699524998664856 -29.455032624304295 0.2
    endloop
  endfacet
  facet normal 0 0 -1
    outer loop
      vertex 1.1450849696993828 -29.75528258085251 0
      vertex 3.31572412699461 -28.345653034746647 0
      vertex 1.391839750111103 -29.667902134358883 0
    endloop
  endfacet
  facet normal 0 0 1
    outer loop
      vertex 1.1450849696993828 -29.75528258085251 0.2
      vertex 1.391839750111103 -29.667902134358883 0.2
      vertex 3.31572412699461 -28.345653034746647 0.2
    endloop
  endfacet
  facet normal 0.4771587791428821 -0.878817102409184 0
    outer loop
      vertex 2.100000001490116 -29.330127015709877 0
      vertex 2.100000001490116 -29.330127015709877 0.2
      vertex 1.8699524998664856 -29.455032624304295 0.2
    endloop
  endfacet
  facet normal 0 0 -1
    outer loop
      vertex 1.391839750111103 -29.667902134358883 0
      vertex 3.135533906519413 -28.535533905029297 0
      vertex 1.63368321955204 -29.5677272900939 0
    endloop
  endfacet
  facet normal 0 0 1
    outer loop
      vertex 1.391839750111103 -29.667902134358883 0.2
      vertex 1.63368321955204 -29.5677272900939 0.2
      vertex 3.135533906519413 -28.535533905029297 0.2
    endloop
  endfacet
  facet normal 0.5224985564948038 -0.8526401693920164 0
    outer loop
      vertex 2.100000001490116 -29.330127015709877 0
      vertex 2.3231951743364334 -29.193352840840816 0
      vertex 2.100000001490116 -29.330127015709877 0.2
    endloop
  endfacet
  facet normal 0 0 -1
    outer loop
      vertex 1.63368321955204 -29.5677272900939 0
      vertex 3.135533906519413 -28.535533905029297 0
      vertex 1.8699524998664856 -29.455032624304295 0
    endloop
  endfacet
  facet normal 0 0 -1
    outer loop
      vertex 1.8699524998664856 -29.455032624304295 0
      vertex 2.746601954102516 -28.885729804635048 0
      vertex 2.100000001490116 -29.330127015709877 0
    endloop
  endfacet
  facet normal 0.5224985564948038 -0.8526401693920164 0
    outer loop
      vertex 2.3231951743364334 -29.193352840840816 0
      vertex 2.3231951743364334 -29.193352840840816 0.2
      vertex 2.100000001490116 -29.330127015709877 0.2
    endloop
  endfacet
  facet normal 0 0 1
    outer loop
      vertex 1.63368321955204 -29.5677272900939 0.2
      vertex 1.8699524998664856 -29.455032624304295 0.2
      vertex 3.135533906519413 -28.535533905029297 0.2
    endloop
  endfacet
  facet normal 0 0 1
    outer loop
      vertex 1.8699524998664856 -29.455032624304295 0.2
      vertex 2.100000001490116 -29.330127015709877 0.2
      vertex 2.746601954102516 -28.885729804635048 0.2
    endloop
  endfacet
  facet normal 0 0 -1
    outer loop
      vertex 2.100000001490116 -29.330127015709877 0
      vertex 2.5389262661337852 -29.045084968209267 0
      vertex 2.3231951743364334 -29.193352840840816 0
    endloop
  endfacet
  facet normal 0.5664062396774137 -0.8241261867302192 0
    outer loop
      vertex 2.3231951743364334 -29.193352840840816 0
      vertex 2.5389262661337852 -29.045084968209267 0
      vertex 2.3231951743364334 -29.193352840840816 0.2
    endloop
  endfacet
  facet normal 0 0 1
    outer loop
      vertex 2.100000001490116 -29.330127015709877 0.2
      vertex 2.3231951743364334 -29.193352840840816 0.2
      vertex 2.5389262661337852 -29.045084968209267 0.2
    endloop
  endfacet
  facet normal 0 0 -1
    outer loop
      vertex 2.100000001490116 -29.330127015709877 0
      vertex 2.746601954102516 -28.885729804635048 0
      vertex 2.5389262661337852 -29.045084968209267 0
    endloop
  endfacet
  facet normal 0.5664062396774137 -0.8241261867302192 0
    outer loop
      vertex 2.5389262661337852 -29.045084968209267 0
      vertex 2.5389262661337852 -29.045084968209267 0.2
      vertex 2.3231951743364334 -29.193352840840816 0.2
    endloop
  endfacet
  facet normal 0 0 1
    outer loop
      vertex 2.100000001490116 -29.330127015709877 0.2
      vertex 2.5389262661337852 -29.045084968209267 0.2
      vertex 2.746601954102516 -28.885729804635048 0.2
    endloop
  endfacet
  facet normal 0 0 -1
    outer loop
      vertex 1.8699524998664856 -29.455032624304295 0
      vertex 2.945653036236763 -28.715724125504494 0
      vertex 2.746601954102516 -28.885729804635048 0
    endloop
  endfacet
  facet normal 0 0 1
    outer loop
      vertex 1.8699524998664856 -29.455032624304295 0.2
      vertex 2.746601954102516 -28.885729804635048 0.2
      vertex 2.945653036236763 -28.715724125504494 0.2
    endloop
  endfacet
  facet normal 0.6087614373009534 -0.793353333928381 0
    outer loop
      vertex 2.5389262661337852 -29.045084968209267 0
      vertex 2.746601954102516 -28.885729804635048 0
      vertex 2.5389262661337852 -29.045084968209267 0.2
    endloop
  endfacet
  facet normal 0 0 -1
    outer loop
      vertex 1.391839750111103 -29.667902134358883 0
      vertex 3.31572412699461 -28.345653034746647 0
      vertex 3.135533906519413 -28.535533905029297 0
    endloop
  endfacet
  facet normal 0 0 -1
    outer loop
      vertex 1.8699524998664856 -29.455032624304295 0
      vertex 3.135533906519413 -28.535533905029297 0
      vertex 2.945653036236763 -28.715724125504494 0
    endloop
  endfacet
  facet normal 0 0 1
    outer loop
      vertex 1.391839750111103 -29.667902134358883 0.2
      vertex 3.135533906519413 -28.535533905029297 0.2
      vertex 3.31572412699461 -28.345653034746647 0.2
    endloop
  endfacet
  facet normal 0.6087614373009534 -0.793353333928381 0
    outer loop
      vertex 2.746601954102516 -28.885729804635048 0
      vertex 2.746601954102516 -28.885729804635048 0.2
      vertex 2.5389262661337852 -29.045084968209267 0.2
    endloop
  endfacet
  facet normal 0 0 1
    outer loop
      vertex 1.8699524998664856 -29.455032624304295 0.2
      vertex 2.945653036236763 -28.715724125504494 0.2
      vertex 3.135533906519413 -28.535533905029297 0.2
    endloop
  endfacet
  facet normal 0 0 -1
    outer loop
      vertex 1.1450849696993828 -29.75528258085251 0
      vertex 3.485729806125164 -28.1466019526124 0
      vertex 3.31572412699461 -28.345653034746647 0
    endloop
  endfacet
  facet normal 0 0 -1
    outer loop
      vertex 0.8940952271223068 -29.829629130661488 0
      vertex 3.645084969699383 -27.93892626464367 0
      vertex 3.485729806125164 -28.1466019526124 0
    endloop
  endfacet
  facet normal 0 0 1
    outer loop
      vertex 1.1450849696993828 -29.75528258085251 0.2
      vertex 3.31572412699461 -28.345653034746647 0.2
      vertex 3.485729806125164 -28.1466019526124 0.2
    endloop
  endfacet
  facet normal 0 0 1
    outer loop
      vertex 0.8940952271223068 -29.829629130661488 0.2
      vertex 3.485729806125164 -28.1466019526124 0.2
      vertex 3.645084969699383 -27.93892626464367 0.2
    endloop
  endfacet
  facet normal 0 0 -1
    outer loop
      vertex 0.639558456838131 -29.890738002955914 0
      vertex 3.7933528423309326 -27.723195172846317 0
      vertex 3.645084969699383 -27.93892626464367 0
    endloop
  endfacet
  facet normal 0 0 1
    outer loop
      vertex 0.639558456838131 -29.890738002955914 0.2
      vertex 3.645084969699383 -27.93892626464367 0.2
      vertex 3.7933528423309326 -27.723195172846317 0.2
    endloop
  endfacet
  facet normal 0 0 -1
    outer loop
      vertex 0.3821723237633705 -29.938441701233387 0
      vertex 3.930127017199993 -27.5 0
      vertex 3.7933528423309326 -27.723195172846317 0
    endloop
  endfacet
  facet normal 0 0 1
    outer loop
      vertex 0.3821723237633705 -29.938441701233387 0.2
      vertex 3.7933528423309326 -27.723195172846317 0.2
      vertex 3.930127017199993 -27.5 0.2
    endloop
  endfacet
  facet normal 0 0 -1
    outer loop
      vertex 0.12264231592416763 -29.972609475255013 0
      vertex 4.055032625794411 -27.26995249837637 0
      vertex 3.930127017199993 -27.5 0
    endloop
  endfacet
  facet normal 0 0 1
    outer loop
      vertex 0.12264231592416763 -29.972609475255013 0.2
      vertex 3.930127017199993 -27.5 0.2
      vertex 4.055032625794411 -27.26995249837637 0.2
    endloop
  endfacet
  facet normal 0.6494480360909857 -0.7604059760532935 0
    outer loop
      vertex 2.746601954102516 -28.885729804635048 0
      vertex 2.945653036236763 -28.715724125504494 0
      vertex 2.746601954102516 -28.885729804635048 0.2
    endloop
  endfacet
  facet normal 0.6494480360909857 -0.7604059760532935 0
    outer loop
      vertex 2.945653036236763 -28.715724125504494 0
      vertex 2.945653036236763 -28.715724125504494 0.2
      vertex 2.746601954102516 -28.885729804635048 0.2
    endloop
  endfacet
  facet normal 0 0 -1
    outer loop
      vertex -0.1383202150464058 -29.993147671222687 0
      vertex 4.167727291584015 -27.033683218061924 0
      vertex 4.055032625794411 -27.26995249837637 0
    endloop
  endfacet
  facet normal 0 0 1
    outer loop
      vertex -0.1383202150464058 -29.993147671222687 0.2
      vertex 4.055032625794411 -27.26995249837637 0.2
      vertex 4.167727291584015 -27.033683218061924 0.2
    endloop
  endfacet
  facet normal 0 0 -1
    outer loop
      vertex -0.1383202150464058 -29.993147671222687 0
      vertex 4.267902135848999 -26.791839748620987 0
      vertex 4.167727291584015 -27.033683218061924 0
    endloop
  endfacet
  facet normal 0 0 1
    outer loop
      vertex -0.1383202150464058 -29.993147671222687 0.2
      vertex 4.167727291584015 -27.033683218061924 0.2
      vertex 4.267902135848999 -26.791839748620987 0.2
    endloop
  endfacet
  facet normal 0.6883545810806249 -0.725374365900338 0
    outer loop
      vertex 2.945653036236763 -28.715724125504494 0
      vertex 3.135533906519413 -28.535533905029297 0
      vertex 2.945653036236763 -28.715724125504494 0.2
    endloop
  endfacet
  facet normal 0.6883545810806249 -0.725374365900338 0
    outer loop
      vertex 3.135533906519413 -28.535533905029297 0
      vertex 3.135533906519413 -28.535533905029297 0.2
      vertex 2.945653036236763 -28.715724125504494 0.2
    endloop
  endfacet
  facet normal 0.725374365900338 -0.6883545810806249 0
    outer loop
      vertex 3.135533906519413 -28.535533905029297 0
      vertex 3.31572412699461 -28.345653034746647 0
      vertex 3.135533906519413 -28.535533905029297 0.2
    endloop
  endfacet
  facet normal 0.725374365900338 -0.6883545810806249 0
    outer loop
      vertex 3.31572412699461 -28.345653034746647 0
      vertex 3.31572412699461 -28.345653034746647 0.2
      vertex 3.135533906519413 -28.535533905029297 0.2
    endloop
  endfacet
  facet normal 0.7604059760532935 -0.6494480360909857 0
    outer loop
      vertex 3.31572412699461 -28.345653034746647 0
      vertex 3.485729806125164 -28.1466019526124 0
      vertex 3.31572412699461 -28.345653034746647 0.2
    endloop
  endfacet
  facet normal 0.7604059760532935 -0.6494480360909857 0
    outer loop
      vertex 3.485729806125164 -28.1466019526124 0
      vertex 3.485729806125164 -28.1466019526124 0.2
      vertex 3.31572412699461 -28.345653034746647 0.2
    endloop
  endfacet
  facet normal 0.793353333928381 -0.6087614373009534 0
    outer loop
      vertex 3.485729806125164 -28.1466019526124 0
      vertex 3.645084969699383 -27.93892626464367 0
      vertex 3.485729806125164 -28.1466019526124 0.2
    endloop
  endfacet
  facet normal 0.793353333928381 -0.6087614373009534 0
    outer loop
      vertex 3.645084969699383 -27.93892626464367 0
      vertex 3.645084969699383 -27.93892626464367 0.2
      vertex 3.485729806125164 -28.1466019526124 0.2
    endloop
  endfacet
  facet normal 0.8241261867302192 -0.5664062396774137 0
    outer loop
      vertex 3.645084969699383 -27.93892626464367 0
      vertex 3.7933528423309326 -27.723195172846317 0
      vertex 3.645084969699383 -27.93892626464367 0.2
    endloop
  endfacet
  facet normal 0.8241261867302192 -0.5664062396774137 0
    outer loop
      vertex 3.7933528423309326 -27.723195172846317 0
      vertex 3.7933528423309326 -27.723195172846317 0.2
      vertex 3.645084969699383 -27.93892626464367 0.2
    endloop
  endfacet
  facet normal 0.8526401693920164 -0.5224985564948038 0
    outer loop
      vertex 3.7933528423309326 -27.723195172846317 0
      vertex 3.930127017199993 -27.5 0
      vertex 3.7933528423309326 -27.723195172846317 0.2
    endloop
  endfacet
  facet normal 0.8526401693920164 -0.5224985564948038 0
    outer loop
      vertex 3.930127017199993 -27.5 0
      vertex 3.930127017199993 -27.5 0.2
      vertex 3.7933528423309326 -27.723195172846317 0.2
    endloop
  endfacet
  facet normal 0.878817102409184 -0.4771587791428821 0
    outer loop
      vertex 3.930127017199993 -27.5 0
      vertex 4.055032625794411 -27.26995249837637 0
      vertex 3.930127017199993 -27.5 0.2
    endloop
  endfacet
  facet normal 0.9025852844219872 -0.43051109665707876 0
    outer loop
      vertex 4.055032625794411 -27.26995249837637 0
      vertex 4.167727291584015 -27.033683218061924 0
      vertex 4.055032625794411 -27.26995249837637 0.2
    endloop
  endfacet
  facet normal 0.878817102409184 -0.4771587791428821 0
    outer loop
      vertex 4.055032625794411 -27.26995249837637 0
      vertex 4.055032625794411 -27.26995249837637 0.2
      vertex 3.930127017199993 -27.5 0.2
    endloop
  endfacet
  facet normal 0.9025852844219872 -0.43051109665707876 0
    outer loop
      vertex 4.167727291584015 -27.033683218061924 0
      vertex 4.167727291584015 -27.033683218061924 0.2
      vertex 4.055032625794411 -27.26995249837637 0.2
    endloop
  endfacet
  facet normal 0.9238795335226581 -0.3826834299234235 0
    outer loop
      vertex 4.167727291584015 -27.033683218061924 0
      vertex 4.267902135848999 -26.791839748620987 0
      vertex 4.167727291584015 -27.033683218061924 0.2
    endloop
  endfacet
  facet normal 0.9238795335226581 -0.3826834299234235 0
    outer loop
      vertex 4.267902135848999 -26.791839748620987 0
      vertex 4.267902135848999 -26.791839748620987 0.2
      vertex 4.167727291584015 -27.033683218061924 0.2
    endloop
  endfacet
  facet normal 0.9426414960336869 -0.3338068452793812 0
    outer loop
      vertex 4.267902135848999 -26.791839748620987 0
      vertex 4.355282582342625 -26.545084968209267 0
      vertex 4.267902135848999 -26.791839748620987 0.2
    endloop
  endfacet
  facet normal 0.9426414960336869 -0.3338068452793812 0
    outer loop
      vertex 4.355282582342625 -26.545084968209267 0
      vertex 4.355282582342625 -26.545084968209267 0.2
      vertex 4.267902135848999 -26.791839748620987 0.2
    endloop
  endfacet
  facet normal 0.9588197338688881 -0.2840153480775197 0
    outer loop
      vertex 4.355282582342625 -26.545084968209267 0
      vertex 4.429629132151604 -26.29409522563219 0
      vertex 4.355282582342625 -26.545084968209267 0.2
    endloop
  endfacet
  facet normal 0.9588197338688881 -0.2840153480775197 0
    outer loop
      vertex 4.429629132151604 -26.29409522563219 0
      vertex 4.429629132151604 -26.29409522563219 0.2
      vertex 4.355282582342625 -26.545084968209267 0.2
    endloop
  endfacet
  facet normal 0.9723699200990793 -0.2334453650996525 0
    outer loop
      vertex 4.429629132151604 -26.29409522563219 0
      vertex 4.49073800444603 -26.039558455348015 0
      vertex 4.429629132151604 -26.29409522563219 0.2
    endloop
  endfacet
  facet normal 0.9723699200990793 -0.2334453650996525 0
    outer loop
      vertex 4.49073800444603 -26.039558455348015 0
      vertex 4.49073800444603 -26.039558455348015 0.2
      vertex 4.429629132151604 -26.29409522563219 0.2
    endloop
  endfacet
  facet normal 0.9832549087996489 -0.18223551882493655 0
    outer loop
      vertex 4.49073800444603 -26.039558455348015 0
      vertex 4.538441702723503 -25.782172322273254 0
      vertex 4.49073800444603 -26.039558455348015 0.2
    endloop
  endfacet
  facet normal 0.9832549087996489 -0.18223551882493655 0
    outer loop
      vertex 4.538441702723503 -25.782172322273254 0
      vertex 4.538441702723503 -25.782172322273254 0.2
      vertex 4.49073800444603 -26.039558455348015 0.2
    endloop
  endfacet
  facet normal 0.9914448612300897 -0.13052619331171836 0
    outer loop
      vertex 4.538441702723503 -25.782172322273254 0
      vertex 4.572609476745129 -25.52264231443405 0
      vertex 4.538441702723503 -25.782172322273254 0.2
    endloop
  endfacet
  facet normal 0.9914448612300897 -0.13052619331171836 0
    outer loop
      vertex 4.572609476745129 -25.52264231443405 0
      vertex 4.572609476745129 -25.52264231443405 0.2
      vertex 4.538441702723503 -25.782172322273254 0.2
    endloop
  endfacet
  facet normal 0.9969173339234595 -0.07845909330945348 0
    outer loop
      vertex 4.572609476745129 -25.52264231443405 0
      vertex 4.593147672712803 -25.261679783463478 0
      vertex 4.572609476745129 -25.52264231443405 0.2
    endloop
  endfacet
  facet normal 0.9969173339234595 -0.07845909330945348 0
    outer loop
      vertex 4.593147672712803 -25.261679783463478 0
      vertex 4.593147672712803 -25.261679783463478 0.2
      vertex 4.572609476745129 -25.52264231443405 0.2
    endloop
  endfacet
  facet normal 0.999657324726513 -0.026176957818491456 0
    outer loop
      vertex 4.593147672712803 -25.261679783463478 0
      vertex 4.600000001490116 -25 0
      vertex 4.593147672712803 -25.261679783463478 0.2
    endloop
  endfacet
  facet normal 0.999657324726513 -0.026176957818491456 0
    outer loop
      vertex 4.600000001490116 -25 0
      vertex 4.600000001490116 -25 0.2
      vertex 4.593147672712803 -25.261679783463478 0.2
    endloop
  endfacet
  facet normal 0 0 1
    outer loop
      vertex 4.600000001490116 -25 0.2
      vertex 4.600000001490116 -10.18952563405037 0.2
      vertex -0.39999999999997726 -10.189525631372325 0.2
    endloop
  endfacet
  facet normal 1 0 0
    outer loop
      vertex 4.600000001490116 -25 0
      vertex 4.600000001490116 -10.18952563405037 0
      vertex 4.600000001490116 -25 0.2
    endloop
  endfacet
  facet normal 1 0 0
    outer loop
      vertex 4.600000001490116 -10.18952563405037 0
      vertex 4.600000001490116 -10.18952563405037 0.2
      vertex 4.600000001490116 -25 0.2
    endloop
  endfacet
  facet normal 0 0 -1
    outer loop
      vertex -13 -22 0
      vertex 4.355282582342625 -8.644440665841103 0
      vertex 4.429629132151604 -8.895430408418179 0
    endloop
  endfacet
  facet normal 0 0 -1
    outer loop
      vertex -13 -22 0
      vertex 4.593147672712803 -9.927845850586891 0
      vertex 4.600000001490116 -10.18952563405037 0
    endloop
  endfacet
  facet normal 0 0 -1
    outer loop
      vertex -13 -22 0
      vertex 4.572609476745129 -9.666883319616318 0
      vertex 4.593147672712803 -9.927845850586891 0
    endloop
  endfacet
  facet normal 0 0 -1
    outer loop
      vertex -13 -22 0
      vertex 4.538441702723503 -9.407353311777115 0
      vertex 4.572609476745129 -9.666883319616318 0
    endloop
  endfacet
  facet normal 0 0 -1
    outer loop
      vertex -13 -22 0
      vertex 4.49073800444603 -9.149967178702354 0
      vertex 4.538441702723503 -9.407353311777115 0
    endloop
  endfacet
  facet normal 0 0 -1
    outer loop
      vertex -13 -22 0
      vertex 4.429629132151604 -8.895430408418179 0
      vertex 4.49073800444603 -9.149967178702354 0
    endloop
  endfacet
  facet normal 0 0 -1
    outer loop
      vertex -13 -22 0
      vertex 3.7933528423309326 -7.466330461204052 0
      vertex 3.930127017199993 -7.689525634050369 0
    endloop
  endfacet
  facet normal 0 0 -1
    outer loop
      vertex -13 -22 0
      vertex 3.930127017199993 -7.689525634050369 0
      vertex 4.055032625794411 -7.919573135674 0
    endloop
  endfacet
  facet normal 0 0 -1
    outer loop
      vertex -13 -22 0
      vertex 4.055032625794411 -7.919573135674 0
      vertex 4.167727291584015 -8.155842415988445 0
    endloop
  endfacet
  facet normal 0 0 -1
    outer loop
      vertex -13 -22 0
      vertex 4.167727291584015 -8.155842415988445 0
      vertex 4.267902135848999 -8.397685885429382 0
    endloop
  endfacet
  facet normal 0 0 -1
    outer loop
      vertex -13 -22 0
      vertex 4.267902135848999 -8.397685885429382 0
      vertex 4.355282582342625 -8.644440665841103 0
    endloop
  endfacet
  facet normal 0 0 1
    outer loop
      vertex 0.8940952271223068 -5.359896503388882 0.2
      vertex -3.1519733426244634 -9.700776466210565 0.2
      vertex -2.6399542600457115 -9.852443428148495 0.2
    endloop
  endfacet
  facet normal 0 0 1
    outer loop
      vertex 1.63368321955204 -5.6217983439564705 0.2
      vertex -2.6399542600457115 -9.852443428148495 0.2
      vertex -2.120699246341145 -9.977105527484817 0.2
    endloop
  endfacet
  facet normal 0 0 1
    outer loop
      vertex 2.100000001490116 -5.859398618340492 0.2
      vertex -2.120699246341145 -9.977105527484817 0.2
      vertex -1.5956315434103547 -10.074421074070404 0.2
    endloop
  endfacet
  facet normal 0 0 1
    outer loop
      vertex 2.746601954102516 -6.303795829415321 0.2
      vertex -1.5956315434103547 -10.074421074070404 0.2
      vertex -1.0661903253300653 -10.144123332756386 0.2
    endloop
  endfacet
  facet normal 0 0 1
    outer loop
      vertex 3.135533906519413 -6.653991729021072 0.2
      vertex -1.0661903253300653 -10.144123332756386 0.2
      vertex -0.5338267536780271 -10.186021254496652 0.2
    endloop
  endfacet
  facet normal 0 0 1
    outer loop
      vertex 3.135533906519413 -6.653991729021072 0.2
      vertex -0.5338267536780271 -10.186021254496652 0.2
      vertex -0.39999999999997726 -10.189525631372325 0.2
    endloop
  endfacet
  facet normal 0 0 1
    outer loop
      vertex 2.5389262661337852 -6.144440665841103 0.2
      vertex -1.5956315434103547 -10.074421074070404 0.2
      vertex 2.746601954102516 -6.303795829415321 0.2
    endloop
  endfacet
  facet normal 0 0 1
    outer loop
      vertex -0.5433689430356026 -5.169809266924858 0.2
      vertex -3.6553530853620626 -9.522520350271456 0.2
      vertex -0.27205710858106613 -5.191161975264549 0.2
    endloop
  endfacet
  facet normal 0 0 1
    outer loop
      vertex -0.2691151201725006 -5.1912390142679214 0.2
      vertex -0.27205710858106613 -5.191161975264549 0.2
      vertex -3.6553530853620626 -9.522520350271456 0.2
    endloop
  endfacet
  facet normal 0 0 1
    outer loop
      vertex -0.2691151201725006 -5.1912390142679214 0.2
      vertex -3.6553530853620626 -9.522520350271456 0.2
      vertex -0.1383202150464058 -5.1963779628276825 0.2
    endloop
  endfacet
  facet normal 0 0 1
    outer loop
      vertex -0.1383202150464058 -5.1963779628276825 0.2
      vertex -3.6553530853620626 -9.522520350271456 0.2
      vertex 0.12264231592416763 -5.216916158795357 0.2
    endloop
  endfacet
  facet normal 0 0 1
    outer loop
      vertex 0.12264231592416763 -5.216916158795357 0.2
      vertex -3.6553530853620626 -9.522520350271456 0.2
      vertex 0.3821723237633705 -5.251083932816982 0.2
    endloop
  endfacet
  facet normal 0.3338068686438607 0.9426414877598908 0
    outer loop
      vertex -1.8628991842269897 -4.853018060326576 0
      vertex -1.8628991842269897 -4.853018060326576 0.2
      vertex -1.6063586696982384 -4.943863824009895 0.2
    endloop
  endfacet
  facet normal 0.3338068686438607 0.9426414877598908 0
    outer loop
      vertex -1.8628991842269897 -4.853018060326576 0
      vertex -1.6063586696982384 -4.943863824009895 0.2
      vertex -1.6063586696982384 -4.943863824009895 0
    endloop
  endfacet
  facet normal 0.28401534111296656 0.9588197359318827 0
    outer loop
      vertex -1.6063586696982384 -4.943863824009895 0
      vertex -1.6063586696982384 -4.943863824009895 0.2
      vertex -1.3454154282808304 -5.02115873247385 0.2
    endloop
  endfacet
  facet normal 0.28401534111296656 0.9588197359318827 0
    outer loop
      vertex -1.6063586696982384 -4.943863824009895 0
      vertex -1.3454154282808304 -5.02115873247385 0.2
      vertex -1.3454154282808304 -5.02115873247385 0
    endloop
  endfacet
  facet normal 0.233445359238154 0.9723699215063006 0
    outer loop
      vertex -1.3454154282808304 -5.02115873247385 0
      vertex -1.3454154282808304 -5.02115873247385 0.2
      vertex -1.0807844400405884 -5.084691010415554 0.2
    endloop
  endfacet
  facet normal 0.233445359238154 0.9723699215063006 0
    outer loop
      vertex -1.3454154282808304 -5.02115873247385 0
      vertex -1.0807844400405884 -5.084691010415554 0.2
      vertex -1.0807844400405884 -5.084691010415554 0
    endloop
  endfacet
  facet normal 0 0 1
    outer loop
      vertex 0.3821723237633705 -5.251083932816982 0.2
      vertex -3.1519733426244634 -9.700776466210565 0.2
      vertex 0.639558456838131 -5.298787631094456 0.2
    endloop
  endfacet
  facet normal 0 0 1
    outer loop
      vertex 0.639558456838131 -5.298787631094456 0.2
      vertex -3.1519733426244634 -9.700776466210565 0.2
      vertex 0.8940952271223068 -5.359896503388882 0.2
    endloop
  endfacet
  facet normal 0 0 1
    outer loop
      vertex 0.8940952271223068 -5.359896503388882 0.2
      vertex -2.6399542600457115 -9.852443428148495 0.2
      vertex 1.1450849696993828 -5.434243053197861 0.2
    endloop
  endfacet
  facet normal 0.1822355041287908 0.9832549115234185 0
    outer loop
      vertex -1.0807844400405884 -5.084691010415554 0
      vertex -0.8131910488009453 -5.134286507964134 0.2
      vertex -0.8131910488009453 -5.134286507964134 0
    endloop
  endfacet
  facet normal 0.1822355041287908 0.9832549115234185 0
    outer loop
      vertex -1.0807844400405884 -5.084691010415554 0
      vertex -1.0807844400405884 -5.084691010415554 0.2
      vertex -0.8131910488009453 -5.134286507964134 0.2
    endloop
  endfacet
  facet normal 0.13052620967398781 0.991444859075956 0
    outer loop
      vertex -0.8131910488009453 -5.134286507964134 0
      vertex -0.5433689430356026 -5.169809266924858 0.2
      vertex -0.5433689430356026 -5.169809266924858 0
    endloop
  endfacet
  facet normal 0.13052620967398781 0.991444859075956 0
    outer loop
      vertex -0.8131910488009453 -5.134286507964134 0
      vertex -0.8131910488009453 -5.134286507964134 0.2
      vertex -0.5433689430356026 -5.169809266924858 0.2
    endloop
  endfacet
  facet normal 0.07845910992025963 0.9969173326161606 0
    outer loop
      vertex -0.5433689430356026 -5.169809266924858 0
      vertex -0.5433689430356026 -5.169809266924858 0.2
      vertex -0.27205710858106613 -5.191161975264549 0.2
    endloop
  endfacet
  facet normal 0.07845910992025963 0.9969173326161606 0
    outer loop
      vertex -0.5433689430356026 -5.169809266924858 0
      vertex -0.27205710858106613 -5.191161975264549 0.2
      vertex -0.27205710858106613 -5.191161975264549 0
    endloop
  endfacet
  facet normal 0.026177058883896008 0.999657322080016 0
    outer loop
      vertex -0.2691151201725006 -5.1912390142679214 0
      vertex -0.27205710858106613 -5.191161975264549 0
      vertex -0.2691151201725006 -5.1912390142679214 0.2
    endloop
  endfacet
  facet normal 0.026177058883896008 0.999657322080016 0
    outer loop
      vertex -0.27205710858106613 -5.191161975264549 0
      vertex -0.27205710858106613 -5.191161975264549 0.2
      vertex -0.2691151201725006 -5.1912390142679214 0.2
    endloop
  endfacet
  facet normal 0.03925983666938877 0.9992290354191541 0
    outer loop
      vertex -0.2691151201725006 -5.1912390142679214 0
      vertex -0.2691151201725006 -5.1912390142679214 0.2
      vertex -0.1383202150464058 -5.1963779628276825 0.2
    endloop
  endfacet
  facet normal 0 0 1
    outer loop
      vertex 1.1450849696993828 -5.434243053197861 0.2
      vertex -2.6399542600457115 -9.852443428148495 0.2
      vertex 1.391839750111103 -5.521623499691486 0.2
    endloop
  endfacet
  facet normal 0 0 1
    outer loop
      vertex 1.391839750111103 -5.521623499691486 0.2
      vertex -2.6399542600457115 -9.852443428148495 0.2
      vertex 1.63368321955204 -5.6217983439564705 0.2
    endloop
  endfacet
  facet normal 0 0 1
    outer loop
      vertex 1.8699524998664856 -5.734493009746075 0.2
      vertex 1.63368321955204 -5.6217983439564705 0.2
      vertex -2.120699246341145 -9.977105527484817 0.2
    endloop
  endfacet
  facet normal 0.03925983666938877 0.9992290354191541 0
    outer loop
      vertex -0.2691151201725006 -5.1912390142679214 0
      vertex -0.1383202150464058 -5.1963779628276825 0.2
      vertex -0.1383202150464058 -5.1963779628276825 0
    endloop
  endfacet
  facet normal 0.07845909330945348 0.9969173339234595 0
    outer loop
      vertex -0.1383202150464058 -5.1963779628276825 0
      vertex -0.1383202150464058 -5.1963779628276825 0.2
      vertex 0.12264231592416763 -5.216916158795357 0.2
    endloop
  endfacet
  facet normal 0.07845909330945348 0.9969173339234595 0
    outer loop
      vertex -0.1383202150464058 -5.1963779628276825 0
      vertex 0.12264231592416763 -5.216916158795357 0.2
      vertex 0.12264231592416763 -5.216916158795357 0
    endloop
  endfacet
  facet normal 0.13052619331171836 0.9914448612300897 0
    outer loop
      vertex 0.12264231592416763 -5.216916158795357 0
      vertex 0.3821723237633705 -5.251083932816982 0.2
      vertex 0.3821723237633705 -5.251083932816982 0
    endloop
  endfacet
  facet normal 0.13052619331171836 0.9914448612300897 0
    outer loop
      vertex 0.12264231592416763 -5.216916158795357 0
      vertex 0.12264231592416763 -5.216916158795357 0.2
      vertex 0.3821723237633705 -5.251083932816982 0.2
    endloop
  endfacet
  facet normal 0.18223551882493655 0.9832549087996489 0
    outer loop
      vertex 0.3821723237633705 -5.251083932816982 0
      vertex 0.3821723237633705 -5.251083932816982 0.2
      vertex 0.639558456838131 -5.298787631094456 0.2
    endloop
  endfacet
  facet normal 0.18223551882493655 0.9832549087996489 0
    outer loop
      vertex 0.3821723237633705 -5.251083932816982 0
      vertex 0.639558456838131 -5.298787631094456 0.2
      vertex 0.639558456838131 -5.298787631094456 0
    endloop
  endfacet
  facet normal 0 0 1
    outer loop
      vertex 1.8699524998664856 -5.734493009746075 0.2
      vertex -2.120699246341145 -9.977105527484817 0.2
      vertex 2.100000001490116 -5.859398618340492 0.2
    endloop
  endfacet
  facet normal 0 0 1
    outer loop
      vertex 2.100000001490116 -5.859398618340492 0.2
      vertex -1.5956315434103547 -10.074421074070404 0.2
      vertex 2.3231951743364334 -5.996172793209553 0.2
    endloop
  endfacet
  facet normal 0 0 1
    outer loop
      vertex 2.3231951743364334 -5.996172793209553 0.2
      vertex -1.5956315434103547 -10.074421074070404 0.2
      vertex 2.5389262661337852 -6.144440665841103 0.2
    endloop
  endfacet
  facet normal 0.2334453650996525 0.9723699200990793 0
    outer loop
      vertex 0.639558456838131 -5.298787631094456 0
      vertex 0.639558456838131 -5.298787631094456 0.2
      vertex 0.8940952271223068 -5.359896503388882 0.2
    endloop
  endfacet
  facet normal 0.2334453650996525 0.9723699200990793 0
    outer loop
      vertex 0.639558456838131 -5.298787631094456 0
      vertex 0.8940952271223068 -5.359896503388882 0.2
      vertex 0.8940952271223068 -5.359896503388882 0
    endloop
  endfacet
  facet normal 0.2840153480775197 0.9588197338688881 0
    outer loop
      vertex 0.8940952271223068 -5.359896503388882 0
      vertex 0.8940952271223068 -5.359896503388882 0.2
      vertex 1.1450849696993828 -5.434243053197861 0.2
    endloop
  endfacet
  facet normal 0.2840153480775197 0.9588197338688881 0
    outer loop
      vertex 0.8940952271223068 -5.359896503388882 0
      vertex 1.1450849696993828 -5.434243053197861 0.2
      vertex 1.1450849696993828 -5.434243053197861 0
    endloop
  endfacet
  facet normal 0.3338068452793812 0.9426414960336869 0
    outer loop
      vertex 1.1450849696993828 -5.434243053197861 0
      vertex 1.1450849696993828 -5.434243053197861 0.2
      vertex 1.391839750111103 -5.521623499691486 0.2
    endloop
  endfacet
  facet normal 0.3338068452793812 0.9426414960336869 0
    outer loop
      vertex 1.1450849696993828 -5.434243053197861 0
      vertex 1.391839750111103 -5.521623499691486 0.2
      vertex 1.391839750111103 -5.521623499691486 0
    endloop
  endfacet
  facet normal 0 0 1
    outer loop
      vertex 2.746601954102516 -6.303795829415321 0.2
      vertex -1.0661903253300653 -10.144123332756386 0.2
      vertex 2.945653036236763 -6.4738015085458755 0.2
    endloop
  endfacet
  facet normal 0 0 1
    outer loop
      vertex 2.945653036236763 -6.4738015085458755 0.2
      vertex -1.0661903253300653 -10.144123332756386 0.2
      vertex 3.135533906519413 -6.653991729021072 0.2
    endloop
  endfacet
  facet normal 0 0 1
    outer loop
      vertex 3.31572412699461 -6.843872599303722 0.2
      vertex -0.39999999999997726 -10.189525631372325 0.2
      vertex 3.485729806125164 -7.042923681437969 0.2
    endloop
  endfacet
  facet normal 0 0 1
    outer loop
      vertex 3.135533906519413 -6.653991729021072 0.2
      vertex -0.39999999999997726 -10.189525631372325 0.2
      vertex 3.31572412699461 -6.843872599303722 0.2
    endloop
  endfacet
  facet normal 0 0 1
    outer loop
      vertex 4.600000001490116 -10.18952563405037 0.2
      vertex 4.593147672712803 -9.927845850586891 0.2
      vertex -0.39999999999997726 -10.189525631372325 0.2
    endloop
  endfacet
  facet normal 0 0 1
    outer loop
      vertex 4.593147672712803 -9.927845850586891 0.2
      vertex 4.572609476745129 -9.666883319616318 0.2
      vertex -0.39999999999997726 -10.189525631372325 0.2
    endloop
  endfacet
  facet normal 0 0 1
    outer loop
      vertex 4.49073800444603 -9.149967178702354 0.2
      vertex 4.429629132151604 -8.895430408418179 0.2
      vertex -0.39999999999997726 -10.189525631372325 0.2
    endloop
  endfacet
  facet normal 0 0 1
    outer loop
      vertex 4.538441702723503 -9.407353311777115 0.2
      vertex 4.49073800444603 -9.149967178702354 0.2
      vertex -0.39999999999997726 -10.189525631372325 0.2
    endloop
  endfacet
  facet normal 0 0 1
    outer loop
      vertex 4.572609476745129 -9.666883319616318 0.2
      vertex 4.538441702723503 -9.407353311777115 0.2
      vertex -0.39999999999997726 -10.189525631372325 0.2
    endloop
  endfacet
  facet normal 0 0 1
    outer loop
      vertex 3.930127017199993 -7.689525634050369 0.2
      vertex 3.7933528423309326 -7.466330461204052 0.2
      vertex -0.39999999999997726 -10.189525631372325 0.2
    endloop
  endfacet
  facet normal 0 0 1
    outer loop
      vertex 3.930127017199993 -7.689525634050369 0.2
      vertex -0.39999999999997726 -10.189525631372325 0.2
      vertex 4.055032625794411 -7.919573135674 0.2
    endloop
  endfacet
  facet normal 0 0 1
    outer loop
      vertex 3.485729806125164 -7.042923681437969 0.2
      vertex -0.39999999999997726 -10.189525631372325 0.2
      vertex 3.645084969699383 -7.2505993694067 0.2
    endloop
  endfacet
  facet normal 0 0 1
    outer loop
      vertex 3.645084969699383 -7.2505993694067 0.2
      vertex -0.39999999999997726 -10.189525631372325 0.2
      vertex 3.7933528423309326 -7.466330461204052 0.2
    endloop
  endfacet
  facet normal 0 0 1
    outer loop
      vertex 4.167727291584015 -8.155842415988445 0.2
      vertex -0.39999999999997726 -10.189525631372325 0.2
      vertex 4.267902135848999 -8.397685885429382 0.2
    endloop
  endfacet
  facet normal 0 0 1
    outer loop
      vertex 4.355282582342625 -8.644440665841103 0.2
      vertex -0.39999999999997726 -10.189525631372325 0.2
      vertex 4.429629132151604 -8.895430408418179 0.2
    endloop
  endfacet
  facet normal 0 0 1
    outer loop
      vertex 4.355282582342625 -8.644440665841103 0.2
      vertex 4.267902135848999 -8.397685885429382 0.2
      vertex -0.39999999999997726 -10.189525631372325 0.2
    endloop
  endfacet
  facet normal 0 0 1
    outer loop
      vertex 4.167727291584015 -8.155842415988445 0.2
      vertex 4.055032625794411 -7.919573135674 0.2
      vertex -0.39999999999997726 -10.189525631372325 0.2
    endloop
  endfacet
  facet normal 0.999657324726513 0.026176957818491456 0
    outer loop
      vertex 4.600000001490116 -10.18952563405037 0
      vertex 4.593147672712803 -9.927845850586891 0
      vertex 4.600000001490116 -10.18952563405037 0.2
    endloop
  endfacet
  facet normal 0.999657324726513 0.026176957818491456 0
    outer loop
      vertex 4.593147672712803 -9.927845850586891 0
      vertex 4.593147672712803 -9.927845850586891 0.2
      vertex 4.600000001490116 -10.18952563405037 0.2
    endloop
  endfacet
  facet normal 0.9969173339234595 0.07845909330945348 0
    outer loop
      vertex 4.593147672712803 -9.927845850586891 0
      vertex 4.572609476745129 -9.666883319616318 0
      vertex 4.593147672712803 -9.927845850586891 0.2
    endloop
  endfacet
  facet normal 0.9969173339234595 0.07845909330945348 0
    outer loop
      vertex 4.572609476745129 -9.666883319616318 0
      vertex 4.572609476745129 -9.666883319616318 0.2
      vertex 4.593147672712803 -9.927845850586891 0.2
    endloop
  endfacet
  facet normal 0.9914448612300897 0.13052619331171836 0
    outer loop
      vertex 4.572609476745129 -9.666883319616318 0
      vertex 4.538441702723503 -9.407353311777115 0
      vertex 4.572609476745129 -9.666883319616318 0.2
    endloop
  endfacet
  facet normal 0.9914448612300897 0.13052619331171836 0
    outer loop
      vertex 4.538441702723503 -9.407353311777115 0
      vertex 4.538441702723503 -9.407353311777115 0.2
      vertex 4.572609476745129 -9.666883319616318 0.2
    endloop
  endfacet
  facet normal 0.8526401693920164 0.5224985564948038 0
    outer loop
      vertex 3.930127017199993 -7.689525634050369 0
      vertex 3.7933528423309326 -7.466330461204052 0
      vertex 3.930127017199993 -7.689525634050369 0.2
    endloop
  endfacet
  facet normal 0.8526401693920164 0.5224985564948038 0
    outer loop
      vertex 3.7933528423309326 -7.466330461204052 0
      vertex 3.7933528423309326 -7.466330461204052 0.2
      vertex 3.930127017199993 -7.689525634050369 0.2
    endloop
  endfacet
  facet normal 0.878817102409184 0.4771587791428821 0
    outer loop
      vertex 3.930127017199993 -7.689525634050369 0
      vertex 3.930127017199993 -7.689525634050369 0.2
      vertex 4.055032625794411 -7.919573135674 0.2
    endloop
  endfacet
  facet normal 0.9025852844219872 0.43051109665707876 0
    outer loop
      vertex 4.055032625794411 -7.919573135674 0
      vertex 4.055032625794411 -7.919573135674 0.2
      vertex 4.167727291584015 -8.155842415988445 0.2
    endloop
  endfacet
  facet normal 0.9025852844219872 0.43051109665707876 0
    outer loop
      vertex 4.167727291584015 -8.155842415988445 0
      vertex 4.055032625794411 -7.919573135674 0
      vertex 4.167727291584015 -8.155842415988445 0.2
    endloop
  endfacet
  facet normal 0.878817102409184 0.4771587791428821 0
    outer loop
      vertex 3.930127017199993 -7.689525634050369 0
      vertex 4.055032625794411 -7.919573135674 0.2
      vertex 4.055032625794411 -7.919573135674 0
    endloop
  endfacet
  facet normal 0.9426414960336869 0.3338068452793812 0
    outer loop
      vertex 4.267902135848999 -8.397685885429382 0
      vertex 4.267902135848999 -8.397685885429382 0.2
      vertex 4.355282582342625 -8.644440665841103 0.2
    endloop
  endfacet
  facet normal 0.9588197338688881 0.2840153480775197 0
    outer loop
      vertex 4.355282582342625 -8.644440665841103 0
      vertex 4.355282582342625 -8.644440665841103 0.2
      vertex 4.429629132151604 -8.895430408418179 0.2
    endloop
  endfacet
  facet normal 0.9426414960336869 0.3338068452793812 0
    outer loop
      vertex 4.355282582342625 -8.644440665841103 0
      vertex 4.267902135848999 -8.397685885429382 0
      vertex 4.355282582342625 -8.644440665841103 0.2
    endloop
  endfacet
  facet normal 0.9723699200990793 0.2334453650996525 0
    outer loop
      vertex 4.49073800444603 -9.149967178702354 0
      vertex 4.429629132151604 -8.895430408418179 0
      vertex 4.49073800444603 -9.149967178702354 0.2
    endloop
  endfacet
  facet normal 0.9723699200990793 0.2334453650996525 0
    outer loop
      vertex 4.429629132151604 -8.895430408418179 0
      vertex 4.429629132151604 -8.895430408418179 0.2
      vertex 4.49073800444603 -9.149967178702354 0.2
    endloop
  endfacet
  facet normal 0.9832549087996489 0.18223551882493655 0
    outer loop
      vertex 4.538441702723503 -9.407353311777115 0
      vertex 4.49073800444603 -9.149967178702354 0
      vertex 4.538441702723503 -9.407353311777115 0.2
    endloop
  endfacet
  facet normal 0.9832549087996489 0.18223551882493655 0
    outer loop
      vertex 4.49073800444603 -9.149967178702354 0
      vertex 4.49073800444603 -9.149967178702354 0.2
      vertex 4.538441702723503 -9.407353311777115 0.2
    endloop
  endfacet
  facet normal 0.9588197338688881 0.2840153480775197 0
    outer loop
      vertex 4.355282582342625 -8.644440665841103 0
      vertex 4.429629132151604 -8.895430408418179 0.2
      vertex 4.429629132151604 -8.895430408418179 0
    endloop
  endfacet
  facet normal 0.9238795335226581 0.3826834299234235 0
    outer loop
      vertex 4.167727291584015 -8.155842415988445 0
      vertex 4.267902135848999 -8.397685885429382 0.2
      vertex 4.267902135848999 -8.397685885429382 0
    endloop
  endfacet
  facet normal 0.9238795335226581 0.3826834299234235 0
    outer loop
      vertex 4.167727291584015 -8.155842415988445 0
      vertex 4.167727291584015 -8.155842415988445 0.2
      vertex 4.267902135848999 -8.397685885429382 0.2
    endloop
  endfacet
  facet normal 0.43051109665707876 0.9025852844219872 0
    outer loop
      vertex 1.8699524998664856 -5.734493009746075 0
      vertex 1.63368321955204 -5.6217983439564705 0
      vertex 1.8699524998664856 -5.734493009746075 0.2
    endloop
  endfacet
  facet normal 0.43051109665707876 0.9025852844219872 0
    outer loop
      vertex 1.63368321955204 -5.6217983439564705 0
      vertex 1.63368321955204 -5.6217983439564705 0.2
      vertex 1.8699524998664856 -5.734493009746075 0.2
    endloop
  endfacet
  facet normal 0.4771587791428821 0.878817102409184 0
    outer loop
      vertex 1.8699524998664856 -5.734493009746075 0
      vertex 1.8699524998664856 -5.734493009746075 0.2
      vertex 2.100000001490116 -5.859398618340492 0.2
    endloop
  endfacet
  facet normal 0.4771587791428821 0.878817102409184 0
    outer loop
      vertex 1.8699524998664856 -5.734493009746075 0
      vertex 2.100000001490116 -5.859398618340492 0.2
      vertex 2.100000001490116 -5.859398618340492 0
    endloop
  endfacet
  facet normal 0.5224985564948038 0.8526401693920164 0
    outer loop
      vertex 2.100000001490116 -5.859398618340492 0
      vertex 2.100000001490116 -5.859398618340492 0.2
      vertex 2.3231951743364334 -5.996172793209553 0.2
    endloop
  endfacet
  facet normal 0.3826834299234235 0.9238795335226581 0
    outer loop
      vertex 1.391839750111103 -5.521623499691486 0
      vertex 1.391839750111103 -5.521623499691486 0.2
      vertex 1.63368321955204 -5.6217983439564705 0.2
    endloop
  endfacet
  facet normal 0.3826834299234235 0.9238795335226581 0
    outer loop
      vertex 1.391839750111103 -5.521623499691486 0
      vertex 1.63368321955204 -5.6217983439564705 0.2
      vertex 1.63368321955204 -5.6217983439564705 0
    endloop
  endfacet
  facet normal 0.5224985564948038 0.8526401693920164 0
    outer loop
      vertex 2.100000001490116 -5.859398618340492 0
      vertex 2.3231951743364334 -5.996172793209553 0.2
      vertex 2.3231951743364334 -5.996172793209553 0
    endloop
  endfacet
  facet normal 0.5664062396774137 0.8241261867302192 0
    outer loop
      vertex 2.3231951743364334 -5.996172793209553 0
      vertex 2.3231951743364334 -5.996172793209553 0.2
      vertex 2.5389262661337852 -6.144440665841103 0.2
    endloop
  endfacet
  facet normal 0.5664062396774137 0.8241261867302192 0
    outer loop
      vertex 2.3231951743364334 -5.996172793209553 0
      vertex 2.5389262661337852 -6.144440665841103 0.2
      vertex 2.5389262661337852 -6.144440665841103 0
    endloop
  endfacet
  facet normal 0.6087614373009534 0.793353333928381 0
    outer loop
      vertex 2.5389262661337852 -6.144440665841103 0
      vertex 2.746601954102516 -6.303795829415321 0.2
      vertex 2.746601954102516 -6.303795829415321 0
    endloop
  endfacet
  facet normal 0.6087614373009534 0.793353333928381 0
    outer loop
      vertex 2.5389262661337852 -6.144440665841103 0
      vertex 2.5389262661337852 -6.144440665841103 0.2
      vertex 2.746601954102516 -6.303795829415321 0.2
    endloop
  endfacet
  facet normal 0.6494480360909857 0.7604059760532935 0
    outer loop
      vertex 2.746601954102516 -6.303795829415321 0
      vertex 2.945653036236763 -6.4738015085458755 0.2
      vertex 2.945653036236763 -6.4738015085458755 0
    endloop
  endfacet
  facet normal 0.6494480360909857 0.7604059760532935 0
    outer loop
      vertex 2.746601954102516 -6.303795829415321 0
      vertex 2.746601954102516 -6.303795829415321 0.2
      vertex 2.945653036236763 -6.4738015085458755 0.2
    endloop
  endfacet
  facet normal 0.6883545810806249 0.725374365900338 0
    outer loop
      vertex 2.945653036236763 -6.4738015085458755 0
      vertex 3.135533906519413 -6.653991729021072 0.2
      vertex 3.135533906519413 -6.653991729021072 0
    endloop
  endfacet
  facet normal 0.725374365900338 0.6883545810806249 0
    outer loop
      vertex 3.135533906519413 -6.653991729021072 0
      vertex 3.135533906519413 -6.653991729021072 0.2
      vertex 3.31572412699461 -6.843872599303722 0.2
    endloop
  endfacet
  facet normal 0.725374365900338 0.6883545810806249 0
    outer loop
      vertex 3.135533906519413 -6.653991729021072 0
      vertex 3.31572412699461 -6.843872599303722 0.2
      vertex 3.31572412699461 -6.843872599303722 0
    endloop
  endfacet
  facet normal 0.7604059760532935 0.6494480360909857 0
    outer loop
      vertex 3.31572412699461 -6.843872599303722 0
      vertex 3.31572412699461 -6.843872599303722 0.2
      vertex 3.485729806125164 -7.042923681437969 0.2
    endloop
  endfacet
  facet normal 0.6883545810806249 0.725374365900338 0
    outer loop
      vertex 2.945653036236763 -6.4738015085458755 0
      vertex 2.945653036236763 -6.4738015085458755 0.2
      vertex 3.135533906519413 -6.653991729021072 0.2
    endloop
  endfacet
  facet normal 0.793353333928381 0.6087614373009534 0
    outer loop
      vertex 3.485729806125164 -7.042923681437969 0
      vertex 3.645084969699383 -7.2505993694067 0.2
      vertex 3.645084969699383 -7.2505993694067 0
    endloop
  endfacet
  facet normal 0.793353333928381 0.6087614373009534 0
    outer loop
      vertex 3.485729806125164 -7.042923681437969 0
      vertex 3.485729806125164 -7.042923681437969 0.2
      vertex 3.645084969699383 -7.2505993694067 0.2
    endloop
  endfacet
  facet normal 0.7604059760532935 0.6494480360909857 0
    outer loop
      vertex 3.31572412699461 -6.843872599303722 0
      vertex 3.485729806125164 -7.042923681437969 0.2
      vertex 3.485729806125164 -7.042923681437969 0
    endloop
  endfacet
  facet normal 0.8241261867302192 0.5664062396774137 0
    outer loop
      vertex 3.645084969699383 -7.2505993694067 0
      vertex 3.645084969699383 -7.2505993694067 0.2
      vertex 3.7933528423309326 -7.466330461204052 0.2
    endloop
  endfacet
  facet normal 0.8241261867302192 0.5664062396774137 0
    outer loop
      vertex 3.645084969699383 -7.2505993694067 0
      vertex 3.7933528423309326 -7.466330461204052 0.2
      vertex 3.7933528423309326 -7.466330461204052 0
    endloop
  endfacet
  facet normal 0 0 1
    outer loop
      vertex -5.02115873247385 1.3454154282808304 0.2
      vertex -9.700776466210565 3.1519733426244634 0.2
      vertex -9.852443428148495 2.6399542600457115 0.2
    endloop
  endfacet
  facet normal 0 0 1
    outer loop
      vertex -4.943863824009895 1.6063586696982384 0.2
      vertex -9.522520350271456 3.6553530853620626 0.2
      vertex -9.700776466210565 3.1519733426244634 0.2
    endloop
  endfacet
  facet normal 0 0 1
    outer loop
      vertex -4.853018060326576 1.8628991842269897 0.2
      vertex -9.318163667954527 4.148713759373162 0.2
      vertex -9.522520350271456 3.6553530853620626 0.2
    endloop
  endfacet
  facet normal 0 0 1
    outer loop
      vertex -4.748870611190796 2.1143333688378334 0.2
      vertex -9.088266546721352 4.630703097343377 0.2
      vertex -9.318163667954527 4.148713759373162 0.2
    endloop
  endfacet
  facet normal 0 0 1
    outer loop
      vertex -5.198286034166813 0 0.2
      vertex -5.191161960363388 0.2720572501420975 0.2
      vertex -10.186021254496652 0.5338267536780271 0.2
    endloop
  endfacet
  facet normal 0 0 1
    outer loop
      vertex -5.191161960363388 0.2720572501420975 0.2
      vertex -5.169809266924858 0.5433689430356026 0.2
      vertex -10.144123332756386 1.0661903253300653 0.2
    endloop
  endfacet
  facet normal 0 0 1
    outer loop
      vertex -5.169809266924858 0.5433689430356026 0.2
      vertex -5.134286507964134 0.8131910488009453 0.2
      vertex -10.074421074070404 1.5956315434103547 0.2
    endloop
  endfacet
  facet normal 0 0 1
    outer loop
      vertex -5.134286507964134 0.8131910488009453 0.2
      vertex -5.084691010415554 1.0807844400405884 0.2
      vertex -9.977105527484817 2.120699246341145 0.2
    endloop
  endfacet
  facet normal 0 0 1
    outer loop
      vertex -5.084691010415554 1.0807844400405884 0.2
      vertex -5.02115873247385 1.3454154282808304 0.2
      vertex -9.852443428148495 2.6399542600457115 0.2
    endloop
  endfacet
  facet normal 0 0 1
    outer loop
      vertex -4.63170675188303 2.359972506761551 0.2
      vertex -8.833459118601272 5.1 0.2
      vertex -9.088266546721352 4.630703097343377 0.2
    endloop
  endfacet
  facet normal 0 0 -1
    outer loop
      vertex -16.236365228891373 13.316366471350193 0
      vertex -3.863079383969307 3.4783322662115097 0
      vertex -4.039827026426792 3.271387368440628 0
    endloop
  endfacet
  facet normal 0 0 -1
    outer loop
      vertex -15.517189048230648 14.14786259829998 0
      vertex -3.67574330419302 3.67574330419302 0
      vertex -3.863079383969307 3.4783322662115097 0
    endloop
  endfacet
  facet normal 0 0 1
    outer loop
      vertex -4.501847803592682 2.59914293885231 0.2
      vertex -8.554439793043326 5.555318157153276 0.2
      vertex -8.833459118601272 5.1 0.2
    endloop
  endfacet
  facet normal 0 0 1
    outer loop
      vertex -4.359649419784546 2.831189602613449 0.2
      vertex -8.251973342624463 5.995409573383226 0.2
      vertex -8.554439793043326 5.555318157153276 0.2
    endloop
  endfacet
  facet normal 0 0 1
    outer loop
      vertex -4.205501735210419 3.0554758831858635 0.2
      vertex -7.926888806861102 6.419067988708341 0.2
      vertex -8.251973342624463 5.995409573383226 0.2
    endloop
  endfacet
  facet normal 0 0 1
    outer loop
      vertex -5.02115873247385 1.3454154282808304 0.2
      vertex -4.943863824009895 1.6063586696982384 0.2
      vertex -9.700776466210565 3.1519733426244634 0.2
    endloop
  endfacet
  facet normal 0 0 1
    outer loop
      vertex -4.943863824009895 1.6063586696982384 0.2
      vertex -4.853018060326576 1.8628991842269897 0.2
      vertex -9.522520350271456 3.6553530853620626 0.2
    endloop
  endfacet
  facet normal 0 0 1
    outer loop
      vertex -4.853018060326576 1.8628991842269897 0.2
      vertex -4.748870611190796 2.1143333688378334 0.2
      vertex -9.318163667954527 4.148713759373162 0.2
    endloop
  endfacet
  facet normal 0 0 1
    outer loop
      vertex -4.748870611190796 2.1143333688378334 0.2
      vertex -4.63170675188303 2.359972506761551 0.2
      vertex -9.088266546721352 4.630703097343377 0.2
    endloop
  endfacet
  facet normal 0 0 1
    outer loop
      vertex -4.63170675188303 2.359972506761551 0.2
      vertex -4.501847803592682 2.59914293885231 0.2
      vertex -8.833459118601272 5.1 0.2
    endloop
  endfacet
  facet normal 0 0 1
    outer loop
      vertex -4.501847803592682 2.59914293885231 0.2
      vertex -4.359649419784546 2.831189602613449 0.2
      vertex -8.554439793043326 5.555318157153276 0.2
    endloop
  endfacet
  facet normal 0.9996573245920164 -0.026176962954701857 0
    outer loop
      vertex -5.198286034166813 0 0
      vertex -5.191161960363388 0.2720572501420975 0
      vertex -5.198286034166813 0 0.2
    endloop
  endfacet
  facet normal 0.9996573245920164 -0.026176962954701857 0
    outer loop
      vertex -5.191161960363388 0.2720572501420975 0
      vertex -5.191161960363388 0.2720572501420975 0.2
      vertex -5.198286034166813 0 0.2
    endloop
  endfacet
  facet normal 0.996917333696819 -0.07845909618919501 0
    outer loop
      vertex -5.191161960363388 0.2720572501420975 0
      vertex -5.169809266924858 0.5433689430356026 0
      vertex -5.191161960363388 0.2720572501420975 0.2
    endloop
  endfacet
  facet normal 0.996917333696819 -0.07845909618919501 0
    outer loop
      vertex -5.169809266924858 0.5433689430356026 0
      vertex -5.169809266924858 0.5433689430356026 0.2
      vertex -5.191161960363388 0.2720572501420975 0.2
    endloop
  endfacet
  facet normal 0.991444859075956 -0.13052620967398781 0
    outer loop
      vertex -5.169809266924858 0.5433689430356026 0
      vertex -5.134286507964134 0.8131910488009453 0
      vertex -5.169809266924858 0.5433689430356026 0.2
    endloop
  endfacet
  facet normal 0.9832549115234185 -0.1822355041287908 0
    outer loop
      vertex -5.134286507964134 0.8131910488009453 0
      vertex -5.084691010415554 1.0807844400405884 0
      vertex -5.134286507964134 0.8131910488009453 0.2
    endloop
  endfacet
  facet normal 0.991444859075956 -0.13052620967398781 0
    outer loop
      vertex -5.134286507964134 0.8131910488009453 0
      vertex -5.134286507964134 0.8131910488009453 0.2
      vertex -5.169809266924858 0.5433689430356026 0.2
    endloop
  endfacet
  facet normal 0.9832549115234185 -0.1822355041287908 0
    outer loop
      vertex -5.084691010415554 1.0807844400405884 0
      vertex -5.084691010415554 1.0807844400405884 0.2
      vertex -5.134286507964134 0.8131910488009453 0.2
    endloop
  endfacet
  facet normal 0.9723699215063006 -0.233445359238154 0
    outer loop
      vertex -5.084691010415554 1.0807844400405884 0
      vertex -5.02115873247385 1.3454154282808304 0
      vertex -5.084691010415554 1.0807844400405884 0.2
    endloop
  endfacet
  facet normal 0.9723699215063006 -0.233445359238154 0
    outer loop
      vertex -5.02115873247385 1.3454154282808304 0
      vertex -5.02115873247385 1.3454154282808304 0.2
      vertex -5.084691010415554 1.0807844400405884 0.2
    endloop
  endfacet
  facet normal 0 0 1
    outer loop
      vertex -4.039827026426792 3.271387368440628 0.2
      vertex -7.580077219869421 6.825132184860354 0.2
      vertex -7.926888806861102 6.419067988708341 0.2
    endloop
  endfacet
  facet normal 0 0 1
    outer loop
      vertex -3.863079383969307 3.4783322662115097 0.2
      vertex -7.212489168102785 7.212489168102785 0.2
      vertex -7.580077219869421 6.825132184860354 0.2
    endloop
  endfacet
  facet normal 0 0 1
    outer loop
      vertex -3.67574330419302 3.67574330419302 0.2
      vertex -6.825132184860354 7.580077219869421 0.2
      vertex -7.212489168102785 7.212489168102785 0.2
    endloop
  endfacet
  facet normal 0 0 1
    outer loop
      vertex -4.359649419784546 2.831189602613449 0.2
      vertex -4.205501735210419 3.0554758831858635 0.2
      vertex -8.251973342624463 5.995409573383226 0.2
    endloop
  endfacet
  facet normal 0 0 1
    outer loop
      vertex -4.205501735210419 3.0554758831858635 0.2
      vertex -4.039827026426792 3.271387368440628 0.2
      vertex -7.926888806861102 6.419067988708341 0.2
    endloop
  endfacet
  facet normal 0 0 1
    outer loop
      vertex -4.039827026426792 3.271387368440628 0.2
      vertex -3.863079383969307 3.4783322662115097 0.2
      vertex -7.580077219869421 6.825132184860354 0.2
    endloop
  endfacet
  facet normal 0 0 1
    outer loop
      vertex -3.67574330419302 3.67574330419302 0.2
      vertex -6.419067988708341 7.926888806861102 0.2
      vertex -6.825132184860354 7.580077219869421 0.2
    endloop
  endfacet
  facet normal 0 0 1
    outer loop
      vertex -3.67574330419302 3.67574330419302 0.2
      vertex -5.995409573383226 8.251973342624463 0.2
      vertex -6.419067988708341 7.926888806861102 0.2
    endloop
  endfacet
  facet normal 0 0 1
    outer loop
      vertex -3.67574330419302 3.67574330419302 0.2
      vertex -5.555318157153276 8.554439793043326 0.2
      vertex -5.995409573383226 8.251973342624463 0.2
    endloop
  endfacet
  facet normal 0 0 1
    outer loop
      vertex -7.740636371076107 14.779790073633194 0.2
      vertex -7.8007412776350975 14.924896150827408 0.2
      vertex -8 13.856406460551018 0.2
    endloop
  endfacet
  facet normal 0 0 1
    outer loop
      vertex -7.740636371076107 14.779790073633194 0.2
      vertex -8 13.856406460551018 0.2
      vertex -7.673019573092461 14.638028502464294 0.2
    endloop
  endfacet
  facet normal 0 0 1
    outer loop
      vertex -7.516011707484722 14.366082891821861 0.2
      vertex -7.598076209425926 14.5 0.2
      vertex -8 13.856406460551018 0.2
    endloop
  endfacet
  facet normal 0 0 1
    outer loop
      vertex -7.598076209425926 14.5 0.2
      vertex -7.673019573092461 14.638028502464294 0.2
      vertex -8 13.856406460551018 0.2
    endloop
  endfacet
  facet normal 0 0 1
    outer loop
      vertex -7.516011707484722 14.366082891821861 0.2
      vertex -8 13.856406460551018 0.2
      vertex -7.427050985395908 14.236644245684147 0.2
    endloop
  endfacet
  facet normal 0 0 1
    outer loop
      vertex -7.3895942845617615 14.187829722840089 0.2
      vertex -7.427050985395908 14.236644245684147 0.2
      vertex -8 13.856406460551018 0.2
    endloop
  endfacet
  facet normal 0.9588197359318827 -0.28401534111296656 0
    outer loop
      vertex -5.02115873247385 1.3454154282808304 0
      vertex -4.943863824009895 1.6063586696982384 0
      vertex -5.02115873247385 1.3454154282808304 0.2
    endloop
  endfacet
  facet normal 0.9588197359318827 -0.28401534111296656 0
    outer loop
      vertex -4.943863824009895 1.6063586696982384 0
      vertex -4.943863824009895 1.6063586696982384 0.2
      vertex -5.02115873247385 1.3454154282808304 0.2
    endloop
  endfacet
  facet normal 0.9426414877598908 -0.3338068686438607 0
    outer loop
      vertex -4.943863824009895 1.6063586696982384 0
      vertex -4.853018060326576 1.8628991842269897 0
      vertex -4.943863824009895 1.6063586696982384 0.2
    endloop
  endfacet
  facet normal 0.9426414877598908 -0.3338068686438607 0
    outer loop
      vertex -4.853018060326576 1.8628991842269897 0
      vertex -4.853018060326576 1.8628991842269897 0.2
      vertex -4.943863824009895 1.6063586696982384 0.2
    endloop
  endfacet
  facet normal 0.9238795327376588 -0.38268343181857917 0
    outer loop
      vertex -4.853018060326576 1.8628991842269897 0
      vertex -4.748870611190796 2.1143333688378334 0
      vertex -4.853018060326576 1.8628991842269897 0.2
    endloop
  endfacet
  facet normal 0.9238795327376588 -0.38268343181857917 0
    outer loop
      vertex -4.748870611190796 2.1143333688378334 0
      vertex -4.748870611190796 2.1143333688378334 0.2
      vertex -4.853018060326576 1.8628991842269897 0.2
    endloop
  endfacet
  facet normal 0.9025852834288184 -0.4305110987393003 0
    outer loop
      vertex -4.748870611190796 2.1143333688378334 0
      vertex -4.63170675188303 2.359972506761551 0
      vertex -4.748870611190796 2.1143333688378334 0.2
    endloop
  endfacet
  facet normal 0.9025852834288184 -0.4305110987393003 0
    outer loop
      vertex -4.63170675188303 2.359972506761551 0
      vertex -4.63170675188303 2.359972506761551 0.2
      vertex -4.748870611190796 2.1143333688378334 0.2
    endloop
  endfacet
  facet normal 0.8788171142001947 -0.47715875742654257 0
    outer loop
      vertex -4.63170675188303 2.359972506761551 0
      vertex -4.501847803592682 2.59914293885231 0
      vertex -4.63170675188303 2.359972506761551 0.2
    endloop
  endfacet
  facet normal 0.8788171142001947 -0.47715875742654257 0
    outer loop
      vertex -4.501847803592682 2.59914293885231 0
      vertex -4.501847803592682 2.59914293885231 0.2
      vertex -4.63170675188303 2.359972506761551 0.2
    endloop
  endfacet
  facet normal 0.8526401555634389 -0.5224985790609911 0
    outer loop
      vertex -4.501847803592682 2.59914293885231 0
      vertex -4.359649419784546 2.831189602613449 0
      vertex -4.501847803592682 2.59914293885231 0.2
    endloop
  endfacet
  facet normal 0.8526401555634389 -0.5224985790609911 0
    outer loop
      vertex -4.359649419784546 2.831189602613449 0
      vertex -4.359649419784546 2.831189602613449 0.2
      vertex -4.501847803592682 2.59914293885231 0.2
    endloop
  endfacet
  facet normal 0.8241261977792066 -0.5664062236010372 0
    outer loop
      vertex -4.359649419784546 2.831189602613449 0
      vertex -4.205501735210419 3.0554758831858635 0
      vertex -4.359649419784546 2.831189602613449 0.2
    endloop
  endfacet
  facet normal 0.8241261977792066 -0.5664062236010372 0
    outer loop
      vertex -4.205501735210419 3.0554758831858635 0
      vertex -4.205501735210419 3.0554758831858635 0.2
      vertex -4.359649419784546 2.831189602613449 0.2
    endloop
  endfacet
  facet normal 0.7933533418297851 -0.6087614270036434 0
    outer loop
      vertex -4.205501735210419 3.0554758831858635 0
      vertex -4.039827026426792 3.271387368440628 0
      vertex -4.205501735210419 3.0554758831858635 0.2
    endloop
  endfacet
  facet normal 0.7933533418297851 -0.6087614270036434 0
    outer loop
      vertex -4.039827026426792 3.271387368440628 0
      vertex -4.039827026426792 3.271387368440628 0.2
      vertex -4.205501735210419 3.0554758831858635 0.2
    endloop
  endfacet
  facet normal 0.7604059613971224 -0.6494480532511574 0
    outer loop
      vertex -4.039827026426792 3.271387368440628 0
      vertex -3.863079383969307 3.4783322662115097 0
      vertex -4.039827026426792 3.271387368440628 0.2
    endloop
  endfacet
  facet normal 0.7604059613971224 -0.6494480532511574 0
    outer loop
      vertex -3.863079383969307 3.4783322662115097 0
      vertex -3.863079383969307 3.4783322662115097 0.2
      vertex -4.039827026426792 3.271387368440628 0.2
    endloop
  endfacet
  facet normal 0.7253743716481423 -0.688354575023703 0
    outer loop
      vertex -3.863079383969307 3.4783322662115097 0
      vertex -3.67574330419302 3.67574330419302 0
      vertex -3.863079383969307 3.4783322662115097 0.2
    endloop
  endfacet
  facet normal 0.7253743716481423 -0.688354575023703 0
    outer loop
      vertex -3.67574330419302 3.67574330419302 0
      vertex -3.67574330419302 3.67574330419302 0.2
      vertex -3.863079383969307 3.4783322662115097 0.2
    endloop
  endfacet
  facet normal 0.688354575023703 -0.7253743716481423 0
    outer loop
      vertex -3.67574330419302 3.67574330419302 0
      vertex -3.4783322662115097 3.863079383969307 0
      vertex -3.67574330419302 3.67574330419302 0.2
    endloop
  endfacet
  facet normal 0 0 1
    outer loop
      vertex -3.863079383969307 3.4783322662115097 0.2
      vertex -3.67574330419302 3.67574330419302 0.2
      vertex -7.212489168102785 7.212489168102785 0.2
    endloop
  endfacet
  facet normal 0 0 1
    outer loop
      vertex -3.67574330419302 3.67574330419302 0.2
      vertex -5.1 8.833459118601272 0.2
      vertex -5.555318157153276 8.554439793043326 0.2
    endloop
  endfacet
  facet normal 0 0 1
    outer loop
      vertex -3.67574330419302 3.67574330419302 0.2
      vertex -4.630703097343377 9.088266546721352 0.2
      vertex -5.1 8.833459118601272 0.2
    endloop
  endfacet
  facet normal 0.688354575023703 -0.7253743716481423 0
    outer loop
      vertex -3.4783322662115097 3.863079383969307 0
      vertex -3.4783322662115097 3.863079383969307 0.2
      vertex -3.67574330419302 3.67574330419302 0.2
    endloop
  endfacet
  facet normal 0.6494480532511574 -0.7604059613971224 0
    outer loop
      vertex -3.4783322662115097 3.863079383969307 0
      vertex -3.271387368440628 4.039827026426792 0
      vertex -3.4783322662115097 3.863079383969307 0.2
    endloop
  endfacet
  facet normal 0 0 1
    outer loop
      vertex -3.67574330419302 3.67574330419302 0.2
      vertex -4.148713759373162 9.318163667954527 0.2
      vertex -4.630703097343377 9.088266546721352 0.2
    endloop
  endfacet
  facet normal 0.6494480532511574 -0.7604059613971224 0
    outer loop
      vertex -3.271387368440628 4.039827026426792 0
      vertex -3.271387368440628 4.039827026426792 0.2
      vertex -3.4783322662115097 3.863079383969307 0.2
    endloop
  endfacet
  facet normal 0.6087614270036434 -0.7933533418297851 0
    outer loop
      vertex -3.271387368440628 4.039827026426792 0
      vertex -3.0554758831858635 4.205501735210419 0
      vertex -3.271387368440628 4.039827026426792 0.2
    endloop
  endfacet
  facet normal 0.6087614270036434 -0.7933533418297851 0
    outer loop
      vertex -3.0554758831858635 4.205501735210419 0
      vertex -3.0554758831858635 4.205501735210419 0.2
      vertex -3.271387368440628 4.039827026426792 0.2
    endloop
  endfacet
  facet normal 0.5664062236010372 -0.8241261977792066 0
    outer loop
      vertex -3.0554758831858635 4.205501735210419 0
      vertex -2.831189602613449 4.359649419784546 0
      vertex -3.0554758831858635 4.205501735210419 0.2
    endloop
  endfacet
  facet normal 0.5664062236010372 -0.8241261977792066 0
    outer loop
      vertex -2.831189602613449 4.359649419784546 0
      vertex -2.831189602613449 4.359649419784546 0.2
      vertex -3.0554758831858635 4.205501735210419 0.2
    endloop
  endfacet
  facet normal 0.5224985790609911 -0.8526401555634389 0
    outer loop
      vertex -2.831189602613449 4.359649419784546 0
      vertex -2.59914293885231 4.501847803592682 0
      vertex -2.831189602613449 4.359649419784546 0.2
    endloop
  endfacet
  facet normal 0.5224985790609911 -0.8526401555634389 0
    outer loop
      vertex -2.59914293885231 4.501847803592682 0
      vertex -2.59914293885231 4.501847803592682 0.2
      vertex -2.831189602613449 4.359649419784546 0.2
    endloop
  endfacet
  facet normal 0 0 1
    outer loop
      vertex -3.67574330419302 3.67574330419302 0.2
      vertex -3.4783322662115097 3.863079383969307 0.2
      vertex -1.0661903253300653 10.144123332756386 0.2
    endloop
  endfacet
  facet normal 0 0 1
    outer loop
      vertex -3.4783322662115097 3.863079383969307 0.2
      vertex -3.271387368440628 4.039827026426792 0.2
      vertex -1.0661903253300653 10.144123332756386 0.2
    endloop
  endfacet
  facet normal 0.47715875742654257 -0.8788171142001947 0
    outer loop
      vertex -2.59914293885231 4.501847803592682 0
      vertex -2.359972506761551 4.63170675188303 0
      vertex -2.59914293885231 4.501847803592682 0.2
    endloop
  endfacet
  facet normal 0.47715875742654257 -0.8788171142001947 0
    outer loop
      vertex -2.359972506761551 4.63170675188303 0
      vertex -2.359972506761551 4.63170675188303 0.2
      vertex -2.59914293885231 4.501847803592682 0.2
    endloop
  endfacet
  facet normal 0.4305110987393003 -0.9025852834288184 0
    outer loop
      vertex -2.359972506761551 4.63170675188303 0
      vertex -2.1143333688378334 4.748870611190796 0
      vertex -2.359972506761551 4.63170675188303 0.2
    endloop
  endfacet
  facet normal 0.4305110987393003 -0.9025852834288184 0
    outer loop
      vertex -2.1143333688378334 4.748870611190796 0
      vertex -2.1143333688378334 4.748870611190796 0.2
      vertex -2.359972506761551 4.63170675188303 0.2
    endloop
  endfacet
  facet normal 0.38268343181857917 -0.9238795327376588 0
    outer loop
      vertex -2.1143333688378334 4.748870611190796 0
      vertex -1.8628991842269897 4.853018060326576 0
      vertex -2.1143333688378334 4.748870611190796 0.2
    endloop
  endfacet
  facet normal 0.38268343181857917 -0.9238795327376588 0
    outer loop
      vertex -1.8628991842269897 4.853018060326576 0
      vertex -1.8628991842269897 4.853018060326576 0.2
      vertex -2.1143333688378334 4.748870611190796 0.2
    endloop
  endfacet
  facet normal 0 0 1
    outer loop
      vertex -3.271387368440628 4.039827026426792 0.2
      vertex -3.0554758831858635 4.205501735210419 0.2
      vertex -0.5338267536780271 10.186021254496652 0.2
    endloop
  endfacet
  facet normal 0 0 1
    outer loop
      vertex -3.0554758831858635 4.205501735210419 0.2
      vertex -2.831189602613449 4.359649419784546 0.2
      vertex -0.5338267536780271 10.186021254496652 0.2
    endloop
  endfacet
  facet normal 0 0 1
    outer loop
      vertex -2.831189602613449 4.359649419784546 0.2
      vertex -2.59914293885231 4.501847803592682 0.2
      vertex -0.5338267536780271 10.186021254496652 0.2
    endloop
  endfacet
  facet normal 0 0 1
    outer loop
      vertex -2.59914293885231 4.501847803592682 0.2
      vertex -2.359972506761551 4.63170675188303 0.2
      vertex -0.5338267536780271 10.186021254496652 0.2
    endloop
  endfacet
  facet normal 0 0 1
    outer loop
      vertex -3.67574330419302 3.67574330419302 0.2
      vertex -3.6553530853620626 9.522520350271456 0.2
      vertex -4.148713759373162 9.318163667954527 0.2
    endloop
  endfacet
  facet normal 0 0 1
    outer loop
      vertex -3.67574330419302 3.67574330419302 0.2
      vertex -3.1519733426244634 9.700776466210565 0.2
      vertex -3.6553530853620626 9.522520350271456 0.2
    endloop
  endfacet
  facet normal 0 0 1
    outer loop
      vertex -3.67574330419302 3.67574330419302 0.2
      vertex -2.6399542600457115 9.852443428148495 0.2
      vertex -3.1519733426244634 9.700776466210565 0.2
    endloop
  endfacet
  facet normal 0 0 1
    outer loop
      vertex -3.67574330419302 3.67574330419302 0.2
      vertex -2.120699246341145 9.977105527484817 0.2
      vertex -2.6399542600457115 9.852443428148495 0.2
    endloop
  endfacet
  facet normal 0 0 1
    outer loop
      vertex -3.67574330419302 3.67574330419302 0.2
      vertex -1.5956315434103547 10.074421074070404 0.2
      vertex -2.120699246341145 9.977105527484817 0.2
    endloop
  endfacet
  facet normal 0 0 1
    outer loop
      vertex -3.67574330419302 3.67574330419302 0.2
      vertex -1.0661903253300653 10.144123332756386 0.2
      vertex -1.5956315434103547 10.074421074070404 0.2
    endloop
  endfacet
  facet normal 0 0 -1
    outer loop
      vertex -10.449164628982544 27.85630639642477 0
      vertex -10.254632100462914 28.031464271247387 0
      vertex -3.67574330419302 3.67574330419302 0
    endloop
  endfacet
  facet normal 0 0 -1
    outer loop
      vertex -10.254632100462914 28.031464271247387 0
      vertex -10.135201454162598 28.13346768170595 0
      vertex -3.67574330419302 3.67574330419302 0
    endloop
  endfacet
  facet normal 0 0 -1
    outer loop
      vertex -10.135201454162598 28.13346768170595 0
      vertex -9.93176832050085 28.298204585909843 0
      vertex -3.67574330419302 3.67574330419302 0
    endloop
  endfacet
  facet normal 0 0 -1
    outer loop
      vertex -9.93176832050085 28.298204585909843 0
      vertex -9.807162903249264 28.39381768554449 0
      vertex -3.67574330419302 3.67574330419302 0
    endloop
  endfacet
  facet normal 0 0 -1
    outer loop
      vertex -9.807162903249264 28.39381768554449 0
      vertex -9.595387056469917 28.547681853175163 0
      vertex -3.67574330419302 3.67574330419302 0
    endloop
  endfacet
  facet normal 0 0 -1
    outer loop
      vertex -9.595387056469917 28.547681853175163 0
      vertex -9.46594812721014 28.636642768979073 0
      vertex -3.67574330419302 3.67574330419302 0
    endloop
  endfacet
  facet normal 0 0 -1
    outer loop
      vertex -9.46594812721014 28.636642768979073 0
      vertex -9.246409758925438 28.77921263873577 0
      vertex -3.67574330419302 3.67574330419302 0
    endloop
  endfacet
  facet normal 0 0 -1
    outer loop
      vertex -9.246409758925438 28.77921263873577 0
      vertex -9.1124926507473 28.861277140676975 0
      vertex -3.67574330419302 3.67574330419302 0
    endloop
  endfacet
  facet normal 0 0 -1
    outer loop
      vertex -9.1124926507473 28.861277140676975 0
      vertex -8.885793842375278 28.992161750793457 0
      vertex -3.67574330419302 3.67574330419302 0
    endloop
  endfacet
  facet normal 0 0 -1
    outer loop
      vertex -8.885793842375278 28.992161750793457 0
      vertex -8.747765228152275 29.067105174064636 0
      vertex -3.67574330419302 3.67574330419302 0
    endloop
  endfacet
  facet normal 0 0 -1
    outer loop
      vertex -8.747765228152275 29.067105174064636 0
      vertex -8.514526903629303 29.1859460324049 0
      vertex -3.67574330419302 3.67574330419302 0
    endloop
  endfacet
  facet normal 0 0 -1
    outer loop
      vertex -8.514526903629303 29.1859460324049 0
      vertex -8.372765332460403 29.253562830388546 0
      vertex -3.67574330419302 3.67574330419302 0
    endloop
  endfacet
  facet normal 0 0 -1
    outer loop
      vertex -8.372765332460403 29.253562830388546 0
      vertex -8.133627124130726 29.36003401875496 0
      vertex -3.67574330419302 3.67574330419302 0
    endloop
  endfacet
  facet normal 0 0 -1
    outer loop
      vertex -3.67574330419302 3.67574330419302 0
      vertex -8.133627124130726 29.36003401875496 0
      vertex -7.988521046936512 29.42013892531395 0
    endloop
  endfacet
  facet normal 0 0 -1
    outer loop
      vertex -3.67574330419302 3.67574330419302 0
      vertex -7.988521046936512 29.42013892531395 0
      vertex -7.744138121604919 29.51394873857498 0
    endloop
  endfacet
  facet normal 0 0 -1
    outer loop
      vertex -3.67574330419302 3.67574330419302 0
      vertex -7.744138121604919 29.51394873857498 0
      vertex -7.596085257828236 29.566377006471157 0
    endloop
  endfacet
  facet normal 0 0 -1
    outer loop
      vertex -3.67574330419302 3.67574330419302 0
      vertex -7.596085257828236 29.566377006471157 0
      vertex -7.347127713263035 29.64726822078228 0
    endloop
  endfacet
  facet normal 0 0 -1
    outer loop
      vertex -3.67574330419302 3.67574330419302 0
      vertex -7.347127713263035 29.64726822078228 0
      vertex -7.196533866226673 29.691876150667667 0
    endloop
  endfacet
  facet normal 0 0 -1
    outer loop
      vertex -3.67574330419302 3.67574330419302 0
      vertex -7.196533866226673 29.691876150667667 0
      vertex -6.943684056401253 29.759627051651478 0
    endloop
  endfacet
  facet normal 0 0 -1
    outer loop
      vertex -3.67574330419302 3.67574330419302 0
      vertex -6.943684056401253 29.759627051651478 0
      vertex -6.790961816906929 29.796292424201965 0
    endloop
  endfacet
  facet normal 0 0 -1
    outer loop
      vertex -3.67574330419302 3.67574330419302 0
      vertex -6.790961816906929 29.796292424201965 0
      vertex -6.534912623465061 29.85071735084057 0
    endloop
  endfacet
  facet normal 0 0 -1
    outer loop
      vertex -3.67574330419302 3.67574330419302 0
      vertex -6.534912623465061 29.85071735084057 0
      vertex -6.380480945110321 29.879339568316936 0
    endloop
  endfacet
  facet normal 0 0 -1
    outer loop
      vertex -3.67574330419302 3.67574330419302 0
      vertex -6.380480945110321 29.879339568316936 0
      vertex -6.121934473514557 29.920289307832718 0
    endloop
  endfacet
  facet normal 0 0 -1
    outer loop
      vertex -3.67574330419302 3.67574330419302 0
      vertex -6.121934473514557 29.920289307832718 0
      vertex -5.966216318309307 29.940789997577667 0
    endloop
  endfacet
  facet normal 0 0 -1
    outer loop
      vertex -3.67574330419302 3.67574330419302 0
      vertex -5.966216318309307 29.940789997577667 0
      vertex -5.705880835652351 29.968152359128 0
    endloop
  endfacet
  facet normal 0 0 1
    outer loop
      vertex -8.885793842375278 28.992161750793457 0.2
      vertex -7.740636371076107 23.220209926366806 0.2
      vertex -7.673019573092461 23.361971497535706 0.2
    endloop
  endfacet
  facet normal 0 0 1
    outer loop
      vertex -8.747765228152275 29.067105174064636 0.2
      vertex -7.673019573092461 23.361971497535706 0.2
      vertex -7.598076209425926 23.5 0.2
    endloop
  endfacet
  facet normal 0 0 1
    outer loop
      vertex -8.747765228152275 29.067105174064636 0.2
      vertex -7.598076209425926 23.5 0.2
      vertex -7.516011707484722 23.63391710817814 0.2
    endloop
  endfacet
  facet normal 0 0 1
    outer loop
      vertex -8.514526903629303 29.1859460324049 0.2
      vertex -7.516011707484722 23.63391710817814 0.2
      vertex -7.427050985395908 23.763355754315853 0.2
    endloop
  endfacet
  facet normal 0 0 1
    outer loop
      vertex -8.372765332460403 29.253562830388546 0.2
      vertex -7.427050985395908 23.763355754315853 0.2
      vertex -7.331437885761261 23.88796117156744 0.2
    endloop
  endfacet
  facet normal 0 0 1
    outer loop
      vertex -8.372765332460403 29.253562830388546 0.2
      vertex -7.331437885761261 23.88796117156744 0.2
      vertex -7.229434475302696 24.007391817867756 0.2
    endloop
  endfacet
  facet normal 0 0 1
    outer loop
      vertex -8.133627124130726 29.36003401875496 0.2
      vertex -7.229434475302696 24.007391817867756 0.2
      vertex -7.121320344507694 24.121320344507694 0.2
    endloop
  endfacet
  facet normal 0 0 1
    outer loop
      vertex -7.988521046936512 29.42013892531395 0.2
      vertex -7.121320344507694 24.121320344507694 0.2
      vertex -7.007391817867756 24.229434475302696 0.2
    endloop
  endfacet
  facet normal 0 0 1
    outer loop
      vertex -7.744138121604919 29.51394873857498 0.2
      vertex -7.007391817867756 24.229434475302696 0.2
      vertex -6.88796117156744 24.33143788576126 0.2
    endloop
  endfacet
  facet normal 0 0 1
    outer loop
      vertex -7.596085257828236 29.566377006471157 0.2
      vertex -6.88796117156744 24.33143788576126 0.2
      vertex -6.763355754315853 24.42705098539591 0.2
    endloop
  endfacet
  facet normal 0 0 1
    outer loop
      vertex -7.596085257828236 29.566377006471157 0.2
      vertex -6.763355754315853 24.42705098539591 0.2
      vertex -6.633917108178139 24.516011707484722 0.2
    endloop
  endfacet
  facet normal 0 0 1
    outer loop
      vertex -8.514526903629303 29.1859460324049 0.2
      vertex -7.427050985395908 23.763355754315853 0.2
      vertex -8.372765332460403 29.253562830388546 0.2
    endloop
  endfacet
  facet normal 0 0 1
    outer loop
      vertex -8.372765332460403 29.253562830388546 0.2
      vertex -7.229434475302696 24.007391817867756 0.2
      vertex -8.133627124130726 29.36003401875496 0.2
    endloop
  endfacet
  facet normal 0 0 1
    outer loop
      vertex -8.133627124130726 29.36003401875496 0.2
      vertex -7.121320344507694 24.121320344507694 0.2
      vertex -7.988521046936512 29.42013892531395 0.2
    endloop
  endfacet
  facet normal 0 0 1
    outer loop
      vertex -7.988521046936512 29.42013892531395 0.2
      vertex -7.007391817867756 24.229434475302696 0.2
      vertex -7.744138121604919 29.51394873857498 0.2
    endloop
  endfacet
  facet normal 0 0 1
    outer loop
      vertex -7.744138121604919 29.51394873857498 0.2
      vertex -6.88796117156744 24.33143788576126 0.2
      vertex -7.596085257828236 29.566377006471157 0.2
    endloop
  endfacet
  facet normal -0.38268343998639204 0.92387952935444 0
    outer loop
      vertex -8.133627124130726 29.36003401875496 0
      vertex -7.988521046936512 29.42013892531395 0.2
      vertex -7.988521046936512 29.42013892531395 0
    endloop
  endfacet
  facet normal -0.38268343998639204 0.92387952935444 0
    outer loop
      vertex -8.133627124130726 29.36003401875496 0
      vertex -8.133627124130726 29.36003401875496 0.2
      vertex -7.988521046936512 29.42013892531395 0.2
    endloop
  endfacet
  facet normal -0.3583679410532671 0.9335804297569879 0
    outer loop
      vertex -7.988521046936512 29.42013892531395 0
      vertex -7.988521046936512 29.42013892531395 0.2
      vertex -7.744138121604919 29.51394873857498 0.2
    endloop
  endfacet
  facet normal -0.3583679410532671 0.9335804297569879 0
    outer loop
      vertex -7.988521046936512 29.42013892531395 0
      vertex -7.744138121604919 29.51394873857498 0.2
      vertex -7.744138121604919 29.51394873857498 0
    endloop
  endfacet
  facet normal -0.3338068542353568 0.9426414928622097 0
    outer loop
      vertex -7.744138121604919 29.51394873857498 0
      vertex -7.596085257828236 29.566377006471157 0.2
      vertex -7.596085257828236 29.566377006471157 0
    endloop
  endfacet
  facet normal -0.3338068542353568 0.9426414928622097 0
    outer loop
      vertex -7.744138121604919 29.51394873857498 0
      vertex -7.744138121604919 29.51394873857498 0.2
      vertex -7.596085257828236 29.566377006471157 0.2
    endloop
  endfacet
  facet normal -0.3090170101179532 0.9510565111799408 0
    outer loop
      vertex -7.596085257828236 29.566377006471157 0
      vertex -7.596085257828236 29.566377006471157 0.2
      vertex -7.347127713263035 29.64726822078228 0.2
    endloop
  endfacet
  facet normal -0.3090170101179532 0.9510565111799408 0
    outer loop
      vertex -7.596085257828236 29.566377006471157 0
      vertex -7.347127713263035 29.64726822078228 0.2
      vertex -7.347127713263035 29.64726822078228 0
    endloop
  endfacet
  facet normal 0 0 1
    outer loop
      vertex -7.596085257828236 29.566377006471157 0.2
      vertex -6.633917108178139 24.516011707484722 0.2
      vertex -7.347127713263035 29.64726822078228 0.2
    endloop
  endfacet
  facet normal 0 0 1
    outer loop
      vertex -7.347127713263035 29.64726822078228 0.2
      vertex -6.633917108178139 24.516011707484722 0.2
      vertex -7.196533866226673 29.691876150667667 0.2
    endloop
  endfacet
  facet normal 0 0 1
    outer loop
      vertex -7.196533866226673 29.691876150667667 0.2
      vertex -6.633917108178139 24.516011707484722 0.2
      vertex -6.5 24.598076209425926 0.2
    endloop
  endfacet
  facet normal 0 0 1
    outer loop
      vertex -7.196533866226673 29.691876150667667 0.2
      vertex -6.5 24.598076209425926 0.2
      vertex -6.361971497535706 24.67301957309246 0.2
    endloop
  endfacet
  facet normal 0 0 1
    outer loop
      vertex -7.196533866226673 29.691876150667667 0.2
      vertex -6.361971497535706 24.67301957309246 0.2
      vertex -6.943684056401253 29.759627051651478 0.2
    endloop
  endfacet
  facet normal 0 0 1
    outer loop
      vertex -6.943684056401253 29.759627051651478 0.2
      vertex -6.220209926366806 24.740636371076107 0.2
      vertex -6.790961816906929 29.796292424201965 0.2
    endloop
  endfacet
  facet normal -0.28401534549389984 0.9588197346341912 0
    outer loop
      vertex -7.347127713263035 29.64726822078228 0
      vertex -7.196533866226673 29.691876150667667 0.2
      vertex -7.196533866226673 29.691876150667667 0
    endloop
  endfacet
  facet normal -0.28401534549389984 0.9588197346341912 0
    outer loop
      vertex -7.347127713263035 29.64726822078228 0
      vertex -7.347127713263035 29.64726822078228 0.2
      vertex -7.196533866226673 29.691876150667667 0.2
    endloop
  endfacet
  facet normal -0.25881904023633706 0.9659258275929582 0
    outer loop
      vertex -7.196533866226673 29.691876150667667 0
      vertex -7.196533866226673 29.691876150667667 0.2
      vertex -6.943684056401253 29.759627051651478 0.2
    endloop
  endfacet
  facet normal -0.25881904023633706 0.9659258275929582 0
    outer loop
      vertex -7.196533866226673 29.691876150667667 0
      vertex -6.943684056401253 29.759627051651478 0.2
      vertex -6.943684056401253 29.759627051651478 0
    endloop
  endfacet
  facet normal -0.23344540484420478 0.9723699105572556 0
    outer loop
      vertex -6.943684056401253 29.759627051651478 0
      vertex -6.790961816906929 29.796292424201965 0.2
      vertex -6.790961816906929 29.796292424201965 0
    endloop
  endfacet
  facet normal -0.23344540484420478 0.9723699105572556 0
    outer loop
      vertex -6.943684056401253 29.759627051651478 0
      vertex -6.943684056401253 29.759627051651478 0.2
      vertex -6.790961816906929 29.796292424201965 0.2
    endloop
  endfacet
  facet normal -0.20791165595697184 0.9781476081436942 0
    outer loop
      vertex -6.790961816906929 29.796292424201965 0
      vertex -6.790961816906929 29.796292424201965 0.2
      vertex -6.534912623465061 29.85071735084057 0.2
    endloop
  endfacet
  facet normal -0.20791165595697184 0.9781476081436942 0
    outer loop
      vertex -6.790961816906929 29.796292424201965 0
      vertex -6.534912623465061 29.85071735084057 0.2
      vertex -6.534912623465061 29.85071735084057 0
    endloop
  endfacet
  facet normal 0 0 1
    outer loop
      vertex -6.943684056401253 29.759627051651478 0.2
      vertex -6.361971497535706 24.67301957309246 0.2
      vertex -6.220209926366806 24.740636371076107 0.2
    endloop
  endfacet
  facet normal 0 0 1
    outer loop
      vertex -6.790961816906929 29.796292424201965 0.2
      vertex -6.220209926366806 24.740636371076107 0.2
      vertex -6.075103849172592 24.800741277635098 0.2
    endloop
  endfacet
  facet normal 0 0 1
    outer loop
      vertex -6.534912623465061 29.85071735084057 0.2
      vertex -6.075103849172592 24.800741277635098 0.2
      vertex -5.927050985395908 24.853169545531273 0.2
    endloop
  endfacet
  facet normal 0 0 1
    outer loop
      vertex -6.380480945110321 29.879339568316936 0.2
      vertex -5.927050985395908 24.853169545531273 0.2
      vertex -5.776457138359547 24.89777747541666 0.2
    endloop
  endfacet
  facet normal 0 0 1
    outer loop
      vertex -6.121934473514557 29.920289307832718 0.2
      vertex -5.776457138359547 24.89777747541666 0.2
      vertex -5.623735070228577 24.934442803263664 0.2
    endloop
  endfacet
  facet normal 0 0 1
    outer loop
      vertex -6.790961816906929 29.796292424201965 0.2
      vertex -6.075103849172592 24.800741277635098 0.2
      vertex -6.534912623465061 29.85071735084057 0.2
    endloop
  endfacet
  facet normal 0 0 1
    outer loop
      vertex -6.534912623465061 29.85071735084057 0.2
      vertex -5.927050985395908 24.853169545531273 0.2
      vertex -6.380480945110321 29.879339568316936 0.2
    endloop
  endfacet
  facet normal -0.18223551135255575 0.983254910184573 0
    outer loop
      vertex -6.534912623465061 29.85071735084057 0
      vertex -6.380480945110321 29.879339568316936 0.2
      vertex -6.380480945110321 29.879339568316936 0
    endloop
  endfacet
  facet normal -0.18223551135255575 0.983254910184573 0
    outer loop
      vertex -6.534912623465061 29.85071735084057 0
      vertex -6.534912623465061 29.85071735084057 0.2
      vertex -6.380480945110321 29.879339568316936 0.2
    endloop
  endfacet
  facet normal -0.1564344699378331 0.9876883398194337 0
    outer loop
      vertex -6.380480945110321 29.879339568316936 0
      vertex -6.121934473514557 29.920289307832718 0.2
      vertex -6.121934473514557 29.920289307832718 0
    endloop
  endfacet
  facet normal -0.1564344699378331 0.9876883398194337 0
    outer loop
      vertex -6.380480945110321 29.879339568316936 0
      vertex -6.380480945110321 29.879339568316936 0.2
      vertex -6.121934473514557 29.920289307832718 0.2
    endloop
  endfacet
  facet normal 0 0 1
    outer loop
      vertex -6.380480945110321 29.879339568316936 0.2
      vertex -5.776457138359547 24.89777747541666 0.2
      vertex -6.121934473514557 29.920289307832718 0.2
    endloop
  endfacet
  facet normal 0 0 1
    outer loop
      vertex -6.121934473514557 29.920289307832718 0.2
      vertex -5.623735070228577 24.934442803263664 0.2
      vertex -5.966216318309307 29.940789997577667 0.2
    endloop
  endfacet
  facet normal -0.1305262278461029 0.9914448566835512 0
    outer loop
      vertex -6.121934473514557 29.920289307832718 0
      vertex -5.966216318309307 29.940789997577667 0.2
      vertex -5.966216318309307 29.940789997577667 0
    endloop
  endfacet
  facet normal -0.1305262278461029 0.9914448566835512 0
    outer loop
      vertex -6.121934473514557 29.920289307832718 0
      vertex -6.121934473514557 29.920289307832718 0.2
      vertex -5.966216318309307 29.940789997577667 0.2
    endloop
  endfacet
  facet normal -0.10452846225938717 0.9945218954742463 0
    outer loop
      vertex -5.966216318309307 29.940789997577667 0
      vertex -5.966216318309307 29.940789997577667 0.2
      vertex -5.705880835652351 29.968152359128 0.2
    endloop
  endfacet
  facet normal 0 0 1
    outer loop
      vertex -5.966216318309307 29.940789997577667 0.2
      vertex -5.623735070228577 24.934442803263664 0.2
      vertex -5.4693033918738365 24.963065020740032 0.2
    endloop
  endfacet
  facet normal 0 0 1
    outer loop
      vertex -5.705880835652351 29.968152359128 0.2
      vertex -5.4693033918738365 24.963065020740032 0.2
      vertex -5.313585393130779 24.98356568813324 0.2
    endloop
  endfacet
  facet normal 0 0 1
    outer loop
      vertex -5.549303308129311 29.980475276708603 0.2
      vertex -5.313585393130779 24.98356568813324 0.2
      vertex -5.1570078656077385 24.995888605713844 0.2
    endloop
  endfacet
  facet normal 0 0 1
    outer loop
      vertex -5.287892565131187 29.994175232946873 0.2
      vertex -5.1570078656077385 24.995888605713844 0.2
      vertex -5 25 0.2
    endloop
  endfacet
  facet normal 0 0 1
    outer loop
      vertex -5.966216318309307 29.940789997577667 0.2
      vertex -5.4693033918738365 24.963065020740032 0.2
      vertex -5.705880835652351 29.968152359128 0.2
    endloop
  endfacet
  facet normal 0 0 1
    outer loop
      vertex -5.705880835652351 29.968152359128 0.2
      vertex -5.313585393130779 24.98356568813324 0.2
      vertex -5.549303308129311 29.980475276708603 0.2
    endloop
  endfacet
  facet normal -0.10452846225938717 0.9945218954742463 0
    outer loop
      vertex -5.966216318309307 29.940789997577667 0
      vertex -5.705880835652351 29.968152359128 0.2
      vertex -5.705880835652351 29.968152359128 0
    endloop
  endfacet
  facet normal -0.07845908885695775 0.9969173342738784 0
    outer loop
      vertex -5.705880835652351 29.968152359128 0
      vertex -5.549303308129311 29.980475276708603 0.2
      vertex -5.549303308129311 29.980475276708603 0
    endloop
  endfacet
  facet normal -0.07845908885695775 0.9969173342738784 0
    outer loop
      vertex -5.705880835652351 29.968152359128 0
      vertex -5.705880835652351 29.968152359128 0.2
      vertex -5.549303308129311 29.980475276708603 0.2
    endloop
  endfacet
  facet normal -0.05233595516483303 0.9986295348110752 0
    outer loop
      vertex -5.549303308129311 29.980475276708603 0
      vertex -5.549303308129311 29.980475276708603 0.2
      vertex -5.287892565131187 29.994175232946873 0.2
    endloop
  endfacet
  facet normal 0 0 1
    outer loop
      vertex -5.549303308129311 29.980475276708603 0.2
      vertex -5.1570078656077385 24.995888605713844 0.2
      vertex -5.287892565131187 29.994175232946873 0.2
    endloop
  endfacet
  facet normal 0 0 1
    outer loop
      vertex -5.287892565131187 29.994175232946873 0.2
      vertex -5 25 0.2
      vertex -5.130884699523449 29.99828662723303 0.2
    endloop
  endfacet
  facet normal 0 0 1
    outer loop
      vertex -5.130884699523449 29.99828662723303 0.2
      vertex -5 25 0.2
      vertex -5 30 0.2
    endloop
  endfacet
  facet normal -0.05233595516483303 0.9986295348110752 0
    outer loop
      vertex -5.549303308129311 29.980475276708603 0
      vertex -5.287892565131187 29.994175232946873 0.2
      vertex -5.287892565131187 29.994175232946873 0
    endloop
  endfacet
  facet normal -0.02617693960138119 0.9996573252035448 0
    outer loop
      vertex -5.287892565131187 29.994175232946873 0
      vertex -5.287892565131187 29.994175232946873 0.2
      vertex -5.130884699523449 29.99828662723303 0.2
    endloop
  endfacet
  facet normal -0.02617693960138119 0.9996573252035448 0
    outer loop
      vertex -5.287892565131187 29.994175232946873 0
      vertex -5.130884699523449 29.99828662723303 0.2
      vertex -5.130884699523449 29.99828662723303 0
    endloop
  endfacet
  facet normal -0.013089581782417202 0.9999143277545138 0
    outer loop
      vertex -5.130884699523449 29.99828662723303 0
      vertex -5 30 0.2
      vertex -5 30 0
    endloop
  endfacet
  facet normal -0.013089581782417202 0.9999143277545138 0
    outer loop
      vertex -5.130884699523449 29.99828662723303 0
      vertex -5.130884699523449 29.99828662723303 0.2
      vertex -5 30 0.2
    endloop
  endfacet
  facet normal 0 0 -1
    outer loop
      vertex -3.67574330419302 3.67574330419302 0
      vertex -5.705880835652351 29.968152359128 0
      vertex -5.549303308129311 29.980475276708603 0
    endloop
  endfacet
  facet normal 0 0 -1
    outer loop
      vertex -3.67574330419302 3.67574330419302 0
      vertex -5.549303308129311 29.980475276708603 0
      vertex -5.287892565131187 29.994175232946873 0
    endloop
  endfacet
  facet normal 0 0 -1
    outer loop
      vertex -3.67574330419302 3.67574330419302 0
      vertex -5.287892565131187 29.994175232946873 0
      vertex -5.130884699523449 29.99828662723303 0
    endloop
  endfacet
  facet normal 0 0 -1
    outer loop
      vertex -3.67574330419302 3.67574330419302 0
      vertex -5.130884699523449 29.99828662723303 0
      vertex -5 30 0
    endloop
  endfacet
  facet normal 0 0 -1
    outer loop
      vertex -3.67574330419302 3.67574330419302 0
      vertex -5 30 0
      vertex -0.3999999985098839 30 0
    endloop
  endfacet
  facet normal 0 0 1
    outer loop
      vertex -5 30 0.2
      vertex -5 25 0.2
      vertex -0.3999999985098839 30 0.2
    endloop
  endfacet
  facet normal 0 1 0
    outer loop
      vertex -5 30 0
      vertex -5 30 0.2
      vertex -0.3999999985098839 30 0.2
    endloop
  endfacet
  facet normal 0 0 1
    outer loop
      vertex -0.3999999985098839 30 0.2
      vertex -5 25 0.2
      vertex -0.1383202150464058 29.993147671222687 0.2
    endloop
  endfacet
  facet normal 0 1 0
    outer loop
      vertex -5 30 0
      vertex -0.3999999985098839 30 0.2
      vertex -0.3999999985098839 30 0
    endloop
  endfacet
  facet normal 0.3338068686438607 -0.9426414877598908 0
    outer loop
      vertex -1.8628991842269897 4.853018060326576 0
      vertex -1.6063586696982384 4.943863824009895 0
      vertex -1.8628991842269897 4.853018060326576 0.2
    endloop
  endfacet
  facet normal 0.3338068686438607 -0.9426414877598908 0
    outer loop
      vertex -1.6063586696982384 4.943863824009895 0
      vertex -1.6063586696982384 4.943863824009895 0.2
      vertex -1.8628991842269897 4.853018060326576 0.2
    endloop
  endfacet
  facet normal 0.28401534111296656 -0.9588197359318827 0
    outer loop
      vertex -1.6063586696982384 4.943863824009895 0
      vertex -1.3454154282808304 5.02115873247385 0
      vertex -1.6063586696982384 4.943863824009895 0.2
    endloop
  endfacet
  facet normal 0.28401534111296656 -0.9588197359318827 0
    outer loop
      vertex -1.3454154282808304 5.02115873247385 0
      vertex -1.3454154282808304 5.02115873247385 0.2
      vertex -1.6063586696982384 4.943863824009895 0.2
    endloop
  endfacet
  facet normal 0.233445359238154 -0.9723699215063006 0
    outer loop
      vertex -1.3454154282808304 5.02115873247385 0
      vertex -1.0807844400405884 5.084691010415554 0
      vertex -1.3454154282808304 5.02115873247385 0.2
    endloop
  endfacet
  facet normal 0.233445359238154 -0.9723699215063006 0
    outer loop
      vertex -1.0807844400405884 5.084691010415554 0
      vertex -1.0807844400405884 5.084691010415554 0.2
      vertex -1.3454154282808304 5.02115873247385 0.2
    endloop
  endfacet
  facet normal 0 0 1
    outer loop
      vertex -2.359972506761551 4.63170675188303 0.2
      vertex -2.1143333688378334 4.748870611190796 0.2
      vertex -0.39999999999997726 10.189525631372325 0.2
    endloop
  endfacet
  facet normal 0.1822355041287908 -0.9832549115234185 0
    outer loop
      vertex -1.0807844400405884 5.084691010415554 0
      vertex -0.8131910488009453 5.134286507964134 0
      vertex -1.0807844400405884 5.084691010415554 0.2
    endloop
  endfacet
  facet normal 0.1822355041287908 -0.9832549115234185 0
    outer loop
      vertex -0.8131910488009453 5.134286507964134 0
      vertex -0.8131910488009453 5.134286507964134 0.2
      vertex -1.0807844400405884 5.084691010415554 0.2
    endloop
  endfacet
  facet normal 0.13052620967398781 -0.991444859075956 0
    outer loop
      vertex -0.8131910488009453 5.134286507964134 0
      vertex -0.5433689430356026 5.169809266924858 0
      vertex -0.8131910488009453 5.134286507964134 0.2
    endloop
  endfacet
  facet normal 0.13052620967398781 -0.991444859075956 0
    outer loop
      vertex -0.5433689430356026 5.169809266924858 0
      vertex -0.5433689430356026 5.169809266924858 0.2
      vertex -0.8131910488009453 5.134286507964134 0.2
    endloop
  endfacet
  facet normal 0.07845910992025963 -0.9969173326161606 0
    outer loop
      vertex -0.5433689430356026 5.169809266924858 0
      vertex -0.27205710858106613 5.191161975264549 0
      vertex -0.5433689430356026 5.169809266924858 0.2
    endloop
  endfacet
  facet normal 0.07845910992025963 -0.9969173326161606 0
    outer loop
      vertex -0.27205710858106613 5.191161975264549 0
      vertex -0.27205710858106613 5.191161975264549 0.2
      vertex -0.5433689430356026 5.169809266924858 0.2
    endloop
  endfacet
  facet normal 0.026177058883896008 -0.999657322080016 0
    outer loop
      vertex -0.27205710858106613 5.191161975264549 0
      vertex -0.2691151201725006 5.1912390142679214 0
      vertex -0.27205710858106613 5.191161975264549 0.2
    endloop
  endfacet
  facet normal 0.026177058883896008 -0.999657322080016 0
    outer loop
      vertex -0.2691151201725006 5.1912390142679214 0
      vertex -0.2691151201725006 5.1912390142679214 0.2
      vertex -0.27205710858106613 5.191161975264549 0.2
    endloop
  endfacet
  facet normal 0.052335985036809966 -0.9986295332455509 0
    outer loop
      vertex -0.2691151201725006 5.1912390142679214 0
      vertex -0.007704384624958038 5.204938977956772 0
      vertex -0.2691151201725006 5.1912390142679214 0.2
    endloop
  endfacet
  facet normal 0.052335985036809966 -0.9986295332455509 0
    outer loop
      vertex -0.007704384624958038 5.204938977956772 0
      vertex -0.007704384624958038 5.204938977956772 0.2
      vertex -0.2691151201725006 5.1912390142679214 0.2
    endloop
  endfacet
  facet normal 0.1045284904107742 -0.994521892515416 0
    outer loop
      vertex -0.007704384624958038 5.204938977956772 0
      vertex 0.2526310980319977 5.232301346957684 0
      vertex -0.007704384624958038 5.204938977956772 0.2
    endloop
  endfacet
  facet normal 0.1045284904107742 -0.994521892515416 0
    outer loop
      vertex 0.2526310980319977 5.232301346957684 0
      vertex 0.2526310980319977 5.232301346957684 0.2
      vertex -0.007704384624958038 5.204938977956772 0.2
    endloop
  endfacet
  facet normal 0.15643449442743446 -0.9876883359406615 0
    outer loop
      vertex 0.2526310980319977 5.232301346957684 0
      vertex 0.5111777633428574 5.273251123726368 0
      vertex 0.2526310980319977 5.232301346957684 0.2
    endloop
  endfacet
  facet normal 0.15643449442743446 -0.9876883359406615 0
    outer loop
      vertex 0.5111777633428574 5.273251123726368 0
      vertex 0.5111777633428574 5.273251123726368 0.2
      vertex 0.2526310980319977 5.232301346957684 0.2
    endloop
  endfacet
  facet normal 0.20791171042101583 -0.9781475965670047 0
    outer loop
      vertex 0.5111777633428574 5.273251123726368 0
      vertex 0.7672269567847252 5.327676065266132 0
      vertex 0.5111777633428574 5.273251123726368 0.2
    endloop
  endfacet
  facet normal 0.20791171042101583 -0.9781475965670047 0
    outer loop
      vertex 0.7672269567847252 5.327676065266132 0
      vertex 0.7672269567847252 5.327676065266132 0.2
      vertex 0.5111777633428574 5.273251123726368 0.2
    endloop
  endfacet
  facet normal 0.25881906107224206 -0.9659258220099942 0
    outer loop
      vertex 0.7672269567847252 5.327676065266132 0
      vertex 1.0200768560171127 5.395426996052265 0
      vertex 0.7672269567847252 5.327676065266132 0.2
    endloop
  endfacet
  facet normal 0.25881906107224206 -0.9659258220099942 0
    outer loop
      vertex 1.0200768560171127 5.395426996052265 0
      vertex 1.0200768560171127 5.395426996052265 0.2
      vertex 0.7672269567847252 5.327676065266132 0.2
    endloop
  endfacet
  facet normal 0.3090170281473408 -0.951056505321837 0
    outer loop
      vertex 1.0200768560171127 5.395426996052265 0
      vertex 1.269034430384636 5.476318225264549 0
      vertex 1.0200768560171127 5.395426996052265 0.2
    endloop
  endfacet
  facet normal 0.3090170281473408 -0.951056505321837 0
    outer loop
      vertex 1.269034430384636 5.476318225264549 0
      vertex 1.269034430384636 5.476318225264549 0.2
      vertex 1.0200768560171127 5.395426996052265 0.2
    endloop
  endfacet
  facet normal 0.3583679771419289 -0.9335804159038481 0
    outer loop
      vertex 1.269034430384636 5.476318225264549 0
      vertex 1.5134172886610031 5.57012802362442 0
      vertex 1.269034430384636 5.476318225264549 0.2
    endloop
  endfacet
  facet normal 0 0 1
    outer loop
      vertex -3.271387368440628 4.039827026426792 0.2
      vertex -0.5338267536780271 10.186021254496652 0.2
      vertex -1.0661903253300653 10.144123332756386 0.2
    endloop
  endfacet
  facet normal 0 0 1
    outer loop
      vertex -2.359972506761551 4.63170675188303 0.2
      vertex -0.39999999999997726 10.189525631372325 0.2
      vertex -0.5338267536780271 10.186021254496652 0.2
    endloop
  endfacet
  facet normal 0 0 -1
    outer loop
      vertex -3.67574330419302 3.67574330419302 0
      vertex 4.600000001490116 25 0
      vertex -3.4783322662115097 3.863079383969307 0
    endloop
  endfacet
  facet normal 0 0 -1
    outer loop
      vertex -3.4783322662115097 3.863079383969307 0
      vertex 4.600000001490116 25 0
      vertex -3.271387368440628 4.039827026426792 0
    endloop
  endfacet
  facet normal 0 0 -1
    outer loop
      vertex -3.271387368440628 4.039827026426792 0
      vertex 4.600000001490116 25 0
      vertex -3.0554758831858635 4.205501735210419 0
    endloop
  endfacet
  facet normal 0 0 -1
    outer loop
      vertex -3.0554758831858635 4.205501735210419 0
      vertex 4.600000001490116 25 0
      vertex -2.831189602613449 4.359649419784546 0
    endloop
  endfacet
  facet normal 0 0 -1
    outer loop
      vertex -2.831189602613449 4.359649419784546 0
      vertex 4.600000001490116 25 0
      vertex -2.59914293885231 4.501847803592682 0
    endloop
  endfacet
  facet normal 0 0 -1
    outer loop
      vertex -2.59914293885231 4.501847803592682 0
      vertex 4.600000001490116 25 0
      vertex -2.359972506761551 4.63170675188303 0
    endloop
  endfacet
  facet normal 0 0 -1
    outer loop
      vertex -2.359972506761551 4.63170675188303 0
      vertex 4.600000001490116 25 0
      vertex -2.1143333688378334 4.748870611190796 0
    endloop
  endfacet
  facet normal 0 0 -1
    outer loop
      vertex -2.1143333688378334 4.748870611190796 0
      vertex 4.600000001490116 25 0
      vertex -1.8628991842269897 4.853018060326576 0
    endloop
  endfacet
  facet normal 0 0 1
    outer loop
      vertex -2.1143333688378334 4.748870611190796 0.2
      vertex -1.8628991842269897 4.853018060326576 0.2
      vertex 4.600000001490116 25 0.2
    endloop
  endfacet
  facet normal 0 0 -1
    outer loop
      vertex -1.8628991842269897 4.853018060326576 0
      vertex 4.600000001490116 25 0
      vertex -1.6063586696982384 4.943863824009895 0
    endloop
  endfacet
  facet normal 0 0 1
    outer loop
      vertex -1.8628991842269897 4.853018060326576 0.2
      vertex -1.6063586696982384 4.943863824009895 0.2
      vertex 4.600000001490116 25 0.2
    endloop
  endfacet
  facet normal 0 0 -1
    outer loop
      vertex -1.6063586696982384 4.943863824009895 0
      vertex 4.600000001490116 25 0
      vertex -1.3454154282808304 5.02115873247385 0
    endloop
  endfacet
  facet normal 0 0 1
    outer loop
      vertex -1.6063586696982384 4.943863824009895 0.2
      vertex -1.3454154282808304 5.02115873247385 0.2
      vertex 4.600000001490116 25 0.2
    endloop
  endfacet
  facet normal 0 0 -1
    outer loop
      vertex -1.3454154282808304 5.02115873247385 0
      vertex 4.600000001490116 25 0
      vertex -1.0807844400405884 5.084691010415554 0
    endloop
  endfacet
  facet normal 0 0 1
    outer loop
      vertex -1.3454154282808304 5.02115873247385 0.2
      vertex -1.0807844400405884 5.084691010415554 0.2
      vertex 4.600000001490116 25 0.2
    endloop
  endfacet
  facet normal 0 0 -1
    outer loop
      vertex -1.0807844400405884 5.084691010415554 0
      vertex 4.600000001490116 25 0
      vertex -0.8131910488009453 5.134286507964134 0
    endloop
  endfacet
  facet normal 0 0 1
    outer loop
      vertex -1.0807844400405884 5.084691010415554 0.2
      vertex -0.8131910488009453 5.134286507964134 0.2
      vertex 4.600000001490116 25 0.2
    endloop
  endfacet
  facet normal 0 0 -1
    outer loop
      vertex -0.8131910488009453 5.134286507964134 0
      vertex 4.600000001490116 25 0
      vertex -0.5433689430356026 5.169809266924858 0
    endloop
  endfacet
  facet normal 0 0 1
    outer loop
      vertex -0.8131910488009453 5.134286507964134 0.2
      vertex -0.5433689430356026 5.169809266924858 0.2
      vertex 4.600000001490116 25 0.2
    endloop
  endfacet
  facet normal 0 0 -1
    outer loop
      vertex -0.5433689430356026 5.169809266924858 0
      vertex 4.600000001490116 25 0
      vertex -0.27205710858106613 5.191161975264549 0
    endloop
  endfacet
  facet normal 0 0 1
    outer loop
      vertex -0.5433689430356026 5.169809266924858 0.2
      vertex -0.27205710858106613 5.191161975264549 0.2
      vertex 4.600000001490116 25 0.2
    endloop
  endfacet
  facet normal 0 0 -1
    outer loop
      vertex -0.27205710858106613 5.191161975264549 0
      vertex 4.600000001490116 25 0
      vertex -0.2691151201725006 5.1912390142679214 0
    endloop
  endfacet
  facet normal 0 0 1
    outer loop
      vertex -0.27205710858106613 5.191161975264549 0.2
      vertex -0.2691151201725006 5.1912390142679214 0.2
      vertex 4.600000001490116 25 0.2
    endloop
  endfacet
  facet normal 0 0 1
    outer loop
      vertex -2.1143333688378334 4.748870611190796 0.2
      vertex 4.600000001490116 25 0.2
      vertex -0.39999999999997726 10.189525631372325 0.2
    endloop
  endfacet
  facet normal 0.3583679771419289 -0.9335804159038481 0
    outer loop
      vertex 1.5134172886610031 5.57012802362442 0
      vertex 1.5134172886610031 5.57012802362442 0.2
      vertex 1.269034430384636 5.476318225264549 0.2
    endloop
  endfacet
  facet normal 0.4067366689357184 -0.9135454461290231 0
    outer loop
      vertex 1.5134172886610031 5.57012802362442 0
      vertex 1.7525556087493896 5.676599271595478 0
      vertex 1.5134172886610031 5.57012802362442 0.2
    endloop
  endfacet
  facet normal 0.4067366689357184 -0.9135454461290231 0
    outer loop
      vertex 1.7525556087493896 5.676599271595478 0
      vertex 1.7525556087493896 5.676599271595478 0.2
      vertex 1.5134172886610031 5.57012802362442 0.2
    endloop
  endfacet
  facet normal 0 0 -1
    outer loop
      vertex -0.2691151201725006 5.1912390142679214 0
      vertex 4.5982866287231445 10.058641031384468 0
      vertex -0.007704384624958038 5.204938977956772 0
    endloop
  endfacet
  facet normal 0 0 1
    outer loop
      vertex -0.2691151201725006 5.1912390142679214 0.2
      vertex -0.007704384624958038 5.204938977956772 0.2
      vertex 4.5982866287231445 10.058641031384468 0.2
    endloop
  endfacet
  facet normal 0 0 -1
    outer loop
      vertex -0.007704384624958038 5.204938977956772 0
      vertex 4.5982866287231445 10.058641031384468 0
      vertex 0.2526310980319977 5.232301346957684 0
    endloop
  endfacet
  facet normal 0 0 1
    outer loop
      vertex -0.007704384624958038 5.204938977956772 0.2
      vertex 0.2526310980319977 5.232301346957684 0.2
      vertex 4.5982866287231445 10.058641031384468 0.2
    endloop
  endfacet
  facet normal 0 0 -1
    outer loop
      vertex 0.2526310980319977 5.232301346957684 0
      vertex 4.5982866287231445 10.058641031384468 0
      vertex 0.5111777633428574 5.273251123726368 0
    endloop
  endfacet
  facet normal 0 0 1
    outer loop
      vertex 0.2526310980319977 5.232301346957684 0.2
      vertex 0.5111777633428574 5.273251123726368 0.2
      vertex 4.5982866287231445 10.058641031384468 0.2
    endloop
  endfacet
  facet normal 0.453990522319325 -0.8910065126833959 0
    outer loop
      vertex 1.7525556087493896 5.676599271595478 0
      vertex 1.9857939258217812 5.795440137386322 0
      vertex 1.7525556087493896 5.676599271595478 0.2
    endloop
  endfacet
  facet normal 0.453990522319325 -0.8910065126833959 0
    outer loop
      vertex 1.9857939258217812 5.795440137386322 0
      vertex 1.9857939258217812 5.795440137386322 0.2
      vertex 1.7525556087493896 5.676599271595478 0.2
    endloop
  endfacet
  facet normal 0.5000000164564457 -0.8660253942833052 0
    outer loop
      vertex 1.9857939258217812 5.795440137386322 0
      vertex 2.2124929428100586 5.9263248816132545 0
      vertex 1.9857939258217812 5.795440137386322 0.2
    endloop
  endfacet
  facet normal 0.5000000164564457 -0.8660253942833052 0
    outer loop
      vertex 2.2124929428100586 5.9263248816132545 0
      vertex 2.2124929428100586 5.9263248816132545 0.2
      vertex 1.9857939258217812 5.795440137386322 0.2
    endloop
  endfacet
  facet normal 0 0 -1
    outer loop
      vertex 0.5111777633428574 5.273251123726368 0
      vertex 4.5982866287231445 10.058641031384468 0
      vertex 0.7672269567847252 5.327676065266132 0
    endloop
  endfacet
  facet normal 0 0 1
    outer loop
      vertex 0.5111777633428574 5.273251123726368 0.2
      vertex 0.7672269567847252 5.327676065266132 0.2
      vertex 4.5982866287231445 10.058641031384468 0.2
    endloop
  endfacet
  facet normal 0 0 -1
    outer loop
      vertex 0.7672269567847252 5.327676065266132 0
      vertex 4.5982866287231445 10.058641031384468 0
      vertex 1.0200768560171127 5.395426996052265 0
    endloop
  endfacet
  facet normal 0 0 1
    outer loop
      vertex 0.7672269567847252 5.327676065266132 0.2
      vertex 1.0200768560171127 5.395426996052265 0.2
      vertex 4.5982866287231445 10.058641031384468 0.2
    endloop
  endfacet
  facet normal 0.5446390644978977 -0.8386705487990231 0
    outer loop
      vertex 2.2124929428100586 5.9263248816132545 0
      vertex 2.4320312961935997 6.068894766271114 0
      vertex 2.2124929428100586 5.9263248816132545 0.2
    endloop
  endfacet
  facet normal 0.5446390644978977 -0.8386705487990231 0
    outer loop
      vertex 2.4320312961935997 6.068894766271114 0
      vertex 2.4320312961935997 6.068894766271114 0.2
      vertex 2.2124929428100586 5.9263248816132545 0.2
    endloop
  endfacet
  facet normal 0.5877852755456393 -0.8090169774805328 0
    outer loop
      vertex 2.4320312961935997 6.068894766271114 0
      vertex 2.643807254731655 6.222759015858173 0
      vertex 2.4320312961935997 6.068894766271114 0.2
    endloop
  endfacet
  facet normal 0.5877852755456393 -0.8090169774805328 0
    outer loop
      vertex 2.643807254731655 6.222759015858173 0
      vertex 2.643807254731655 6.222759015858173 0.2
      vertex 2.4320312961935997 6.068894766271114 0.2
    endloop
  endfacet
  facet normal 0 0 -1
    outer loop
      vertex 1.0200768560171127 5.395426996052265 0
      vertex 4.5982866287231445 10.058641031384468 0
      vertex 1.269034430384636 5.476318225264549 0
    endloop
  endfacet
  facet normal 0 0 1
    outer loop
      vertex 1.0200768560171127 5.395426996052265 0.2
      vertex 1.269034430384636 5.476318225264549 0.2
      vertex 4.5982866287231445 10.058641031384468 0.2
    endloop
  endfacet
  facet normal 0 0 -1
    outer loop
      vertex 1.269034430384636 5.476318225264549 0
      vertex 4.5982866287231445 10.058641031384468 0
      vertex 1.5134172886610031 5.57012802362442 0
    endloop
  endfacet
  facet normal 0 0 1
    outer loop
      vertex 1.269034430384636 5.476318225264549 0.2
      vertex 1.5134172886610031 5.57012802362442 0.2
      vertex 4.5982866287231445 10.058641031384468 0.2
    endloop
  endfacet
  facet normal 0.6293204107922378 -0.7771459454698899 0
    outer loop
      vertex 2.643807254731655 6.222759015858173 0
      vertex 2.847240351140499 6.387495897710323 0
      vertex 2.643807254731655 6.222759015858173 0.2
    endloop
  endfacet
  facet normal 0.6293204107922378 -0.7771459454698899 0
    outer loop
      vertex 2.847240351140499 6.387495897710323 0
      vertex 2.847240351140499 6.387495897710323 0.2
      vertex 2.643807254731655 6.222759015858173 0.2
    endloop
  endfacet
  facet normal 0.6691306411552592 -0.7431447941465725 0
    outer loop
      vertex 2.847240351140499 6.387495897710323 0
      vertex 3.0417729765176773 6.562653876841068 0
      vertex 2.847240351140499 6.387495897710323 0.2
    endloop
  endfacet
  facet normal 0.6691306411552592 -0.7431447941465725 0
    outer loop
      vertex 3.0417729765176773 6.562653876841068 0
      vertex 3.0417729765176773 6.562653876841068 0.2
      vertex 2.847240351140499 6.387495897710323 0.2
    endloop
  endfacet
  facet normal 0 0 -1
    outer loop
      vertex 1.5134172886610031 5.57012802362442 0
      vertex 4.5982866287231445 10.058641031384468 0
      vertex 1.7525556087493896 5.676599271595478 0
    endloop
  endfacet
  facet normal 0 0 1
    outer loop
      vertex 1.5134172886610031 5.57012802362442 0.2
      vertex 1.7525556087493896 5.676599271595478 0.2
      vertex 4.5982866287231445 10.058641031384468 0.2
    endloop
  endfacet
  facet normal 0 0 -1
    outer loop
      vertex 1.7525556087493896 5.676599271595478 0
      vertex 4.5982866287231445 10.058641031384468 0
      vertex 1.9857939258217812 5.795440137386322 0
    endloop
  endfacet
  facet normal 0 0 1
    outer loop
      vertex 1.7525556087493896 5.676599271595478 0.2
      vertex 1.9857939258217812 5.795440137386322 0.2
      vertex 4.5982866287231445 10.058641031384468 0.2
    endloop
  endfacet
  facet normal 0 0 -1
    outer loop
      vertex 1.9857939258217812 5.795440137386322 0
      vertex 4.5982866287231445 10.058641031384468 0
      vertex 2.2124929428100586 5.9263248816132545 0
    endloop
  endfacet
  facet normal 0 0 1
    outer loop
      vertex 1.9857939258217812 5.795440137386322 0.2
      vertex 2.2124929428100586 5.9263248816132545 0.2
      vertex 4.5982866287231445 10.058641031384468 0.2
    endloop
  endfacet
  facet normal 0.7071067811865475 -0.7071067811865475 0
    outer loop
      vertex 3.0417729765176773 6.562653876841068 0
      vertex 3.2268719524145126 6.747752852737904 0
      vertex 3.0417729765176773 6.562653876841068 0.2
    endloop
  endfacet
  facet normal 0.7071067811865475 -0.7071067811865475 0
    outer loop
      vertex 3.2268719524145126 6.747752852737904 0
      vertex 3.2268719524145126 6.747752852737904 0.2
      vertex 3.0417729765176773 6.562653876841068 0.2
    endloop
  endfacet
  facet normal 0 0 -1
    outer loop
      vertex 2.2124929428100586 5.9263248816132545 0
      vertex 4.5982866287231445 10.058641031384468 0
      vertex 2.4320312961935997 6.068894766271114 0
    endloop
  endfacet
  facet normal 0 0 1
    outer loop
      vertex 2.2124929428100586 5.9263248816132545 0.2
      vertex 2.4320312961935997 6.068894766271114 0.2
      vertex 4.5982866287231445 10.058641031384468 0.2
    endloop
  endfacet
  facet normal 0 0 -1
    outer loop
      vertex 3.0417729765176773 6.562653876841068 0
      vertex 3.4020299166440964 6.942285493016243 0
      vertex 3.2268719524145126 6.747752852737904 0
    endloop
  endfacet
  facet normal 0 0 1
    outer loop
      vertex 3.0417729765176773 6.562653876841068 0.2
      vertex 3.2268719524145126 6.747752852737904 0.2
      vertex 3.4020299166440964 6.942285493016243 0.2
    endloop
  endfacet
  facet normal 0.7431448479402714 -0.669130581411305 0
    outer loop
      vertex 3.2268719524145126 6.747752852737904 0
      vertex 3.4020299166440964 6.942285493016243 0
      vertex 3.2268719524145126 6.747752852737904 0.2
    endloop
  endfacet
  facet normal 0 0 -1
    outer loop
      vertex 3.0417729765176773 6.562653876841068 0
      vertex 3.566766783595085 7.145718596875668 0
      vertex 3.4020299166440964 6.942285493016243 0
    endloop
  endfacet
  facet normal 0.7431448479402714 -0.669130581411305 0
    outer loop
      vertex 3.4020299166440964 6.942285493016243 0
      vertex 3.4020299166440964 6.942285493016243 0.2
      vertex 3.2268719524145126 6.747752852737904 0.2
    endloop
  endfacet
  facet normal 0 0 1
    outer loop
      vertex 3.0417729765176773 6.562653876841068 0.2
      vertex 3.4020299166440964 6.942285493016243 0.2
      vertex 3.566766783595085 7.145718596875668 0.2
    endloop
  endfacet
  facet normal 0 0 -1
    outer loop
      vertex 2.4320312961935997 6.068894766271114 0
      vertex 4.5982866287231445 10.058641031384468 0
      vertex 2.643807254731655 6.222759015858173 0
    endloop
  endfacet
  facet normal 0 0 1
    outer loop
      vertex 2.4320312961935997 6.068894766271114 0.2
      vertex 2.643807254731655 6.222759015858173 0.2
      vertex 4.5982866287231445 10.058641031384468 0.2
    endloop
  endfacet
  facet normal 0 0 -1
    outer loop
      vertex 3.0417729765176773 6.562653876841068 0
      vertex 3.7206310257315636 7.357494562864304 0
      vertex 3.566766783595085 7.145718596875668 0
    endloop
  endfacet
  facet normal 0.777145984582647 -0.6293203624920045 0
    outer loop
      vertex 3.4020299166440964 6.942285493016243 0
      vertex 3.566766783595085 7.145718596875668 0
      vertex 3.4020299166440964 6.942285493016243 0.2
    endloop
  endfacet
  facet normal 0 0 1
    outer loop
      vertex 3.0417729765176773 6.562653876841068 0.2
      vertex 3.566766783595085 7.145718596875668 0.2
      vertex 3.7206310257315636 7.357494562864304 0.2
    endloop
  endfacet
  facet normal 0 0 -1
    outer loop
      vertex 3.0417729765176773 6.562653876841068 0
      vertex 3.863200895488262 7.577032931149006 0
      vertex 3.7206310257315636 7.357494562864304 0
    endloop
  endfacet
  facet normal 0.777145984582647 -0.6293203624920045 0
    outer loop
      vertex 3.566766783595085 7.145718596875668 0
      vertex 3.566766783595085 7.145718596875668 0.2
      vertex 3.4020299166440964 6.942285493016243 0.2
    endloop
  endfacet
  facet normal 0 0 1
    outer loop
      vertex 3.0417729765176773 6.562653876841068 0.2
      vertex 3.7206310257315636 7.357494562864304 0.2
      vertex 3.863200895488262 7.577032931149006 0.2
    endloop
  endfacet
  facet normal 0.8090170008487032 -0.5877852433821127 0
    outer loop
      vertex 3.566766783595085 7.145718596875668 0
      vertex 3.7206310257315636 7.357494562864304 0
      vertex 3.566766783595085 7.145718596875668 0.2
    endloop
  endfacet
  facet normal 0 0 -1
    outer loop
      vertex 3.0417729765176773 6.562653876841068 0
      vertex 3.994085632264614 7.803731955587864 0
      vertex 3.863200895488262 7.577032931149006 0
    endloop
  endfacet
  facet normal 0 0 1
    outer loop
      vertex 3.0417729765176773 6.562653876841068 0.2
      vertex 3.863200895488262 7.577032931149006 0.2
      vertex 3.994085632264614 7.803731955587864 0.2
    endloop
  endfacet
  facet normal 0.8090170008487032 -0.5877852433821127 0
    outer loop
      vertex 3.7206310257315636 7.357494562864304 0
      vertex 3.7206310257315636 7.357494562864304 0.2
      vertex 3.566766783595085 7.145718596875668 0.2
    endloop
  endfacet
  facet normal 0 0 -1
    outer loop
      vertex 3.0417729765176773 6.562653876841068 0
      vertex 4.112926483154297 8.036970272660255 0
      vertex 3.994085632264614 7.803731955587864 0
    endloop
  endfacet
  facet normal 0.8386705916863773 -0.5446389984571635 0
    outer loop
      vertex 3.7206310257315636 7.357494562864304 0
      vertex 3.863200895488262 7.577032931149006 0
      vertex 3.7206310257315636 7.357494562864304 0.2
    endloop
  endfacet
  facet normal 0 0 1
    outer loop
      vertex 3.0417729765176773 6.562653876841068 0.2
      vertex 3.994085632264614 7.803731955587864 0.2
      vertex 4.112926483154297 8.036970272660255 0.2
    endloop
  endfacet
  facet normal 0 0 -1
    outer loop
      vertex -0.2691151201725006 5.1912390142679214 0
      vertex 4.600000001490116 10.18952563405037 0
      vertex 4.5982866287231445 10.058641031384468 0
    endloop
  endfacet
  facet normal 0 0 1
    outer loop
      vertex -0.2691151201725006 5.1912390142679214 0.2
      vertex 4.5982866287231445 10.058641031384468 0.2
      vertex 4.600000001490116 10.18952563405037 0.2
    endloop
  endfacet
  facet normal 0 0 -1
    outer loop
      vertex -0.2691151201725006 5.1912390142679214 0
      vertex 4.600000001490116 25 0
      vertex 4.600000001490116 10.18952563405037 0
    endloop
  endfacet
  facet normal 0 0 1
    outer loop
      vertex -0.2691151201725006 5.1912390142679214 0.2
      vertex 4.600000001490116 10.18952563405037 0.2
      vertex 4.600000001490116 25 0.2
    endloop
  endfacet
  facet normal 0 0 -1
    outer loop
      vertex 2.643807254731655 6.222759015858173 0
      vertex 4.5982866287231445 10.058641031384468 0
      vertex 2.847240351140499 6.387495897710323 0
    endloop
  endfacet
  facet normal 0 0 1
    outer loop
      vertex 2.643807254731655 6.222759015858173 0.2
      vertex 2.847240351140499 6.387495897710323 0.2
      vertex 4.5982866287231445 10.058641031384468 0.2
    endloop
  endfacet
  facet normal 0 0 -1
    outer loop
      vertex 2.847240351140499 6.387495897710323 0
      vertex 4.5982866287231445 10.058641031384468 0
      vertex 3.0417729765176773 6.562653876841068 0
    endloop
  endfacet
  facet normal 0 0 1
    outer loop
      vertex 2.847240351140499 6.387495897710323 0.2
      vertex 3.0417729765176773 6.562653876841068 0.2
      vertex 4.5982866287231445 10.058641031384468 0.2
    endloop
  endfacet
  facet normal 0 0 -1
    outer loop
      vertex 3.0417729765176773 6.562653876841068 0
      vertex 4.219397716224194 8.276108600199223 0
      vertex 4.112926483154297 8.036970272660255 0
    endloop
  endfacet
  facet normal 0 0 1
    outer loop
      vertex 3.0417729765176773 6.562653876841068 0.2
      vertex 4.112926483154297 8.036970272660255 0.2
      vertex 4.219397716224194 8.276108600199223 0.2
    endloop
  endfacet
  facet normal 0.8386705916863773 -0.5446389984571635 0
    outer loop
      vertex 3.863200895488262 7.577032931149006 0
      vertex 3.863200895488262 7.577032931149006 0.2
      vertex 3.7206310257315636 7.357494562864304 0.2
    endloop
  endfacet
  facet normal 0 0 -1
    outer loop
      vertex 3.0417729765176773 6.562653876841068 0
      vertex 4.313207499682903 8.52049146592617 0
      vertex 4.219397716224194 8.276108600199223 0
    endloop
  endfacet
  facet normal 0 0 1
    outer loop
      vertex 3.0417729765176773 6.562653876841068 0.2
      vertex 4.219397716224194 8.276108600199223 0.2
      vertex 4.313207499682903 8.52049146592617 0.2
    endloop
  endfacet
  facet normal 0.8660254137234673 -0.49999998278509694 0
    outer loop
      vertex 3.863200895488262 7.577032931149006 0
      vertex 3.994085632264614 7.803731955587864 0
      vertex 3.863200895488262 7.577032931149006 0.2
    endloop
  endfacet
  facet normal 0.8660254137234673 -0.49999998278509694 0
    outer loop
      vertex 3.994085632264614 7.803731955587864 0
      vertex 3.994085632264614 7.803731955587864 0.2
      vertex 3.863200895488262 7.577032931149006 0.2
    endloop
  endfacet
  facet normal 0 0 -1
    outer loop
      vertex 3.0417729765176773 6.562653876841068 0
      vertex 4.394098713994026 8.769449040293694 0
      vertex 4.313207499682903 8.52049146592617 0
    endloop
  endfacet
  facet normal 0 0 1
    outer loop
      vertex 3.0417729765176773 6.562653876841068 0.2
      vertex 4.313207499682903 8.52049146592617 0.2
      vertex 4.394098713994026 8.769449040293694 0.2
    endloop
  endfacet
  facet normal 0 0 -1
    outer loop
      vertex 3.0417729765176773 6.562653876841068 0
      vertex 4.461849637329578 9.022298946976662 0
      vertex 4.394098713994026 8.769449040293694 0
    endloop
  endfacet
  facet normal 0 0 1
    outer loop
      vertex 3.0417729765176773 6.562653876841068 0.2
      vertex 4.394098713994026 8.769449040293694 0.2
      vertex 4.461849637329578 9.022298946976662 0.2
    endloop
  endfacet
  facet normal 0.8910065357099392 -0.4539904771271893 0
    outer loop
      vertex 3.994085632264614 7.803731955587864 0
      vertex 4.112926483154297 8.036970272660255 0
      vertex 3.994085632264614 7.803731955587864 0.2
    endloop
  endfacet
  facet normal 0.8910065357099392 -0.4539904771271893 0
    outer loop
      vertex 4.112926483154297 8.036970272660255 0
      vertex 4.112926483154297 8.036970272660255 0.2
      vertex 3.994085632264614 7.803731955587864 0.2
    endloop
  endfacet
  facet normal 0 0 -1
    outer loop
      vertex 3.0417729765176773 6.562653876841068 0
      vertex 4.516274563968182 9.27834814041853 0
      vertex 4.461849637329578 9.022298946976662 0
    endloop
  endfacet
  facet normal 0 0 1
    outer loop
      vertex 3.0417729765176773 6.562653876841068 0.2
      vertex 4.461849637329578 9.022298946976662 0.2
      vertex 4.516274563968182 9.27834814041853 0.2
    endloop
  endfacet
  facet normal 0.9135454719893518 -0.40673661085246865 0
    outer loop
      vertex 4.112926483154297 8.036970272660255 0
      vertex 4.219397716224194 8.276108600199223 0
      vertex 4.112926483154297 8.036970272660255 0.2
    endloop
  endfacet
  facet normal 0.9135454719893518 -0.40673661085246865 0
    outer loop
      vertex 4.219397716224194 8.276108600199223 0
      vertex 4.219397716224194 8.276108600199223 0.2
      vertex 4.112926483154297 8.036970272660255 0.2
    endloop
  endfacet
  facet normal 0 0 -1
    outer loop
      vertex 3.0417729765176773 6.562653876841068 0
      vertex 4.557224325835705 9.53689480572939 0
      vertex 4.516274563968182 9.27834814041853 0
    endloop
  endfacet
  facet normal 0 0 -1
    outer loop
      vertex 3.0417729765176773 6.562653876841068 0
      vertex 4.584586679935455 9.797230295836926 0
      vertex 4.557224325835705 9.53689480572939 0
    endloop
  endfacet
  facet normal 0 0 1
    outer loop
      vertex 3.0417729765176773 6.562653876841068 0.2
      vertex 4.516274563968182 9.27834814041853 0.2
      vertex 4.557224325835705 9.53689480572939 0.2
    endloop
  endfacet
  facet normal 0 0 1
    outer loop
      vertex 3.0417729765176773 6.562653876841068 0.2
      vertex 4.557224325835705 9.53689480572939 0.2
      vertex 4.584586679935455 9.797230295836926 0.2
    endloop
  endfacet
  facet normal 0 0 -1
    outer loop
      vertex 3.0417729765176773 6.562653876841068 0
      vertex 4.5982866287231445 10.058641031384468 0
      vertex 4.584586679935455 9.797230295836926 0
    endloop
  endfacet
  facet normal 0 0 1
    outer loop
      vertex 3.0417729765176773 6.562653876841068 0.2
      vertex 4.584586679935455 9.797230295836926 0.2
      vertex 4.5982866287231445 10.058641031384468 0.2
    endloop
  endfacet
  facet normal 0.9335804386042469 -0.3583679180053678 0
    outer loop
      vertex 4.219397716224194 8.276108600199223 0
      vertex 4.313207499682903 8.52049146592617 0
      vertex 4.219397716224194 8.276108600199223 0.2
    endloop
  endfacet
  facet normal 0.9335804386042469 -0.3583679180053678 0
    outer loop
      vertex 4.313207499682903 8.52049146592617 0
      vertex 4.313207499682903 8.52049146592617 0.2
      vertex 4.219397716224194 8.276108600199223 0.2
    endloop
  endfacet
  facet normal 0.9510565220516003 -0.3090169766584256 0
    outer loop
      vertex 4.313207499682903 8.52049146592617 0
      vertex 4.394098713994026 8.769449040293694 0
      vertex 4.313207499682903 8.52049146592617 0.2
    endloop
  endfacet
  facet normal 0.9510565220516003 -0.3090169766584256 0
    outer loop
      vertex 4.394098713994026 8.769449040293694 0
      vertex 4.394098713994026 8.769449040293694 0.2
      vertex 4.313207499682903 8.52049146592617 0.2
    endloop
  endfacet
  facet normal 0.9659258310322049 -0.2588190274008934 0
    outer loop
      vertex 4.394098713994026 8.769449040293694 0
      vertex 4.461849637329578 9.022298946976662 0
      vertex 4.394098713994026 8.769449040293694 0.2
    endloop
  endfacet
  facet normal 0.9781476081436942 -0.20791165595697184 0
    outer loop
      vertex 4.461849637329578 9.022298946976662 0
      vertex 4.516274563968182 9.27834814041853 0
      vertex 4.461849637329578 9.022298946976662 0.2
    endloop
  endfacet
  facet normal 0.9659258310322049 -0.2588190274008934 0
    outer loop
      vertex 4.461849637329578 9.022298946976662 0
      vertex 4.461849637329578 9.022298946976662 0.2
      vertex 4.394098713994026 8.769449040293694 0.2
    endloop
  endfacet
  facet normal 0.9781476081436942 -0.20791165595697184 0
    outer loop
      vertex 4.516274563968182 9.27834814041853 0
      vertex 4.516274563968182 9.27834814041853 0.2
      vertex 4.461849637329578 9.022298946976662 0.2
    endloop
  endfacet
  facet normal 0.9876883447360185 -0.1564344388957365 0
    outer loop
      vertex 4.516274563968182 9.27834814041853 0
      vertex 4.557224325835705 9.53689480572939 0
      vertex 4.516274563968182 9.27834814041853 0.2
    endloop
  endfacet
  facet normal 0.9876883447360185 -0.1564344388957365 0
    outer loop
      vertex 4.557224325835705 9.53689480572939 0
      vertex 4.557224325835705 9.53689480572939 0.2
      vertex 4.516274563968182 9.27834814041853 0.2
    endloop
  endfacet
  facet normal 0.9945218987440615 -0.10452843114917078 0
    outer loop
      vertex 4.557224325835705 9.53689480572939 0
      vertex 4.584586679935455 9.797230295836926 0
      vertex 4.557224325835705 9.53689480572939 0.2
    endloop
  endfacet
  facet normal 0.9945218987440615 -0.10452843114917078 0
    outer loop
      vertex 4.584586679935455 9.797230295836926 0
      vertex 4.584586679935455 9.797230295836926 0.2
      vertex 4.557224325835705 9.53689480572939 0.2
    endloop
  endfacet
  facet normal 0.998629536220679 -0.05233592826798402 0
    outer loop
      vertex 4.584586679935455 9.797230295836926 0
      vertex 4.5982866287231445 10.058641031384468 0
      vertex 4.584586679935455 9.797230295836926 0.2
    endloop
  endfacet
  facet normal 0.998629536220679 -0.05233592826798402 0
    outer loop
      vertex 4.5982866287231445 10.058641031384468 0
      vertex 4.5982866287231445 10.058641031384468 0.2
      vertex 4.584586679935455 9.797230295836926 0.2
    endloop
  endfacet
  facet normal 0.9999143276277312 -0.013089591467342251 0
    outer loop
      vertex 4.5982866287231445 10.058641031384468 0
      vertex 4.600000001490116 10.18952563405037 0
      vertex 4.5982866287231445 10.058641031384468 0.2
    endloop
  endfacet
  facet normal 0.9999143276277312 -0.013089591467342251 0
    outer loop
      vertex 4.600000001490116 10.18952563405037 0
      vertex 4.600000001490116 10.18952563405037 0.2
      vertex 4.5982866287231445 10.058641031384468 0.2
    endloop
  endfacet
  facet normal 0 0 -1
    outer loop
      vertex -3.67574330419302 3.67574330419302 0
      vertex -0.3999999985098839 30 0
      vertex -0.1383202150464058 29.993147671222687 0
    endloop
  endfacet
  facet normal 0 0 -1
    outer loop
      vertex -3.67574330419302 3.67574330419302 0
      vertex -0.1383202150464058 29.993147671222687 0
      vertex 0.12264231592416763 29.972609475255013 0
    endloop
  endfacet
  facet normal 0 0 -1
    outer loop
      vertex -3.67574330419302 3.67574330419302 0
      vertex 0.12264231592416763 29.972609475255013 0
      vertex 0.3821723237633705 29.938441701233387 0
    endloop
  endfacet
  facet normal 0 0 -1
    outer loop
      vertex -3.67574330419302 3.67574330419302 0
      vertex 0.3821723237633705 29.938441701233387 0
      vertex 0.639558456838131 29.890738002955914 0
    endloop
  endfacet
  facet normal 0 0 -1
    outer loop
      vertex -3.67574330419302 3.67574330419302 0
      vertex 0.639558456838131 29.890738002955914 0
      vertex 0.8940952271223068 29.829629130661488 0
    endloop
  endfacet
  facet normal 0 0 -1
    outer loop
      vertex -3.67574330419302 3.67574330419302 0
      vertex 0.8940952271223068 29.829629130661488 0
      vertex 1.1450849696993828 29.75528258085251 0
    endloop
  endfacet
  facet normal 0 0 -1
    outer loop
      vertex -3.67574330419302 3.67574330419302 0
      vertex 1.1450849696993828 29.75528258085251 0
      vertex 1.391839750111103 29.667902134358883 0
    endloop
  endfacet
  facet normal 0 0 -1
    outer loop
      vertex -3.67574330419302 3.67574330419302 0
      vertex 1.391839750111103 29.667902134358883 0
      vertex 1.63368321955204 29.5677272900939 0
    endloop
  endfacet
  facet normal 0 0 -1
    outer loop
      vertex -3.67574330419302 3.67574330419302 0
      vertex 2.5389262661337852 29.045084968209267 0
      vertex 2.746601954102516 28.885729804635048 0
    endloop
  endfacet
  facet normal 0 0 -1
    outer loop
      vertex -3.67574330419302 3.67574330419302 0
      vertex 1.63368321955204 29.5677272900939 0
      vertex 1.8699524998664856 29.455032624304295 0
    endloop
  endfacet
  facet normal 0 0 -1
    outer loop
      vertex -3.67574330419302 3.67574330419302 0
      vertex 1.8699524998664856 29.455032624304295 0
      vertex 2.100000001490116 29.330127015709877 0
    endloop
  endfacet
  facet normal 0 0 -1
    outer loop
      vertex -3.67574330419302 3.67574330419302 0
      vertex 2.100000001490116 29.330127015709877 0
      vertex 2.3231951743364334 29.193352840840816 0
    endloop
  endfacet
  facet normal 0 0 -1
    outer loop
      vertex -3.67574330419302 3.67574330419302 0
      vertex 2.3231951743364334 29.193352840840816 0
      vertex 2.5389262661337852 29.045084968209267 0
    endloop
  endfacet
  facet normal 0 0 -1
    outer loop
      vertex -3.67574330419302 3.67574330419302 0
      vertex 2.746601954102516 28.885729804635048 0
      vertex 2.945653036236763 28.715724125504494 0
    endloop
  endfacet
  facet normal 0 0 -1
    outer loop
      vertex -3.67574330419302 3.67574330419302 0
      vertex 2.945653036236763 28.715724125504494 0
      vertex 3.135533906519413 28.535533905029297 0
    endloop
  endfacet
  facet normal 0 0 -1
    outer loop
      vertex -3.67574330419302 3.67574330419302 0
      vertex 3.135533906519413 28.535533905029297 0
      vertex 3.31572412699461 28.345653034746647 0
    endloop
  endfacet
  facet normal 0 0 -1
    outer loop
      vertex -3.67574330419302 3.67574330419302 0
      vertex 3.7933528423309326 27.723195172846317 0
      vertex 3.930127017199993 27.5 0
    endloop
  endfacet
  facet normal 0 0 -1
    outer loop
      vertex -3.67574330419302 3.67574330419302 0
      vertex 3.31572412699461 28.345653034746647 0
      vertex 3.485729806125164 28.1466019526124 0
    endloop
  endfacet
  facet normal 0 0 -1
    outer loop
      vertex -3.67574330419302 3.67574330419302 0
      vertex 3.485729806125164 28.1466019526124 0
      vertex 3.645084969699383 27.93892626464367 0
    endloop
  endfacet
  facet normal 0 0 -1
    outer loop
      vertex -3.67574330419302 3.67574330419302 0
      vertex 3.645084969699383 27.93892626464367 0
      vertex 3.7933528423309326 27.723195172846317 0
    endloop
  endfacet
  facet normal 0 0 1
    outer loop
      vertex 4.600000001490116 25 0.2
      vertex -0.39999999999997726 25 0.2
      vertex -0.39999999999997726 10.189525631372325 0.2
    endloop
  endfacet
  facet normal 0 0 1
    outer loop
      vertex 0.12264231592416763 29.972609475255013 0.2
      vertex -5 25 0.2
      vertex -0.39999999999997726 25 0.2
    endloop
  endfacet
  facet normal 0 0 1
    outer loop
      vertex -0.1383202150464058 29.993147671222687 0.2
      vertex -5 25 0.2
      vertex 0.12264231592416763 29.972609475255013 0.2
    endloop
  endfacet
  facet normal 0.026176957818491456 0.999657324726513 0
    outer loop
      vertex -0.3999999985098839 30 0
      vertex -0.3999999985098839 30 0.2
      vertex -0.1383202150464058 29.993147671222687 0.2
    endloop
  endfacet
  facet normal 0.026176957818491456 0.999657324726513 0
    outer loop
      vertex -0.3999999985098839 30 0
      vertex -0.1383202150464058 29.993147671222687 0.2
      vertex -0.1383202150464058 29.993147671222687 0
    endloop
  endfacet
  facet normal 0 0 1
    outer loop
      vertex 0.12264231592416763 29.972609475255013 0.2
      vertex -0.39999999999997726 25 0.2
      vertex 0.3821723237633705 29.938441701233387 0.2
    endloop
  endfacet
  facet normal 0.07845909330945348 0.9969173339234595 0
    outer loop
      vertex -0.1383202150464058 29.993147671222687 0
      vertex -0.1383202150464058 29.993147671222687 0.2
      vertex 0.12264231592416763 29.972609475255013 0.2
    endloop
  endfacet
  facet normal 0.07845909330945348 0.9969173339234595 0
    outer loop
      vertex -0.1383202150464058 29.993147671222687 0
      vertex 0.12264231592416763 29.972609475255013 0.2
      vertex 0.12264231592416763 29.972609475255013 0
    endloop
  endfacet
  facet normal 0 0 1
    outer loop
      vertex 0.3821723237633705 29.938441701233387 0.2
      vertex -0.39999999999997726 25 0.2
      vertex 0.639558456838131 29.890738002955914 0.2
    endloop
  endfacet
  facet normal 0 0 1
    outer loop
      vertex 0.639558456838131 29.890738002955914 0.2
      vertex -0.39999999999997726 25 0.2
      vertex 0.8940952271223068 29.829629130661488 0.2
    endloop
  endfacet
  facet normal 0 0 1
    outer loop
      vertex 0.8940952271223068 29.829629130661488 0.2
      vertex -0.39999999999997726 25 0.2
      vertex 1.1450849696993828 29.75528258085251 0.2
    endloop
  endfacet
  facet normal 0.13052619331171836 0.9914448612300897 0
    outer loop
      vertex 0.12264231592416763 29.972609475255013 0
      vertex 0.3821723237633705 29.938441701233387 0.2
      vertex 0.3821723237633705 29.938441701233387 0
    endloop
  endfacet
  facet normal 0.13052619331171836 0.9914448612300897 0
    outer loop
      vertex 0.12264231592416763 29.972609475255013 0
      vertex 0.12264231592416763 29.972609475255013 0.2
      vertex 0.3821723237633705 29.938441701233387 0.2
    endloop
  endfacet
  facet normal 0.18223551882493655 0.9832549087996489 0
    outer loop
      vertex 0.3821723237633705 29.938441701233387 0
      vertex 0.3821723237633705 29.938441701233387 0.2
      vertex 0.639558456838131 29.890738002955914 0.2
    endloop
  endfacet
  facet normal 0.18223551882493655 0.9832549087996489 0
    outer loop
      vertex 0.3821723237633705 29.938441701233387 0
      vertex 0.639558456838131 29.890738002955914 0.2
      vertex 0.639558456838131 29.890738002955914 0
    endloop
  endfacet
  facet normal 0 0 1
    outer loop
      vertex 1.391839750111103 29.667902134358883 0.2
      vertex -0.39999999999997726 25 0.2
      vertex 1.63368321955204 29.5677272900939 0.2
    endloop
  endfacet
  facet normal 0 0 1
    outer loop
      vertex 1.63368321955204 29.5677272900939 0.2
      vertex -0.39999999999997726 25 0.2
      vertex 1.8699524998664856 29.455032624304295 0.2
    endloop
  endfacet
  facet normal 0 0 1
    outer loop
      vertex 1.8699524998664856 29.455032624304295 0.2
      vertex -0.39999999999997726 25 0.2
      vertex 2.100000001490116 29.330127015709877 0.2
    endloop
  endfacet
  facet normal 0 0 1
    outer loop
      vertex 2.100000001490116 29.330127015709877 0.2
      vertex -0.39999999999997726 25 0.2
      vertex 2.3231951743364334 29.193352840840816 0.2
    endloop
  endfacet
  facet normal 0 0 1
    outer loop
      vertex 1.1450849696993828 29.75528258085251 0.2
      vertex -0.39999999999997726 25 0.2
      vertex 1.391839750111103 29.667902134358883 0.2
    endloop
  endfacet
  facet normal 0.2334453650996525 0.9723699200990793 0
    outer loop
      vertex 0.639558456838131 29.890738002955914 0
      vertex 0.639558456838131 29.890738002955914 0.2
      vertex 0.8940952271223068 29.829629130661488 0.2
    endloop
  endfacet
  facet normal 0.2334453650996525 0.9723699200990793 0
    outer loop
      vertex 0.639558456838131 29.890738002955914 0
      vertex 0.8940952271223068 29.829629130661488 0.2
      vertex 0.8940952271223068 29.829629130661488 0
    endloop
  endfacet
  facet normal 0.2840153480775197 0.9588197338688881 0
    outer loop
      vertex 0.8940952271223068 29.829629130661488 0
      vertex 0.8940952271223068 29.829629130661488 0.2
      vertex 1.1450849696993828 29.75528258085251 0.2
    endloop
  endfacet
  facet normal 0.2840153480775197 0.9588197338688881 0
    outer loop
      vertex 0.8940952271223068 29.829629130661488 0
      vertex 1.1450849696993828 29.75528258085251 0.2
      vertex 1.1450849696993828 29.75528258085251 0
    endloop
  endfacet
  facet normal 0.3338068452793812 0.9426414960336869 0
    outer loop
      vertex 1.1450849696993828 29.75528258085251 0
      vertex 1.1450849696993828 29.75528258085251 0.2
      vertex 1.391839750111103 29.667902134358883 0.2
    endloop
  endfacet
  facet normal 0.3338068452793812 0.9426414960336869 0
    outer loop
      vertex 1.1450849696993828 29.75528258085251 0
      vertex 1.391839750111103 29.667902134358883 0.2
      vertex 1.391839750111103 29.667902134358883 0
    endloop
  endfacet
  facet normal 0 0 -1
    outer loop
      vertex -3.67574330419302 3.67574330419302 0
      vertex 4.49073800444603 26.039558455348015 0
      vertex 4.538441702723503 25.782172322273254 0
    endloop
  endfacet
  facet normal 0 0 -1
    outer loop
      vertex -3.67574330419302 3.67574330419302 0
      vertex 4.429629132151604 26.29409522563219 0
      vertex 4.49073800444603 26.039558455348015 0
    endloop
  endfacet
  facet normal 0 0 -1
    outer loop
      vertex -3.67574330419302 3.67574330419302 0
      vertex 4.593147672712803 25.261679783463478 0
      vertex 4.600000001490116 25 0
    endloop
  endfacet
  facet normal 0 0 -1
    outer loop
      vertex -3.67574330419302 3.67574330419302 0
      vertex 4.572609476745129 25.52264231443405 0
      vertex 4.593147672712803 25.261679783463478 0
    endloop
  endfacet
  facet normal 0 0 -1
    outer loop
      vertex -3.67574330419302 3.67574330419302 0
      vertex 4.538441702723503 25.782172322273254 0
      vertex 4.572609476745129 25.52264231443405 0
    endloop
  endfacet
  facet normal 0 0 -1
    outer loop
      vertex -3.67574330419302 3.67574330419302 0
      vertex 4.167727291584015 27.033683218061924 0
      vertex 4.267902135848999 26.791839748620987 0
    endloop
  endfacet
  facet normal 0 0 -1
    outer loop
      vertex -3.67574330419302 3.67574330419302 0
      vertex 3.930127017199993 27.5 0
      vertex 4.055032625794411 27.26995249837637 0
    endloop
  endfacet
  facet normal 0 0 -1
    outer loop
      vertex -3.67574330419302 3.67574330419302 0
      vertex 4.055032625794411 27.26995249837637 0
      vertex 4.167727291584015 27.033683218061924 0
    endloop
  endfacet
  facet normal 0 0 -1
    outer loop
      vertex -3.67574330419302 3.67574330419302 0
      vertex 4.267902135848999 26.791839748620987 0
      vertex 4.355282582342625 26.545084968209267 0
    endloop
  endfacet
  facet normal 0 0 -1
    outer loop
      vertex -3.67574330419302 3.67574330419302 0
      vertex 4.355282582342625 26.545084968209267 0
      vertex 4.429629132151604 26.29409522563219 0
    endloop
  endfacet
  facet normal 1 0 0
    outer loop
      vertex 4.600000001490116 10.18952563405037 0
      vertex 4.600000001490116 25 0
      vertex 4.600000001490116 10.18952563405037 0.2
    endloop
  endfacet
  facet normal 1 0 0
    outer loop
      vertex 4.600000001490116 25 0
      vertex 4.600000001490116 25 0.2
      vertex 4.600000001490116 10.18952563405037 0.2
    endloop
  endfacet
  facet normal 0 0 1
    outer loop
      vertex 4.600000001490116 25 0.2
      vertex 4.593147672712803 25.261679783463478 0.2
      vertex -0.39999999999997726 25 0.2
    endloop
  endfacet
  facet normal 0 0 1
    outer loop
      vertex 4.593147672712803 25.261679783463478 0.2
      vertex 4.572609476745129 25.52264231443405 0.2
      vertex -0.39999999999997726 25 0.2
    endloop
  endfacet
  facet normal 0 0 1
    outer loop
      vertex 4.355282582342625 26.545084968209267 0.2
      vertex -0.39999999999997726 25 0.2
      vertex 4.429629132151604 26.29409522563219 0.2
    endloop
  endfacet
  facet normal 0 0 1
    outer loop
      vertex 4.355282582342625 26.545084968209267 0.2
      vertex 4.267902135848999 26.791839748620987 0.2
      vertex -0.39999999999997726 25 0.2
    endloop
  endfacet
  facet normal 0 0 1
    outer loop
      vertex 4.49073800444603 26.039558455348015 0.2
      vertex 4.429629132151604 26.29409522563219 0.2
      vertex -0.39999999999997726 25 0.2
    endloop
  endfacet
  facet normal 0 0 1
    outer loop
      vertex 4.49073800444603 26.039558455348015 0.2
      vertex -0.39999999999997726 25 0.2
      vertex 4.538441702723503 25.782172322273254 0.2
    endloop
  endfacet
  facet normal 0 0 1
    outer loop
      vertex 4.572609476745129 25.52264231443405 0.2
      vertex 4.538441702723503 25.782172322273254 0.2
      vertex -0.39999999999997726 25 0.2
    endloop
  endfacet
  facet normal 0 0 1
    outer loop
      vertex 2.5389262661337852 29.045084968209267 0.2
      vertex 2.3231951743364334 29.193352840840816 0.2
      vertex -0.39999999999997726 25 0.2
    endloop
  endfacet
  facet normal 0 0 1
    outer loop
      vertex 2.5389262661337852 29.045084968209267 0.2
      vertex -0.39999999999997726 25 0.2
      vertex 2.746601954102516 28.885729804635048 0.2
    endloop
  endfacet
  facet normal 0 0 1
    outer loop
      vertex 2.746601954102516 28.885729804635048 0.2
      vertex -0.39999999999997726 25 0.2
      vertex 2.945653036236763 28.715724125504494 0.2
    endloop
  endfacet
  facet normal 0 0 1
    outer loop
      vertex 3.31572412699461 28.345653034746647 0.2
      vertex -0.39999999999997726 25 0.2
      vertex 3.485729806125164 28.1466019526124 0.2
    endloop
  endfacet
  facet normal 0 0 1
    outer loop
      vertex 2.945653036236763 28.715724125504494 0.2
      vertex -0.39999999999997726 25 0.2
      vertex 3.135533906519413 28.535533905029297 0.2
    endloop
  endfacet
  facet normal 0 0 1
    outer loop
      vertex 3.135533906519413 28.535533905029297 0.2
      vertex -0.39999999999997726 25 0.2
      vertex 3.31572412699461 28.345653034746647 0.2
    endloop
  endfacet
  facet normal 0.3826834299234235 0.9238795335226581 0
    outer loop
      vertex 1.391839750111103 29.667902134358883 0
      vertex 1.391839750111103 29.667902134358883 0.2
      vertex 1.63368321955204 29.5677272900939 0.2
    endloop
  endfacet
  facet normal 0.3826834299234235 0.9238795335226581 0
    outer loop
      vertex 1.391839750111103 29.667902134358883 0
      vertex 1.63368321955204 29.5677272900939 0.2
      vertex 1.63368321955204 29.5677272900939 0
    endloop
  endfacet
  facet normal 0.43051109665707876 0.9025852844219872 0
    outer loop
      vertex 1.63368321955204 29.5677272900939 0
      vertex 1.8699524998664856 29.455032624304295 0.2
      vertex 1.8699524998664856 29.455032624304295 0
    endloop
  endfacet
  facet normal 0.43051109665707876 0.9025852844219872 0
    outer loop
      vertex 1.63368321955204 29.5677272900939 0
      vertex 1.63368321955204 29.5677272900939 0.2
      vertex 1.8699524998664856 29.455032624304295 0.2
    endloop
  endfacet
  facet normal 0.4771587791428821 0.878817102409184 0
    outer loop
      vertex 1.8699524998664856 29.455032624304295 0
      vertex 1.8699524998664856 29.455032624304295 0.2
      vertex 2.100000001490116 29.330127015709877 0.2
    endloop
  endfacet
  facet normal 0.4771587791428821 0.878817102409184 0
    outer loop
      vertex 1.8699524998664856 29.455032624304295 0
      vertex 2.100000001490116 29.330127015709877 0.2
      vertex 2.100000001490116 29.330127015709877 0
    endloop
  endfacet
  facet normal 0.5224985564948038 0.8526401693920164 0
    outer loop
      vertex 2.100000001490116 29.330127015709877 0
      vertex 2.100000001490116 29.330127015709877 0.2
      vertex 2.3231951743364334 29.193352840840816 0.2
    endloop
  endfacet
  facet normal 0 0 1
    outer loop
      vertex 3.645084969699383 27.93892626464367 0.2
      vertex 3.485729806125164 28.1466019526124 0.2
      vertex -0.39999999999997726 25 0.2
    endloop
  endfacet
  facet normal 0 0 1
    outer loop
      vertex 3.645084969699383 27.93892626464367 0.2
      vertex -0.39999999999997726 25 0.2
      vertex 3.7933528423309326 27.723195172846317 0.2
    endloop
  endfacet
  facet normal 0 0 1
    outer loop
      vertex 3.930127017199993 27.5 0.2
      vertex -0.39999999999997726 25 0.2
      vertex 4.055032625794411 27.26995249837637 0.2
    endloop
  endfacet
  facet normal 0 0 1
    outer loop
      vertex 3.7933528423309326 27.723195172846317 0.2
      vertex -0.39999999999997726 25 0.2
      vertex 3.930127017199993 27.5 0.2
    endloop
  endfacet
  facet normal 0 0 1
    outer loop
      vertex 4.167727291584015 27.033683218061924 0.2
      vertex 4.055032625794411 27.26995249837637 0.2
      vertex -0.39999999999997726 25 0.2
    endloop
  endfacet
  facet normal 0 0 1
    outer loop
      vertex 4.167727291584015 27.033683218061924 0.2
      vertex -0.39999999999997726 25 0.2
      vertex 4.267902135848999 26.791839748620987 0.2
    endloop
  endfacet
  facet normal 0.5224985564948038 0.8526401693920164 0
    outer loop
      vertex 2.100000001490116 29.330127015709877 0
      vertex 2.3231951743364334 29.193352840840816 0.2
      vertex 2.3231951743364334 29.193352840840816 0
    endloop
  endfacet
  facet normal 0.5664062396774137 0.8241261867302192 0
    outer loop
      vertex 2.3231951743364334 29.193352840840816 0
      vertex 2.3231951743364334 29.193352840840816 0.2
      vertex 2.5389262661337852 29.045084968209267 0.2
    endloop
  endfacet
  facet normal 0.5664062396774137 0.8241261867302192 0
    outer loop
      vertex 2.5389262661337852 29.045084968209267 0
      vertex 2.3231951743364334 29.193352840840816 0
      vertex 2.5389262661337852 29.045084968209267 0.2
    endloop
  endfacet
  facet normal 0.6087614373009534 0.793353333928381 0
    outer loop
      vertex 2.5389262661337852 29.045084968209267 0
      vertex 2.746601954102516 28.885729804635048 0.2
      vertex 2.746601954102516 28.885729804635048 0
    endloop
  endfacet
  facet normal 0.6087614373009534 0.793353333928381 0
    outer loop
      vertex 2.5389262661337852 29.045084968209267 0
      vertex 2.5389262661337852 29.045084968209267 0.2
      vertex 2.746601954102516 28.885729804635048 0.2
    endloop
  endfacet
  facet normal 0.6494480360909857 0.7604059760532935 0
    outer loop
      vertex 2.746601954102516 28.885729804635048 0
      vertex 2.945653036236763 28.715724125504494 0.2
      vertex 2.945653036236763 28.715724125504494 0
    endloop
  endfacet
  facet normal 0.6494480360909857 0.7604059760532935 0
    outer loop
      vertex 2.746601954102516 28.885729804635048 0
      vertex 2.746601954102516 28.885729804635048 0.2
      vertex 2.945653036236763 28.715724125504494 0.2
    endloop
  endfacet
  facet normal 0.999657324726513 0.026176957818491456 0
    outer loop
      vertex 4.600000001490116 25 0
      vertex 4.593147672712803 25.261679783463478 0
      vertex 4.600000001490116 25 0.2
    endloop
  endfacet
  facet normal 0.999657324726513 0.026176957818491456 0
    outer loop
      vertex 4.593147672712803 25.261679783463478 0
      vertex 4.593147672712803 25.261679783463478 0.2
      vertex 4.600000001490116 25 0.2
    endloop
  endfacet
  facet normal 0.9969173339234595 0.07845909330945348 0
    outer loop
      vertex 4.593147672712803 25.261679783463478 0
      vertex 4.572609476745129 25.52264231443405 0
      vertex 4.593147672712803 25.261679783463478 0.2
    endloop
  endfacet
  facet normal 0.9969173339234595 0.07845909330945348 0
    outer loop
      vertex 4.572609476745129 25.52264231443405 0
      vertex 4.572609476745129 25.52264231443405 0.2
      vertex 4.593147672712803 25.261679783463478 0.2
    endloop
  endfacet
  facet normal 0.9914448612300897 0.13052619331171836 0
    outer loop
      vertex 4.572609476745129 25.52264231443405 0
      vertex 4.538441702723503 25.782172322273254 0
      vertex 4.572609476745129 25.52264231443405 0.2
    endloop
  endfacet
  facet normal 0.9914448612300897 0.13052619331171836 0
    outer loop
      vertex 4.538441702723503 25.782172322273254 0
      vertex 4.538441702723503 25.782172322273254 0.2
      vertex 4.572609476745129 25.52264231443405 0.2
    endloop
  endfacet
  facet normal 0.9723699200990793 0.2334453650996525 0
    outer loop
      vertex 4.49073800444603 26.039558455348015 0
      vertex 4.429629132151604 26.29409522563219 0
      vertex 4.49073800444603 26.039558455348015 0.2
    endloop
  endfacet
  facet normal 0.9723699200990793 0.2334453650996525 0
    outer loop
      vertex 4.429629132151604 26.29409522563219 0
      vertex 4.429629132151604 26.29409522563219 0.2
      vertex 4.49073800444603 26.039558455348015 0.2
    endloop
  endfacet
  facet normal 0.9832549087996489 0.18223551882493655 0
    outer loop
      vertex 4.49073800444603 26.039558455348015 0
      vertex 4.538441702723503 25.782172322273254 0.2
      vertex 4.538441702723503 25.782172322273254 0
    endloop
  endfacet
  facet normal 0.9832549087996489 0.18223551882493655 0
    outer loop
      vertex 4.49073800444603 26.039558455348015 0
      vertex 4.49073800444603 26.039558455348015 0.2
      vertex 4.538441702723503 25.782172322273254 0.2
    endloop
  endfacet
  facet normal 0.793353333928381 0.6087614373009534 0
    outer loop
      vertex 3.645084969699383 27.93892626464367 0
      vertex 3.485729806125164 28.1466019526124 0
      vertex 3.645084969699383 27.93892626464367 0.2
    endloop
  endfacet
  facet normal 0.793353333928381 0.6087614373009534 0
    outer loop
      vertex 3.485729806125164 28.1466019526124 0
      vertex 3.485729806125164 28.1466019526124 0.2
      vertex 3.645084969699383 27.93892626464367 0.2
    endloop
  endfacet
  facet normal 0.8241261867302192 0.5664062396774137 0
    outer loop
      vertex 3.645084969699383 27.93892626464367 0
      vertex 3.645084969699383 27.93892626464367 0.2
      vertex 3.7933528423309326 27.723195172846317 0.2
    endloop
  endfacet
  facet normal 0.8241261867302192 0.5664062396774137 0
    outer loop
      vertex 3.645084969699383 27.93892626464367 0
      vertex 3.7933528423309326 27.723195172846317 0.2
      vertex 3.7933528423309326 27.723195172846317 0
    endloop
  endfacet
  facet normal 0.725374365900338 0.6883545810806249 0
    outer loop
      vertex 3.135533906519413 28.535533905029297 0
      vertex 3.135533906519413 28.535533905029297 0.2
      vertex 3.31572412699461 28.345653034746647 0.2
    endloop
  endfacet
  facet normal 0.6883545810806249 0.725374365900338 0
    outer loop
      vertex 2.945653036236763 28.715724125504494 0
      vertex 3.135533906519413 28.535533905029297 0.2
      vertex 3.135533906519413 28.535533905029297 0
    endloop
  endfacet
  facet normal 0.6883545810806249 0.725374365900338 0
    outer loop
      vertex 2.945653036236763 28.715724125504494 0
      vertex 2.945653036236763 28.715724125504494 0.2
      vertex 3.135533906519413 28.535533905029297 0.2
    endloop
  endfacet
  facet normal 0.725374365900338 0.6883545810806249 0
    outer loop
      vertex 3.135533906519413 28.535533905029297 0
      vertex 3.31572412699461 28.345653034746647 0.2
      vertex 3.31572412699461 28.345653034746647 0
    endloop
  endfacet
  facet normal 0.7604059760532935 0.6494480360909857 0
    outer loop
      vertex 3.31572412699461 28.345653034746647 0
      vertex 3.31572412699461 28.345653034746647 0.2
      vertex 3.485729806125164 28.1466019526124 0.2
    endloop
  endfacet
  facet normal 0.7604059760532935 0.6494480360909857 0
    outer loop
      vertex 3.31572412699461 28.345653034746647 0
      vertex 3.485729806125164 28.1466019526124 0.2
      vertex 3.485729806125164 28.1466019526124 0
    endloop
  endfacet
  facet normal 0.9025852844219872 0.43051109665707876 0
    outer loop
      vertex 4.167727291584015 27.033683218061924 0
      vertex 4.055032625794411 27.26995249837637 0
      vertex 4.167727291584015 27.033683218061924 0.2
    endloop
  endfacet
  facet normal 0.8526401693920164 0.5224985564948038 0
    outer loop
      vertex 3.7933528423309326 27.723195172846317 0
      vertex 3.930127017199993 27.5 0.2
      vertex 3.930127017199993 27.5 0
    endloop
  endfacet
  facet normal 0.8526401693920164 0.5224985564948038 0
    outer loop
      vertex 3.7933528423309326 27.723195172846317 0
      vertex 3.7933528423309326 27.723195172846317 0.2
      vertex 3.930127017199993 27.5 0.2
    endloop
  endfacet
  facet normal 0.878817102409184 0.4771587791428821 0
    outer loop
      vertex 3.930127017199993 27.5 0
      vertex 3.930127017199993 27.5 0.2
      vertex 4.055032625794411 27.26995249837637 0.2
    endloop
  endfacet
  facet normal 0.878817102409184 0.4771587791428821 0
    outer loop
      vertex 3.930127017199993 27.5 0
      vertex 4.055032625794411 27.26995249837637 0.2
      vertex 4.055032625794411 27.26995249837637 0
    endloop
  endfacet
  facet normal 0.9025852844219872 0.43051109665707876 0
    outer loop
      vertex 4.055032625794411 27.26995249837637 0
      vertex 4.055032625794411 27.26995249837637 0.2
      vertex 4.167727291584015 27.033683218061924 0.2
    endloop
  endfacet
  facet normal 0.9426414960336869 0.3338068452793812 0
    outer loop
      vertex 4.267902135848999 26.791839748620987 0
      vertex 4.267902135848999 26.791839748620987 0.2
      vertex 4.355282582342625 26.545084968209267 0.2
    endloop
  endfacet
  facet normal 0.9588197338688881 0.2840153480775197 0
    outer loop
      vertex 4.355282582342625 26.545084968209267 0
      vertex 4.355282582342625 26.545084968209267 0.2
      vertex 4.429629132151604 26.29409522563219 0.2
    endloop
  endfacet
  facet normal 0.9426414960336869 0.3338068452793812 0
    outer loop
      vertex 4.355282582342625 26.545084968209267 0
      vertex 4.267902135848999 26.791839748620987 0
      vertex 4.355282582342625 26.545084968209267 0.2
    endloop
  endfacet
  facet normal 0.9238795335226581 0.3826834299234235 0
    outer loop
      vertex 4.167727291584015 27.033683218061924 0
      vertex 4.267902135848999 26.791839748620987 0.2
      vertex 4.267902135848999 26.791839748620987 0
    endloop
  endfacet
  facet normal 0.9238795335226581 0.3826834299234235 0
    outer loop
      vertex 4.167727291584015 27.033683218061924 0
      vertex 4.167727291584015 27.033683218061924 0.2
      vertex 4.267902135848999 26.791839748620987 0.2
    endloop
  endfacet
  facet normal 0.9588197338688881 0.2840153480775197 0
    outer loop
      vertex 4.355282582342625 26.545084968209267 0
      vertex 4.429629132151604 26.29409522563219 0.2
      vertex 4.429629132151604 26.29409522563219 0
    endloop
  endfacet
endsolid OpenSCAD_Model
